roll_no,semester,subject_code,has_result,has_attendance,mapping_status
25881A6601,1,A9001,True,True,MATCHED
25881A6601,1,A9007,True,True,MATCHED
25881A6601,1,A9008,True,True,MATCHED
25881A6601,1,A9021,True,True,MATCHED
25881A6601,1,A9204,True,True,MATCHED
25881A6601,1,A9205,True,True,MATCHED
25881A6601,1,A9302,True,True,MATCHED
25881A6601,1,A9501,True,True,MATCHED
25881A6601,1,A9502,True,True,MATCHED
25881A6601,1,A9801,True,True,MATCHED
25881A6601,2,A9002,True,True,MATCHED
25881A6601,2,A9009,True,True,MATCHED
25881A6601,2,A9010,True,True,MATCHED
25881A6601,2,A9011,True,True,MATCHED
25881A6601,2,A9012,True,True,MATCHED
25881A6601,2,A9022,True,True,MATCHED
25881A6601,2,A9304,True,True,MATCHED
25881A6601,2,A9402,True,True,MATCHED
25881A6601,2,A9503,True,True,MATCHED
25881A6601,2,A9504,True,True,MATCHED
25881A6602,1,A9001,True,True,MATCHED
25881A6602,1,A9007,True,True,MATCHED
25881A6602,1,A9008,True,True,MATCHED
25881A6602,1,A9021,True,True,MATCHED
25881A6602,1,A9204,True,True,MATCHED
25881A6602,1,A9205,True,True,MATCHED
25881A6602,1,A9302,True,True,MATCHED
25881A6602,1,A9501,True,True,MATCHED
25881A6602,1,A9502,True,True,MATCHED
25881A6602,1,A9801,True,True,MATCHED
25881A6602,2,A9002,True,True,MATCHED
25881A6602,2,A9009,True,True,MATCHED
25881A6602,2,A9010,True,True,MATCHED
25881A6602,2,A9011,True,True,MATCHED
25881A6602,2,A9012,True,True,MATCHED
25881A6602,2,A9022,True,True,MATCHED
25881A6602,2,A9304,True,True,MATCHED
25881A6602,2,A9402,True,True,MATCHED
25881A6602,2,A9503,True,True,MATCHED
25881A6602,2,A9504,True,True,MATCHED
25881A6603,1,A9001,True,True,MATCHED
25881A6603,1,A9007,True,True,MATCHED
25881A6603,1,A9008,True,True,MATCHED
25881A6603,1,A9021,True,True,MATCHED
25881A6603,1,A9204,True,True,MATCHED
25881A6603,1,A9205,True,True,MATCHED
25881A6603,1,A9302,True,True,MATCHED
25881A6603,1,A9501,True,True,MATCHED
25881A6603,1,A9502,True,True,MATCHED
25881A6603,1,A9801,True,True,MATCHED
25881A6603,2,A9002,True,True,MATCHED
25881A6603,2,A9009,True,True,MATCHED
25881A6603,2,A9010,True,True,MATCHED
25881A6603,2,A9011,True,True,MATCHED
25881A6603,2,A9012,True,True,MATCHED
25881A6603,2,A9022,True,True,MATCHED
25881A6603,2,A9304,True,True,MATCHED
25881A6603,2,A9402,True,True,MATCHED
25881A6603,2,A9503,True,True,MATCHED
25881A6603,2,A9504,True,True,MATCHED
25881A6604,1,A9001,True,True,MATCHED
25881A6604,1,A9007,True,True,MATCHED
25881A6604,1,A9008,True,True,MATCHED
25881A6604,1,A9021,True,True,MATCHED
25881A6604,1,A9204,True,True,MATCHED
25881A6604,1,A9205,True,True,MATCHED
25881A6604,1,A9302,True,True,MATCHED
25881A6604,1,A9501,True,True,MATCHED
25881A6604,1,A9502,True,True,MATCHED
25881A6604,1,A9801,True,True,MATCHED
25881A6604,2,A9002,True,True,MATCHED
25881A6604,2,A9009,True,True,MATCHED
25881A6604,2,A9010,True,True,MATCHED
25881A6604,2,A9011,True,True,MATCHED
25881A6604,2,A9012,True,True,MATCHED
25881A6604,2,A9022,True,True,MATCHED
25881A6604,2,A9304,True,True,MATCHED
25881A6604,2,A9402,True,True,MATCHED
25881A6604,2,A9503,True,True,MATCHED
25881A6604,2,A9504,True,True,MATCHED
25881A6605,1,A9001,True,True,MATCHED
25881A6605,1,A9007,True,True,MATCHED
25881A6605,1,A9008,True,True,MATCHED
25881A6605,1,A9021,True,True,MATCHED
25881A6605,1,A9204,True,True,MATCHED
25881A6605,1,A9205,True,True,MATCHED
25881A6605,1,A9302,True,True,MATCHED
25881A6605,1,A9501,True,True,MATCHED
25881A6605,1,A9502,True,True,MATCHED
25881A6605,1,A9801,True,True,MATCHED
25881A6605,2,A9002,True,True,MATCHED
25881A6605,2,A9009,True,True,MATCHED
25881A6605,2,A9010,True,True,MATCHED
25881A6605,2,A9011,True,True,MATCHED
25881A6605,2,A9012,True,True,MATCHED
25881A6605,2,A9022,True,True,MATCHED
25881A6605,2,A9304,True,True,MATCHED
25881A6605,2,A9402,True,True,MATCHED
25881A6605,2,A9503,True,True,MATCHED
25881A6605,2,A9504,True,True,MATCHED
25881A6606,1,A9001,True,True,MATCHED
25881A6606,1,A9007,True,True,MATCHED
25881A6606,1,A9008,True,True,MATCHED
25881A6606,1,A9021,True,True,MATCHED
25881A6606,1,A9204,True,True,MATCHED
25881A6606,1,A9205,True,True,MATCHED
25881A6606,1,A9302,True,True,MATCHED
25881A6606,1,A9501,True,True,MATCHED
25881A6606,1,A9502,True,True,MATCHED
25881A6606,1,A9801,True,True,MATCHED
25881A6606,2,A9002,True,True,MATCHED
25881A6606,2,A9009,True,True,MATCHED
25881A6606,2,A9010,True,True,MATCHED
25881A6606,2,A9011,True,True,MATCHED
25881A6606,2,A9012,True,True,MATCHED
25881A6606,2,A9022,True,True,MATCHED
25881A6606,2,A9304,True,True,MATCHED
25881A6606,2,A9402,True,True,MATCHED
25881A6606,2,A9503,True,True,MATCHED
25881A6606,2,A9504,True,True,MATCHED
25881A6607,1,A9001,True,True,MATCHED
25881A6607,1,A9007,True,True,MATCHED
25881A6607,1,A9008,True,True,MATCHED
25881A6607,1,A9021,True,True,MATCHED
25881A6607,1,A9204,True,True,MATCHED
25881A6607,1,A9205,True,True,MATCHED
25881A6607,1,A9302,True,True,MATCHED
25881A6607,1,A9501,True,True,MATCHED
25881A6607,1,A9502,True,True,MATCHED
25881A6607,1,A9801,True,True,MATCHED
25881A6607,2,A9002,True,True,MATCHED
25881A6607,2,A9009,True,True,MATCHED
25881A6607,2,A9010,True,True,MATCHED
25881A6607,2,A9011,True,True,MATCHED
25881A6607,2,A9012,True,True,MATCHED
25881A6607,2,A9022,True,True,MATCHED
25881A6607,2,A9304,True,True,MATCHED
25881A6607,2,A9402,True,True,MATCHED
25881A6607,2,A9503,True,True,MATCHED
25881A6607,2,A9504,True,True,MATCHED
25881A6608,1,A9001,True,True,MATCHED
25881A6608,1,A9007,True,True,MATCHED
25881A6608,1,A9008,True,True,MATCHED
25881A6608,1,A9021,True,True,MATCHED
25881A6608,1,A9204,True,True,MATCHED
25881A6608,1,A9205,True,True,MATCHED
25881A6608,1,A9302,True,True,MATCHED
25881A6608,1,A9501,True,True,MATCHED
25881A6608,1,A9502,True,True,MATCHED
25881A6608,1,A9801,True,True,MATCHED
25881A6608,2,A9002,True,True,MATCHED
25881A6608,2,A9009,True,True,MATCHED
25881A6608,2,A9010,True,True,MATCHED
25881A6608,2,A9011,True,True,MATCHED
25881A6608,2,A9012,True,True,MATCHED
25881A6608,2,A9022,True,True,MATCHED
25881A6608,2,A9304,True,True,MATCHED
25881A6608,2,A9402,True,True,MATCHED
25881A6608,2,A9503,True,True,MATCHED
25881A6608,2,A9504,True,True,MATCHED
25881A6609,1,A9001,True,True,MATCHED
25881A6609,1,A9007,True,True,MATCHED
25881A6609,1,A9008,True,True,MATCHED
25881A6609,1,A9021,True,True,MATCHED
25881A6609,1,A9204,True,True,MATCHED
25881A6609,1,A9205,True,True,MATCHED
25881A6609,1,A9302,True,True,MATCHED
25881A6609,1,A9501,True,True,MATCHED
25881A6609,1,A9502,True,True,MATCHED
25881A6609,1,A9801,True,True,MATCHED
25881A6609,2,A9002,True,True,MATCHED
25881A6609,2,A9009,True,True,MATCHED
25881A6609,2,A9010,True,True,MATCHED
25881A6609,2,A9011,True,True,MATCHED
25881A6609,2,A9012,True,True,MATCHED
25881A6609,2,A9022,True,True,MATCHED
25881A6609,2,A9304,True,True,MATCHED
25881A6609,2,A9402,True,True,MATCHED
25881A6609,2,A9503,True,True,MATCHED
25881A6609,2,A9504,True,True,MATCHED
25881A6610,1,A9001,True,True,MATCHED
25881A6610,1,A9007,True,True,MATCHED
25881A6610,1,A9008,True,True,MATCHED
25881A6610,1,A9021,True,True,MATCHED
25881A6610,1,A9204,True,True,MATCHED
25881A6610,1,A9205,True,True,MATCHED
25881A6610,1,A9302,True,True,MATCHED
25881A6610,1,A9501,True,True,MATCHED
25881A6610,1,A9502,True,True,MATCHED
25881A6610,1,A9801,True,True,MATCHED
25881A6610,2,A9002,True,True,MATCHED
25881A6610,2,A9009,True,True,MATCHED
25881A6610,2,A9010,True,True,MATCHED
25881A6610,2,A9011,True,True,MATCHED
25881A6610,2,A9012,True,True,MATCHED
25881A6610,2,A9022,True,True,MATCHED
25881A6610,2,A9304,True,True,MATCHED
25881A6610,2,A9402,True,True,MATCHED
25881A6610,2,A9503,True,True,MATCHED
25881A6610,2,A9504,True,True,MATCHED
25881A6611,1,A9001,True,True,MATCHED
25881A6611,1,A9007,True,True,MATCHED
25881A6611,1,A9008,True,True,MATCHED
25881A6611,1,A9021,True,True,MATCHED
25881A6611,1,A9204,True,True,MATCHED
25881A6611,1,A9205,True,True,MATCHED
25881A6611,1,A9302,True,True,MATCHED
25881A6611,1,A9501,True,True,MATCHED
25881A6611,1,A9502,True,True,MATCHED
25881A6611,1,A9801,True,True,MATCHED
25881A6611,2,A9002,True,True,MATCHED
25881A6611,2,A9009,True,True,MATCHED
25881A6611,2,A9010,True,True,MATCHED
25881A6611,2,A9011,True,True,MATCHED
25881A6611,2,A9012,True,True,MATCHED
25881A6611,2,A9022,True,True,MATCHED
25881A6611,2,A9304,True,True,MATCHED
25881A6611,2,A9402,True,True,MATCHED
25881A6611,2,A9503,True,True,MATCHED
25881A6611,2,A9504,True,True,MATCHED
25881A6612,1,A9001,True,True,MATCHED
25881A6612,1,A9007,True,True,MATCHED
25881A6612,1,A9008,True,True,MATCHED
25881A6612,1,A9021,True,True,MATCHED
25881A6612,1,A9204,True,True,MATCHED
25881A6612,1,A9205,True,True,MATCHED
25881A6612,1,A9302,True,True,MATCHED
25881A6612,1,A9501,True,True,MATCHED
25881A6612,1,A9502,True,True,MATCHED
25881A6612,1,A9801,True,True,MATCHED
25881A6612,2,A9002,True,True,MATCHED
25881A6612,2,A9009,True,True,MATCHED
25881A6612,2,A9010,True,True,MATCHED
25881A6612,2,A9011,True,True,MATCHED
25881A6612,2,A9012,True,True,MATCHED
25881A6612,2,A9022,True,True,MATCHED
25881A6612,2,A9304,True,True,MATCHED
25881A6612,2,A9402,True,True,MATCHED
25881A6612,2,A9503,True,True,MATCHED
25881A6612,2,A9504,True,True,MATCHED
25881A6613,1,A9001,True,True,MATCHED
25881A6613,1,A9007,True,True,MATCHED
25881A6613,1,A9008,True,True,MATCHED
25881A6613,1,A9021,True,True,MATCHED
25881A6613,1,A9204,True,True,MATCHED
25881A6613,1,A9205,True,True,MATCHED
25881A6613,1,A9302,True,True,MATCHED
25881A6613,1,A9501,True,True,MATCHED
25881A6613,1,A9502,True,True,MATCHED
25881A6613,1,A9801,True,True,MATCHED
25881A6613,2,A9002,True,True,MATCHED
25881A6613,2,A9009,True,True,MATCHED
25881A6613,2,A9010,True,True,MATCHED
25881A6613,2,A9011,True,True,MATCHED
25881A6613,2,A9012,True,True,MATCHED
25881A6613,2,A9022,True,True,MATCHED
25881A6613,2,A9304,True,True,MATCHED
25881A6613,2,A9402,True,True,MATCHED
25881A6613,2,A9503,True,True,MATCHED
25881A6613,2,A9504,True,True,MATCHED
25881A6614,1,A9001,True,True,MATCHED
25881A6614,1,A9007,True,True,MATCHED
25881A6614,1,A9008,True,True,MATCHED
25881A6614,1,A9021,True,True,MATCHED
25881A6614,1,A9204,True,True,MATCHED
25881A6614,1,A9205,True,True,MATCHED
25881A6614,1,A9302,True,True,MATCHED
25881A6614,1,A9501,True,True,MATCHED
25881A6614,1,A9502,True,True,MATCHED
25881A6614,1,A9801,True,True,MATCHED
25881A6614,2,A9002,True,True,MATCHED
25881A6614,2,A9009,True,True,MATCHED
25881A6614,2,A9010,True,True,MATCHED
25881A6614,2,A9011,True,True,MATCHED
25881A6614,2,A9012,True,True,MATCHED
25881A6614,2,A9022,True,True,MATCHED
25881A6614,2,A9304,True,True,MATCHED
25881A6614,2,A9402,True,True,MATCHED
25881A6614,2,A9503,True,True,MATCHED
25881A6614,2,A9504,True,True,MATCHED
25881A6615,1,A9001,True,True,MATCHED
25881A6615,1,A9007,True,True,MATCHED
25881A6615,1,A9008,True,True,MATCHED
25881A6615,1,A9021,True,True,MATCHED
25881A6615,1,A9204,True,True,MATCHED
25881A6615,1,A9205,True,True,MATCHED
25881A6615,1,A9302,True,True,MATCHED
25881A6615,1,A9501,True,True,MATCHED
25881A6615,1,A9502,True,True,MATCHED
25881A6615,1,A9801,True,True,MATCHED
25881A6615,2,A9002,True,True,MATCHED
25881A6615,2,A9009,True,True,MATCHED
25881A6615,2,A9010,True,True,MATCHED
25881A6615,2,A9011,True,True,MATCHED
25881A6615,2,A9012,True,True,MATCHED
25881A6615,2,A9022,True,True,MATCHED
25881A6615,2,A9304,True,True,MATCHED
25881A6615,2,A9402,True,True,MATCHED
25881A6615,2,A9503,True,True,MATCHED
25881A6615,2,A9504,True,True,MATCHED
25881A6616,1,A9001,True,True,MATCHED
25881A6616,1,A9007,True,True,MATCHED
25881A6616,1,A9008,True,True,MATCHED
25881A6616,1,A9021,True,True,MATCHED
25881A6616,1,A9204,True,True,MATCHED
25881A6616,1,A9205,True,True,MATCHED
25881A6616,1,A9302,True,True,MATCHED
25881A6616,1,A9501,True,True,MATCHED
25881A6616,1,A9502,True,True,MATCHED
25881A6616,1,A9801,True,True,MATCHED
25881A6616,2,A9002,True,True,MATCHED
25881A6616,2,A9009,True,True,MATCHED
25881A6616,2,A9010,True,True,MATCHED
25881A6616,2,A9011,True,True,MATCHED
25881A6616,2,A9012,True,True,MATCHED
25881A6616,2,A9022,True,True,MATCHED
25881A6616,2,A9304,True,True,MATCHED
25881A6616,2,A9402,True,True,MATCHED
25881A6616,2,A9503,True,True,MATCHED
25881A6616,2,A9504,True,True,MATCHED
25881A6617,1,A9001,True,True,MATCHED
25881A6617,1,A9007,True,True,MATCHED
25881A6617,1,A9008,True,True,MATCHED
25881A6617,1,A9021,True,True,MATCHED
25881A6617,1,A9204,True,True,MATCHED
25881A6617,1,A9205,True,True,MATCHED
25881A6617,1,A9302,True,True,MATCHED
25881A6617,1,A9501,True,True,MATCHED
25881A6617,1,A9502,True,True,MATCHED
25881A6617,1,A9801,True,True,MATCHED
25881A6617,2,A9002,True,True,MATCHED
25881A6617,2,A9009,True,True,MATCHED
25881A6617,2,A9010,True,True,MATCHED
25881A6617,2,A9011,True,True,MATCHED
25881A6617,2,A9012,True,True,MATCHED
25881A6617,2,A9022,True,True,MATCHED
25881A6617,2,A9304,True,True,MATCHED
25881A6617,2,A9402,True,True,MATCHED
25881A6617,2,A9503,True,True,MATCHED
25881A6617,2,A9504,True,True,MATCHED
25881A6618,1,A9001,True,True,MATCHED
25881A6618,1,A9007,True,True,MATCHED
25881A6618,1,A9008,True,True,MATCHED
25881A6618,1,A9021,True,True,MATCHED
25881A6618,1,A9204,True,True,MATCHED
25881A6618,1,A9205,True,True,MATCHED
25881A6618,1,A9302,True,True,MATCHED
25881A6618,1,A9501,True,True,MATCHED
25881A6618,1,A9502,True,True,MATCHED
25881A6618,1,A9801,True,True,MATCHED
25881A6618,2,A9002,True,True,MATCHED
25881A6618,2,A9009,True,True,MATCHED
25881A6618,2,A9010,True,True,MATCHED
25881A6618,2,A9011,True,True,MATCHED
25881A6618,2,A9012,True,True,MATCHED
25881A6618,2,A9022,True,True,MATCHED
25881A6618,2,A9304,True,True,MATCHED
25881A6618,2,A9402,True,True,MATCHED
25881A6618,2,A9503,True,True,MATCHED
25881A6618,2,A9504,True,True,MATCHED
25881A6619,1,A9001,True,True,MATCHED
25881A6619,1,A9007,True,True,MATCHED
25881A6619,1,A9008,True,True,MATCHED
25881A6619,1,A9021,True,True,MATCHED
25881A6619,1,A9204,True,True,MATCHED
25881A6619,1,A9205,True,True,MATCHED
25881A6619,1,A9302,True,True,MATCHED
25881A6619,1,A9501,True,True,MATCHED
25881A6619,1,A9502,True,True,MATCHED
25881A6619,1,A9801,True,True,MATCHED
25881A6619,2,A9002,True,True,MATCHED
25881A6619,2,A9009,True,True,MATCHED
25881A6619,2,A9010,True,True,MATCHED
25881A6619,2,A9011,True,True,MATCHED
25881A6619,2,A9012,True,True,MATCHED
25881A6619,2,A9022,True,True,MATCHED
25881A6619,2,A9304,True,True,MATCHED
25881A6619,2,A9402,True,True,MATCHED
25881A6619,2,A9503,True,True,MATCHED
25881A6619,2,A9504,True,True,MATCHED
25881A6620,1,A9001,True,True,MATCHED
25881A6620,1,A9007,True,True,MATCHED
25881A6620,1,A9008,True,True,MATCHED
25881A6620,1,A9021,True,True,MATCHED
25881A6620,1,A9204,True,True,MATCHED
25881A6620,1,A9205,True,True,MATCHED
25881A6620,1,A9302,True,True,MATCHED
25881A6620,1,A9501,True,True,MATCHED
25881A6620,1,A9502,True,True,MATCHED
25881A6620,1,A9801,True,True,MATCHED
25881A6620,2,A9002,True,True,MATCHED
25881A6620,2,A9009,True,True,MATCHED
25881A6620,2,A9010,True,True,MATCHED
25881A6620,2,A9011,True,True,MATCHED
25881A6620,2,A9012,True,True,MATCHED
25881A6620,2,A9022,True,True,MATCHED
25881A6620,2,A9304,True,True,MATCHED
25881A6620,2,A9402,True,True,MATCHED
25881A6620,2,A9503,True,True,MATCHED
25881A6620,2,A9504,True,True,MATCHED
25881A6621,1,A9001,True,True,MATCHED
25881A6621,1,A9007,True,True,MATCHED
25881A6621,1,A9008,True,True,MATCHED
25881A6621,1,A9021,True,True,MATCHED
25881A6621,1,A9204,True,True,MATCHED
25881A6621,1,A9205,True,True,MATCHED
25881A6621,1,A9302,True,True,MATCHED
25881A6621,1,A9501,True,True,MATCHED
25881A6621,1,A9502,True,True,MATCHED
25881A6621,1,A9801,True,True,MATCHED
25881A6621,2,A9002,True,True,MATCHED
25881A6621,2,A9009,True,True,MATCHED
25881A6621,2,A9010,True,True,MATCHED
25881A6621,2,A9011,True,True,MATCHED
25881A6621,2,A9012,True,True,MATCHED
25881A6621,2,A9022,True,True,MATCHED
25881A6621,2,A9304,True,True,MATCHED
25881A6621,2,A9402,True,True,MATCHED
25881A6621,2,A9503,True,True,MATCHED
25881A6621,2,A9504,True,True,MATCHED
25881A6622,1,A9001,True,True,MATCHED
25881A6622,1,A9007,True,True,MATCHED
25881A6622,1,A9008,True,True,MATCHED
25881A6622,1,A9021,True,True,MATCHED
25881A6622,1,A9204,True,True,MATCHED
25881A6622,1,A9205,True,True,MATCHED
25881A6622,1,A9302,True,True,MATCHED
25881A6622,1,A9501,True,True,MATCHED
25881A6622,1,A9502,True,True,MATCHED
25881A6622,1,A9801,True,True,MATCHED
25881A6622,2,A9002,True,True,MATCHED
25881A6622,2,A9009,True,True,MATCHED
25881A6622,2,A9010,True,True,MATCHED
25881A6622,2,A9011,True,True,MATCHED
25881A6622,2,A9012,True,True,MATCHED
25881A6622,2,A9022,True,True,MATCHED
25881A6622,2,A9304,True,True,MATCHED
25881A6622,2,A9402,True,True,MATCHED
25881A6622,2,A9503,True,True,MATCHED
25881A6622,2,A9504,True,True,MATCHED
25881A6623,1,A9001,True,True,MATCHED
25881A6623,1,A9007,True,True,MATCHED
25881A6623,1,A9008,True,True,MATCHED
25881A6623,1,A9021,True,True,MATCHED
25881A6623,1,A9204,True,True,MATCHED
25881A6623,1,A9205,True,True,MATCHED
25881A6623,1,A9302,True,True,MATCHED
25881A6623,1,A9501,True,True,MATCHED
25881A6623,1,A9502,True,True,MATCHED
25881A6623,1,A9801,True,True,MATCHED
25881A6623,2,A9002,True,True,MATCHED
25881A6623,2,A9009,True,True,MATCHED
25881A6623,2,A9010,True,True,MATCHED
25881A6623,2,A9011,True,True,MATCHED
25881A6623,2,A9012,True,True,MATCHED
25881A6623,2,A9022,True,True,MATCHED
25881A6623,2,A9304,True,True,MATCHED
25881A6623,2,A9402,True,True,MATCHED
25881A6623,2,A9503,True,True,MATCHED
25881A6623,2,A9504,True,True,MATCHED
25881A6624,1,A9001,True,True,MATCHED
25881A6624,1,A9007,True,True,MATCHED
25881A6624,1,A9008,True,True,MATCHED
25881A6624,1,A9021,True,True,MATCHED
25881A6624,1,A9204,True,True,MATCHED
25881A6624,1,A9205,True,True,MATCHED
25881A6624,1,A9302,True,True,MATCHED
25881A6624,1,A9501,True,True,MATCHED
25881A6624,1,A9502,True,True,MATCHED
25881A6624,1,A9801,True,True,MATCHED
25881A6624,2,A9002,True,True,MATCHED
25881A6624,2,A9009,True,True,MATCHED
25881A6624,2,A9010,True,True,MATCHED
25881A6624,2,A9011,True,True,MATCHED
25881A6624,2,A9012,True,True,MATCHED
25881A6624,2,A9022,True,True,MATCHED
25881A6624,2,A9304,True,True,MATCHED
25881A6624,2,A9402,True,True,MATCHED
25881A6624,2,A9503,True,True,MATCHED
25881A6624,2,A9504,True,True,MATCHED
25881A6625,1,A9001,True,True,MATCHED
25881A6625,1,A9007,True,True,MATCHED
25881A6625,1,A9008,True,True,MATCHED
25881A6625,1,A9021,True,True,MATCHED
25881A6625,1,A9204,True,True,MATCHED
25881A6625,1,A9205,True,True,MATCHED
25881A6625,1,A9302,True,True,MATCHED
25881A6625,1,A9501,True,True,MATCHED
25881A6625,1,A9502,True,True,MATCHED
25881A6625,1,A9801,True,True,MATCHED
25881A6625,2,A9002,True,True,MATCHED
25881A6625,2,A9009,True,True,MATCHED
25881A6625,2,A9010,True,True,MATCHED
25881A6625,2,A9011,True,True,MATCHED
25881A6625,2,A9012,True,True,MATCHED
25881A6625,2,A9022,True,True,MATCHED
25881A6625,2,A9304,True,True,MATCHED
25881A6625,2,A9402,True,True,MATCHED
25881A6625,2,A9503,True,True,MATCHED
25881A6625,2,A9504,True,True,MATCHED
25881A6626,1,A9001,True,True,MATCHED
25881A6626,1,A9007,True,True,MATCHED
25881A6626,1,A9008,True,True,MATCHED
25881A6626,1,A9021,True,True,MATCHED
25881A6626,1,A9204,True,True,MATCHED
25881A6626,1,A9205,True,True,MATCHED
25881A6626,1,A9302,True,True,MATCHED
25881A6626,1,A9501,True,True,MATCHED
25881A6626,1,A9502,True,True,MATCHED
25881A6626,1,A9801,True,True,MATCHED
25881A6626,2,A9002,True,True,MATCHED
25881A6626,2,A9009,True,True,MATCHED
25881A6626,2,A9010,True,True,MATCHED
25881A6626,2,A9011,True,True,MATCHED
25881A6626,2,A9012,True,True,MATCHED
25881A6626,2,A9022,True,True,MATCHED
25881A6626,2,A9304,True,True,MATCHED
25881A6626,2,A9402,True,True,MATCHED
25881A6626,2,A9503,True,True,MATCHED
25881A6626,2,A9504,True,True,MATCHED
25881A6627,1,A9001,True,True,MATCHED
25881A6627,1,A9007,True,True,MATCHED
25881A6627,1,A9008,True,True,MATCHED
25881A6627,1,A9021,True,True,MATCHED
25881A6627,1,A9204,True,True,MATCHED
25881A6627,1,A9205,True,True,MATCHED
25881A6627,1,A9302,True,True,MATCHED
25881A6627,1,A9501,True,True,MATCHED
25881A6627,1,A9502,True,True,MATCHED
25881A6627,1,A9801,True,True,MATCHED
25881A6627,2,A9002,True,True,MATCHED
25881A6627,2,A9009,True,True,MATCHED
25881A6627,2,A9010,True,True,MATCHED
25881A6627,2,A9011,True,True,MATCHED
25881A6627,2,A9012,True,True,MATCHED
25881A6627,2,A9022,True,True,MATCHED
25881A6627,2,A9304,True,True,MATCHED
25881A6627,2,A9402,True,True,MATCHED
25881A6627,2,A9503,True,True,MATCHED
25881A6627,2,A9504,True,True,MATCHED
25881A6628,1,A9001,True,True,MATCHED
25881A6628,1,A9007,True,True,MATCHED
25881A6628,1,A9008,True,True,MATCHED
25881A6628,1,A9021,True,True,MATCHED
25881A6628,1,A9204,True,True,MATCHED
25881A6628,1,A9205,True,True,MATCHED
25881A6628,1,A9302,True,True,MATCHED
25881A6628,1,A9501,True,True,MATCHED
25881A6628,1,A9502,True,True,MATCHED
25881A6628,1,A9801,True,True,MATCHED
25881A6628,2,A9002,True,True,MATCHED
25881A6628,2,A9009,True,True,MATCHED
25881A6628,2,A9010,True,True,MATCHED
25881A6628,2,A9011,True,True,MATCHED
25881A6628,2,A9012,True,True,MATCHED
25881A6628,2,A9022,True,True,MATCHED
25881A6628,2,A9304,True,True,MATCHED
25881A6628,2,A9402,True,True,MATCHED
25881A6628,2,A9503,True,True,MATCHED
25881A6628,2,A9504,True,True,MATCHED
25881A6629,1,A9001,True,True,MATCHED
25881A6629,1,A9007,True,True,MATCHED
25881A6629,1,A9008,True,True,MATCHED
25881A6629,1,A9021,True,True,MATCHED
25881A6629,1,A9204,True,True,MATCHED
25881A6629,1,A9205,True,True,MATCHED
25881A6629,1,A9302,True,True,MATCHED
25881A6629,1,A9501,True,True,MATCHED
25881A6629,1,A9502,True,True,MATCHED
25881A6629,1,A9801,True,True,MATCHED
25881A6629,2,A9002,True,True,MATCHED
25881A6629,2,A9009,True,True,MATCHED
25881A6629,2,A9010,True,True,MATCHED
25881A6629,2,A9011,True,True,MATCHED
25881A6629,2,A9012,True,True,MATCHED
25881A6629,2,A9022,True,True,MATCHED
25881A6629,2,A9304,True,True,MATCHED
25881A6629,2,A9402,True,True,MATCHED
25881A6629,2,A9503,True,True,MATCHED
25881A6629,2,A9504,True,True,MATCHED
25881A6630,1,A9001,True,True,MATCHED
25881A6630,1,A9007,True,True,MATCHED
25881A6630,1,A9008,True,True,MATCHED
25881A6630,1,A9021,True,True,MATCHED
25881A6630,1,A9204,True,True,MATCHED
25881A6630,1,A9205,True,True,MATCHED
25881A6630,1,A9302,True,True,MATCHED
25881A6630,1,A9501,True,True,MATCHED
25881A6630,1,A9502,True,True,MATCHED
25881A6630,1,A9801,True,True,MATCHED
25881A6630,2,A9002,True,True,MATCHED
25881A6630,2,A9009,True,True,MATCHED
25881A6630,2,A9010,True,True,MATCHED
25881A6630,2,A9011,True,True,MATCHED
25881A6630,2,A9012,True,True,MATCHED
25881A6630,2,A9022,True,True,MATCHED
25881A6630,2,A9304,True,True,MATCHED
25881A6630,2,A9402,True,True,MATCHED
25881A6630,2,A9503,True,True,MATCHED
25881A6630,2,A9504,True,True,MATCHED
25881A6631,1,A9001,True,True,MATCHED
25881A6631,1,A9007,True,True,MATCHED
25881A6631,1,A9008,True,True,MATCHED
25881A6631,1,A9021,True,True,MATCHED
25881A6631,1,A9204,True,True,MATCHED
25881A6631,1,A9205,True,True,MATCHED
25881A6631,1,A9302,True,True,MATCHED
25881A6631,1,A9501,True,True,MATCHED
25881A6631,1,A9502,True,True,MATCHED
25881A6631,1,A9801,True,True,MATCHED
25881A6631,2,A9002,True,True,MATCHED
25881A6631,2,A9009,True,True,MATCHED
25881A6631,2,A9010,True,True,MATCHED
25881A6631,2,A9011,True,True,MATCHED
25881A6631,2,A9012,True,True,MATCHED
25881A6631,2,A9022,True,True,MATCHED
25881A6631,2,A9304,True,True,MATCHED
25881A6631,2,A9402,True,True,MATCHED
25881A6631,2,A9503,True,True,MATCHED
25881A6631,2,A9504,True,True,MATCHED
25881A6632,1,A9001,True,True,MATCHED
25881A6632,1,A9007,True,True,MATCHED
25881A6632,1,A9008,True,True,MATCHED
25881A6632,1,A9021,True,True,MATCHED
25881A6632,1,A9204,True,True,MATCHED
25881A6632,1,A9205,True,True,MATCHED
25881A6632,1,A9302,True,True,MATCHED
25881A6632,1,A9501,True,True,MATCHED
25881A6632,1,A9502,True,True,MATCHED
25881A6632,1,A9801,True,True,MATCHED
25881A6632,2,A9002,True,True,MATCHED
25881A6632,2,A9009,True,True,MATCHED
25881A6632,2,A9010,True,True,MATCHED
25881A6632,2,A9011,True,True,MATCHED
25881A6632,2,A9012,True,True,MATCHED
25881A6632,2,A9022,True,True,MATCHED
25881A6632,2,A9304,True,True,MATCHED
25881A6632,2,A9402,True,True,MATCHED
25881A6632,2,A9503,True,True,MATCHED
25881A6632,2,A9504,True,True,MATCHED
25881A6633,1,A9001,True,True,MATCHED
25881A6633,1,A9007,True,True,MATCHED
25881A6633,1,A9008,True,True,MATCHED
25881A6633,1,A9021,True,True,MATCHED
25881A6633,1,A9204,True,True,MATCHED
25881A6633,1,A9205,True,True,MATCHED
25881A6633,1,A9302,True,True,MATCHED
25881A6633,1,A9501,True,True,MATCHED
25881A6633,1,A9502,True,True,MATCHED
25881A6633,1,A9801,True,True,MATCHED
25881A6633,2,A9002,True,True,MATCHED
25881A6633,2,A9009,True,True,MATCHED
25881A6633,2,A9010,True,True,MATCHED
25881A6633,2,A9011,True,True,MATCHED
25881A6633,2,A9012,True,True,MATCHED
25881A6633,2,A9022,True,True,MATCHED
25881A6633,2,A9304,True,True,MATCHED
25881A6633,2,A9402,True,True,MATCHED
25881A6633,2,A9503,True,True,MATCHED
25881A6633,2,A9504,True,True,MATCHED
25881A6634,1,A9001,True,True,MATCHED
25881A6634,1,A9007,True,True,MATCHED
25881A6634,1,A9008,True,True,MATCHED
25881A6634,1,A9021,True,True,MATCHED
25881A6634,1,A9204,True,True,MATCHED
25881A6634,1,A9205,True,True,MATCHED
25881A6634,1,A9302,True,True,MATCHED
25881A6634,1,A9501,True,True,MATCHED
25881A6634,1,A9502,True,True,MATCHED
25881A6634,1,A9801,True,True,MATCHED
25881A6634,2,A9002,True,True,MATCHED
25881A6634,2,A9009,True,True,MATCHED
25881A6634,2,A9010,True,True,MATCHED
25881A6634,2,A9011,True,True,MATCHED
25881A6634,2,A9012,True,True,MATCHED
25881A6634,2,A9022,True,True,MATCHED
25881A6634,2,A9304,True,True,MATCHED
25881A6634,2,A9402,True,True,MATCHED
25881A6634,2,A9503,True,True,MATCHED
25881A6634,2,A9504,True,True,MATCHED
25881A6635,1,A9001,True,True,MATCHED
25881A6635,1,A9007,True,True,MATCHED
25881A6635,1,A9008,True,True,MATCHED
25881A6635,1,A9021,True,True,MATCHED
25881A6635,1,A9204,True,True,MATCHED
25881A6635,1,A9205,True,True,MATCHED
25881A6635,1,A9302,True,True,MATCHED
25881A6635,1,A9501,True,True,MATCHED
25881A6635,1,A9502,True,True,MATCHED
25881A6635,1,A9801,True,True,MATCHED
25881A6635,2,A9002,True,True,MATCHED
25881A6635,2,A9009,True,True,MATCHED
25881A6635,2,A9010,True,True,MATCHED
25881A6635,2,A9011,True,True,MATCHED
25881A6635,2,A9012,True,True,MATCHED
25881A6635,2,A9022,True,True,MATCHED
25881A6635,2,A9304,True,True,MATCHED
25881A6635,2,A9402,True,True,MATCHED
25881A6635,2,A9503,True,True,MATCHED
25881A6635,2,A9504,True,True,MATCHED
25881A6636,1,A9001,True,True,MATCHED
25881A6636,1,A9007,True,True,MATCHED
25881A6636,1,A9008,True,True,MATCHED
25881A6636,1,A9021,True,True,MATCHED
25881A6636,1,A9204,True,True,MATCHED
25881A6636,1,A9205,True,True,MATCHED
25881A6636,1,A9302,True,True,MATCHED
25881A6636,1,A9501,True,True,MATCHED
25881A6636,1,A9502,True,True,MATCHED
25881A6636,1,A9801,True,True,MATCHED
25881A6636,2,A9002,True,True,MATCHED
25881A6636,2,A9009,True,True,MATCHED
25881A6636,2,A9010,True,True,MATCHED
25881A6636,2,A9011,True,True,MATCHED
25881A6636,2,A9012,True,True,MATCHED
25881A6636,2,A9022,True,True,MATCHED
25881A6636,2,A9304,True,True,MATCHED
25881A6636,2,A9402,True,True,MATCHED
25881A6636,2,A9503,True,True,MATCHED
25881A6636,2,A9504,True,True,MATCHED
25881A6637,1,A9001,True,True,MATCHED
25881A6637,1,A9007,True,True,MATCHED
25881A6637,1,A9008,True,True,MATCHED
25881A6637,1,A9021,True,True,MATCHED
25881A6637,1,A9204,True,True,MATCHED
25881A6637,1,A9205,True,True,MATCHED
25881A6637,1,A9302,True,True,MATCHED
25881A6637,1,A9501,True,True,MATCHED
25881A6637,1,A9502,True,True,MATCHED
25881A6637,1,A9801,True,True,MATCHED
25881A6637,2,A9002,True,True,MATCHED
25881A6637,2,A9009,True,True,MATCHED
25881A6637,2,A9010,True,True,MATCHED
25881A6637,2,A9011,True,True,MATCHED
25881A6637,2,A9012,True,True,MATCHED
25881A6637,2,A9022,True,True,MATCHED
25881A6637,2,A9304,True,True,MATCHED
25881A6637,2,A9402,True,True,MATCHED
25881A6637,2,A9503,True,True,MATCHED
25881A6637,2,A9504,True,True,MATCHED
25881A6638,1,A9001,True,True,MATCHED
25881A6638,1,A9007,True,True,MATCHED
25881A6638,1,A9008,True,True,MATCHED
25881A6638,1,A9021,True,True,MATCHED
25881A6638,1,A9204,True,True,MATCHED
25881A6638,1,A9205,True,True,MATCHED
25881A6638,1,A9302,True,True,MATCHED
25881A6638,1,A9501,True,True,MATCHED
25881A6638,1,A9502,True,True,MATCHED
25881A6638,1,A9801,True,True,MATCHED
25881A6638,2,A9002,True,True,MATCHED
25881A6638,2,A9009,True,True,MATCHED
25881A6638,2,A9010,True,True,MATCHED
25881A6638,2,A9011,True,True,MATCHED
25881A6638,2,A9012,True,True,MATCHED
25881A6638,2,A9022,True,True,MATCHED
25881A6638,2,A9304,True,True,MATCHED
25881A6638,2,A9402,True,True,MATCHED
25881A6638,2,A9503,True,True,MATCHED
25881A6638,2,A9504,True,True,MATCHED
25881A6639,1,A9001,True,True,MATCHED
25881A6639,1,A9007,True,True,MATCHED
25881A6639,1,A9008,True,True,MATCHED
25881A6639,1,A9021,True,True,MATCHED
25881A6639,1,A9204,True,True,MATCHED
25881A6639,1,A9205,True,True,MATCHED
25881A6639,1,A9302,True,True,MATCHED
25881A6639,1,A9501,True,True,MATCHED
25881A6639,1,A9502,True,True,MATCHED
25881A6639,1,A9801,True,True,MATCHED
25881A6639,2,A9002,True,True,MATCHED
25881A6639,2,A9009,True,True,MATCHED
25881A6639,2,A9010,True,True,MATCHED
25881A6639,2,A9011,True,True,MATCHED
25881A6639,2,A9012,True,True,MATCHED
25881A6639,2,A9022,True,True,MATCHED
25881A6639,2,A9304,True,True,MATCHED
25881A6639,2,A9402,True,True,MATCHED
25881A6639,2,A9503,True,True,MATCHED
25881A6639,2,A9504,True,True,MATCHED
25881A6640,1,A9001,True,True,MATCHED
25881A6640,1,A9007,True,True,MATCHED
25881A6640,1,A9008,True,True,MATCHED
25881A6640,1,A9021,True,True,MATCHED
25881A6640,1,A9204,True,True,MATCHED
25881A6640,1,A9205,True,True,MATCHED
25881A6640,1,A9302,True,True,MATCHED
25881A6640,1,A9501,True,True,MATCHED
25881A6640,1,A9502,True,True,MATCHED
25881A6640,1,A9801,True,True,MATCHED
25881A6640,2,A9002,True,True,MATCHED
25881A6640,2,A9009,True,True,MATCHED
25881A6640,2,A9010,True,True,MATCHED
25881A6640,2,A9011,True,True,MATCHED
25881A6640,2,A9012,True,True,MATCHED
25881A6640,2,A9022,True,True,MATCHED
25881A6640,2,A9304,True,True,MATCHED
25881A6640,2,A9402,True,True,MATCHED
25881A6640,2,A9503,True,True,MATCHED
25881A6640,2,A9504,True,True,MATCHED
25881A6641,1,A9001,True,True,MATCHED
25881A6641,1,A9007,True,True,MATCHED
25881A6641,1,A9008,True,True,MATCHED
25881A6641,1,A9021,True,True,MATCHED
25881A6641,1,A9204,True,True,MATCHED
25881A6641,1,A9205,True,True,MATCHED
25881A6641,1,A9302,True,True,MATCHED
25881A6641,1,A9501,True,True,MATCHED
25881A6641,1,A9502,True,True,MATCHED
25881A6641,1,A9801,True,True,MATCHED
25881A6641,2,A9002,True,True,MATCHED
25881A6641,2,A9009,True,True,MATCHED
25881A6641,2,A9010,True,True,MATCHED
25881A6641,2,A9011,True,True,MATCHED
25881A6641,2,A9012,True,True,MATCHED
25881A6641,2,A9022,True,True,MATCHED
25881A6641,2,A9304,True,True,MATCHED
25881A6641,2,A9402,True,True,MATCHED
25881A6641,2,A9503,True,True,MATCHED
25881A6641,2,A9504,True,True,MATCHED
25881A6642,1,A9001,True,True,MATCHED
25881A6642,1,A9007,True,True,MATCHED
25881A6642,1,A9008,True,True,MATCHED
25881A6642,1,A9021,True,True,MATCHED
25881A6642,1,A9204,True,True,MATCHED
25881A6642,1,A9205,True,True,MATCHED
25881A6642,1,A9302,True,True,MATCHED
25881A6642,1,A9501,True,True,MATCHED
25881A6642,1,A9502,True,True,MATCHED
25881A6642,1,A9801,True,True,MATCHED
25881A6642,2,A9002,True,True,MATCHED
25881A6642,2,A9009,True,True,MATCHED
25881A6642,2,A9010,True,True,MATCHED
25881A6642,2,A9011,True,True,MATCHED
25881A6642,2,A9012,True,True,MATCHED
25881A6642,2,A9022,True,True,MATCHED
25881A6642,2,A9304,True,True,MATCHED
25881A6642,2,A9402,True,True,MATCHED
25881A6642,2,A9503,True,True,MATCHED
25881A6642,2,A9504,True,True,MATCHED
25881A6643,1,A9001,True,True,MATCHED
25881A6643,1,A9007,True,True,MATCHED
25881A6643,1,A9008,True,True,MATCHED
25881A6643,1,A9021,True,True,MATCHED
25881A6643,1,A9204,True,True,MATCHED
25881A6643,1,A9205,True,True,MATCHED
25881A6643,1,A9302,True,True,MATCHED
25881A6643,1,A9501,True,True,MATCHED
25881A6643,1,A9502,True,True,MATCHED
25881A6643,1,A9801,True,True,MATCHED
25881A6643,2,A9002,True,True,MATCHED
25881A6643,2,A9009,True,True,MATCHED
25881A6643,2,A9010,True,True,MATCHED
25881A6643,2,A9011,True,True,MATCHED
25881A6643,2,A9012,True,True,MATCHED
25881A6643,2,A9022,True,True,MATCHED
25881A6643,2,A9304,True,True,MATCHED
25881A6643,2,A9402,True,True,MATCHED
25881A6643,2,A9503,True,True,MATCHED
25881A6643,2,A9504,True,True,MATCHED
25881A6644,1,A9001,True,True,MATCHED
25881A6644,1,A9007,True,True,MATCHED
25881A6644,1,A9008,True,True,MATCHED
25881A6644,1,A9021,True,True,MATCHED
25881A6644,1,A9204,True,True,MATCHED
25881A6644,1,A9205,True,True,MATCHED
25881A6644,1,A9302,True,True,MATCHED
25881A6644,1,A9501,True,True,MATCHED
25881A6644,1,A9502,True,True,MATCHED
25881A6644,1,A9801,True,True,MATCHED
25881A6644,2,A9002,True,True,MATCHED
25881A6644,2,A9009,True,True,MATCHED
25881A6644,2,A9010,True,True,MATCHED
25881A6644,2,A9011,True,True,MATCHED
25881A6644,2,A9012,True,True,MATCHED
25881A6644,2,A9022,True,True,MATCHED
25881A6644,2,A9304,True,True,MATCHED
25881A6644,2,A9402,True,True,MATCHED
25881A6644,2,A9503,True,True,MATCHED
25881A6644,2,A9504,True,True,MATCHED
25881A6645,1,A9001,True,True,MATCHED
25881A6645,1,A9007,True,True,MATCHED
25881A6645,1,A9008,True,True,MATCHED
25881A6645,1,A9021,True,True,MATCHED
25881A6645,1,A9204,True,True,MATCHED
25881A6645,1,A9205,True,True,MATCHED
25881A6645,1,A9302,True,True,MATCHED
25881A6645,1,A9501,True,True,MATCHED
25881A6645,1,A9502,True,True,MATCHED
25881A6645,1,A9801,True,True,MATCHED
25881A6645,2,A9002,True,True,MATCHED
25881A6645,2,A9009,True,True,MATCHED
25881A6645,2,A9010,True,True,MATCHED
25881A6645,2,A9011,True,True,MATCHED
25881A6645,2,A9012,True,True,MATCHED
25881A6645,2,A9022,True,True,MATCHED
25881A6645,2,A9304,True,True,MATCHED
25881A6645,2,A9402,True,True,MATCHED
25881A6645,2,A9503,True,True,MATCHED
25881A6645,2,A9504,True,True,MATCHED
25881A6646,1,A9001,True,True,MATCHED
25881A6646,1,A9007,True,True,MATCHED
25881A6646,1,A9008,True,True,MATCHED
25881A6646,1,A9021,True,True,MATCHED
25881A6646,1,A9204,True,True,MATCHED
25881A6646,1,A9205,True,True,MATCHED
25881A6646,1,A9302,True,True,MATCHED
25881A6646,1,A9501,True,True,MATCHED
25881A6646,1,A9502,True,True,MATCHED
25881A6646,1,A9801,True,True,MATCHED
25881A6646,2,A9002,True,True,MATCHED
25881A6646,2,A9009,True,True,MATCHED
25881A6646,2,A9010,True,True,MATCHED
25881A6646,2,A9011,True,True,MATCHED
25881A6646,2,A9012,True,True,MATCHED
25881A6646,2,A9022,True,True,MATCHED
25881A6646,2,A9304,True,True,MATCHED
25881A6646,2,A9402,True,True,MATCHED
25881A6646,2,A9503,True,True,MATCHED
25881A6646,2,A9504,True,True,MATCHED
25881A6647,1,A9001,True,True,MATCHED
25881A6647,1,A9007,True,True,MATCHED
25881A6647,1,A9008,True,True,MATCHED
25881A6647,1,A9021,True,True,MATCHED
25881A6647,1,A9204,True,True,MATCHED
25881A6647,1,A9205,True,True,MATCHED
25881A6647,1,A9302,True,True,MATCHED
25881A6647,1,A9501,True,True,MATCHED
25881A6647,1,A9502,True,True,MATCHED
25881A6647,1,A9801,True,True,MATCHED
25881A6647,2,A9002,True,True,MATCHED
25881A6647,2,A9009,True,True,MATCHED
25881A6647,2,A9010,True,True,MATCHED
25881A6647,2,A9011,True,True,MATCHED
25881A6647,2,A9012,True,True,MATCHED
25881A6647,2,A9022,True,True,MATCHED
25881A6647,2,A9304,True,True,MATCHED
25881A6647,2,A9402,True,True,MATCHED
25881A6647,2,A9503,True,True,MATCHED
25881A6647,2,A9504,True,True,MATCHED
25881A6648,1,A9001,True,True,MATCHED
25881A6648,1,A9007,True,True,MATCHED
25881A6648,1,A9008,True,True,MATCHED
25881A6648,1,A9021,True,True,MATCHED
25881A6648,1,A9204,True,True,MATCHED
25881A6648,1,A9205,True,True,MATCHED
25881A6648,1,A9302,True,True,MATCHED
25881A6648,1,A9501,True,True,MATCHED
25881A6648,1,A9502,True,True,MATCHED
25881A6648,1,A9801,True,True,MATCHED
25881A6648,2,A9002,True,True,MATCHED
25881A6648,2,A9009,True,True,MATCHED
25881A6648,2,A9010,True,True,MATCHED
25881A6648,2,A9011,True,True,MATCHED
25881A6648,2,A9012,True,True,MATCHED
25881A6648,2,A9022,True,True,MATCHED
25881A6648,2,A9304,True,True,MATCHED
25881A6648,2,A9402,True,True,MATCHED
25881A6648,2,A9503,True,True,MATCHED
25881A6648,2,A9504,True,True,MATCHED
25881A6649,1,A9001,True,True,MATCHED
25881A6649,1,A9007,True,True,MATCHED
25881A6649,1,A9008,True,True,MATCHED
25881A6649,1,A9021,True,True,MATCHED
25881A6649,1,A9204,True,True,MATCHED
25881A6649,1,A9205,True,True,MATCHED
25881A6649,1,A9302,True,True,MATCHED
25881A6649,1,A9501,True,True,MATCHED
25881A6649,1,A9502,True,True,MATCHED
25881A6649,1,A9801,True,True,MATCHED
25881A6649,2,A9002,True,True,MATCHED
25881A6649,2,A9009,True,True,MATCHED
25881A6649,2,A9010,True,True,MATCHED
25881A6649,2,A9011,True,True,MATCHED
25881A6649,2,A9012,True,True,MATCHED
25881A6649,2,A9022,True,True,MATCHED
25881A6649,2,A9304,True,True,MATCHED
25881A6649,2,A9402,True,True,MATCHED
25881A6649,2,A9503,True,True,MATCHED
25881A6649,2,A9504,True,True,MATCHED
25881A6650,1,A9001,True,True,MATCHED
25881A6650,1,A9007,True,True,MATCHED
25881A6650,1,A9008,True,True,MATCHED
25881A6650,1,A9021,True,True,MATCHED
25881A6650,1,A9204,True,True,MATCHED
25881A6650,1,A9205,True,True,MATCHED
25881A6650,1,A9302,True,True,MATCHED
25881A6650,1,A9501,True,True,MATCHED
25881A6650,1,A9502,True,True,MATCHED
25881A6650,1,A9801,True,True,MATCHED
25881A6650,2,A9002,True,True,MATCHED
25881A6650,2,A9009,True,True,MATCHED
25881A6650,2,A9010,True,True,MATCHED
25881A6650,2,A9011,True,True,MATCHED
25881A6650,2,A9012,True,True,MATCHED
25881A6650,2,A9022,True,True,MATCHED
25881A6650,2,A9304,True,True,MATCHED
25881A6650,2,A9402,True,True,MATCHED
25881A6650,2,A9503,True,True,MATCHED
25881A6650,2,A9504,True,True,MATCHED
25881A6651,1,A9001,True,True,MATCHED
25881A6651,1,A9007,True,True,MATCHED
25881A6651,1,A9008,True,True,MATCHED
25881A6651,1,A9021,True,True,MATCHED
25881A6651,1,A9204,True,True,MATCHED
25881A6651,1,A9205,True,True,MATCHED
25881A6651,1,A9302,True,True,MATCHED
25881A6651,1,A9501,True,True,MATCHED
25881A6651,1,A9502,True,True,MATCHED
25881A6651,1,A9801,True,True,MATCHED
25881A6651,2,A9002,True,True,MATCHED
25881A6651,2,A9009,True,True,MATCHED
25881A6651,2,A9010,True,True,MATCHED
25881A6651,2,A9011,True,True,MATCHED
25881A6651,2,A9012,True,True,MATCHED
25881A6651,2,A9022,True,True,MATCHED
25881A6651,2,A9304,True,True,MATCHED
25881A6651,2,A9402,True,True,MATCHED
25881A6651,2,A9503,True,True,MATCHED
25881A6651,2,A9504,True,True,MATCHED
25881A6652,1,A9001,True,True,MATCHED
25881A6652,1,A9007,True,True,MATCHED
25881A6652,1,A9008,True,True,MATCHED
25881A6652,1,A9021,True,True,MATCHED
25881A6652,1,A9204,True,True,MATCHED
25881A6652,1,A9205,True,True,MATCHED
25881A6652,1,A9302,True,True,MATCHED
25881A6652,1,A9501,True,True,MATCHED
25881A6652,1,A9502,True,True,MATCHED
25881A6652,1,A9801,True,True,MATCHED
25881A6652,2,A9002,True,True,MATCHED
25881A6652,2,A9009,True,True,MATCHED
25881A6652,2,A9010,True,True,MATCHED
25881A6652,2,A9011,True,True,MATCHED
25881A6652,2,A9012,True,True,MATCHED
25881A6652,2,A9022,True,True,MATCHED
25881A6652,2,A9304,True,True,MATCHED
25881A6652,2,A9402,True,True,MATCHED
25881A6652,2,A9503,True,True,MATCHED
25881A6652,2,A9504,True,True,MATCHED
25881A6653,1,A9001,True,True,MATCHED
25881A6653,1,A9007,True,True,MATCHED
25881A6653,1,A9008,True,True,MATCHED
25881A6653,1,A9021,True,True,MATCHED
25881A6653,1,A9204,True,True,MATCHED
25881A6653,1,A9205,True,True,MATCHED
25881A6653,1,A9302,True,True,MATCHED
25881A6653,1,A9501,True,True,MATCHED
25881A6653,1,A9502,True,True,MATCHED
25881A6653,1,A9801,True,True,MATCHED
25881A6653,2,A9002,True,True,MATCHED
25881A6653,2,A9009,True,True,MATCHED
25881A6653,2,A9010,True,True,MATCHED
25881A6653,2,A9011,True,True,MATCHED
25881A6653,2,A9012,True,True,MATCHED
25881A6653,2,A9022,True,True,MATCHED
25881A6653,2,A9304,True,True,MATCHED
25881A6653,2,A9402,True,True,MATCHED
25881A6653,2,A9503,True,True,MATCHED
25881A6653,2,A9504,True,True,MATCHED
25881A6654,1,A9001,True,True,MATCHED
25881A6654,1,A9007,True,True,MATCHED
25881A6654,1,A9008,True,True,MATCHED
25881A6654,1,A9021,True,True,MATCHED
25881A6654,1,A9204,True,True,MATCHED
25881A6654,1,A9205,True,True,MATCHED
25881A6654,1,A9302,True,True,MATCHED
25881A6654,1,A9501,True,True,MATCHED
25881A6654,1,A9502,True,True,MATCHED
25881A6654,1,A9801,True,True,MATCHED
25881A6654,2,A9002,True,True,MATCHED
25881A6654,2,A9009,True,True,MATCHED
25881A6654,2,A9010,True,True,MATCHED
25881A6654,2,A9011,True,True,MATCHED
25881A6654,2,A9012,True,True,MATCHED
25881A6654,2,A9022,True,True,MATCHED
25881A6654,2,A9304,True,True,MATCHED
25881A6654,2,A9402,True,True,MATCHED
25881A6654,2,A9503,True,True,MATCHED
25881A6654,2,A9504,True,True,MATCHED
25881A6655,1,A9001,True,True,MATCHED
25881A6655,1,A9007,True,True,MATCHED
25881A6655,1,A9008,True,True,MATCHED
25881A6655,1,A9021,True,True,MATCHED
25881A6655,1,A9204,True,True,MATCHED
25881A6655,1,A9205,True,True,MATCHED
25881A6655,1,A9302,True,True,MATCHED
25881A6655,1,A9501,True,True,MATCHED
25881A6655,1,A9502,True,True,MATCHED
25881A6655,1,A9801,True,True,MATCHED
25881A6655,2,A9002,True,True,MATCHED
25881A6655,2,A9009,True,True,MATCHED
25881A6655,2,A9010,True,True,MATCHED
25881A6655,2,A9011,True,True,MATCHED
25881A6655,2,A9012,True,True,MATCHED
25881A6655,2,A9022,True,True,MATCHED
25881A6655,2,A9304,True,True,MATCHED
25881A6655,2,A9402,True,True,MATCHED
25881A6655,2,A9503,True,True,MATCHED
25881A6655,2,A9504,True,True,MATCHED
25881A6656,1,A9001,True,True,MATCHED
25881A6656,1,A9007,True,True,MATCHED
25881A6656,1,A9008,True,True,MATCHED
25881A6656,1,A9021,True,True,MATCHED
25881A6656,1,A9204,True,True,MATCHED
25881A6656,1,A9205,True,True,MATCHED
25881A6656,1,A9302,True,True,MATCHED
25881A6656,1,A9501,True,True,MATCHED
25881A6656,1,A9502,True,True,MATCHED
25881A6656,1,A9801,True,True,MATCHED
25881A6656,2,A9002,True,True,MATCHED
25881A6656,2,A9009,True,True,MATCHED
25881A6656,2,A9010,True,True,MATCHED
25881A6656,2,A9011,True,True,MATCHED
25881A6656,2,A9012,True,True,MATCHED
25881A6656,2,A9022,True,True,MATCHED
25881A6656,2,A9304,True,True,MATCHED
25881A6656,2,A9402,True,True,MATCHED
25881A6656,2,A9503,True,True,MATCHED
25881A6656,2,A9504,True,True,MATCHED
25881A6657,1,A9001,True,True,MATCHED
25881A6657,1,A9007,True,True,MATCHED
25881A6657,1,A9008,True,True,MATCHED
25881A6657,1,A9021,True,True,MATCHED
25881A6657,1,A9204,True,True,MATCHED
25881A6657,1,A9205,True,True,MATCHED
25881A6657,1,A9302,True,True,MATCHED
25881A6657,1,A9501,True,True,MATCHED
25881A6657,1,A9502,True,True,MATCHED
25881A6657,1,A9801,True,True,MATCHED
25881A6657,2,A9002,True,True,MATCHED
25881A6657,2,A9009,True,True,MATCHED
25881A6657,2,A9010,True,True,MATCHED
25881A6657,2,A9011,True,True,MATCHED
25881A6657,2,A9012,True,True,MATCHED
25881A6657,2,A9022,True,True,MATCHED
25881A6657,2,A9304,True,True,MATCHED
25881A6657,2,A9402,True,True,MATCHED
25881A6657,2,A9503,True,True,MATCHED
25881A6657,2,A9504,True,True,MATCHED
25881A6658,1,A9001,True,True,MATCHED
25881A6658,1,A9007,True,True,MATCHED
25881A6658,1,A9008,True,True,MATCHED
25881A6658,1,A9021,True,True,MATCHED
25881A6658,1,A9204,True,True,MATCHED
25881A6658,1,A9205,True,True,MATCHED
25881A6658,1,A9302,True,True,MATCHED
25881A6658,1,A9501,True,True,MATCHED
25881A6658,1,A9502,True,True,MATCHED
25881A6658,1,A9801,True,True,MATCHED
25881A6658,2,A9002,True,True,MATCHED
25881A6658,2,A9009,True,True,MATCHED
25881A6658,2,A9010,True,True,MATCHED
25881A6658,2,A9011,True,True,MATCHED
25881A6658,2,A9012,True,True,MATCHED
25881A6658,2,A9022,True,True,MATCHED
25881A6658,2,A9304,True,True,MATCHED
25881A6658,2,A9402,True,True,MATCHED
25881A6658,2,A9503,True,True,MATCHED
25881A6658,2,A9504,True,True,MATCHED
25881A6659,1,A9001,True,True,MATCHED
25881A6659,1,A9007,True,True,MATCHED
25881A6659,1,A9008,True,True,MATCHED
25881A6659,1,A9021,True,True,MATCHED
25881A6659,1,A9204,True,True,MATCHED
25881A6659,1,A9205,True,True,MATCHED
25881A6659,1,A9302,True,True,MATCHED
25881A6659,1,A9501,True,True,MATCHED
25881A6659,1,A9502,True,True,MATCHED
25881A6659,1,A9801,True,True,MATCHED
25881A6659,2,A9002,True,True,MATCHED
25881A6659,2,A9009,True,True,MATCHED
25881A6659,2,A9010,True,True,MATCHED
25881A6659,2,A9011,True,True,MATCHED
25881A6659,2,A9012,True,True,MATCHED
25881A6659,2,A9022,True,True,MATCHED
25881A6659,2,A9304,True,True,MATCHED
25881A6659,2,A9402,True,True,MATCHED
25881A6659,2,A9503,True,True,MATCHED
25881A6659,2,A9504,True,True,MATCHED
25881A6660,1,A9001,True,True,MATCHED
25881A6660,1,A9007,True,True,MATCHED
25881A6660,1,A9008,True,True,MATCHED
25881A6660,1,A9021,True,True,MATCHED
25881A6660,1,A9204,True,True,MATCHED
25881A6660,1,A9205,True,True,MATCHED
25881A6660,1,A9302,True,True,MATCHED
25881A6660,1,A9501,True,True,MATCHED
25881A6660,1,A9502,True,True,MATCHED
25881A6660,1,A9801,True,True,MATCHED
25881A6660,2,A9002,True,True,MATCHED
25881A6660,2,A9009,True,True,MATCHED
25881A6660,2,A9010,True,True,MATCHED
25881A6660,2,A9011,True,True,MATCHED
25881A6660,2,A9012,True,True,MATCHED
25881A6660,2,A9022,True,True,MATCHED
25881A6660,2,A9304,True,True,MATCHED
25881A6660,2,A9402,True,True,MATCHED
25881A6660,2,A9503,True,True,MATCHED
25881A6660,2,A9504,True,True,MATCHED
25881A6661,1,A9001,True,True,MATCHED
25881A6661,1,A9007,True,True,MATCHED
25881A6661,1,A9008,True,True,MATCHED
25881A6661,1,A9021,True,True,MATCHED
25881A6661,1,A9204,True,True,MATCHED
25881A6661,1,A9205,True,True,MATCHED
25881A6661,1,A9302,True,True,MATCHED
25881A6661,1,A9501,True,True,MATCHED
25881A6661,1,A9502,True,True,MATCHED
25881A6661,1,A9801,True,True,MATCHED
25881A6661,2,A9002,True,True,MATCHED
25881A6661,2,A9009,True,True,MATCHED
25881A6661,2,A9010,True,True,MATCHED
25881A6661,2,A9011,True,True,MATCHED
25881A6661,2,A9012,True,True,MATCHED
25881A6661,2,A9022,True,True,MATCHED
25881A6661,2,A9304,True,True,MATCHED
25881A6661,2,A9402,True,True,MATCHED
25881A6661,2,A9503,True,True,MATCHED
25881A6661,2,A9504,True,True,MATCHED
25881A6662,1,A9001,True,True,MATCHED
25881A6662,1,A9007,True,True,MATCHED
25881A6662,1,A9008,True,True,MATCHED
25881A6662,1,A9021,True,True,MATCHED
25881A6662,1,A9204,True,True,MATCHED
25881A6662,1,A9205,True,True,MATCHED
25881A6662,1,A9302,True,True,MATCHED
25881A6662,1,A9501,True,True,MATCHED
25881A6662,1,A9502,True,True,MATCHED
25881A6662,1,A9801,True,True,MATCHED
25881A6662,2,A9002,True,True,MATCHED
25881A6662,2,A9009,True,True,MATCHED
25881A6662,2,A9010,True,True,MATCHED
25881A6662,2,A9011,True,True,MATCHED
25881A6662,2,A9012,True,True,MATCHED
25881A6662,2,A9022,True,True,MATCHED
25881A6662,2,A9304,True,True,MATCHED
25881A6662,2,A9402,True,True,MATCHED
25881A6662,2,A9503,True,True,MATCHED
25881A6662,2,A9504,True,True,MATCHED
25881A6663,1,A9001,True,True,MATCHED
25881A6663,1,A9007,True,True,MATCHED
25881A6663,1,A9008,True,True,MATCHED
25881A6663,1,A9021,True,True,MATCHED
25881A6663,1,A9204,True,True,MATCHED
25881A6663,1,A9205,True,True,MATCHED
25881A6663,1,A9302,True,True,MATCHED
25881A6663,1,A9501,True,True,MATCHED
25881A6663,1,A9502,True,True,MATCHED
25881A6663,1,A9801,True,True,MATCHED
25881A6663,2,A9002,True,True,MATCHED
25881A6663,2,A9009,True,True,MATCHED
25881A6663,2,A9010,True,True,MATCHED
25881A6663,2,A9011,True,True,MATCHED
25881A6663,2,A9012,True,True,MATCHED
25881A6663,2,A9022,True,True,MATCHED
25881A6663,2,A9304,True,True,MATCHED
25881A6663,2,A9402,True,True,MATCHED
25881A6663,2,A9503,True,True,MATCHED
25881A6663,2,A9504,True,True,MATCHED
25881A6664,1,A9001,True,True,MATCHED
25881A6664,1,A9007,True,True,MATCHED
25881A6664,1,A9008,True,True,MATCHED
25881A6664,1,A9021,True,True,MATCHED
25881A6664,1,A9204,True,True,MATCHED
25881A6664,1,A9205,True,True,MATCHED
25881A6664,1,A9302,True,True,MATCHED
25881A6664,1,A9501,True,True,MATCHED
25881A6664,1,A9502,True,True,MATCHED
25881A6664,1,A9801,True,True,MATCHED
25881A6664,2,A9002,True,True,MATCHED
25881A6664,2,A9009,True,True,MATCHED
25881A6664,2,A9010,True,True,MATCHED
25881A6664,2,A9011,True,True,MATCHED
25881A6664,2,A9012,True,True,MATCHED
25881A6664,2,A9022,True,True,MATCHED
25881A6664,2,A9304,True,True,MATCHED
25881A6664,2,A9402,True,True,MATCHED
25881A6664,2,A9503,True,True,MATCHED
25881A6664,2,A9504,True,True,MATCHED
25881A6665,1,A9001,True,True,MATCHED
25881A6665,1,A9007,True,True,MATCHED
25881A6665,1,A9008,True,True,MATCHED
25881A6665,1,A9021,True,True,MATCHED
25881A6665,1,A9204,True,True,MATCHED
25881A6665,1,A9205,True,True,MATCHED
25881A6665,1,A9302,True,True,MATCHED
25881A6665,1,A9501,True,True,MATCHED
25881A6665,1,A9502,True,True,MATCHED
25881A6665,1,A9801,True,True,MATCHED
25881A6665,2,A9002,True,True,MATCHED
25881A6665,2,A9009,True,True,MATCHED
25881A6665,2,A9010,True,True,MATCHED
25881A6665,2,A9011,True,True,MATCHED
25881A6665,2,A9012,True,True,MATCHED
25881A6665,2,A9022,True,True,MATCHED
25881A6665,2,A9304,True,True,MATCHED
25881A6665,2,A9402,True,True,MATCHED
25881A6665,2,A9503,True,True,MATCHED
25881A6665,2,A9504,True,True,MATCHED
25881A6666,1,A9001,True,True,MATCHED
25881A6666,1,A9007,True,True,MATCHED
25881A6666,1,A9008,True,True,MATCHED
25881A6666,1,A9021,True,True,MATCHED
25881A6666,1,A9204,True,True,MATCHED
25881A6666,1,A9205,True,True,MATCHED
25881A6666,1,A9302,True,True,MATCHED
25881A6666,1,A9501,True,True,MATCHED
25881A6666,1,A9502,True,True,MATCHED
25881A6666,1,A9801,True,True,MATCHED
25881A6666,2,A9002,True,True,MATCHED
25881A6666,2,A9009,True,True,MATCHED
25881A6666,2,A9010,True,True,MATCHED
25881A6666,2,A9011,True,True,MATCHED
25881A6666,2,A9012,True,True,MATCHED
25881A6666,2,A9022,True,True,MATCHED
25881A6666,2,A9304,True,True,MATCHED
25881A6666,2,A9402,True,True,MATCHED
25881A6666,2,A9503,True,True,MATCHED
25881A6666,2,A9504,True,True,MATCHED
25881A6667,1,A9001,True,True,MATCHED
25881A6667,1,A9007,True,True,MATCHED
25881A6667,1,A9008,True,True,MATCHED
25881A6667,1,A9021,True,True,MATCHED
25881A6667,1,A9204,True,True,MATCHED
25881A6667,1,A9205,True,True,MATCHED
25881A6667,1,A9302,True,True,MATCHED
25881A6667,1,A9501,True,True,MATCHED
25881A6667,1,A9502,True,True,MATCHED
25881A6667,1,A9801,True,True,MATCHED
25881A6667,2,A9002,True,True,MATCHED
25881A6667,2,A9009,True,True,MATCHED
25881A6667,2,A9010,True,True,MATCHED
25881A6667,2,A9011,True,True,MATCHED
25881A6667,2,A9012,True,True,MATCHED
25881A6667,2,A9022,True,True,MATCHED
25881A6667,2,A9304,True,True,MATCHED
25881A6667,2,A9402,True,True,MATCHED
25881A6667,2,A9503,True,True,MATCHED
25881A6667,2,A9504,True,True,MATCHED
25881A6668,1,A9001,True,True,MATCHED
25881A6668,1,A9007,True,True,MATCHED
25881A6668,1,A9008,True,True,MATCHED
25881A6668,1,A9021,True,True,MATCHED
25881A6668,1,A9204,True,True,MATCHED
25881A6668,1,A9205,True,True,MATCHED
25881A6668,1,A9302,True,True,MATCHED
25881A6668,1,A9501,True,True,MATCHED
25881A6668,1,A9502,True,True,MATCHED
25881A6668,1,A9801,True,True,MATCHED
25881A6668,2,A9002,True,True,MATCHED
25881A6668,2,A9009,True,True,MATCHED
25881A6668,2,A9010,True,True,MATCHED
25881A6668,2,A9011,True,True,MATCHED
25881A6668,2,A9012,True,True,MATCHED
25881A6668,2,A9022,True,True,MATCHED
25881A6668,2,A9304,True,True,MATCHED
25881A6668,2,A9402,True,True,MATCHED
25881A6668,2,A9503,True,True,MATCHED
25881A6668,2,A9504,True,True,MATCHED
25881A6669,1,A9001,True,True,MATCHED
25881A6669,1,A9007,True,True,MATCHED
25881A6669,1,A9008,True,True,MATCHED
25881A6669,1,A9021,True,True,MATCHED
25881A6669,1,A9204,True,True,MATCHED
25881A6669,1,A9205,True,True,MATCHED
25881A6669,1,A9302,True,True,MATCHED
25881A6669,1,A9501,True,True,MATCHED
25881A6669,1,A9502,True,True,MATCHED
25881A6669,1,A9801,True,True,MATCHED
25881A6669,2,A9002,True,True,MATCHED
25881A6669,2,A9009,True,True,MATCHED
25881A6669,2,A9010,True,True,MATCHED
25881A6669,2,A9011,True,True,MATCHED
25881A6669,2,A9012,True,True,MATCHED
25881A6669,2,A9022,True,True,MATCHED
25881A6669,2,A9304,True,True,MATCHED
25881A6669,2,A9402,True,True,MATCHED
25881A6669,2,A9503,True,True,MATCHED
25881A6669,2,A9504,True,True,MATCHED
25881A6670,1,A9001,True,True,MATCHED
25881A6670,1,A9007,True,True,MATCHED
25881A6670,1,A9008,True,True,MATCHED
25881A6670,1,A9021,True,True,MATCHED
25881A6670,1,A9204,True,True,MATCHED
25881A6670,1,A9205,True,True,MATCHED
25881A6670,1,A9302,True,True,MATCHED
25881A6670,1,A9501,True,True,MATCHED
25881A6670,1,A9502,True,True,MATCHED
25881A6670,1,A9801,True,True,MATCHED
25881A6670,2,A9002,True,True,MATCHED
25881A6670,2,A9009,True,True,MATCHED
25881A6670,2,A9010,True,True,MATCHED
25881A6670,2,A9011,True,True,MATCHED
25881A6670,2,A9012,True,True,MATCHED
25881A6670,2,A9022,True,True,MATCHED
25881A6670,2,A9304,True,True,MATCHED
25881A6670,2,A9402,True,True,MATCHED
25881A6670,2,A9503,True,True,MATCHED
25881A6670,2,A9504,True,True,MATCHED
25881A6671,1,A9001,True,True,MATCHED
25881A6671,1,A9007,True,True,MATCHED
25881A6671,1,A9008,True,True,MATCHED
25881A6671,1,A9021,True,True,MATCHED
25881A6671,1,A9204,True,True,MATCHED
25881A6671,1,A9205,True,True,MATCHED
25881A6671,1,A9302,True,True,MATCHED
25881A6671,1,A9501,True,True,MATCHED
25881A6671,1,A9502,True,True,MATCHED
25881A6671,1,A9801,True,True,MATCHED
25881A6671,2,A9002,True,True,MATCHED
25881A6671,2,A9009,True,True,MATCHED
25881A6671,2,A9010,True,True,MATCHED
25881A6671,2,A9011,True,True,MATCHED
25881A6671,2,A9012,True,True,MATCHED
25881A6671,2,A9022,True,True,MATCHED
25881A6671,2,A9304,True,True,MATCHED
25881A6671,2,A9402,True,True,MATCHED
25881A6671,2,A9503,True,True,MATCHED
25881A6671,2,A9504,True,True,MATCHED
25881A6672,1,A9001,True,True,MATCHED
25881A6672,1,A9007,True,True,MATCHED
25881A6672,1,A9008,True,True,MATCHED
25881A6672,1,A9021,True,True,MATCHED
25881A6672,1,A9204,True,True,MATCHED
25881A6672,1,A9205,True,True,MATCHED
25881A6672,1,A9302,True,True,MATCHED
25881A6672,1,A9501,True,True,MATCHED
25881A6672,1,A9502,True,True,MATCHED
25881A6672,1,A9801,True,True,MATCHED
25881A6672,2,A9002,True,True,MATCHED
25881A6672,2,A9009,True,True,MATCHED
25881A6672,2,A9010,True,True,MATCHED
25881A6672,2,A9011,True,True,MATCHED
25881A6672,2,A9012,True,True,MATCHED
25881A6672,2,A9022,True,True,MATCHED
25881A6672,2,A9304,True,True,MATCHED
25881A6672,2,A9402,True,True,MATCHED
25881A6672,2,A9503,True,True,MATCHED
25881A6672,2,A9504,True,True,MATCHED
25881A6673,1,A9001,True,True,MATCHED
25881A6673,1,A9007,True,True,MATCHED
25881A6673,1,A9008,True,True,MATCHED
25881A6673,1,A9021,True,True,MATCHED
25881A6673,1,A9204,True,True,MATCHED
25881A6673,1,A9205,True,True,MATCHED
25881A6673,1,A9302,True,True,MATCHED
25881A6673,1,A9501,True,True,MATCHED
25881A6673,1,A9502,True,True,MATCHED
25881A6673,1,A9801,True,True,MATCHED
25881A6673,2,A9002,True,True,MATCHED
25881A6673,2,A9009,True,True,MATCHED
25881A6673,2,A9010,True,True,MATCHED
25881A6673,2,A9011,True,True,MATCHED
25881A6673,2,A9012,True,True,MATCHED
25881A6673,2,A9022,True,True,MATCHED
25881A6673,2,A9304,True,True,MATCHED
25881A6673,2,A9402,True,True,MATCHED
25881A6673,2,A9503,True,True,MATCHED
25881A6673,2,A9504,True,True,MATCHED
25881A6674,1,A9001,True,True,MATCHED
25881A6674,1,A9007,True,True,MATCHED
25881A6674,1,A9008,True,True,MATCHED
25881A6674,1,A9021,True,True,MATCHED
25881A6674,1,A9204,True,True,MATCHED
25881A6674,1,A9205,True,True,MATCHED
25881A6674,1,A9302,True,True,MATCHED
25881A6674,1,A9501,True,True,MATCHED
25881A6674,1,A9502,True,True,MATCHED
25881A6674,1,A9801,True,True,MATCHED
25881A6674,2,A9002,True,True,MATCHED
25881A6674,2,A9009,True,True,MATCHED
25881A6674,2,A9010,True,True,MATCHED
25881A6674,2,A9011,True,True,MATCHED
25881A6674,2,A9012,True,True,MATCHED
25881A6674,2,A9022,True,True,MATCHED
25881A6674,2,A9304,True,True,MATCHED
25881A6674,2,A9402,True,True,MATCHED
25881A6674,2,A9503,True,True,MATCHED
25881A6674,2,A9504,True,True,MATCHED
25881A6675,1,A9001,True,True,MATCHED
25881A6675,1,A9007,True,True,MATCHED
25881A6675,1,A9008,True,True,MATCHED
25881A6675,1,A9021,True,True,MATCHED
25881A6675,1,A9204,True,True,MATCHED
25881A6675,1,A9205,True,True,MATCHED
25881A6675,1,A9302,True,True,MATCHED
25881A6675,1,A9501,True,True,MATCHED
25881A6675,1,A9502,True,True,MATCHED
25881A6675,1,A9801,True,True,MATCHED
25881A6675,2,A9002,True,True,MATCHED
25881A6675,2,A9009,True,True,MATCHED
25881A6675,2,A9010,True,True,MATCHED
25881A6675,2,A9011,True,True,MATCHED
25881A6675,2,A9012,True,True,MATCHED
25881A6675,2,A9022,True,True,MATCHED
25881A6675,2,A9304,True,True,MATCHED
25881A6675,2,A9402,True,True,MATCHED
25881A6675,2,A9503,True,True,MATCHED
25881A6675,2,A9504,True,True,MATCHED
25881A6676,1,A9001,True,True,MATCHED
25881A6676,1,A9007,True,True,MATCHED
25881A6676,1,A9008,True,True,MATCHED
25881A6676,1,A9021,True,True,MATCHED
25881A6676,1,A9204,True,True,MATCHED
25881A6676,1,A9205,True,True,MATCHED
25881A6676,1,A9302,True,True,MATCHED
25881A6676,1,A9501,True,True,MATCHED
25881A6676,1,A9502,True,True,MATCHED
25881A6676,1,A9801,True,True,MATCHED
25881A6676,2,A9002,True,True,MATCHED
25881A6676,2,A9009,True,True,MATCHED
25881A6676,2,A9010,True,True,MATCHED
25881A6676,2,A9011,True,True,MATCHED
25881A6676,2,A9012,True,True,MATCHED
25881A6676,2,A9022,True,True,MATCHED
25881A6676,2,A9304,True,True,MATCHED
25881A6676,2,A9402,True,True,MATCHED
25881A6676,2,A9503,True,True,MATCHED
25881A6676,2,A9504,True,True,MATCHED
25881A6677,1,A9001,True,True,MATCHED
25881A6677,1,A9007,True,True,MATCHED
25881A6677,1,A9008,True,True,MATCHED
25881A6677,1,A9021,True,True,MATCHED
25881A6677,1,A9204,True,True,MATCHED
25881A6677,1,A9205,True,True,MATCHED
25881A6677,1,A9302,True,True,MATCHED
25881A6677,1,A9501,True,True,MATCHED
25881A6677,1,A9502,True,True,MATCHED
25881A6677,1,A9801,True,True,MATCHED
25881A6677,2,A9002,True,True,MATCHED
25881A6677,2,A9009,True,True,MATCHED
25881A6677,2,A9010,True,True,MATCHED
25881A6677,2,A9011,True,True,MATCHED
25881A6677,2,A9012,True,True,MATCHED
25881A6677,2,A9022,True,True,MATCHED
25881A6677,2,A9304,True,True,MATCHED
25881A6677,2,A9402,True,True,MATCHED
25881A6677,2,A9503,True,True,MATCHED
25881A6677,2,A9504,True,True,MATCHED
25881A6678,1,A9001,True,True,MATCHED
25881A6678,1,A9007,True,True,MATCHED
25881A6678,1,A9008,True,True,MATCHED
25881A6678,1,A9021,True,True,MATCHED
25881A6678,1,A9204,True,True,MATCHED
25881A6678,1,A9205,True,True,MATCHED
25881A6678,1,A9302,True,True,MATCHED
25881A6678,1,A9501,True,True,MATCHED
25881A6678,1,A9502,True,True,MATCHED
25881A6678,1,A9801,True,True,MATCHED
25881A6678,2,A9002,True,True,MATCHED
25881A6678,2,A9009,True,True,MATCHED
25881A6678,2,A9010,True,True,MATCHED
25881A6678,2,A9011,True,True,MATCHED
25881A6678,2,A9012,True,True,MATCHED
25881A6678,2,A9022,True,True,MATCHED
25881A6678,2,A9304,True,True,MATCHED
25881A6678,2,A9402,True,True,MATCHED
25881A6678,2,A9503,True,True,MATCHED
25881A6678,2,A9504,True,True,MATCHED
25881A6679,1,A9001,True,True,MATCHED
25881A6679,1,A9007,True,True,MATCHED
25881A6679,1,A9008,True,True,MATCHED
25881A6679,1,A9021,True,True,MATCHED
25881A6679,1,A9204,True,True,MATCHED
25881A6679,1,A9205,True,True,MATCHED
25881A6679,1,A9302,True,True,MATCHED
25881A6679,1,A9501,True,True,MATCHED
25881A6679,1,A9502,True,True,MATCHED
25881A6679,1,A9801,True,True,MATCHED
25881A6679,2,A9002,True,True,MATCHED
25881A6679,2,A9009,True,True,MATCHED
25881A6679,2,A9010,True,True,MATCHED
25881A6679,2,A9011,True,True,MATCHED
25881A6679,2,A9012,True,True,MATCHED
25881A6679,2,A9022,True,True,MATCHED
25881A6679,2,A9304,True,True,MATCHED
25881A6679,2,A9402,True,True,MATCHED
25881A6679,2,A9503,True,True,MATCHED
25881A6679,2,A9504,True,True,MATCHED
25881A6680,1,A9001,True,True,MATCHED
25881A6680,1,A9007,True,True,MATCHED
25881A6680,1,A9008,True,True,MATCHED
25881A6680,1,A9021,True,True,MATCHED
25881A6680,1,A9204,True,True,MATCHED
25881A6680,1,A9205,True,True,MATCHED
25881A6680,1,A9302,True,True,MATCHED
25881A6680,1,A9501,True,True,MATCHED
25881A6680,1,A9502,True,True,MATCHED
25881A6680,1,A9801,True,True,MATCHED
25881A6680,2,A9002,True,True,MATCHED
25881A6680,2,A9009,True,True,MATCHED
25881A6680,2,A9010,True,True,MATCHED
25881A6680,2,A9011,True,True,MATCHED
25881A6680,2,A9012,True,True,MATCHED
25881A6680,2,A9022,True,True,MATCHED
25881A6680,2,A9304,True,True,MATCHED
25881A6680,2,A9402,True,True,MATCHED
25881A6680,2,A9503,True,True,MATCHED
25881A6680,2,A9504,True,True,MATCHED
25881A6681,1,A9001,True,True,MATCHED
25881A6681,1,A9007,True,True,MATCHED
25881A6681,1,A9008,True,True,MATCHED
25881A6681,1,A9021,True,True,MATCHED
25881A6681,1,A9204,True,True,MATCHED
25881A6681,1,A9205,True,True,MATCHED
25881A6681,1,A9302,True,True,MATCHED
25881A6681,1,A9501,True,True,MATCHED
25881A6681,1,A9502,True,True,MATCHED
25881A6681,1,A9801,True,True,MATCHED
25881A6681,2,A9002,True,True,MATCHED
25881A6681,2,A9009,True,True,MATCHED
25881A6681,2,A9010,True,True,MATCHED
25881A6681,2,A9011,True,True,MATCHED
25881A6681,2,A9012,True,True,MATCHED
25881A6681,2,A9022,True,True,MATCHED
25881A6681,2,A9304,True,True,MATCHED
25881A6681,2,A9402,True,True,MATCHED
25881A6681,2,A9503,True,True,MATCHED
25881A6681,2,A9504,True,True,MATCHED
25881A6682,1,A9001,True,True,MATCHED
25881A6682,1,A9007,True,True,MATCHED
25881A6682,1,A9008,True,True,MATCHED
25881A6682,1,A9021,True,True,MATCHED
25881A6682,1,A9204,True,True,MATCHED
25881A6682,1,A9205,True,True,MATCHED
25881A6682,1,A9302,True,True,MATCHED
25881A6682,1,A9501,True,True,MATCHED
25881A6682,1,A9502,True,True,MATCHED
25881A6682,1,A9801,True,True,MATCHED
25881A6682,2,A9002,True,True,MATCHED
25881A6682,2,A9009,True,True,MATCHED
25881A6682,2,A9010,True,True,MATCHED
25881A6682,2,A9011,True,True,MATCHED
25881A6682,2,A9012,True,True,MATCHED
25881A6682,2,A9022,True,True,MATCHED
25881A6682,2,A9304,True,True,MATCHED
25881A6682,2,A9402,True,True,MATCHED
25881A6682,2,A9503,True,True,MATCHED
25881A6682,2,A9504,True,True,MATCHED
25881A6683,1,A9001,True,True,MATCHED
25881A6683,1,A9007,True,True,MATCHED
25881A6683,1,A9008,True,True,MATCHED
25881A6683,1,A9021,True,True,MATCHED
25881A6683,1,A9204,True,True,MATCHED
25881A6683,1,A9205,True,True,MATCHED
25881A6683,1,A9302,True,True,MATCHED
25881A6683,1,A9501,True,True,MATCHED
25881A6683,1,A9502,True,True,MATCHED
25881A6683,1,A9801,True,True,MATCHED
25881A6683,2,A9002,True,True,MATCHED
25881A6683,2,A9009,True,True,MATCHED
25881A6683,2,A9010,True,True,MATCHED
25881A6683,2,A9011,True,True,MATCHED
25881A6683,2,A9012,True,True,MATCHED
25881A6683,2,A9022,True,True,MATCHED
25881A6683,2,A9304,True,True,MATCHED
25881A6683,2,A9402,True,True,MATCHED
25881A6683,2,A9503,True,True,MATCHED
25881A6683,2,A9504,True,True,MATCHED
25881A6684,1,A9001,True,True,MATCHED
25881A6684,1,A9007,True,True,MATCHED
25881A6684,1,A9008,True,True,MATCHED
25881A6684,1,A9021,True,True,MATCHED
25881A6684,1,A9204,True,True,MATCHED
25881A6684,1,A9205,True,True,MATCHED
25881A6684,1,A9302,True,True,MATCHED
25881A6684,1,A9501,True,True,MATCHED
25881A6684,1,A9502,True,True,MATCHED
25881A6684,1,A9801,True,True,MATCHED
25881A6684,2,A9002,True,True,MATCHED
25881A6684,2,A9009,True,True,MATCHED
25881A6684,2,A9010,True,True,MATCHED
25881A6684,2,A9011,True,True,MATCHED
25881A6684,2,A9012,True,True,MATCHED
25881A6684,2,A9022,True,True,MATCHED
25881A6684,2,A9304,True,True,MATCHED
25881A6684,2,A9402,True,True,MATCHED
25881A6684,2,A9503,True,True,MATCHED
25881A6684,2,A9504,True,True,MATCHED
25881A6685,1,A9001,True,True,MATCHED
25881A6685,1,A9007,True,True,MATCHED
25881A6685,1,A9008,True,True,MATCHED
25881A6685,1,A9021,True,True,MATCHED
25881A6685,1,A9204,True,True,MATCHED
25881A6685,1,A9205,True,True,MATCHED
25881A6685,1,A9302,True,True,MATCHED
25881A6685,1,A9501,True,True,MATCHED
25881A6685,1,A9502,True,True,MATCHED
25881A6685,1,A9801,True,True,MATCHED
25881A6685,2,A9002,True,True,MATCHED
25881A6685,2,A9009,True,True,MATCHED
25881A6685,2,A9010,True,True,MATCHED
25881A6685,2,A9011,True,True,MATCHED
25881A6685,2,A9012,True,True,MATCHED
25881A6685,2,A9022,True,True,MATCHED
25881A6685,2,A9304,True,True,MATCHED
25881A6685,2,A9402,True,True,MATCHED
25881A6685,2,A9503,True,True,MATCHED
25881A6685,2,A9504,True,True,MATCHED
25881A6686,1,A9001,True,True,MATCHED
25881A6686,1,A9007,True,True,MATCHED
25881A6686,1,A9008,True,True,MATCHED
25881A6686,1,A9021,True,True,MATCHED
25881A6686,1,A9204,True,True,MATCHED
25881A6686,1,A9205,True,True,MATCHED
25881A6686,1,A9302,True,True,MATCHED
25881A6686,1,A9501,True,True,MATCHED
25881A6686,1,A9502,True,True,MATCHED
25881A6686,1,A9801,True,True,MATCHED
25881A6686,2,A9002,True,True,MATCHED
25881A6686,2,A9009,True,True,MATCHED
25881A6686,2,A9010,True,True,MATCHED
25881A6686,2,A9011,True,True,MATCHED
25881A6686,2,A9012,True,True,MATCHED
25881A6686,2,A9022,True,True,MATCHED
25881A6686,2,A9304,True,True,MATCHED
25881A6686,2,A9402,True,True,MATCHED
25881A6686,2,A9503,True,True,MATCHED
25881A6686,2,A9504,True,True,MATCHED
25881A6687,1,A9001,True,True,MATCHED
25881A6687,1,A9007,True,True,MATCHED
25881A6687,1,A9008,True,True,MATCHED
25881A6687,1,A9021,True,True,MATCHED
25881A6687,1,A9204,True,True,MATCHED
25881A6687,1,A9205,True,True,MATCHED
25881A6687,1,A9302,True,True,MATCHED
25881A6687,1,A9501,True,True,MATCHED
25881A6687,1,A9502,True,True,MATCHED
25881A6687,1,A9801,True,True,MATCHED
25881A6687,2,A9002,True,True,MATCHED
25881A6687,2,A9009,True,True,MATCHED
25881A6687,2,A9010,True,True,MATCHED
25881A6687,2,A9011,True,True,MATCHED
25881A6687,2,A9012,True,True,MATCHED
25881A6687,2,A9022,True,True,MATCHED
25881A6687,2,A9304,True,True,MATCHED
25881A6687,2,A9402,True,True,MATCHED
25881A6687,2,A9503,True,True,MATCHED
25881A6687,2,A9504,True,True,MATCHED
25881A6688,1,A9001,True,True,MATCHED
25881A6688,1,A9007,True,True,MATCHED
25881A6688,1,A9008,True,True,MATCHED
25881A6688,1,A9021,True,True,MATCHED
25881A6688,1,A9204,True,True,MATCHED
25881A6688,1,A9205,True,True,MATCHED
25881A6688,1,A9302,True,True,MATCHED
25881A6688,1,A9501,True,True,MATCHED
25881A6688,1,A9502,True,True,MATCHED
25881A6688,1,A9801,True,True,MATCHED
25881A6688,2,A9002,True,True,MATCHED
25881A6688,2,A9009,True,True,MATCHED
25881A6688,2,A9010,True,True,MATCHED
25881A6688,2,A9011,True,True,MATCHED
25881A6688,2,A9012,True,True,MATCHED
25881A6688,2,A9022,True,True,MATCHED
25881A6688,2,A9304,True,True,MATCHED
25881A6688,2,A9402,True,True,MATCHED
25881A6688,2,A9503,True,True,MATCHED
25881A6688,2,A9504,True,True,MATCHED
25881A6689,1,A9001,True,True,MATCHED
25881A6689,1,A9007,True,True,MATCHED
25881A6689,1,A9008,True,True,MATCHED
25881A6689,1,A9021,True,True,MATCHED
25881A6689,1,A9204,True,True,MATCHED
25881A6689,1,A9205,True,True,MATCHED
25881A6689,1,A9302,True,True,MATCHED
25881A6689,1,A9501,True,True,MATCHED
25881A6689,1,A9502,True,True,MATCHED
25881A6689,1,A9801,True,True,MATCHED
25881A6689,2,A9002,True,True,MATCHED
25881A6689,2,A9009,True,True,MATCHED
25881A6689,2,A9010,True,True,MATCHED
25881A6689,2,A9011,True,True,MATCHED
25881A6689,2,A9012,True,True,MATCHED
25881A6689,2,A9022,True,True,MATCHED
25881A6689,2,A9304,True,True,MATCHED
25881A6689,2,A9402,True,True,MATCHED
25881A6689,2,A9503,True,True,MATCHED
25881A6689,2,A9504,True,True,MATCHED
25881A6690,1,A9001,True,True,MATCHED
25881A6690,1,A9007,True,True,MATCHED
25881A6690,1,A9008,True,True,MATCHED
25881A6690,1,A9021,True,True,MATCHED
25881A6690,1,A9204,True,True,MATCHED
25881A6690,1,A9205,True,True,MATCHED
25881A6690,1,A9302,True,True,MATCHED
25881A6690,1,A9501,True,True,MATCHED
25881A6690,1,A9502,True,True,MATCHED
25881A6690,1,A9801,True,True,MATCHED
25881A6690,2,A9002,True,True,MATCHED
25881A6690,2,A9009,True,True,MATCHED
25881A6690,2,A9010,True,True,MATCHED
25881A6690,2,A9011,True,True,MATCHED
25881A6690,2,A9012,True,True,MATCHED
25881A6690,2,A9022,True,True,MATCHED
25881A6690,2,A9304,True,True,MATCHED
25881A6690,2,A9402,True,True,MATCHED
25881A6690,2,A9503,True,True,MATCHED
25881A6690,2,A9504,True,True,MATCHED
25881A6691,1,A9001,True,True,MATCHED
25881A6691,1,A9007,True,True,MATCHED
25881A6691,1,A9008,True,True,MATCHED
25881A6691,1,A9021,True,True,MATCHED
25881A6691,1,A9204,True,True,MATCHED
25881A6691,1,A9205,True,True,MATCHED
25881A6691,1,A9302,True,True,MATCHED
25881A6691,1,A9501,True,True,MATCHED
25881A6691,1,A9502,True,True,MATCHED
25881A6691,1,A9801,True,True,MATCHED
25881A6691,2,A9002,True,True,MATCHED
25881A6691,2,A9009,True,True,MATCHED
25881A6691,2,A9010,True,True,MATCHED
25881A6691,2,A9011,True,True,MATCHED
25881A6691,2,A9012,True,True,MATCHED
25881A6691,2,A9022,True,True,MATCHED
25881A6691,2,A9304,True,True,MATCHED
25881A6691,2,A9402,True,True,MATCHED
25881A6691,2,A9503,True,True,MATCHED
25881A6691,2,A9504,True,True,MATCHED
25881A6692,1,A9001,True,True,MATCHED
25881A6692,1,A9007,True,True,MATCHED
25881A6692,1,A9008,True,True,MATCHED
25881A6692,1,A9021,True,True,MATCHED
25881A6692,1,A9204,True,True,MATCHED
25881A6692,1,A9205,True,True,MATCHED
25881A6692,1,A9302,True,True,MATCHED
25881A6692,1,A9501,True,True,MATCHED
25881A6692,1,A9502,True,True,MATCHED
25881A6692,1,A9801,True,True,MATCHED
25881A6692,2,A9002,True,True,MATCHED
25881A6692,2,A9009,True,True,MATCHED
25881A6692,2,A9010,True,True,MATCHED
25881A6692,2,A9011,True,True,MATCHED
25881A6692,2,A9012,True,True,MATCHED
25881A6692,2,A9022,True,True,MATCHED
25881A6692,2,A9304,True,True,MATCHED
25881A6692,2,A9402,True,True,MATCHED
25881A6692,2,A9503,True,True,MATCHED
25881A6692,2,A9504,True,True,MATCHED
25881A6693,1,A9001,True,True,MATCHED
25881A6693,1,A9007,True,True,MATCHED
25881A6693,1,A9008,True,True,MATCHED
25881A6693,1,A9021,True,True,MATCHED
25881A6693,1,A9204,True,True,MATCHED
25881A6693,1,A9205,True,True,MATCHED
25881A6693,1,A9302,True,True,MATCHED
25881A6693,1,A9501,True,True,MATCHED
25881A6693,1,A9502,True,True,MATCHED
25881A6693,1,A9801,True,True,MATCHED
25881A6693,2,A9002,True,True,MATCHED
25881A6693,2,A9009,True,True,MATCHED
25881A6693,2,A9010,True,True,MATCHED
25881A6693,2,A9011,True,True,MATCHED
25881A6693,2,A9012,True,True,MATCHED
25881A6693,2,A9022,True,True,MATCHED
25881A6693,2,A9304,True,True,MATCHED
25881A6693,2,A9402,True,True,MATCHED
25881A6693,2,A9503,True,True,MATCHED
25881A6693,2,A9504,True,True,MATCHED
25881A6694,1,A9001,True,True,MATCHED
25881A6694,1,A9007,True,True,MATCHED
25881A6694,1,A9008,True,True,MATCHED
25881A6694,1,A9021,True,True,MATCHED
25881A6694,1,A9204,True,True,MATCHED
25881A6694,1,A9205,True,True,MATCHED
25881A6694,1,A9302,True,True,MATCHED
25881A6694,1,A9501,True,True,MATCHED
25881A6694,1,A9502,True,True,MATCHED
25881A6694,1,A9801,True,True,MATCHED
25881A6694,2,A9002,True,True,MATCHED
25881A6694,2,A9009,True,True,MATCHED
25881A6694,2,A9010,True,True,MATCHED
25881A6694,2,A9011,True,True,MATCHED
25881A6694,2,A9012,True,True,MATCHED
25881A6694,2,A9022,True,True,MATCHED
25881A6694,2,A9304,True,True,MATCHED
25881A6694,2,A9402,True,True,MATCHED
25881A6694,2,A9503,True,True,MATCHED
25881A6694,2,A9504,True,True,MATCHED
25881A6695,1,A9001,True,True,MATCHED
25881A6695,1,A9007,True,True,MATCHED
25881A6695,1,A9008,True,True,MATCHED
25881A6695,1,A9021,True,True,MATCHED
25881A6695,1,A9204,True,True,MATCHED
25881A6695,1,A9205,True,True,MATCHED
25881A6695,1,A9302,True,True,MATCHED
25881A6695,1,A9501,True,True,MATCHED
25881A6695,1,A9502,True,True,MATCHED
25881A6695,1,A9801,True,True,MATCHED
25881A6695,2,A9002,True,True,MATCHED
25881A6695,2,A9009,True,True,MATCHED
25881A6695,2,A9010,True,True,MATCHED
25881A6695,2,A9011,True,True,MATCHED
25881A6695,2,A9012,True,True,MATCHED
25881A6695,2,A9022,True,True,MATCHED
25881A6695,2,A9304,True,True,MATCHED
25881A6695,2,A9402,True,True,MATCHED
25881A6695,2,A9503,True,True,MATCHED
25881A6695,2,A9504,True,True,MATCHED
25881A6696,1,A9001,True,True,MATCHED
25881A6696,1,A9007,True,True,MATCHED
25881A6696,1,A9008,True,True,MATCHED
25881A6696,1,A9021,True,True,MATCHED
25881A6696,1,A9204,True,True,MATCHED
25881A6696,1,A9205,True,True,MATCHED
25881A6696,1,A9302,True,True,MATCHED
25881A6696,1,A9501,True,True,MATCHED
25881A6696,1,A9502,True,True,MATCHED
25881A6696,1,A9801,True,True,MATCHED
25881A6696,2,A9002,True,True,MATCHED
25881A6696,2,A9009,True,True,MATCHED
25881A6696,2,A9010,True,True,MATCHED
25881A6696,2,A9011,True,True,MATCHED
25881A6696,2,A9012,True,True,MATCHED
25881A6696,2,A9022,True,True,MATCHED
25881A6696,2,A9304,True,True,MATCHED
25881A6696,2,A9402,True,True,MATCHED
25881A6696,2,A9503,True,True,MATCHED
25881A6696,2,A9504,True,True,MATCHED
25881A6697,1,A9001,True,True,MATCHED
25881A6697,1,A9007,True,True,MATCHED
25881A6697,1,A9008,True,True,MATCHED
25881A6697,1,A9021,True,True,MATCHED
25881A6697,1,A9204,True,True,MATCHED
25881A6697,1,A9205,True,True,MATCHED
25881A6697,1,A9302,True,True,MATCHED
25881A6697,1,A9501,True,True,MATCHED
25881A6697,1,A9502,True,True,MATCHED
25881A6697,1,A9801,True,True,MATCHED
25881A6697,2,A9002,True,True,MATCHED
25881A6697,2,A9009,True,True,MATCHED
25881A6697,2,A9010,True,True,MATCHED
25881A6697,2,A9011,True,True,MATCHED
25881A6697,2,A9012,True,True,MATCHED
25881A6697,2,A9022,True,True,MATCHED
25881A6697,2,A9304,True,True,MATCHED
25881A6697,2,A9402,True,True,MATCHED
25881A6697,2,A9503,True,True,MATCHED
25881A6697,2,A9504,True,True,MATCHED
25881A6698,1,A9001,True,True,MATCHED
25881A6698,1,A9007,True,True,MATCHED
25881A6698,1,A9008,True,True,MATCHED
25881A6698,1,A9021,True,True,MATCHED
25881A6698,1,A9204,True,True,MATCHED
25881A6698,1,A9205,True,True,MATCHED
25881A6698,1,A9302,True,True,MATCHED
25881A6698,1,A9501,True,True,MATCHED
25881A6698,1,A9502,True,True,MATCHED
25881A6698,1,A9801,True,True,MATCHED
25881A6698,2,A9002,True,True,MATCHED
25881A6698,2,A9009,True,True,MATCHED
25881A6698,2,A9010,True,True,MATCHED
25881A6698,2,A9011,True,True,MATCHED
25881A6698,2,A9012,True,True,MATCHED
25881A6698,2,A9022,True,True,MATCHED
25881A6698,2,A9304,True,True,MATCHED
25881A6698,2,A9402,True,True,MATCHED
25881A6698,2,A9503,True,True,MATCHED
25881A6698,2,A9504,True,True,MATCHED
25881A6699,1,A9001,True,True,MATCHED
25881A6699,1,A9007,True,True,MATCHED
25881A6699,1,A9008,True,True,MATCHED
25881A6699,1,A9021,True,True,MATCHED
25881A6699,1,A9204,True,True,MATCHED
25881A6699,1,A9205,True,True,MATCHED
25881A6699,1,A9302,True,True,MATCHED
25881A6699,1,A9501,True,True,MATCHED
25881A6699,1,A9502,True,True,MATCHED
25881A6699,1,A9801,True,True,MATCHED
25881A6699,2,A9002,True,True,MATCHED
25881A6699,2,A9009,True,True,MATCHED
25881A6699,2,A9010,True,True,MATCHED
25881A6699,2,A9011,True,True,MATCHED
25881A6699,2,A9012,True,True,MATCHED
25881A6699,2,A9022,True,True,MATCHED
25881A6699,2,A9304,True,True,MATCHED
25881A6699,2,A9402,True,True,MATCHED
25881A6699,2,A9503,True,True,MATCHED
25881A6699,2,A9504,True,True,MATCHED
25881A66A0,1,A9001,True,True,MATCHED
25881A66A0,1,A9007,True,True,MATCHED
25881A66A0,1,A9008,True,True,MATCHED
25881A66A0,1,A9021,True,True,MATCHED
25881A66A0,1,A9204,True,True,MATCHED
25881A66A0,1,A9205,True,True,MATCHED
25881A66A0,1,A9302,True,True,MATCHED
25881A66A0,1,A9501,True,True,MATCHED
25881A66A0,1,A9502,True,True,MATCHED
25881A66A0,1,A9801,True,True,MATCHED
25881A66A0,2,A9002,True,True,MATCHED
25881A66A0,2,A9009,True,True,MATCHED
25881A66A0,2,A9010,True,True,MATCHED
25881A66A0,2,A9011,True,True,MATCHED
25881A66A0,2,A9012,True,True,MATCHED
25881A66A0,2,A9022,True,True,MATCHED
25881A66A0,2,A9304,True,True,MATCHED
25881A66A0,2,A9402,True,True,MATCHED
25881A66A0,2,A9503,True,True,MATCHED
25881A66A0,2,A9504,True,True,MATCHED
25881A66A1,1,A9001,True,True,MATCHED
25881A66A1,1,A9007,True,True,MATCHED
25881A66A1,1,A9008,True,True,MATCHED
25881A66A1,1,A9021,True,True,MATCHED
25881A66A1,1,A9204,True,True,MATCHED
25881A66A1,1,A9205,True,True,MATCHED
25881A66A1,1,A9302,True,True,MATCHED
25881A66A1,1,A9501,True,True,MATCHED
25881A66A1,1,A9502,True,True,MATCHED
25881A66A1,1,A9801,True,True,MATCHED
25881A66A1,2,A9002,True,True,MATCHED
25881A66A1,2,A9009,True,True,MATCHED
25881A66A1,2,A9010,True,True,MATCHED
25881A66A1,2,A9011,True,True,MATCHED
25881A66A1,2,A9012,True,True,MATCHED
25881A66A1,2,A9022,True,True,MATCHED
25881A66A1,2,A9304,True,True,MATCHED
25881A66A1,2,A9402,True,True,MATCHED
25881A66A1,2,A9503,True,True,MATCHED
25881A66A1,2,A9504,True,True,MATCHED
25881A66A2,1,A9001,True,True,MATCHED
25881A66A2,1,A9007,True,True,MATCHED
25881A66A2,1,A9008,True,True,MATCHED
25881A66A2,1,A9021,True,True,MATCHED
25881A66A2,1,A9204,True,True,MATCHED
25881A66A2,1,A9205,True,True,MATCHED
25881A66A2,1,A9302,True,True,MATCHED
25881A66A2,1,A9501,True,True,MATCHED
25881A66A2,1,A9502,True,True,MATCHED
25881A66A2,1,A9801,True,True,MATCHED
25881A66A2,2,A9002,True,True,MATCHED
25881A66A2,2,A9009,True,True,MATCHED
25881A66A2,2,A9010,True,True,MATCHED
25881A66A2,2,A9011,True,True,MATCHED
25881A66A2,2,A9012,True,True,MATCHED
25881A66A2,2,A9022,True,True,MATCHED
25881A66A2,2,A9304,True,True,MATCHED
25881A66A2,2,A9402,True,True,MATCHED
25881A66A2,2,A9503,True,True,MATCHED
25881A66A2,2,A9504,True,True,MATCHED
25881A66A3,1,A9001,True,True,MATCHED
25881A66A3,1,A9007,True,True,MATCHED
25881A66A3,1,A9008,True,True,MATCHED
25881A66A3,1,A9021,True,True,MATCHED
25881A66A3,1,A9204,True,True,MATCHED
25881A66A3,1,A9205,True,True,MATCHED
25881A66A3,1,A9302,True,True,MATCHED
25881A66A3,1,A9501,True,True,MATCHED
25881A66A3,1,A9502,True,True,MATCHED
25881A66A3,1,A9801,True,True,MATCHED
25881A66A3,2,A9002,True,True,MATCHED
25881A66A3,2,A9009,True,True,MATCHED
25881A66A3,2,A9010,True,True,MATCHED
25881A66A3,2,A9011,True,True,MATCHED
25881A66A3,2,A9012,True,True,MATCHED
25881A66A3,2,A9022,True,True,MATCHED
25881A66A3,2,A9304,True,True,MATCHED
25881A66A3,2,A9402,True,True,MATCHED
25881A66A3,2,A9503,True,True,MATCHED
25881A66A3,2,A9504,True,True,MATCHED
25881A66A4,1,A9001,True,True,MATCHED
25881A66A4,1,A9007,True,True,MATCHED
25881A66A4,1,A9008,True,True,MATCHED
25881A66A4,1,A9021,True,True,MATCHED
25881A66A4,1,A9204,True,True,MATCHED
25881A66A4,1,A9205,True,True,MATCHED
25881A66A4,1,A9302,True,True,MATCHED
25881A66A4,1,A9501,True,True,MATCHED
25881A66A4,1,A9502,True,True,MATCHED
25881A66A4,1,A9801,True,True,MATCHED
25881A66A4,2,A9002,True,True,MATCHED
25881A66A4,2,A9009,True,True,MATCHED
25881A66A4,2,A9010,True,True,MATCHED
25881A66A4,2,A9011,True,True,MATCHED
25881A66A4,2,A9012,True,True,MATCHED
25881A66A4,2,A9022,True,True,MATCHED
25881A66A4,2,A9304,True,True,MATCHED
25881A66A4,2,A9402,True,True,MATCHED
25881A66A4,2,A9503,True,True,MATCHED
25881A66A4,2,A9504,True,True,MATCHED
25881A66A5,1,A9001,True,True,MATCHED
25881A66A5,1,A9007,True,True,MATCHED
25881A66A5,1,A9008,True,True,MATCHED
25881A66A5,1,A9021,True,True,MATCHED
25881A66A5,1,A9204,True,True,MATCHED
25881A66A5,1,A9205,True,True,MATCHED
25881A66A5,1,A9302,True,True,MATCHED
25881A66A5,1,A9501,True,True,MATCHED
25881A66A5,1,A9502,True,True,MATCHED
25881A66A5,1,A9801,True,True,MATCHED
25881A66A5,2,A9002,True,True,MATCHED
25881A66A5,2,A9009,True,True,MATCHED
25881A66A5,2,A9010,True,True,MATCHED
25881A66A5,2,A9011,True,True,MATCHED
25881A66A5,2,A9012,True,True,MATCHED
25881A66A5,2,A9022,True,True,MATCHED
25881A66A5,2,A9304,True,True,MATCHED
25881A66A5,2,A9402,True,True,MATCHED
25881A66A5,2,A9503,True,True,MATCHED
25881A66A5,2,A9504,True,True,MATCHED
25881A66A6,1,A9001,True,True,MATCHED
25881A66A6,1,A9007,True,True,MATCHED
25881A66A6,1,A9008,True,True,MATCHED
25881A66A6,1,A9021,True,True,MATCHED
25881A66A6,1,A9204,True,True,MATCHED
25881A66A6,1,A9205,True,True,MATCHED
25881A66A6,1,A9302,True,True,MATCHED
25881A66A6,1,A9501,True,True,MATCHED
25881A66A6,1,A9502,True,True,MATCHED
25881A66A6,1,A9801,True,True,MATCHED
25881A66A6,2,A9002,True,True,MATCHED
25881A66A6,2,A9009,True,True,MATCHED
25881A66A6,2,A9010,True,True,MATCHED
25881A66A6,2,A9011,True,True,MATCHED
25881A66A6,2,A9012,True,True,MATCHED
25881A66A6,2,A9022,True,True,MATCHED
25881A66A6,2,A9304,True,True,MATCHED
25881A66A6,2,A9402,True,True,MATCHED
25881A66A6,2,A9503,True,True,MATCHED
25881A66A6,2,A9504,True,True,MATCHED
25881A66A7,1,A9001,True,True,MATCHED
25881A66A7,1,A9007,True,True,MATCHED
25881A66A7,1,A9008,True,True,MATCHED
25881A66A7,1,A9021,True,True,MATCHED
25881A66A7,1,A9204,True,True,MATCHED
25881A66A7,1,A9205,True,True,MATCHED
25881A66A7,1,A9302,True,True,MATCHED
25881A66A7,1,A9501,True,True,MATCHED
25881A66A7,1,A9502,True,True,MATCHED
25881A66A7,1,A9801,True,True,MATCHED
25881A66A7,2,A9002,True,True,MATCHED
25881A66A7,2,A9009,True,True,MATCHED
25881A66A7,2,A9010,True,True,MATCHED
25881A66A7,2,A9011,True,True,MATCHED
25881A66A7,2,A9012,True,True,MATCHED
25881A66A7,2,A9022,True,True,MATCHED
25881A66A7,2,A9304,True,True,MATCHED
25881A66A7,2,A9402,True,True,MATCHED
25881A66A7,2,A9503,True,True,MATCHED
25881A66A7,2,A9504,True,True,MATCHED
25881A66A8,1,A9001,True,True,MATCHED
25881A66A8,1,A9007,True,True,MATCHED
25881A66A8,1,A9008,True,True,MATCHED
25881A66A8,1,A9021,True,True,MATCHED
25881A66A8,1,A9204,True,True,MATCHED
25881A66A8,1,A9205,True,True,MATCHED
25881A66A8,1,A9302,True,True,MATCHED
25881A66A8,1,A9501,True,True,MATCHED
25881A66A8,1,A9502,True,True,MATCHED
25881A66A8,1,A9801,True,True,MATCHED
25881A66A8,2,A9002,True,True,MATCHED
25881A66A8,2,A9009,True,True,MATCHED
25881A66A8,2,A9010,True,True,MATCHED
25881A66A8,2,A9011,True,True,MATCHED
25881A66A8,2,A9012,True,True,MATCHED
25881A66A8,2,A9022,True,True,MATCHED
25881A66A8,2,A9304,True,True,MATCHED
25881A66A8,2,A9402,True,True,MATCHED
25881A66A8,2,A9503,True,True,MATCHED
25881A66A8,2,A9504,True,True,MATCHED
25881A66A9,1,A9001,True,True,MATCHED
25881A66A9,1,A9007,True,True,MATCHED
25881A66A9,1,A9008,True,True,MATCHED
25881A66A9,1,A9021,True,True,MATCHED
25881A66A9,1,A9204,True,True,MATCHED
25881A66A9,1,A9205,True,True,MATCHED
25881A66A9,1,A9302,True,True,MATCHED
25881A66A9,1,A9501,True,True,MATCHED
25881A66A9,1,A9502,True,True,MATCHED
25881A66A9,1,A9801,True,True,MATCHED
25881A66A9,2,A9002,True,True,MATCHED
25881A66A9,2,A9009,True,True,MATCHED
25881A66A9,2,A9010,True,True,MATCHED
25881A66A9,2,A9011,True,True,MATCHED
25881A66A9,2,A9012,True,True,MATCHED
25881A66A9,2,A9022,True,True,MATCHED
25881A66A9,2,A9304,True,True,MATCHED
25881A66A9,2,A9402,True,True,MATCHED
25881A66A9,2,A9503,True,True,MATCHED
25881A66A9,2,A9504,True,True,MATCHED
25881A66B0,1,A9001,True,True,MATCHED
25881A66B0,1,A9007,True,True,MATCHED
25881A66B0,1,A9008,True,True,MATCHED
25881A66B0,1,A9021,True,True,MATCHED
25881A66B0,1,A9204,True,True,MATCHED
25881A66B0,1,A9205,True,True,MATCHED
25881A66B0,1,A9302,True,True,MATCHED
25881A66B0,1,A9501,True,True,MATCHED
25881A66B0,1,A9502,True,True,MATCHED
25881A66B0,1,A9801,True,True,MATCHED
25881A66B0,2,A9002,True,True,MATCHED
25881A66B0,2,A9009,True,True,MATCHED
25881A66B0,2,A9010,True,True,MATCHED
25881A66B0,2,A9011,True,True,MATCHED
25881A66B0,2,A9012,True,True,MATCHED
25881A66B0,2,A9022,True,True,MATCHED
25881A66B0,2,A9304,True,True,MATCHED
25881A66B0,2,A9402,True,True,MATCHED
25881A66B0,2,A9503,True,True,MATCHED
25881A66B0,2,A9504,True,True,MATCHED
25881A66B1,1,A9001,True,True,MATCHED
25881A66B1,1,A9007,True,True,MATCHED
25881A66B1,1,A9008,True,True,MATCHED
25881A66B1,1,A9021,True,True,MATCHED
25881A66B1,1,A9204,True,True,MATCHED
25881A66B1,1,A9205,True,True,MATCHED
25881A66B1,1,A9302,True,True,MATCHED
25881A66B1,1,A9501,True,True,MATCHED
25881A66B1,1,A9502,True,True,MATCHED
25881A66B1,1,A9801,True,True,MATCHED
25881A66B1,2,A9002,True,True,MATCHED
25881A66B1,2,A9009,True,True,MATCHED
25881A66B1,2,A9010,True,True,MATCHED
25881A66B1,2,A9011,True,True,MATCHED
25881A66B1,2,A9012,True,True,MATCHED
25881A66B1,2,A9022,True,True,MATCHED
25881A66B1,2,A9304,True,True,MATCHED
25881A66B1,2,A9402,True,True,MATCHED
25881A66B1,2,A9503,True,True,MATCHED
25881A66B1,2,A9504,True,True,MATCHED
25881A66B2,1,A9001,True,True,MATCHED
25881A66B2,1,A9007,True,True,MATCHED
25881A66B2,1,A9008,True,True,MATCHED
25881A66B2,1,A9021,True,True,MATCHED
25881A66B2,1,A9204,True,True,MATCHED
25881A66B2,1,A9205,True,True,MATCHED
25881A66B2,1,A9302,True,True,MATCHED
25881A66B2,1,A9501,True,True,MATCHED
25881A66B2,1,A9502,True,True,MATCHED
25881A66B2,1,A9801,True,True,MATCHED
25881A66B2,2,A9002,True,True,MATCHED
25881A66B2,2,A9009,True,True,MATCHED
25881A66B2,2,A9010,True,True,MATCHED
25881A66B2,2,A9011,True,True,MATCHED
25881A66B2,2,A9012,True,True,MATCHED
25881A66B2,2,A9022,True,True,MATCHED
25881A66B2,2,A9304,True,True,MATCHED
25881A66B2,2,A9402,True,True,MATCHED
25881A66B2,2,A9503,True,True,MATCHED
25881A66B2,2,A9504,True,True,MATCHED
25881A66B3,1,A9001,True,True,MATCHED
25881A66B3,1,A9007,True,True,MATCHED
25881A66B3,1,A9008,True,True,MATCHED
25881A66B3,1,A9021,True,True,MATCHED
25881A66B3,1,A9204,True,True,MATCHED
25881A66B3,1,A9205,True,True,MATCHED
25881A66B3,1,A9302,True,True,MATCHED
25881A66B3,1,A9501,True,True,MATCHED
25881A66B3,1,A9502,True,True,MATCHED
25881A66B3,1,A9801,True,True,MATCHED
25881A66B3,2,A9002,True,True,MATCHED
25881A66B3,2,A9009,True,True,MATCHED
25881A66B3,2,A9010,True,True,MATCHED
25881A66B3,2,A9011,True,True,MATCHED
25881A66B3,2,A9012,True,True,MATCHED
25881A66B3,2,A9022,True,True,MATCHED
25881A66B3,2,A9304,True,True,MATCHED
25881A66B3,2,A9402,True,True,MATCHED
25881A66B3,2,A9503,True,True,MATCHED
25881A66B3,2,A9504,True,True,MATCHED
25881A66B4,1,A9001,True,True,MATCHED
25881A66B4,1,A9007,True,True,MATCHED
25881A66B4,1,A9008,True,True,MATCHED
25881A66B4,1,A9021,True,True,MATCHED
25881A66B4,1,A9204,True,True,MATCHED
25881A66B4,1,A9205,True,True,MATCHED
25881A66B4,1,A9302,True,True,MATCHED
25881A66B4,1,A9501,True,True,MATCHED
25881A66B4,1,A9502,True,True,MATCHED
25881A66B4,1,A9801,True,True,MATCHED
25881A66B4,2,A9002,True,True,MATCHED
25881A66B4,2,A9009,True,True,MATCHED
25881A66B4,2,A9010,True,True,MATCHED
25881A66B4,2,A9011,True,True,MATCHED
25881A66B4,2,A9012,True,True,MATCHED
25881A66B4,2,A9022,True,True,MATCHED
25881A66B4,2,A9304,True,True,MATCHED
25881A66B4,2,A9402,True,True,MATCHED
25881A66B4,2,A9503,True,True,MATCHED
25881A66B4,2,A9504,True,True,MATCHED
25881A66B5,1,A9001,True,True,MATCHED
25881A66B5,1,A9007,True,True,MATCHED
25881A66B5,1,A9008,True,True,MATCHED
25881A66B5,1,A9021,True,True,MATCHED
25881A66B5,1,A9204,True,True,MATCHED
25881A66B5,1,A9205,True,True,MATCHED
25881A66B5,1,A9302,True,True,MATCHED
25881A66B5,1,A9501,True,True,MATCHED
25881A66B5,1,A9502,True,True,MATCHED
25881A66B5,1,A9801,True,True,MATCHED
25881A66B5,2,A9002,False,True,ATTENDANCE_WITHOUT_RESULT
25881A66B5,2,A9009,False,True,ATTENDANCE_WITHOUT_RESULT
25881A66B5,2,A9010,False,True,ATTENDANCE_WITHOUT_RESULT
25881A66B5,2,A9011,False,True,ATTENDANCE_WITHOUT_RESULT
25881A66B5,2,A9012,False,True,ATTENDANCE_WITHOUT_RESULT
25881A66B5,2,A9022,False,True,ATTENDANCE_WITHOUT_RESULT
25881A66B5,2,A9304,False,True,ATTENDANCE_WITHOUT_RESULT
25881A66B5,2,A9402,False,True,ATTENDANCE_WITHOUT_RESULT
25881A66B5,2,A9503,False,True,ATTENDANCE_WITHOUT_RESULT
25881A66B5,2,A9504,False,True,ATTENDANCE_WITHOUT_RESULT
25881A66B6,1,A9001,True,True,MATCHED
25881A66B6,1,A9007,True,True,MATCHED
25881A66B6,1,A9008,True,True,MATCHED
25881A66B6,1,A9021,True,True,MATCHED
25881A66B6,1,A9204,True,True,MATCHED
25881A66B6,1,A9205,True,True,MATCHED
25881A66B6,1,A9302,True,True,MATCHED
25881A66B6,1,A9501,True,True,MATCHED
25881A66B6,1,A9502,True,True,MATCHED
25881A66B6,1,A9801,True,True,MATCHED
25881A66B6,2,A9002,True,True,MATCHED
25881A66B6,2,A9009,True,True,MATCHED
25881A66B6,2,A9010,True,True,MATCHED
25881A66B6,2,A9011,True,True,MATCHED
25881A66B6,2,A9012,True,True,MATCHED
25881A66B6,2,A9022,True,True,MATCHED
25881A66B6,2,A9304,True,True,MATCHED
25881A66B6,2,A9402,True,True,MATCHED
25881A66B6,2,A9503,True,True,MATCHED
25881A66B6,2,A9504,True,True,MATCHED
25881A66B7,1,A9001,True,True,MATCHED
25881A66B7,1,A9007,True,True,MATCHED
25881A66B7,1,A9008,True,True,MATCHED
25881A66B7,1,A9021,True,True,MATCHED
25881A66B7,1,A9204,True,True,MATCHED
25881A66B7,1,A9205,True,True,MATCHED
25881A66B7,1,A9302,True,True,MATCHED
25881A66B7,1,A9501,True,True,MATCHED
25881A66B7,1,A9502,True,True,MATCHED
25881A66B7,1,A9801,True,True,MATCHED
25881A66B7,2,A9002,True,True,MATCHED
25881A66B7,2,A9009,True,True,MATCHED
25881A66B7,2,A9010,True,True,MATCHED
25881A66B7,2,A9011,True,True,MATCHED
25881A66B7,2,A9012,True,True,MATCHED
25881A66B7,2,A9022,True,True,MATCHED
25881A66B7,2,A9304,True,True,MATCHED
25881A66B7,2,A9402,True,True,MATCHED
25881A66B7,2,A9503,True,True,MATCHED
25881A66B7,2,A9504,True,True,MATCHED
25881A66B8,1,A9001,True,True,MATCHED
25881A66B8,1,A9007,True,True,MATCHED
25881A66B8,1,A9008,True,True,MATCHED
25881A66B8,1,A9021,True,True,MATCHED
25881A66B8,1,A9204,True,True,MATCHED
25881A66B8,1,A9205,True,True,MATCHED
25881A66B8,1,A9302,True,True,MATCHED
25881A66B8,1,A9501,True,True,MATCHED
25881A66B8,1,A9502,True,True,MATCHED
25881A66B8,1,A9801,True,True,MATCHED
25881A66B8,2,A9002,True,True,MATCHED
25881A66B8,2,A9009,True,True,MATCHED
25881A66B8,2,A9010,True,True,MATCHED
25881A66B8,2,A9011,True,True,MATCHED
25881A66B8,2,A9012,True,True,MATCHED
25881A66B8,2,A9022,True,True,MATCHED
25881A66B8,2,A9304,True,True,MATCHED
25881A66B8,2,A9402,True,True,MATCHED
25881A66B8,2,A9503,True,True,MATCHED
25881A66B8,2,A9504,True,True,MATCHED
25881A66B9,1,A9001,True,True,MATCHED
25881A66B9,1,A9007,True,True,MATCHED
25881A66B9,1,A9008,True,True,MATCHED
25881A66B9,1,A9021,True,True,MATCHED
25881A66B9,1,A9204,True,True,MATCHED
25881A66B9,1,A9205,True,True,MATCHED
25881A66B9,1,A9302,True,True,MATCHED
25881A66B9,1,A9501,True,True,MATCHED
25881A66B9,1,A9502,True,True,MATCHED
25881A66B9,1,A9801,True,True,MATCHED
25881A66B9,2,A9002,True,True,MATCHED
25881A66B9,2,A9009,True,True,MATCHED
25881A66B9,2,A9010,True,True,MATCHED
25881A66B9,2,A9011,True,True,MATCHED
25881A66B9,2,A9012,True,True,MATCHED
25881A66B9,2,A9022,True,True,MATCHED
25881A66B9,2,A9304,True,True,MATCHED
25881A66B9,2,A9402,True,True,MATCHED
25881A66B9,2,A9503,True,True,MATCHED
25881A66B9,2,A9504,True,True,MATCHED
25881A66C0,1,A9001,True,True,MATCHED
25881A66C0,1,A9007,True,True,MATCHED
25881A66C0,1,A9008,True,True,MATCHED
25881A66C0,1,A9021,True,True,MATCHED
25881A66C0,1,A9204,True,True,MATCHED
25881A66C0,1,A9205,True,True,MATCHED
25881A66C0,1,A9302,True,True,MATCHED
25881A66C0,1,A9501,True,True,MATCHED
25881A66C0,1,A9502,True,True,MATCHED
25881A66C0,1,A9801,True,True,MATCHED
25881A66C0,2,A9002,True,True,MATCHED
25881A66C0,2,A9009,True,True,MATCHED
25881A66C0,2,A9010,True,True,MATCHED
25881A66C0,2,A9011,True,True,MATCHED
25881A66C0,2,A9012,True,True,MATCHED
25881A66C0,2,A9022,True,True,MATCHED
25881A66C0,2,A9304,True,True,MATCHED
25881A66C0,2,A9402,True,True,MATCHED
25881A66C0,2,A9503,True,True,MATCHED
25881A66C0,2,A9504,True,True,MATCHED
25881A66C1,1,A9001,True,True,MATCHED
25881A66C1,1,A9007,True,True,MATCHED
25881A66C1,1,A9008,True,True,MATCHED
25881A66C1,1,A9021,True,True,MATCHED
25881A66C1,1,A9204,True,True,MATCHED
25881A66C1,1,A9205,True,True,MATCHED
25881A66C1,1,A9302,True,True,MATCHED
25881A66C1,1,A9501,True,True,MATCHED
25881A66C1,1,A9502,True,True,MATCHED
25881A66C1,1,A9801,True,True,MATCHED
25881A66C1,2,A9002,True,True,MATCHED
25881A66C1,2,A9009,True,True,MATCHED
25881A66C1,2,A9010,True,True,MATCHED
25881A66C1,2,A9011,True,True,MATCHED
25881A66C1,2,A9012,True,True,MATCHED
25881A66C1,2,A9022,True,True,MATCHED
25881A66C1,2,A9304,True,True,MATCHED
25881A66C1,2,A9402,True,True,MATCHED
25881A66C1,2,A9503,True,True,MATCHED
25881A66C1,2,A9504,True,True,MATCHED
25881A66C2,1,A9001,True,True,MATCHED
25881A66C2,1,A9007,True,True,MATCHED
25881A66C2,1,A9008,True,True,MATCHED
25881A66C2,1,A9021,True,True,MATCHED
25881A66C2,1,A9204,True,True,MATCHED
25881A66C2,1,A9205,True,True,MATCHED
25881A66C2,1,A9302,True,True,MATCHED
25881A66C2,1,A9501,True,True,MATCHED
25881A66C2,1,A9502,True,True,MATCHED
25881A66C2,1,A9801,True,True,MATCHED
25881A66C2,2,A9002,True,True,MATCHED
25881A66C2,2,A9009,True,True,MATCHED
25881A66C2,2,A9010,True,True,MATCHED
25881A66C2,2,A9011,True,True,MATCHED
25881A66C2,2,A9012,True,True,MATCHED
25881A66C2,2,A9022,True,True,MATCHED
25881A66C2,2,A9304,True,True,MATCHED
25881A66C2,2,A9402,True,True,MATCHED
25881A66C2,2,A9503,True,True,MATCHED
25881A66C2,2,A9504,True,True,MATCHED
25881A66C3,1,A9001,True,True,MATCHED
25881A66C3,1,A9007,True,True,MATCHED
25881A66C3,1,A9008,True,True,MATCHED
25881A66C3,1,A9021,True,True,MATCHED
25881A66C3,1,A9204,True,True,MATCHED
25881A66C3,1,A9205,True,True,MATCHED
25881A66C3,1,A9302,True,True,MATCHED
25881A66C3,1,A9501,True,True,MATCHED
25881A66C3,1,A9502,True,True,MATCHED
25881A66C3,1,A9801,True,True,MATCHED
25881A66C3,2,A9002,True,True,MATCHED
25881A66C3,2,A9009,True,True,MATCHED
25881A66C3,2,A9010,True,True,MATCHED
25881A66C3,2,A9011,True,True,MATCHED
25881A66C3,2,A9012,True,True,MATCHED
25881A66C3,2,A9022,True,True,MATCHED
25881A66C3,2,A9304,True,True,MATCHED
25881A66C3,2,A9402,True,True,MATCHED
25881A66C3,2,A9503,True,True,MATCHED
25881A66C3,2,A9504,True,True,MATCHED
25881A66C4,1,A9001,True,True,MATCHED
25881A66C4,1,A9007,True,True,MATCHED
25881A66C4,1,A9008,True,True,MATCHED
25881A66C4,1,A9021,True,True,MATCHED
25881A66C4,1,A9204,True,True,MATCHED
25881A66C4,1,A9205,True,True,MATCHED
25881A66C4,1,A9302,True,True,MATCHED
25881A66C4,1,A9501,True,True,MATCHED
25881A66C4,1,A9502,True,True,MATCHED
25881A66C4,1,A9801,True,True,MATCHED
25881A66C4,2,A9002,True,True,MATCHED
25881A66C4,2,A9009,True,True,MATCHED
25881A66C4,2,A9010,True,True,MATCHED
25881A66C4,2,A9011,True,True,MATCHED
25881A66C4,2,A9012,True,True,MATCHED
25881A66C4,2,A9022,True,True,MATCHED
25881A66C4,2,A9304,True,True,MATCHED
25881A66C4,2,A9402,True,True,MATCHED
25881A66C4,2,A9503,True,True,MATCHED
25881A66C4,2,A9504,True,True,MATCHED
25881A66C5,1,A9001,True,True,MATCHED
25881A66C5,1,A9007,True,True,MATCHED
25881A66C5,1,A9008,True,True,MATCHED
25881A66C5,1,A9021,True,True,MATCHED
25881A66C5,1,A9204,True,True,MATCHED
25881A66C5,1,A9205,True,True,MATCHED
25881A66C5,1,A9302,True,True,MATCHED
25881A66C5,1,A9501,True,True,MATCHED
25881A66C5,1,A9502,True,True,MATCHED
25881A66C5,1,A9801,True,True,MATCHED
25881A66C5,2,A9002,True,True,MATCHED
25881A66C5,2,A9009,True,True,MATCHED
25881A66C5,2,A9010,True,True,MATCHED
25881A66C5,2,A9011,True,True,MATCHED
25881A66C5,2,A9012,True,True,MATCHED
25881A66C5,2,A9022,True,True,MATCHED
25881A66C5,2,A9304,True,True,MATCHED
25881A66C5,2,A9402,True,True,MATCHED
25881A66C5,2,A9503,True,True,MATCHED
25881A66C5,2,A9504,True,True,MATCHED
25881A66C6,1,A9001,True,True,MATCHED
25881A66C6,1,A9007,True,True,MATCHED
25881A66C6,1,A9008,True,True,MATCHED
25881A66C6,1,A9021,True,True,MATCHED
25881A66C6,1,A9204,True,True,MATCHED
25881A66C6,1,A9205,True,True,MATCHED
25881A66C6,1,A9302,True,True,MATCHED
25881A66C6,1,A9501,True,True,MATCHED
25881A66C6,1,A9502,True,True,MATCHED
25881A66C6,1,A9801,True,True,MATCHED
25881A66C6,2,A9002,True,True,MATCHED
25881A66C6,2,A9009,True,True,MATCHED
25881A66C6,2,A9010,True,True,MATCHED
25881A66C6,2,A9011,True,True,MATCHED
25881A66C6,2,A9012,True,True,MATCHED
25881A66C6,2,A9022,True,True,MATCHED
25881A66C6,2,A9304,True,True,MATCHED
25881A66C6,2,A9402,True,True,MATCHED
25881A66C6,2,A9503,True,True,MATCHED
25881A66C6,2,A9504,True,True,MATCHED
25881A66C7,1,A9001,True,True,MATCHED
25881A66C7,1,A9007,True,True,MATCHED
25881A66C7,1,A9008,True,True,MATCHED
25881A66C7,1,A9021,True,True,MATCHED
25881A66C7,1,A9204,True,True,MATCHED
25881A66C7,1,A9205,True,True,MATCHED
25881A66C7,1,A9302,True,True,MATCHED
25881A66C7,1,A9501,True,True,MATCHED
25881A66C7,1,A9502,True,True,MATCHED
25881A66C7,1,A9801,True,True,MATCHED
25881A66C7,2,A9002,True,True,MATCHED
25881A66C7,2,A9009,True,True,MATCHED
25881A66C7,2,A9010,True,True,MATCHED
25881A66C7,2,A9011,True,True,MATCHED
25881A66C7,2,A9012,True,True,MATCHED
25881A66C7,2,A9022,True,True,MATCHED
25881A66C7,2,A9304,True,True,MATCHED
25881A66C7,2,A9402,True,True,MATCHED
25881A66C7,2,A9503,True,True,MATCHED
25881A66C7,2,A9504,True,True,MATCHED
25881A66C8,1,A9001,True,True,MATCHED
25881A66C8,1,A9007,True,True,MATCHED
25881A66C8,1,A9008,True,True,MATCHED
25881A66C8,1,A9021,True,True,MATCHED
25881A66C8,1,A9204,True,True,MATCHED
25881A66C8,1,A9205,True,True,MATCHED
25881A66C8,1,A9302,True,True,MATCHED
25881A66C8,1,A9501,True,True,MATCHED
25881A66C8,1,A9502,True,True,MATCHED
25881A66C8,1,A9801,True,True,MATCHED
25881A66C8,2,A9002,True,True,MATCHED
25881A66C8,2,A9009,True,True,MATCHED
25881A66C8,2,A9010,True,True,MATCHED
25881A66C8,2,A9011,True,True,MATCHED
25881A66C8,2,A9012,True,True,MATCHED
25881A66C8,2,A9022,True,True,MATCHED
25881A66C8,2,A9304,True,True,MATCHED
25881A66C8,2,A9402,True,True,MATCHED
25881A66C8,2,A9503,True,True,MATCHED
25881A66C8,2,A9504,True,True,MATCHED
25881A66C9,1,A9001,True,True,MATCHED
25881A66C9,1,A9007,True,True,MATCHED
25881A66C9,1,A9008,True,True,MATCHED
25881A66C9,1,A9021,True,True,MATCHED
25881A66C9,1,A9204,True,True,MATCHED
25881A66C9,1,A9205,True,True,MATCHED
25881A66C9,1,A9302,True,True,MATCHED
25881A66C9,1,A9501,True,True,MATCHED
25881A66C9,1,A9502,True,True,MATCHED
25881A66C9,1,A9801,True,True,MATCHED
25881A66C9,2,A9002,True,True,MATCHED
25881A66C9,2,A9009,True,True,MATCHED
25881A66C9,2,A9010,True,True,MATCHED
25881A66C9,2,A9011,True,True,MATCHED
25881A66C9,2,A9012,True,True,MATCHED
25881A66C9,2,A9022,True,True,MATCHED
25881A66C9,2,A9304,True,True,MATCHED
25881A66C9,2,A9402,True,True,MATCHED
25881A66C9,2,A9503,True,True,MATCHED
25881A66C9,2,A9504,True,True,MATCHED
25881A66D0,1,A9001,True,True,MATCHED
25881A66D0,1,A9007,True,True,MATCHED
25881A66D0,1,A9008,True,True,MATCHED
25881A66D0,1,A9021,True,True,MATCHED
25881A66D0,1,A9204,True,True,MATCHED
25881A66D0,1,A9205,True,True,MATCHED
25881A66D0,1,A9302,True,True,MATCHED
25881A66D0,1,A9501,True,True,MATCHED
25881A66D0,1,A9502,True,True,MATCHED
25881A66D0,1,A9801,True,True,MATCHED
25881A66D0,2,A9002,True,True,MATCHED
25881A66D0,2,A9009,True,True,MATCHED
25881A66D0,2,A9010,True,True,MATCHED
25881A66D0,2,A9011,True,True,MATCHED
25881A66D0,2,A9012,True,True,MATCHED
25881A66D0,2,A9022,True,True,MATCHED
25881A66D0,2,A9304,True,True,MATCHED
25881A66D0,2,A9402,True,True,MATCHED
25881A66D0,2,A9503,True,True,MATCHED
25881A66D0,2,A9504,True,True,MATCHED
25881A66D1,1,A9001,True,True,MATCHED
25881A66D1,1,A9007,True,True,MATCHED
25881A66D1,1,A9008,True,True,MATCHED
25881A66D1,1,A9021,True,True,MATCHED
25881A66D1,1,A9204,True,True,MATCHED
25881A66D1,1,A9205,True,True,MATCHED
25881A66D1,1,A9302,True,True,MATCHED
25881A66D1,1,A9501,True,True,MATCHED
25881A66D1,1,A9502,True,True,MATCHED
25881A66D1,1,A9801,True,True,MATCHED
25881A66D1,2,A9002,True,True,MATCHED
25881A66D1,2,A9009,True,True,MATCHED
25881A66D1,2,A9010,True,True,MATCHED
25881A66D1,2,A9011,True,True,MATCHED
25881A66D1,2,A9012,True,True,MATCHED
25881A66D1,2,A9022,True,True,MATCHED
25881A66D1,2,A9304,True,True,MATCHED
25881A66D1,2,A9402,True,True,MATCHED
25881A66D1,2,A9503,True,True,MATCHED
25881A66D1,2,A9504,True,True,MATCHED
25881A66D2,1,A9001,True,True,MATCHED
25881A66D2,1,A9007,True,True,MATCHED
25881A66D2,1,A9008,True,True,MATCHED
25881A66D2,1,A9021,True,True,MATCHED
25881A66D2,1,A9204,True,True,MATCHED
25881A66D2,1,A9205,True,True,MATCHED
25881A66D2,1,A9302,True,True,MATCHED
25881A66D2,1,A9501,True,True,MATCHED
25881A66D2,1,A9502,True,True,MATCHED
25881A66D2,1,A9801,True,True,MATCHED
25881A66D2,2,A9002,True,True,MATCHED
25881A66D2,2,A9009,True,True,MATCHED
25881A66D2,2,A9010,True,True,MATCHED
25881A66D2,2,A9011,True,True,MATCHED
25881A66D2,2,A9012,True,True,MATCHED
25881A66D2,2,A9022,True,True,MATCHED
25881A66D2,2,A9304,True,True,MATCHED
25881A66D2,2,A9402,True,True,MATCHED
25881A66D2,2,A9503,True,True,MATCHED
25881A66D2,2,A9504,True,True,MATCHED
25881A66D3,1,A9001,True,True,MATCHED
25881A66D3,1,A9007,True,True,MATCHED
25881A66D3,1,A9008,True,True,MATCHED
25881A66D3,1,A9021,True,True,MATCHED
25881A66D3,1,A9204,True,True,MATCHED
25881A66D3,1,A9205,True,True,MATCHED
25881A66D3,1,A9302,True,True,MATCHED
25881A66D3,1,A9501,True,True,MATCHED
25881A66D3,1,A9502,True,True,MATCHED
25881A66D3,1,A9801,True,True,MATCHED
25881A66D3,2,A9002,True,True,MATCHED
25881A66D3,2,A9009,True,True,MATCHED
25881A66D3,2,A9010,True,True,MATCHED
25881A66D3,2,A9011,True,True,MATCHED
25881A66D3,2,A9012,True,True,MATCHED
25881A66D3,2,A9022,True,True,MATCHED
25881A66D3,2,A9304,True,True,MATCHED
25881A66D3,2,A9402,True,True,MATCHED
25881A66D3,2,A9503,True,True,MATCHED
25881A66D3,2,A9504,True,True,MATCHED
25881A66D4,1,A9001,True,True,MATCHED
25881A66D4,1,A9007,True,True,MATCHED
25881A66D4,1,A9008,True,True,MATCHED
25881A66D4,1,A9021,True,True,MATCHED
25881A66D4,1,A9204,True,True,MATCHED
25881A66D4,1,A9205,True,True,MATCHED
25881A66D4,1,A9302,True,True,MATCHED
25881A66D4,1,A9501,True,True,MATCHED
25881A66D4,1,A9502,True,True,MATCHED
25881A66D4,1,A9801,True,True,MATCHED
25881A66D4,2,A9002,True,True,MATCHED
25881A66D4,2,A9009,True,True,MATCHED
25881A66D4,2,A9010,True,True,MATCHED
25881A66D4,2,A9011,True,True,MATCHED
25881A66D4,2,A9012,True,True,MATCHED
25881A66D4,2,A9022,True,True,MATCHED
25881A66D4,2,A9304,True,True,MATCHED
25881A66D4,2,A9402,True,True,MATCHED
25881A66D4,2,A9503,True,True,MATCHED
25881A66D4,2,A9504,True,True,MATCHED
25881A66D5,1,A9001,True,True,MATCHED
25881A66D5,1,A9007,True,True,MATCHED
25881A66D5,1,A9008,True,True,MATCHED
25881A66D5,1,A9021,True,True,MATCHED
25881A66D5,1,A9204,True,True,MATCHED
25881A66D5,1,A9205,True,True,MATCHED
25881A66D5,1,A9302,True,True,MATCHED
25881A66D5,1,A9501,True,True,MATCHED
25881A66D5,1,A9502,True,True,MATCHED
25881A66D5,1,A9801,True,True,MATCHED
25881A66D5,2,A9002,True,True,MATCHED
25881A66D5,2,A9009,True,True,MATCHED
25881A66D5,2,A9010,True,True,MATCHED
25881A66D5,2,A9011,True,True,MATCHED
25881A66D5,2,A9012,True,True,MATCHED
25881A66D5,2,A9022,True,True,MATCHED
25881A66D5,2,A9304,True,True,MATCHED
25881A66D5,2,A9402,True,True,MATCHED
25881A66D5,2,A9503,True,True,MATCHED
25881A66D5,2,A9504,True,True,MATCHED
25881A66D6,1,A9001,True,True,MATCHED
25881A66D6,1,A9007,True,True,MATCHED
25881A66D6,1,A9008,True,True,MATCHED
25881A66D6,1,A9021,True,True,MATCHED
25881A66D6,1,A9204,True,True,MATCHED
25881A66D6,1,A9205,True,True,MATCHED
25881A66D6,1,A9302,True,True,MATCHED
25881A66D6,1,A9501,True,True,MATCHED
25881A66D6,1,A9502,True,True,MATCHED
25881A66D6,1,A9801,True,True,MATCHED
25881A66D6,2,A9002,True,True,MATCHED
25881A66D6,2,A9009,True,True,MATCHED
25881A66D6,2,A9010,True,True,MATCHED
25881A66D6,2,A9011,True,True,MATCHED
25881A66D6,2,A9012,True,True,MATCHED
25881A66D6,2,A9022,True,True,MATCHED
25881A66D6,2,A9304,True,True,MATCHED
25881A66D6,2,A9402,True,True,MATCHED
25881A66D6,2,A9503,True,True,MATCHED
25881A66D6,2,A9504,True,True,MATCHED
25881A66D7,1,A9001,True,True,MATCHED
25881A66D7,1,A9007,True,True,MATCHED
25881A66D7,1,A9008,True,True,MATCHED
25881A66D7,1,A9021,True,True,MATCHED
25881A66D7,1,A9204,True,True,MATCHED
25881A66D7,1,A9205,True,True,MATCHED
25881A66D7,1,A9302,True,True,MATCHED
25881A66D7,1,A9501,True,True,MATCHED
25881A66D7,1,A9502,True,True,MATCHED
25881A66D7,1,A9801,True,True,MATCHED
25881A66D7,2,A9002,True,True,MATCHED
25881A66D7,2,A9009,True,True,MATCHED
25881A66D7,2,A9010,True,True,MATCHED
25881A66D7,2,A9011,True,True,MATCHED
25881A66D7,2,A9012,True,True,MATCHED
25881A66D7,2,A9022,True,True,MATCHED
25881A66D7,2,A9304,True,True,MATCHED
25881A66D7,2,A9402,True,True,MATCHED
25881A66D7,2,A9503,True,True,MATCHED
25881A66D7,2,A9504,True,True,MATCHED
25881A66D8,1,A9001,True,True,MATCHED
25881A66D8,1,A9007,True,True,MATCHED
25881A66D8,1,A9008,True,True,MATCHED
25881A66D8,1,A9021,True,True,MATCHED
25881A66D8,1,A9204,True,True,MATCHED
25881A66D8,1,A9205,True,True,MATCHED
25881A66D8,1,A9302,True,True,MATCHED
25881A66D8,1,A9501,True,True,MATCHED
25881A66D8,1,A9502,True,True,MATCHED
25881A66D8,1,A9801,True,True,MATCHED
25881A66D8,2,A9002,True,True,MATCHED
25881A66D8,2,A9009,True,True,MATCHED
25881A66D8,2,A9010,True,True,MATCHED
25881A66D8,2,A9011,True,True,MATCHED
25881A66D8,2,A9012,True,True,MATCHED
25881A66D8,2,A9022,True,True,MATCHED
25881A66D8,2,A9304,True,True,MATCHED
25881A66D8,2,A9402,True,True,MATCHED
25881A66D8,2,A9503,True,True,MATCHED
25881A66D8,2,A9504,True,True,MATCHED
25881A66D9,1,A9001,True,True,MATCHED
25881A66D9,1,A9007,True,True,MATCHED
25881A66D9,1,A9008,True,True,MATCHED
25881A66D9,1,A9021,True,True,MATCHED
25881A66D9,1,A9204,True,True,MATCHED
25881A66D9,1,A9205,True,True,MATCHED
25881A66D9,1,A9302,True,True,MATCHED
25881A66D9,1,A9501,True,True,MATCHED
25881A66D9,1,A9502,True,True,MATCHED
25881A66D9,1,A9801,True,True,MATCHED
25881A66D9,2,A9002,True,True,MATCHED
25881A66D9,2,A9009,True,True,MATCHED
25881A66D9,2,A9010,True,True,MATCHED
25881A66D9,2,A9011,True,True,MATCHED
25881A66D9,2,A9012,True,True,MATCHED
25881A66D9,2,A9022,True,True,MATCHED
25881A66D9,2,A9304,True,True,MATCHED
25881A66D9,2,A9402,True,True,MATCHED
25881A66D9,2,A9503,True,True,MATCHED
25881A66D9,2,A9504,True,True,MATCHED
25881A66E0,1,A9001,True,True,MATCHED
25881A66E0,1,A9007,True,True,MATCHED
25881A66E0,1,A9008,True,True,MATCHED
25881A66E0,1,A9021,True,True,MATCHED
25881A66E0,1,A9204,True,True,MATCHED
25881A66E0,1,A9205,True,True,MATCHED
25881A66E0,1,A9302,True,True,MATCHED
25881A66E0,1,A9501,True,True,MATCHED
25881A66E0,1,A9502,True,True,MATCHED
25881A66E0,1,A9801,True,True,MATCHED
25881A66E0,2,A9002,True,True,MATCHED
25881A66E0,2,A9009,True,True,MATCHED
25881A66E0,2,A9010,True,True,MATCHED
25881A66E0,2,A9011,True,True,MATCHED
25881A66E0,2,A9012,True,True,MATCHED
25881A66E0,2,A9022,True,True,MATCHED
25881A66E0,2,A9304,True,True,MATCHED
25881A66E0,2,A9402,True,True,MATCHED
25881A66E0,2,A9503,True,True,MATCHED
25881A66E0,2,A9504,True,True,MATCHED
25881A66E1,1,A9001,True,True,MATCHED
25881A66E1,1,A9007,True,True,MATCHED
25881A66E1,1,A9008,True,True,MATCHED
25881A66E1,1,A9021,True,True,MATCHED
25881A66E1,1,A9204,True,True,MATCHED
25881A66E1,1,A9205,True,True,MATCHED
25881A66E1,1,A9302,True,True,MATCHED
25881A66E1,1,A9501,True,True,MATCHED
25881A66E1,1,A9502,True,True,MATCHED
25881A66E1,1,A9801,True,True,MATCHED
25881A66E1,2,A9002,True,True,MATCHED
25881A66E1,2,A9009,True,True,MATCHED
25881A66E1,2,A9010,True,True,MATCHED
25881A66E1,2,A9011,True,True,MATCHED
25881A66E1,2,A9012,True,True,MATCHED
25881A66E1,2,A9022,True,True,MATCHED
25881A66E1,2,A9304,True,True,MATCHED
25881A66E1,2,A9402,True,True,MATCHED
25881A66E1,2,A9503,True,True,MATCHED
25881A66E1,2,A9504,True,True,MATCHED
25881A66E2,1,A9001,True,True,MATCHED
25881A66E2,1,A9007,True,True,MATCHED
25881A66E2,1,A9008,True,True,MATCHED
25881A66E2,1,A9021,True,True,MATCHED
25881A66E2,1,A9204,True,True,MATCHED
25881A66E2,1,A9205,True,True,MATCHED
25881A66E2,1,A9302,True,True,MATCHED
25881A66E2,1,A9501,True,True,MATCHED
25881A66E2,1,A9502,True,True,MATCHED
25881A66E2,1,A9801,True,True,MATCHED
25881A66E2,2,A9002,True,True,MATCHED
25881A66E2,2,A9009,True,True,MATCHED
25881A66E2,2,A9010,True,True,MATCHED
25881A66E2,2,A9011,True,True,MATCHED
25881A66E2,2,A9012,True,True,MATCHED
25881A66E2,2,A9022,True,True,MATCHED
25881A66E2,2,A9304,True,True,MATCHED
25881A66E2,2,A9402,True,True,MATCHED
25881A66E2,2,A9503,True,True,MATCHED
25881A66E2,2,A9504,True,True,MATCHED
25881A66E3,1,A9001,True,True,MATCHED
25881A66E3,1,A9007,True,True,MATCHED
25881A66E3,1,A9008,True,True,MATCHED
25881A66E3,1,A9021,True,True,MATCHED
25881A66E3,1,A9204,True,True,MATCHED
25881A66E3,1,A9205,True,True,MATCHED
25881A66E3,1,A9302,True,True,MATCHED
25881A66E3,1,A9501,True,True,MATCHED
25881A66E3,1,A9502,True,True,MATCHED
25881A66E3,1,A9801,True,True,MATCHED
25881A66E3,2,A9002,True,True,MATCHED
25881A66E3,2,A9009,True,True,MATCHED
25881A66E3,2,A9010,True,True,MATCHED
25881A66E3,2,A9011,True,True,MATCHED
25881A66E3,2,A9012,True,True,MATCHED
25881A66E3,2,A9022,True,True,MATCHED
25881A66E3,2,A9304,True,True,MATCHED
25881A66E3,2,A9402,True,True,MATCHED
25881A66E3,2,A9503,True,True,MATCHED
25881A66E3,2,A9504,True,True,MATCHED
25881A66E4,1,A9001,True,True,MATCHED
25881A66E4,1,A9007,True,True,MATCHED
25881A66E4,1,A9008,True,True,MATCHED
25881A66E4,1,A9021,True,True,MATCHED
25881A66E4,1,A9204,True,True,MATCHED
25881A66E4,1,A9205,True,True,MATCHED
25881A66E4,1,A9302,True,True,MATCHED
25881A66E4,1,A9501,True,True,MATCHED
25881A66E4,1,A9502,True,True,MATCHED
25881A66E4,1,A9801,True,True,MATCHED
25881A66E4,2,A9002,True,True,MATCHED
25881A66E4,2,A9009,True,True,MATCHED
25881A66E4,2,A9010,True,True,MATCHED
25881A66E4,2,A9011,True,True,MATCHED
25881A66E4,2,A9012,True,True,MATCHED
25881A66E4,2,A9022,True,True,MATCHED
25881A66E4,2,A9304,True,True,MATCHED
25881A66E4,2,A9402,True,True,MATCHED
25881A66E4,2,A9503,True,True,MATCHED
25881A66E4,2,A9504,True,True,MATCHED
25881A66E5,1,A9001,True,True,MATCHED
25881A66E5,1,A9007,True,True,MATCHED
25881A66E5,1,A9008,True,True,MATCHED
25881A66E5,1,A9021,True,True,MATCHED
25881A66E5,1,A9204,True,True,MATCHED
25881A66E5,1,A9205,True,True,MATCHED
25881A66E5,1,A9302,True,True,MATCHED
25881A66E5,1,A9501,True,True,MATCHED
25881A66E5,1,A9502,True,True,MATCHED
25881A66E5,1,A9801,True,True,MATCHED
25881A66E5,2,A9002,True,True,MATCHED
25881A66E5,2,A9009,True,True,MATCHED
25881A66E5,2,A9010,True,True,MATCHED
25881A66E5,2,A9011,True,True,MATCHED
25881A66E5,2,A9012,True,True,MATCHED
25881A66E5,2,A9022,True,True,MATCHED
25881A66E5,2,A9304,True,True,MATCHED
25881A66E5,2,A9402,True,True,MATCHED
25881A66E5,2,A9503,True,True,MATCHED
25881A66E5,2,A9504,True,True,MATCHED
25881A66E6,1,A9001,True,True,MATCHED
25881A66E6,1,A9007,True,True,MATCHED
25881A66E6,1,A9008,True,True,MATCHED
25881A66E6,1,A9021,True,True,MATCHED
25881A66E6,1,A9204,True,True,MATCHED
25881A66E6,1,A9205,True,True,MATCHED
25881A66E6,1,A9302,True,True,MATCHED
25881A66E6,1,A9501,True,True,MATCHED
25881A66E6,1,A9502,True,True,MATCHED
25881A66E6,1,A9801,True,True,MATCHED
25881A66E6,2,A9002,True,True,MATCHED
25881A66E6,2,A9009,True,True,MATCHED
25881A66E6,2,A9010,True,True,MATCHED
25881A66E6,2,A9011,True,True,MATCHED
25881A66E6,2,A9012,True,True,MATCHED
25881A66E6,2,A9022,True,True,MATCHED
25881A66E6,2,A9304,True,True,MATCHED
25881A66E6,2,A9402,True,True,MATCHED
25881A66E6,2,A9503,True,True,MATCHED
25881A66E6,2,A9504,True,True,MATCHED
25881A66E7,1,A9001,True,True,MATCHED
25881A66E7,1,A9007,True,True,MATCHED
25881A66E7,1,A9008,True,True,MATCHED
25881A66E7,1,A9021,True,True,MATCHED
25881A66E7,1,A9204,True,True,MATCHED
25881A66E7,1,A9205,True,True,MATCHED
25881A66E7,1,A9302,True,True,MATCHED
25881A66E7,1,A9501,True,True,MATCHED
25881A66E7,1,A9502,True,True,MATCHED
25881A66E7,1,A9801,True,True,MATCHED
25881A66E7,2,A9002,True,True,MATCHED
25881A66E7,2,A9009,True,True,MATCHED
25881A66E7,2,A9010,True,True,MATCHED
25881A66E7,2,A9011,True,True,MATCHED
25881A66E7,2,A9012,True,True,MATCHED
25881A66E7,2,A9022,True,True,MATCHED
25881A66E7,2,A9304,True,True,MATCHED
25881A66E7,2,A9402,True,True,MATCHED
25881A66E7,2,A9503,True,True,MATCHED
25881A66E7,2,A9504,True,True,MATCHED
25881A66E8,1,A9001,True,True,MATCHED
25881A66E8,1,A9007,True,True,MATCHED
25881A66E8,1,A9008,True,True,MATCHED
25881A66E8,1,A9021,True,True,MATCHED
25881A66E8,1,A9204,True,True,MATCHED
25881A66E8,1,A9205,True,True,MATCHED
25881A66E8,1,A9302,True,True,MATCHED
25881A66E8,1,A9501,True,True,MATCHED
25881A66E8,1,A9502,True,True,MATCHED
25881A66E8,1,A9801,True,True,MATCHED
25881A66E8,2,A9002,True,True,MATCHED
25881A66E8,2,A9009,True,True,MATCHED
25881A66E8,2,A9010,True,True,MATCHED
25881A66E8,2,A9011,True,True,MATCHED
25881A66E8,2,A9012,True,True,MATCHED
25881A66E8,2,A9022,True,True,MATCHED
25881A66E8,2,A9304,True,True,MATCHED
25881A66E8,2,A9402,True,True,MATCHED
25881A66E8,2,A9503,True,True,MATCHED
25881A66E8,2,A9504,True,True,MATCHED
25881A66E9,1,A9001,True,True,MATCHED
25881A66E9,1,A9007,True,True,MATCHED
25881A66E9,1,A9008,True,True,MATCHED
25881A66E9,1,A9021,True,True,MATCHED
25881A66E9,1,A9204,True,True,MATCHED
25881A66E9,1,A9205,True,True,MATCHED
25881A66E9,1,A9302,True,True,MATCHED
25881A66E9,1,A9501,True,True,MATCHED
25881A66E9,1,A9502,True,True,MATCHED
25881A66E9,1,A9801,True,True,MATCHED
25881A66E9,2,A9002,True,True,MATCHED
25881A66E9,2,A9009,True,True,MATCHED
25881A66E9,2,A9010,True,True,MATCHED
25881A66E9,2,A9011,True,True,MATCHED
25881A66E9,2,A9012,True,True,MATCHED
25881A66E9,2,A9022,True,True,MATCHED
25881A66E9,2,A9304,True,True,MATCHED
25881A66E9,2,A9402,True,True,MATCHED
25881A66E9,2,A9503,True,True,MATCHED
25881A66E9,2,A9504,True,True,MATCHED
25881A66F0,1,A9001,True,True,MATCHED
25881A66F0,1,A9007,True,True,MATCHED
25881A66F0,1,A9008,True,True,MATCHED
25881A66F0,1,A9021,True,True,MATCHED
25881A66F0,1,A9204,True,True,MATCHED
25881A66F0,1,A9205,True,True,MATCHED
25881A66F0,1,A9302,True,True,MATCHED
25881A66F0,1,A9501,True,True,MATCHED
25881A66F0,1,A9502,True,True,MATCHED
25881A66F0,1,A9801,True,True,MATCHED
25881A66F0,2,A9002,True,True,MATCHED
25881A66F0,2,A9009,True,True,MATCHED
25881A66F0,2,A9010,True,True,MATCHED
25881A66F0,2,A9011,True,True,MATCHED
25881A66F0,2,A9012,True,True,MATCHED
25881A66F0,2,A9022,True,True,MATCHED
25881A66F0,2,A9304,True,True,MATCHED
25881A66F0,2,A9402,True,True,MATCHED
25881A66F0,2,A9503,True,True,MATCHED
25881A66F0,2,A9504,True,True,MATCHED
25881A66F1,1,A9001,True,True,MATCHED
25881A66F1,1,A9007,True,True,MATCHED
25881A66F1,1,A9008,True,True,MATCHED
25881A66F1,1,A9021,True,True,MATCHED
25881A66F1,1,A9204,True,True,MATCHED
25881A66F1,1,A9205,True,True,MATCHED
25881A66F1,1,A9302,True,True,MATCHED
25881A66F1,1,A9501,True,True,MATCHED
25881A66F1,1,A9502,True,True,MATCHED
25881A66F1,1,A9801,True,True,MATCHED
25881A66F1,2,A9002,True,True,MATCHED
25881A66F1,2,A9009,True,True,MATCHED
25881A66F1,2,A9010,True,True,MATCHED
25881A66F1,2,A9011,True,True,MATCHED
25881A66F1,2,A9012,True,True,MATCHED
25881A66F1,2,A9022,True,True,MATCHED
25881A66F1,2,A9304,True,True,MATCHED
25881A66F1,2,A9402,True,True,MATCHED
25881A66F1,2,A9503,True,True,MATCHED
25881A66F1,2,A9504,True,True,MATCHED
25881A66F2,1,A9001,True,True,MATCHED
25881A66F2,1,A9007,True,True,MATCHED
25881A66F2,1,A9008,True,True,MATCHED
25881A66F2,1,A9021,True,True,MATCHED
25881A66F2,1,A9204,True,True,MATCHED
25881A66F2,1,A9205,True,True,MATCHED
25881A66F2,1,A9302,True,True,MATCHED
25881A66F2,1,A9501,True,True,MATCHED
25881A66F2,1,A9502,True,True,MATCHED
25881A66F2,1,A9801,True,True,MATCHED
25881A66F2,2,A9002,True,True,MATCHED
25881A66F2,2,A9009,True,True,MATCHED
25881A66F2,2,A9010,True,True,MATCHED
25881A66F2,2,A9011,True,True,MATCHED
25881A66F2,2,A9012,True,True,MATCHED
25881A66F2,2,A9022,True,True,MATCHED
25881A66F2,2,A9304,True,True,MATCHED
25881A66F2,2,A9402,True,True,MATCHED
25881A66F2,2,A9503,True,True,MATCHED
25881A66F2,2,A9504,True,True,MATCHED
25881A66F3,1,A9001,True,True,MATCHED
25881A66F3,1,A9007,True,True,MATCHED
25881A66F3,1,A9008,True,True,MATCHED
25881A66F3,1,A9021,True,True,MATCHED
25881A66F3,1,A9204,True,True,MATCHED
25881A66F3,1,A9205,True,True,MATCHED
25881A66F3,1,A9302,True,True,MATCHED
25881A66F3,1,A9501,True,True,MATCHED
25881A66F3,1,A9502,True,True,MATCHED
25881A66F3,1,A9801,True,True,MATCHED
25881A66F3,2,A9002,True,True,MATCHED
25881A66F3,2,A9009,True,True,MATCHED
25881A66F3,2,A9010,True,True,MATCHED
25881A66F3,2,A9011,True,True,MATCHED
25881A66F3,2,A9012,True,True,MATCHED
25881A66F3,2,A9022,True,True,MATCHED
25881A66F3,2,A9304,True,True,MATCHED
25881A66F3,2,A9402,True,True,MATCHED
25881A66F3,2,A9503,True,True,MATCHED
25881A66F3,2,A9504,True,True,MATCHED
25881A66F4,1,A9001,True,True,MATCHED
25881A66F4,1,A9007,True,True,MATCHED
25881A66F4,1,A9008,True,True,MATCHED
25881A66F4,1,A9021,True,True,MATCHED
25881A66F4,1,A9204,True,True,MATCHED
25881A66F4,1,A9205,True,True,MATCHED
25881A66F4,1,A9302,True,True,MATCHED
25881A66F4,1,A9501,True,True,MATCHED
25881A66F4,1,A9502,True,True,MATCHED
25881A66F4,1,A9801,True,True,MATCHED
25881A66F4,2,A9002,True,True,MATCHED
25881A66F4,2,A9009,True,True,MATCHED
25881A66F4,2,A9010,True,True,MATCHED
25881A66F4,2,A9011,True,True,MATCHED
25881A66F4,2,A9012,True,True,MATCHED
25881A66F4,2,A9022,True,True,MATCHED
25881A66F4,2,A9304,True,True,MATCHED
25881A66F4,2,A9402,True,True,MATCHED
25881A66F4,2,A9503,True,True,MATCHED
25881A66F4,2,A9504,True,True,MATCHED
25881A66F5,1,A9001,True,True,MATCHED
25881A66F5,1,A9007,True,True,MATCHED
25881A66F5,1,A9008,True,True,MATCHED
25881A66F5,1,A9021,True,True,MATCHED
25881A66F5,1,A9204,True,True,MATCHED
25881A66F5,1,A9205,True,True,MATCHED
25881A66F5,1,A9302,True,True,MATCHED
25881A66F5,1,A9501,True,True,MATCHED
25881A66F5,1,A9502,True,True,MATCHED
25881A66F5,1,A9801,True,True,MATCHED
25881A66F5,2,A9002,True,True,MATCHED
25881A66F5,2,A9009,True,True,MATCHED
25881A66F5,2,A9010,True,True,MATCHED
25881A66F5,2,A9011,True,True,MATCHED
25881A66F5,2,A9012,True,True,MATCHED
25881A66F5,2,A9022,True,True,MATCHED
25881A66F5,2,A9304,True,True,MATCHED
25881A66F5,2,A9402,True,True,MATCHED
25881A66F5,2,A9503,True,True,MATCHED
25881A66F5,2,A9504,True,True,MATCHED
25881A66F6,1,A9001,True,True,MATCHED
25881A66F6,1,A9007,True,True,MATCHED
25881A66F6,1,A9008,True,True,MATCHED
25881A66F6,1,A9021,True,True,MATCHED
25881A66F6,1,A9204,True,True,MATCHED
25881A66F6,1,A9205,True,True,MATCHED
25881A66F6,1,A9302,True,True,MATCHED
25881A66F6,1,A9501,True,True,MATCHED
25881A66F6,1,A9502,True,True,MATCHED
25881A66F6,1,A9801,True,True,MATCHED
25881A66F6,2,A9002,True,True,MATCHED
25881A66F6,2,A9009,True,True,MATCHED
25881A66F6,2,A9010,True,True,MATCHED
25881A66F6,2,A9011,True,True,MATCHED
25881A66F6,2,A9012,True,True,MATCHED
25881A66F6,2,A9022,True,True,MATCHED
25881A66F6,2,A9304,True,True,MATCHED
25881A66F6,2,A9402,True,True,MATCHED
25881A66F6,2,A9503,True,True,MATCHED
25881A66F6,2,A9504,True,True,MATCHED
25881A66F7,1,A9001,True,True,MATCHED
25881A66F7,1,A9007,True,True,MATCHED
25881A66F7,1,A9008,True,True,MATCHED
25881A66F7,1,A9021,True,True,MATCHED
25881A66F7,1,A9204,True,True,MATCHED
25881A66F7,1,A9205,True,True,MATCHED
25881A66F7,1,A9302,True,True,MATCHED
25881A66F7,1,A9501,True,True,MATCHED
25881A66F7,1,A9502,True,True,MATCHED
25881A66F7,1,A9801,True,True,MATCHED
25881A66F7,2,A9002,True,True,MATCHED
25881A66F7,2,A9009,True,True,MATCHED
25881A66F7,2,A9010,True,True,MATCHED
25881A66F7,2,A9011,True,True,MATCHED
25881A66F7,2,A9012,True,True,MATCHED
25881A66F7,2,A9022,True,True,MATCHED
25881A66F7,2,A9304,True,True,MATCHED
25881A66F7,2,A9402,True,True,MATCHED
25881A66F7,2,A9503,True,True,MATCHED
25881A66F7,2,A9504,True,True,MATCHED
25881A66F8,1,A9001,True,True,MATCHED
25881A66F8,1,A9007,True,True,MATCHED
25881A66F8,1,A9008,True,True,MATCHED
25881A66F8,1,A9021,True,True,MATCHED
25881A66F8,1,A9204,True,True,MATCHED
25881A66F8,1,A9205,True,True,MATCHED
25881A66F8,1,A9302,True,True,MATCHED
25881A66F8,1,A9501,True,True,MATCHED
25881A66F8,1,A9502,True,True,MATCHED
25881A66F8,1,A9801,True,True,MATCHED
25881A66F8,2,A9002,True,True,MATCHED
25881A66F8,2,A9009,True,True,MATCHED
25881A66F8,2,A9010,True,True,MATCHED
25881A66F8,2,A9011,True,True,MATCHED
25881A66F8,2,A9012,True,True,MATCHED
25881A66F8,2,A9022,True,True,MATCHED
25881A66F8,2,A9304,True,True,MATCHED
25881A66F8,2,A9402,True,True,MATCHED
25881A66F8,2,A9503,True,True,MATCHED
25881A66F8,2,A9504,True,True,MATCHED
25881A66F9,1,A9001,True,True,MATCHED
25881A66F9,1,A9007,True,True,MATCHED
25881A66F9,1,A9008,True,True,MATCHED
25881A66F9,1,A9021,True,True,MATCHED
25881A66F9,1,A9204,True,True,MATCHED
25881A66F9,1,A9205,True,True,MATCHED
25881A66F9,1,A9302,True,True,MATCHED
25881A66F9,1,A9501,True,True,MATCHED
25881A66F9,1,A9502,True,True,MATCHED
25881A66F9,1,A9801,True,True,MATCHED
25881A66F9,2,A9002,True,True,MATCHED
25881A66F9,2,A9009,True,True,MATCHED
25881A66F9,2,A9010,True,True,MATCHED
25881A66F9,2,A9011,True,True,MATCHED
25881A66F9,2,A9012,True,True,MATCHED
25881A66F9,2,A9022,True,True,MATCHED
25881A66F9,2,A9304,True,True,MATCHED
25881A66F9,2,A9402,True,True,MATCHED
25881A66F9,2,A9503,True,True,MATCHED
25881A66F9,2,A9504,True,True,MATCHED
25881A66G0,1,A9001,True,True,MATCHED
25881A66G0,1,A9007,True,True,MATCHED
25881A66G0,1,A9008,True,True,MATCHED
25881A66G0,1,A9021,True,True,MATCHED
25881A66G0,1,A9204,True,True,MATCHED
25881A66G0,1,A9205,True,True,MATCHED
25881A66G0,1,A9302,True,True,MATCHED
25881A66G0,1,A9501,True,True,MATCHED
25881A66G0,1,A9502,True,True,MATCHED
25881A66G0,1,A9801,True,True,MATCHED
25881A66G0,2,A9002,True,True,MATCHED
25881A66G0,2,A9009,True,True,MATCHED
25881A66G0,2,A9010,True,True,MATCHED
25881A66G0,2,A9011,True,True,MATCHED
25881A66G0,2,A9012,True,True,MATCHED
25881A66G0,2,A9022,True,True,MATCHED
25881A66G0,2,A9304,True,True,MATCHED
25881A66G0,2,A9402,True,True,MATCHED
25881A66G0,2,A9503,True,True,MATCHED
25881A66G0,2,A9504,True,True,MATCHED
25881A66G1,1,A9001,True,True,MATCHED
25881A66G1,1,A9007,True,True,MATCHED
25881A66G1,1,A9008,True,True,MATCHED
25881A66G1,1,A9021,True,True,MATCHED
25881A66G1,1,A9204,True,True,MATCHED
25881A66G1,1,A9205,True,True,MATCHED
25881A66G1,1,A9302,True,True,MATCHED
25881A66G1,1,A9501,True,True,MATCHED
25881A66G1,1,A9502,True,True,MATCHED
25881A66G1,1,A9801,True,True,MATCHED
25881A66G1,2,A9002,True,True,MATCHED
25881A66G1,2,A9009,True,True,MATCHED
25881A66G1,2,A9010,True,True,MATCHED
25881A66G1,2,A9011,True,True,MATCHED
25881A66G1,2,A9012,True,True,MATCHED
25881A66G1,2,A9022,True,True,MATCHED
25881A66G1,2,A9304,True,True,MATCHED
25881A66G1,2,A9402,True,True,MATCHED
25881A66G1,2,A9503,True,True,MATCHED
25881A66G1,2,A9504,True,True,MATCHED
25881A66G2,1,A9001,True,True,MATCHED
25881A66G2,1,A9007,True,True,MATCHED
25881A66G2,1,A9008,True,True,MATCHED
25881A66G2,1,A9021,True,True,MATCHED
25881A66G2,1,A9204,True,True,MATCHED
25881A66G2,1,A9205,True,True,MATCHED
25881A66G2,1,A9302,True,True,MATCHED
25881A66G2,1,A9501,True,True,MATCHED
25881A66G2,1,A9502,True,True,MATCHED
25881A66G2,1,A9801,True,True,MATCHED
25881A66G2,2,A9002,True,True,MATCHED
25881A66G2,2,A9009,True,True,MATCHED
25881A66G2,2,A9010,True,True,MATCHED
25881A66G2,2,A9011,True,True,MATCHED
25881A66G2,2,A9012,True,True,MATCHED
25881A66G2,2,A9022,True,True,MATCHED
25881A66G2,2,A9304,True,True,MATCHED
25881A66G2,2,A9402,True,True,MATCHED
25881A66G2,2,A9503,True,True,MATCHED
25881A66G2,2,A9504,True,True,MATCHED
25881A66G3,1,A9001,True,True,MATCHED
25881A66G3,1,A9007,True,True,MATCHED
25881A66G3,1,A9008,True,True,MATCHED
25881A66G3,1,A9021,True,True,MATCHED
25881A66G3,1,A9204,True,True,MATCHED
25881A66G3,1,A9205,True,True,MATCHED
25881A66G3,1,A9302,True,True,MATCHED
25881A66G3,1,A9501,True,True,MATCHED
25881A66G3,1,A9502,True,True,MATCHED
25881A66G3,1,A9801,True,True,MATCHED
25881A66G3,2,A9002,True,True,MATCHED
25881A66G3,2,A9009,True,True,MATCHED
25881A66G3,2,A9010,True,True,MATCHED
25881A66G3,2,A9011,True,True,MATCHED
25881A66G3,2,A9012,True,True,MATCHED
25881A66G3,2,A9022,True,True,MATCHED
25881A66G3,2,A9304,True,True,MATCHED
25881A66G3,2,A9402,True,True,MATCHED
25881A66G3,2,A9503,True,True,MATCHED
25881A66G3,2,A9504,True,True,MATCHED
25881A66G4,1,A9001,True,True,MATCHED
25881A66G4,1,A9007,True,True,MATCHED
25881A66G4,1,A9008,True,True,MATCHED
25881A66G4,1,A9021,True,True,MATCHED
25881A66G4,1,A9204,True,True,MATCHED
25881A66G4,1,A9205,True,True,MATCHED
25881A66G4,1,A9302,True,True,MATCHED
25881A66G4,1,A9501,True,True,MATCHED
25881A66G4,1,A9502,True,True,MATCHED
25881A66G4,1,A9801,True,True,MATCHED
25881A66G4,2,A9002,True,True,MATCHED
25881A66G4,2,A9009,True,True,MATCHED
25881A66G4,2,A9010,True,True,MATCHED
25881A66G4,2,A9011,True,True,MATCHED
25881A66G4,2,A9012,True,True,MATCHED
25881A66G4,2,A9022,True,True,MATCHED
25881A66G4,2,A9304,True,True,MATCHED
25881A66G4,2,A9402,True,True,MATCHED
25881A66G4,2,A9503,True,True,MATCHED
25881A66G4,2,A9504,True,True,MATCHED
25881A66G5,1,A9001,True,True,MATCHED
25881A66G5,1,A9007,True,True,MATCHED
25881A66G5,1,A9008,True,True,MATCHED
25881A66G5,1,A9021,True,True,MATCHED
25881A66G5,1,A9204,True,True,MATCHED
25881A66G5,1,A9205,True,True,MATCHED
25881A66G5,1,A9302,True,True,MATCHED
25881A66G5,1,A9501,True,True,MATCHED
25881A66G5,1,A9502,True,True,MATCHED
25881A66G5,1,A9801,True,True,MATCHED
25881A66G5,2,A9002,True,True,MATCHED
25881A66G5,2,A9009,True,True,MATCHED
25881A66G5,2,A9010,True,True,MATCHED
25881A66G5,2,A9011,True,True,MATCHED
25881A66G5,2,A9012,True,True,MATCHED
25881A66G5,2,A9022,True,True,MATCHED
25881A66G5,2,A9304,True,True,MATCHED
25881A66G5,2,A9402,True,True,MATCHED
25881A66G5,2,A9503,True,True,MATCHED
25881A66G5,2,A9504,True,True,MATCHED
25881A66G6,1,A9001,True,True,MATCHED
25881A66G6,1,A9007,True,True,MATCHED
25881A66G6,1,A9008,True,True,MATCHED
25881A66G6,1,A9021,True,True,MATCHED
25881A66G6,1,A9204,True,True,MATCHED
25881A66G6,1,A9205,True,True,MATCHED
25881A66G6,1,A9302,True,True,MATCHED
25881A66G6,1,A9501,True,True,MATCHED
25881A66G6,1,A9502,True,True,MATCHED
25881A66G6,1,A9801,True,True,MATCHED
25881A66G6,2,A9002,True,True,MATCHED
25881A66G6,2,A9009,True,True,MATCHED
25881A66G6,2,A9010,True,True,MATCHED
25881A66G6,2,A9011,True,True,MATCHED
25881A66G6,2,A9012,True,True,MATCHED
25881A66G6,2,A9022,True,True,MATCHED
25881A66G6,2,A9304,True,True,MATCHED
25881A66G6,2,A9402,True,True,MATCHED
25881A66G6,2,A9503,True,True,MATCHED
25881A66G6,2,A9504,True,True,MATCHED
25881A66G7,1,A9001,True,True,MATCHED
25881A66G7,1,A9007,True,True,MATCHED
25881A66G7,1,A9008,True,True,MATCHED
25881A66G7,1,A9021,True,True,MATCHED
25881A66G7,1,A9204,True,True,MATCHED
25881A66G7,1,A9205,True,True,MATCHED
25881A66G7,1,A9302,True,True,MATCHED
25881A66G7,1,A9501,True,True,MATCHED
25881A66G7,1,A9502,True,True,MATCHED
25881A66G7,1,A9801,True,True,MATCHED
25881A66G7,2,A9002,True,True,MATCHED
25881A66G7,2,A9009,True,True,MATCHED
25881A66G7,2,A9010,True,True,MATCHED
25881A66G7,2,A9011,True,True,MATCHED
25881A66G7,2,A9012,True,True,MATCHED
25881A66G7,2,A9022,True,True,MATCHED
25881A66G7,2,A9304,True,True,MATCHED
25881A66G7,2,A9402,True,True,MATCHED
25881A66G7,2,A9503,True,True,MATCHED
25881A66G7,2,A9504,True,True,MATCHED
25881A66G8,1,A9001,True,True,MATCHED
25881A66G8,1,A9007,True,True,MATCHED
25881A66G8,1,A9008,True,True,MATCHED
25881A66G8,1,A9021,True,True,MATCHED
25881A66G8,1,A9204,True,True,MATCHED
25881A66G8,1,A9205,True,True,MATCHED
25881A66G8,1,A9302,True,True,MATCHED
25881A66G8,1,A9501,True,True,MATCHED
25881A66G8,1,A9502,True,True,MATCHED
25881A66G8,1,A9801,True,True,MATCHED
25881A66G8,2,A9002,True,True,MATCHED
25881A66G8,2,A9009,True,True,MATCHED
25881A66G8,2,A9010,True,True,MATCHED
25881A66G8,2,A9011,True,True,MATCHED
25881A66G8,2,A9012,True,True,MATCHED
25881A66G8,2,A9022,True,True,MATCHED
25881A66G8,2,A9304,True,True,MATCHED
25881A66G8,2,A9402,True,True,MATCHED
25881A66G8,2,A9503,True,True,MATCHED
25881A66G8,2,A9504,True,True,MATCHED
25881A66G9,1,A9001,True,True,MATCHED
25881A66G9,1,A9007,True,True,MATCHED
25881A66G9,1,A9008,True,True,MATCHED
25881A66G9,1,A9021,True,True,MATCHED
25881A66G9,1,A9204,True,True,MATCHED
25881A66G9,1,A9205,True,True,MATCHED
25881A66G9,1,A9302,True,True,MATCHED
25881A66G9,1,A9501,True,True,MATCHED
25881A66G9,1,A9502,True,True,MATCHED
25881A66G9,1,A9801,True,True,MATCHED
25881A66G9,2,A9002,True,True,MATCHED
25881A66G9,2,A9009,True,True,MATCHED
25881A66G9,2,A9010,True,True,MATCHED
25881A66G9,2,A9011,True,True,MATCHED
25881A66G9,2,A9012,True,True,MATCHED
25881A66G9,2,A9022,True,True,MATCHED
25881A66G9,2,A9304,True,True,MATCHED
25881A66G9,2,A9402,True,True,MATCHED
25881A66G9,2,A9503,True,True,MATCHED
25881A66G9,2,A9504,True,True,MATCHED
25881A66H0,1,A9001,True,True,MATCHED
25881A66H0,1,A9007,True,True,MATCHED
25881A66H0,1,A9008,True,True,MATCHED
25881A66H0,1,A9021,True,True,MATCHED
25881A66H0,1,A9204,True,True,MATCHED
25881A66H0,1,A9205,True,True,MATCHED
25881A66H0,1,A9302,True,True,MATCHED
25881A66H0,1,A9501,True,True,MATCHED
25881A66H0,1,A9502,True,True,MATCHED
25881A66H0,1,A9801,True,True,MATCHED
25881A66H0,2,A9002,True,True,MATCHED
25881A66H0,2,A9009,True,True,MATCHED
25881A66H0,2,A9010,True,True,MATCHED
25881A66H0,2,A9011,True,True,MATCHED
25881A66H0,2,A9012,True,True,MATCHED
25881A66H0,2,A9022,True,True,MATCHED
25881A66H0,2,A9304,True,True,MATCHED
25881A66H0,2,A9402,True,True,MATCHED
25881A66H0,2,A9503,True,True,MATCHED
25881A66H0,2,A9504,True,True,MATCHED
25881A66H1,1,A9001,True,True,MATCHED
25881A66H1,1,A9007,True,True,MATCHED
25881A66H1,1,A9008,True,True,MATCHED
25881A66H1,1,A9021,True,True,MATCHED
25881A66H1,1,A9204,True,True,MATCHED
25881A66H1,1,A9205,True,True,MATCHED
25881A66H1,1,A9302,True,True,MATCHED
25881A66H1,1,A9501,True,True,MATCHED
25881A66H1,1,A9502,True,True,MATCHED
25881A66H1,1,A9801,True,True,MATCHED
25881A66H1,2,A9002,True,True,MATCHED
25881A66H1,2,A9009,True,True,MATCHED
25881A66H1,2,A9010,True,True,MATCHED
25881A66H1,2,A9011,True,True,MATCHED
25881A66H1,2,A9012,True,True,MATCHED
25881A66H1,2,A9022,True,True,MATCHED
25881A66H1,2,A9304,True,True,MATCHED
25881A66H1,2,A9402,True,True,MATCHED
25881A66H1,2,A9503,True,True,MATCHED
25881A66H1,2,A9504,True,True,MATCHED
25881A66H2,1,A9001,True,True,MATCHED
25881A66H2,1,A9007,True,True,MATCHED
25881A66H2,1,A9008,True,True,MATCHED
25881A66H2,1,A9021,True,True,MATCHED
25881A66H2,1,A9204,True,True,MATCHED
25881A66H2,1,A9205,True,True,MATCHED
25881A66H2,1,A9302,True,True,MATCHED
25881A66H2,1,A9501,True,True,MATCHED
25881A66H2,1,A9502,True,True,MATCHED
25881A66H2,1,A9801,True,True,MATCHED
25881A66H2,2,A9002,True,True,MATCHED
25881A66H2,2,A9009,True,True,MATCHED
25881A66H2,2,A9010,True,True,MATCHED
25881A66H2,2,A9011,True,True,MATCHED
25881A66H2,2,A9012,True,True,MATCHED
25881A66H2,2,A9022,True,True,MATCHED
25881A66H2,2,A9304,True,True,MATCHED
25881A66H2,2,A9402,True,True,MATCHED
25881A66H2,2,A9503,True,True,MATCHED
25881A66H2,2,A9504,True,True,MATCHED
25881A66H3,1,A9001,True,True,MATCHED
25881A66H3,1,A9007,True,True,MATCHED
25881A66H3,1,A9008,True,True,MATCHED
25881A66H3,1,A9021,True,True,MATCHED
25881A66H3,1,A9204,True,True,MATCHED
25881A66H3,1,A9205,True,True,MATCHED
25881A66H3,1,A9302,True,True,MATCHED
25881A66H3,1,A9501,True,True,MATCHED
25881A66H3,1,A9502,True,True,MATCHED
25881A66H3,1,A9801,True,True,MATCHED
25881A66H3,2,A9002,True,True,MATCHED
25881A66H3,2,A9009,True,True,MATCHED
25881A66H3,2,A9010,True,True,MATCHED
25881A66H3,2,A9011,True,True,MATCHED
25881A66H3,2,A9012,True,True,MATCHED
25881A66H3,2,A9022,True,True,MATCHED
25881A66H3,2,A9304,True,True,MATCHED
25881A66H3,2,A9402,True,True,MATCHED
25881A66H3,2,A9503,True,True,MATCHED
25881A66H3,2,A9504,True,True,MATCHED
25881A66H4,1,A9001,True,True,MATCHED
25881A66H4,1,A9007,True,True,MATCHED
25881A66H4,1,A9008,True,True,MATCHED
25881A66H4,1,A9021,True,True,MATCHED
25881A66H4,1,A9204,True,True,MATCHED
25881A66H4,1,A9205,True,True,MATCHED
25881A66H4,1,A9302,True,True,MATCHED
25881A66H4,1,A9501,True,True,MATCHED
25881A66H4,1,A9502,True,True,MATCHED
25881A66H4,1,A9801,True,True,MATCHED
25881A66H4,2,A9002,True,True,MATCHED
25881A66H4,2,A9009,True,True,MATCHED
25881A66H4,2,A9010,True,True,MATCHED
25881A66H4,2,A9011,True,True,MATCHED
25881A66H4,2,A9012,True,True,MATCHED
25881A66H4,2,A9022,True,True,MATCHED
25881A66H4,2,A9304,True,True,MATCHED
25881A66H4,2,A9402,True,True,MATCHED
25881A66H4,2,A9503,True,True,MATCHED
25881A66H4,2,A9504,True,True,MATCHED
25881A66H5,1,A9001,True,True,MATCHED
25881A66H5,1,A9007,True,True,MATCHED
25881A66H5,1,A9008,True,True,MATCHED
25881A66H5,1,A9021,True,True,MATCHED
25881A66H5,1,A9204,True,True,MATCHED
25881A66H5,1,A9205,True,True,MATCHED
25881A66H5,1,A9302,True,True,MATCHED
25881A66H5,1,A9501,True,True,MATCHED
25881A66H5,1,A9502,True,True,MATCHED
25881A66H5,1,A9801,True,True,MATCHED
25881A66H5,2,A9002,True,True,MATCHED
25881A66H5,2,A9009,True,True,MATCHED
25881A66H5,2,A9010,True,True,MATCHED
25881A66H5,2,A9011,True,True,MATCHED
25881A66H5,2,A9012,True,True,MATCHED
25881A66H5,2,A9022,True,True,MATCHED
25881A66H5,2,A9304,True,True,MATCHED
25881A66H5,2,A9402,True,True,MATCHED
25881A66H5,2,A9503,True,True,MATCHED
25881A66H5,2,A9504,True,True,MATCHED
25881A66H6,1,A9001,True,True,MATCHED
25881A66H6,1,A9007,True,True,MATCHED
25881A66H6,1,A9008,True,True,MATCHED
25881A66H6,1,A9021,True,True,MATCHED
25881A66H6,1,A9204,True,True,MATCHED
25881A66H6,1,A9205,True,True,MATCHED
25881A66H6,1,A9302,True,True,MATCHED
25881A66H6,1,A9501,True,True,MATCHED
25881A66H6,1,A9502,True,True,MATCHED
25881A66H6,1,A9801,True,True,MATCHED
25881A66H6,2,A9002,True,True,MATCHED
25881A66H6,2,A9009,True,True,MATCHED
25881A66H6,2,A9010,True,True,MATCHED
25881A66H6,2,A9011,True,True,MATCHED
25881A66H6,2,A9012,True,True,MATCHED
25881A66H6,2,A9022,True,True,MATCHED
25881A66H6,2,A9304,True,True,MATCHED
25881A66H6,2,A9402,True,True,MATCHED
25881A66H6,2,A9503,True,True,MATCHED
25881A66H6,2,A9504,True,True,MATCHED
25881A66H7,1,A9001,True,True,MATCHED
25881A66H7,1,A9007,True,True,MATCHED
25881A66H7,1,A9008,True,True,MATCHED
25881A66H7,1,A9021,True,True,MATCHED
25881A66H7,1,A9204,True,True,MATCHED
25881A66H7,1,A9205,True,True,MATCHED
25881A66H7,1,A9302,True,True,MATCHED
25881A66H7,1,A9501,True,True,MATCHED
25881A66H7,1,A9502,True,True,MATCHED
25881A66H7,1,A9801,True,True,MATCHED
25881A66H7,2,A9002,True,True,MATCHED
25881A66H7,2,A9009,True,True,MATCHED
25881A66H7,2,A9010,True,True,MATCHED
25881A66H7,2,A9011,True,True,MATCHED
25881A66H7,2,A9012,True,True,MATCHED
25881A66H7,2,A9022,True,True,MATCHED
25881A66H7,2,A9304,True,True,MATCHED
25881A66H7,2,A9402,True,True,MATCHED
25881A66H7,2,A9503,True,True,MATCHED
25881A66H7,2,A9504,True,True,MATCHED
25881A66H8,1,A9001,True,True,MATCHED
25881A66H8,1,A9007,True,True,MATCHED
25881A66H8,1,A9008,True,True,MATCHED
25881A66H8,1,A9021,True,True,MATCHED
25881A66H8,1,A9204,True,True,MATCHED
25881A66H8,1,A9205,True,True,MATCHED
25881A66H8,1,A9302,True,True,MATCHED
25881A66H8,1,A9501,True,True,MATCHED
25881A66H8,1,A9502,True,True,MATCHED
25881A66H8,1,A9801,True,True,MATCHED
25881A66H8,2,A9002,True,True,MATCHED
25881A66H8,2,A9009,True,True,MATCHED
25881A66H8,2,A9010,True,True,MATCHED
25881A66H8,2,A9011,True,True,MATCHED
25881A66H8,2,A9012,True,True,MATCHED
25881A66H8,2,A9022,True,True,MATCHED
25881A66H8,2,A9304,True,True,MATCHED
25881A66H8,2,A9402,True,True,MATCHED
25881A66H8,2,A9503,True,True,MATCHED
25881A66H8,2,A9504,True,True,MATCHED
25881A66H9,1,A9001,True,True,MATCHED
25881A66H9,1,A9007,True,True,MATCHED
25881A66H9,1,A9008,True,True,MATCHED
25881A66H9,1,A9021,True,True,MATCHED
25881A66H9,1,A9204,True,True,MATCHED
25881A66H9,1,A9205,True,True,MATCHED
25881A66H9,1,A9302,True,True,MATCHED
25881A66H9,1,A9501,True,True,MATCHED
25881A66H9,1,A9502,True,True,MATCHED
25881A66H9,1,A9801,True,True,MATCHED
25881A66H9,2,A9002,True,True,MATCHED
25881A66H9,2,A9009,True,True,MATCHED
25881A66H9,2,A9010,True,True,MATCHED
25881A66H9,2,A9011,True,True,MATCHED
25881A66H9,2,A9012,True,True,MATCHED
25881A66H9,2,A9022,True,True,MATCHED
25881A66H9,2,A9304,True,True,MATCHED
25881A66H9,2,A9402,True,True,MATCHED
25881A66H9,2,A9503,True,True,MATCHED
25881A66H9,2,A9504,True,True,MATCHED
25881A66J0,1,A9001,True,True,MATCHED
25881A66J0,1,A9007,True,True,MATCHED
25881A66J0,1,A9008,True,True,MATCHED
25881A66J0,1,A9021,True,True,MATCHED
25881A66J0,1,A9204,True,True,MATCHED
25881A66J0,1,A9205,True,True,MATCHED
25881A66J0,1,A9302,True,True,MATCHED
25881A66J0,1,A9501,True,True,MATCHED
25881A66J0,1,A9502,True,True,MATCHED
25881A66J0,1,A9801,True,True,MATCHED
25881A66J0,2,A9002,True,True,MATCHED
25881A66J0,2,A9009,True,True,MATCHED
25881A66J0,2,A9010,True,True,MATCHED
25881A66J0,2,A9011,True,True,MATCHED
25881A66J0,2,A9012,True,True,MATCHED
25881A66J0,2,A9022,True,True,MATCHED
25881A66J0,2,A9304,True,True,MATCHED
25881A66J0,2,A9402,True,True,MATCHED
25881A66J0,2,A9503,True,True,MATCHED
25881A66J0,2,A9504,True,True,MATCHED
25881A66J1,1,A9001,True,True,MATCHED
25881A66J1,1,A9007,True,True,MATCHED
25881A66J1,1,A9008,True,True,MATCHED
25881A66J1,1,A9021,True,True,MATCHED
25881A66J1,1,A9204,True,True,MATCHED
25881A66J1,1,A9205,True,True,MATCHED
25881A66J1,1,A9302,True,True,MATCHED
25881A66J1,1,A9501,True,True,MATCHED
25881A66J1,1,A9502,True,True,MATCHED
25881A66J1,1,A9801,True,True,MATCHED
25881A66J1,2,A9002,True,True,MATCHED
25881A66J1,2,A9009,True,True,MATCHED
25881A66J1,2,A9010,True,True,MATCHED
25881A66J1,2,A9011,True,True,MATCHED
25881A66J1,2,A9012,True,True,MATCHED
25881A66J1,2,A9022,True,True,MATCHED
25881A66J1,2,A9304,True,True,MATCHED
25881A66J1,2,A9402,True,True,MATCHED
25881A66J1,2,A9503,True,True,MATCHED
25881A66J1,2,A9504,True,True,MATCHED
25881A66J2,1,A9001,True,True,MATCHED
25881A66J2,1,A9007,True,True,MATCHED
25881A66J2,1,A9008,True,True,MATCHED
25881A66J2,1,A9021,True,True,MATCHED
25881A66J2,1,A9204,True,True,MATCHED
25881A66J2,1,A9205,True,True,MATCHED
25881A66J2,1,A9302,True,True,MATCHED
25881A66J2,1,A9501,True,True,MATCHED
25881A66J2,1,A9502,True,True,MATCHED
25881A66J2,1,A9801,True,True,MATCHED
25881A66J2,2,A9002,True,True,MATCHED
25881A66J2,2,A9009,True,True,MATCHED
25881A66J2,2,A9010,True,True,MATCHED
25881A66J2,2,A9011,True,True,MATCHED
25881A66J2,2,A9012,True,True,MATCHED
25881A66J2,2,A9022,True,True,MATCHED
25881A66J2,2,A9304,True,True,MATCHED
25881A66J2,2,A9402,True,True,MATCHED
25881A66J2,2,A9503,True,True,MATCHED
25881A66J2,2,A9504,True,True,MATCHED
25881A66J3,1,A9001,True,True,MATCHED
25881A66J3,1,A9007,True,True,MATCHED
25881A66J3,1,A9008,True,True,MATCHED
25881A66J3,1,A9021,True,True,MATCHED
25881A66J3,1,A9204,True,True,MATCHED
25881A66J3,1,A9205,True,True,MATCHED
25881A66J3,1,A9302,True,True,MATCHED
25881A66J3,1,A9501,True,True,MATCHED
25881A66J3,1,A9502,True,True,MATCHED
25881A66J3,1,A9801,True,True,MATCHED
25881A66J3,2,A9002,True,True,MATCHED
25881A66J3,2,A9009,True,True,MATCHED
25881A66J3,2,A9010,True,True,MATCHED
25881A66J3,2,A9011,True,True,MATCHED
25881A66J3,2,A9012,True,True,MATCHED
25881A66J3,2,A9022,True,True,MATCHED
25881A66J3,2,A9304,True,True,MATCHED
25881A66J3,2,A9402,True,True,MATCHED
25881A66J3,2,A9503,True,True,MATCHED
25881A66J3,2,A9504,True,True,MATCHED
25881A66J4,1,A9001,True,True,MATCHED
25881A66J4,1,A9007,True,True,MATCHED
25881A66J4,1,A9008,True,True,MATCHED
25881A66J4,1,A9021,True,True,MATCHED
25881A66J4,1,A9204,True,True,MATCHED
25881A66J4,1,A9205,True,True,MATCHED
25881A66J4,1,A9302,True,True,MATCHED
25881A66J4,1,A9501,True,True,MATCHED
25881A66J4,1,A9502,True,True,MATCHED
25881A66J4,1,A9801,True,True,MATCHED
25881A66J4,2,A9002,True,True,MATCHED
25881A66J4,2,A9009,True,True,MATCHED
25881A66J4,2,A9010,True,True,MATCHED
25881A66J4,2,A9011,True,True,MATCHED
25881A66J4,2,A9012,True,True,MATCHED
25881A66J4,2,A9022,True,True,MATCHED
25881A66J4,2,A9304,True,True,MATCHED
25881A66J4,2,A9402,True,True,MATCHED
25881A66J4,2,A9503,True,True,MATCHED
25881A66J4,2,A9504,True,True,MATCHED
25881A66J5,1,A9001,True,True,MATCHED
25881A66J5,1,A9007,True,True,MATCHED
25881A66J5,1,A9008,True,True,MATCHED
25881A66J5,1,A9021,True,True,MATCHED
25881A66J5,1,A9204,True,True,MATCHED
25881A66J5,1,A9205,True,True,MATCHED
25881A66J5,1,A9302,True,True,MATCHED
25881A66J5,1,A9501,True,True,MATCHED
25881A66J5,1,A9502,True,True,MATCHED
25881A66J5,1,A9801,True,True,MATCHED
25881A66J5,2,A9002,True,True,MATCHED
25881A66J5,2,A9009,True,True,MATCHED
25881A66J5,2,A9010,True,True,MATCHED
25881A66J5,2,A9011,True,True,MATCHED
25881A66J5,2,A9012,True,True,MATCHED
25881A66J5,2,A9022,True,True,MATCHED
25881A66J5,2,A9304,True,True,MATCHED
25881A66J5,2,A9402,True,True,MATCHED
25881A66J5,2,A9503,True,True,MATCHED
25881A66J5,2,A9504,True,True,MATCHED
25881A66J6,1,A9001,True,True,MATCHED
25881A66J6,1,A9007,True,True,MATCHED
25881A66J6,1,A9008,True,True,MATCHED
25881A66J6,1,A9021,True,True,MATCHED
25881A66J6,1,A9204,True,True,MATCHED
25881A66J6,1,A9205,True,True,MATCHED
25881A66J6,1,A9302,True,True,MATCHED
25881A66J6,1,A9501,True,True,MATCHED
25881A66J6,1,A9502,True,True,MATCHED
25881A66J6,1,A9801,True,True,MATCHED
25881A66J6,2,A9002,True,True,MATCHED
25881A66J6,2,A9009,True,True,MATCHED
25881A66J6,2,A9010,True,True,MATCHED
25881A66J6,2,A9011,True,True,MATCHED
25881A66J6,2,A9012,True,True,MATCHED
25881A66J6,2,A9022,True,True,MATCHED
25881A66J6,2,A9304,True,True,MATCHED
25881A66J6,2,A9402,True,True,MATCHED
25881A66J6,2,A9503,True,True,MATCHED
25881A66J6,2,A9504,True,True,MATCHED
25881A66J7,1,A9001,True,True,MATCHED
25881A66J7,1,A9007,True,True,MATCHED
25881A66J7,1,A9008,True,True,MATCHED
25881A66J7,1,A9021,True,True,MATCHED
25881A66J7,1,A9204,True,True,MATCHED
25881A66J7,1,A9205,True,True,MATCHED
25881A66J7,1,A9302,True,True,MATCHED
25881A66J7,1,A9501,True,True,MATCHED
25881A66J7,1,A9502,True,True,MATCHED
25881A66J7,1,A9801,True,True,MATCHED
25881A66J7,2,A9002,True,True,MATCHED
25881A66J7,2,A9009,True,True,MATCHED
25881A66J7,2,A9010,True,True,MATCHED
25881A66J7,2,A9011,True,True,MATCHED
25881A66J7,2,A9012,True,True,MATCHED
25881A66J7,2,A9022,True,True,MATCHED
25881A66J7,2,A9304,True,True,MATCHED
25881A66J7,2,A9402,True,True,MATCHED
25881A66J7,2,A9503,True,True,MATCHED
25881A66J7,2,A9504,True,True,MATCHED
25881A66J8,1,A9001,True,True,MATCHED
25881A66J8,1,A9007,True,True,MATCHED
25881A66J8,1,A9008,True,True,MATCHED
25881A66J8,1,A9021,True,True,MATCHED
25881A66J8,1,A9204,True,True,MATCHED
25881A66J8,1,A9205,True,True,MATCHED
25881A66J8,1,A9302,True,True,MATCHED
25881A66J8,1,A9501,True,True,MATCHED
25881A66J8,1,A9502,True,True,MATCHED
25881A66J8,1,A9801,True,True,MATCHED
25881A66J8,2,A9002,True,True,MATCHED
25881A66J8,2,A9009,True,True,MATCHED
25881A66J8,2,A9010,True,True,MATCHED
25881A66J8,2,A9011,True,True,MATCHED
25881A66J8,2,A9012,True,True,MATCHED
25881A66J8,2,A9022,True,True,MATCHED
25881A66J8,2,A9304,True,True,MATCHED
25881A66J8,2,A9402,True,True,MATCHED
25881A66J8,2,A9503,True,True,MATCHED
25881A66J8,2,A9504,True,True,MATCHED
25881A66J9,1,A9001,True,True,MATCHED
25881A66J9,1,A9007,True,True,MATCHED
25881A66J9,1,A9008,True,True,MATCHED
25881A66J9,1,A9021,True,True,MATCHED
25881A66J9,1,A9204,True,True,MATCHED
25881A66J9,1,A9205,True,True,MATCHED
25881A66J9,1,A9302,True,True,MATCHED
25881A66J9,1,A9501,True,True,MATCHED
25881A66J9,1,A9502,True,True,MATCHED
25881A66J9,1,A9801,True,True,MATCHED
25881A66J9,2,A9002,True,True,MATCHED
25881A66J9,2,A9009,True,True,MATCHED
25881A66J9,2,A9010,True,True,MATCHED
25881A66J9,2,A9011,True,True,MATCHED
25881A66J9,2,A9012,True,True,MATCHED
25881A66J9,2,A9022,True,True,MATCHED
25881A66J9,2,A9304,True,True,MATCHED
25881A66J9,2,A9402,True,True,MATCHED
25881A66J9,2,A9503,True,True,MATCHED
25881A66J9,2,A9504,True,True,MATCHED
25881A66K0,1,A9001,True,True,MATCHED
25881A66K0,1,A9007,True,True,MATCHED
25881A66K0,1,A9008,True,True,MATCHED
25881A66K0,1,A9021,True,True,MATCHED
25881A66K0,1,A9204,True,True,MATCHED
25881A66K0,1,A9205,True,True,MATCHED
25881A66K0,1,A9302,True,True,MATCHED
25881A66K0,1,A9501,True,True,MATCHED
25881A66K0,1,A9502,True,True,MATCHED
25881A66K0,1,A9801,True,True,MATCHED
25881A66K0,2,A9002,True,True,MATCHED
25881A66K0,2,A9009,True,True,MATCHED
25881A66K0,2,A9010,True,True,MATCHED
25881A66K0,2,A9011,True,True,MATCHED
25881A66K0,2,A9012,True,True,MATCHED
25881A66K0,2,A9022,True,True,MATCHED
25881A66K0,2,A9304,True,True,MATCHED
25881A66K0,2,A9402,True,True,MATCHED
25881A66K0,2,A9503,True,True,MATCHED
25881A66K0,2,A9504,True,True,MATCHED
25881A66K1,1,A9001,True,True,MATCHED
25881A66K1,1,A9007,True,True,MATCHED
25881A66K1,1,A9008,True,True,MATCHED
25881A66K1,1,A9021,True,True,MATCHED
25881A66K1,1,A9204,True,True,MATCHED
25881A66K1,1,A9205,True,True,MATCHED
25881A66K1,1,A9302,True,True,MATCHED
25881A66K1,1,A9501,True,True,MATCHED
25881A66K1,1,A9502,True,True,MATCHED
25881A66K1,1,A9801,True,True,MATCHED
25881A66K1,2,A9002,True,True,MATCHED
25881A66K1,2,A9009,True,True,MATCHED
25881A66K1,2,A9010,True,True,MATCHED
25881A66K1,2,A9011,True,True,MATCHED
25881A66K1,2,A9012,True,True,MATCHED
25881A66K1,2,A9022,True,True,MATCHED
25881A66K1,2,A9304,True,True,MATCHED
25881A66K1,2,A9402,True,True,MATCHED
25881A66K1,2,A9503,True,True,MATCHED
25881A66K1,2,A9504,True,True,MATCHED
25881A66K2,1,A9001,True,True,MATCHED
25881A66K2,1,A9007,True,True,MATCHED
25881A66K2,1,A9008,True,True,MATCHED
25881A66K2,1,A9021,True,True,MATCHED
25881A66K2,1,A9204,True,True,MATCHED
25881A66K2,1,A9205,True,True,MATCHED
25881A66K2,1,A9302,True,True,MATCHED
25881A66K2,1,A9501,True,True,MATCHED
25881A66K2,1,A9502,True,True,MATCHED
25881A66K2,1,A9801,True,True,MATCHED
25881A66K2,2,A9002,True,True,MATCHED
25881A66K2,2,A9009,True,True,MATCHED
25881A66K2,2,A9010,True,True,MATCHED
25881A66K2,2,A9011,True,True,MATCHED
25881A66K2,2,A9012,True,True,MATCHED
25881A66K2,2,A9022,True,True,MATCHED
25881A66K2,2,A9304,True,True,MATCHED
25881A66K2,2,A9402,True,True,MATCHED
25881A66K2,2,A9503,True,True,MATCHED
25881A66K2,2,A9504,True,True,MATCHED
25881A66K3,1,A9001,True,True,MATCHED
25881A66K3,1,A9007,True,True,MATCHED
25881A66K3,1,A9008,True,True,MATCHED
25881A66K3,1,A9021,True,True,MATCHED
25881A66K3,1,A9204,True,True,MATCHED
25881A66K3,1,A9205,True,True,MATCHED
25881A66K3,1,A9302,True,True,MATCHED
25881A66K3,1,A9501,True,True,MATCHED
25881A66K3,1,A9502,True,True,MATCHED
25881A66K3,1,A9801,True,True,MATCHED
25881A66K3,2,A9002,True,True,MATCHED
25881A66K3,2,A9009,True,True,MATCHED
25881A66K3,2,A9010,True,True,MATCHED
25881A66K3,2,A9011,True,True,MATCHED
25881A66K3,2,A9012,True,True,MATCHED
25881A66K3,2,A9022,True,True,MATCHED
25881A66K3,2,A9304,True,True,MATCHED
25881A66K3,2,A9402,True,True,MATCHED
25881A66K3,2,A9503,True,True,MATCHED
25881A66K3,2,A9504,True,True,MATCHED
