roll_no,student_name,section,semester,subject_code,subject_name,attendance_percentage,classes_attended,classes_conducted,dataset_type,attendance_id,student_id,subject_id
25881A6601,,A,1,A9001,Matrices and Calculus,88.0,66,75,sem1_attendance,ATT_S1_25881A6601_A9001,STU_25881A6601,SUB_1_A9001
25881A6601,,A,1,A9007,Engineering Physics,83.78,62,74,sem1_attendance,ATT_S1_25881A6601_A9007,STU_25881A6601,SUB_1_A9007
25881A6601,,A,1,A9501,Programming for Problem Solving,90.28,65,72,sem1_attendance,ATT_S1_25881A6601_A9501,STU_25881A6601,SUB_1_A9501
25881A6601,,A,1,A9204,Basic Electrical Engineering,89.47,68,76,sem1_attendance,ATT_S1_25881A6601_A9204,STU_25881A6601,SUB_1_A9204
25881A6601,,A,1,A9801,Foundations of Data Science,90.16,55,61,sem1_attendance,ATT_S1_25881A6601_A9801,STU_25881A6601,SUB_1_A9801
25881A6601,,A,1,A9008,Engineering Physics Laboratory,100.0,42,42,sem1_attendance,ATT_S1_25881A6601_A9008,STU_25881A6601,SUB_1_A9008
25881A6601,,A,1,A9502,Programming for Problem Solving Laboratory,87.5,42,48,sem1_attendance,ATT_S1_25881A6601_A9502,STU_25881A6601,SUB_1_A9502
25881A6601,,A,1,A9205,Basic Electrical Engineering Laboratory,92.11,35,38,sem1_attendance,ATT_S1_25881A6601_A9205,STU_25881A6601,SUB_1_A9205
25881A6601,,A,1,A9302,Engineering Workshop,85.71,36,42,sem1_attendance,ATT_S1_25881A6601_A9302,STU_25881A6601,SUB_1_A9302
25881A6601,,A,1,A9021,Community Centered Design Thinking,92.86,39,42,sem1_attendance,ATT_S1_25881A6601_A9021,STU_25881A6601,SUB_1_A9021
25881A6602,,A,1,A9001,Matrices and Calculus,89.33,67,75,sem1_attendance,ATT_S1_25881A6602_A9001,STU_25881A6602,SUB_1_A9001
25881A6602,,A,1,A9007,Engineering Physics,91.89,68,74,sem1_attendance,ATT_S1_25881A6602_A9007,STU_25881A6602,SUB_1_A9007
25881A6602,,A,1,A9501,Programming for Problem Solving,94.44,68,72,sem1_attendance,ATT_S1_25881A6602_A9501,STU_25881A6602,SUB_1_A9501
25881A6602,,A,1,A9204,Basic Electrical Engineering,94.74,72,76,sem1_attendance,ATT_S1_25881A6602_A9204,STU_25881A6602,SUB_1_A9204
25881A6602,,A,1,A9801,Foundations of Data Science,95.08,58,61,sem1_attendance,ATT_S1_25881A6602_A9801,STU_25881A6602,SUB_1_A9801
25881A6602,,A,1,A9008,Engineering Physics Laboratory,78.57,33,42,sem1_attendance,ATT_S1_25881A6602_A9008,STU_25881A6602,SUB_1_A9008
25881A6602,,A,1,A9502,Programming for Problem Solving Laboratory,93.75,45,48,sem1_attendance,ATT_S1_25881A6602_A9502,STU_25881A6602,SUB_1_A9502
25881A6602,,A,1,A9205,Basic Electrical Engineering Laboratory,100.0,38,38,sem1_attendance,ATT_S1_25881A6602_A9205,STU_25881A6602,SUB_1_A9205
25881A6602,,A,1,A9302,Engineering Workshop,85.71,36,42,sem1_attendance,ATT_S1_25881A6602_A9302,STU_25881A6602,SUB_1_A9302
25881A6602,,A,1,A9021,Community Centered Design Thinking,78.57,33,42,sem1_attendance,ATT_S1_25881A6602_A9021,STU_25881A6602,SUB_1_A9021
25881A6603,,A,1,A9001,Matrices and Calculus,81.33,61,75,sem1_attendance,ATT_S1_25881A6603_A9001,STU_25881A6603,SUB_1_A9001
25881A6603,,A,1,A9007,Engineering Physics,83.78,62,74,sem1_attendance,ATT_S1_25881A6603_A9007,STU_25881A6603,SUB_1_A9007
25881A6603,,A,1,A9501,Programming for Problem Solving,83.33,60,72,sem1_attendance,ATT_S1_25881A6603_A9501,STU_25881A6603,SUB_1_A9501
25881A6603,,A,1,A9204,Basic Electrical Engineering,86.84,66,76,sem1_attendance,ATT_S1_25881A6603_A9204,STU_25881A6603,SUB_1_A9204
25881A6603,,A,1,A9801,Foundations of Data Science,88.52,54,61,sem1_attendance,ATT_S1_25881A6603_A9801,STU_25881A6603,SUB_1_A9801
25881A6603,,A,1,A9008,Engineering Physics Laboratory,78.57,33,42,sem1_attendance,ATT_S1_25881A6603_A9008,STU_25881A6603,SUB_1_A9008
25881A6603,,A,1,A9502,Programming for Problem Solving Laboratory,75.0,36,48,sem1_attendance,ATT_S1_25881A6603_A9502,STU_25881A6603,SUB_1_A9502
25881A6603,,A,1,A9205,Basic Electrical Engineering Laboratory,100.0,38,38,sem1_attendance,ATT_S1_25881A6603_A9205,STU_25881A6603,SUB_1_A9205
25881A6603,,A,1,A9302,Engineering Workshop,78.57,33,42,sem1_attendance,ATT_S1_25881A6603_A9302,STU_25881A6603,SUB_1_A9302
25881A6603,,A,1,A9021,Community Centered Design Thinking,85.71,36,42,sem1_attendance,ATT_S1_25881A6603_A9021,STU_25881A6603,SUB_1_A9021
25881A6604,,A,1,A9001,Matrices and Calculus,94.67,71,75,sem1_attendance,ATT_S1_25881A6604_A9001,STU_25881A6604,SUB_1_A9001
25881A6604,,A,1,A9007,Engineering Physics,98.65,73,74,sem1_attendance,ATT_S1_25881A6604_A9007,STU_25881A6604,SUB_1_A9007
25881A6604,,A,1,A9501,Programming for Problem Solving,98.61,71,72,sem1_attendance,ATT_S1_25881A6604_A9501,STU_25881A6604,SUB_1_A9501
25881A6604,,A,1,A9204,Basic Electrical Engineering,98.68,75,76,sem1_attendance,ATT_S1_25881A6604_A9204,STU_25881A6604,SUB_1_A9204
25881A6604,,A,1,A9801,Foundations of Data Science,96.72,59,61,sem1_attendance,ATT_S1_25881A6604_A9801,STU_25881A6604,SUB_1_A9801
25881A6604,,A,1,A9008,Engineering Physics Laboratory,100.0,42,42,sem1_attendance,ATT_S1_25881A6604_A9008,STU_25881A6604,SUB_1_A9008
25881A6604,,A,1,A9502,Programming for Problem Solving Laboratory,100.0,48,48,sem1_attendance,ATT_S1_25881A6604_A9502,STU_25881A6604,SUB_1_A9502
25881A6604,,A,1,A9205,Basic Electrical Engineering Laboratory,92.11,35,38,sem1_attendance,ATT_S1_25881A6604_A9205,STU_25881A6604,SUB_1_A9205
25881A6604,,A,1,A9302,Engineering Workshop,92.86,39,42,sem1_attendance,ATT_S1_25881A6604_A9302,STU_25881A6604,SUB_1_A9302
25881A6604,,A,1,A9021,Community Centered Design Thinking,100.0,42,42,sem1_attendance,ATT_S1_25881A6604_A9021,STU_25881A6604,SUB_1_A9021
25881A6605,,A,1,A9001,Matrices and Calculus,73.33,55,75,sem1_attendance,ATT_S1_25881A6605_A9001,STU_25881A6605,SUB_1_A9001
25881A6605,,A,1,A9007,Engineering Physics,77.03,57,74,sem1_attendance,ATT_S1_25881A6605_A9007,STU_25881A6605,SUB_1_A9007
25881A6605,,A,1,A9501,Programming for Problem Solving,79.17,57,72,sem1_attendance,ATT_S1_25881A6605_A9501,STU_25881A6605,SUB_1_A9501
25881A6605,,A,1,A9204,Basic Electrical Engineering,82.89,63,76,sem1_attendance,ATT_S1_25881A6605_A9204,STU_25881A6605,SUB_1_A9204
25881A6605,,A,1,A9801,Foundations of Data Science,83.61,51,61,sem1_attendance,ATT_S1_25881A6605_A9801,STU_25881A6605,SUB_1_A9801
25881A6605,,A,1,A9008,Engineering Physics Laboratory,88.1,37,42,sem1_attendance,ATT_S1_25881A6605_A9008,STU_25881A6605,SUB_1_A9008
25881A6605,,A,1,A9502,Programming for Problem Solving Laboratory,93.75,45,48,sem1_attendance,ATT_S1_25881A6605_A9502,STU_25881A6605,SUB_1_A9502
25881A6605,,A,1,A9205,Basic Electrical Engineering Laboratory,84.21,32,38,sem1_attendance,ATT_S1_25881A6605_A9205,STU_25881A6605,SUB_1_A9205
25881A6605,,A,1,A9302,Engineering Workshop,78.57,33,42,sem1_attendance,ATT_S1_25881A6605_A9302,STU_25881A6605,SUB_1_A9302
25881A6605,,A,1,A9021,Community Centered Design Thinking,78.57,33,42,sem1_attendance,ATT_S1_25881A6605_A9021,STU_25881A6605,SUB_1_A9021
25881A6606,,A,1,A9001,Matrices and Calculus,94.67,71,75,sem1_attendance,ATT_S1_25881A6606_A9001,STU_25881A6606,SUB_1_A9001
25881A6606,,A,1,A9007,Engineering Physics,94.59,70,74,sem1_attendance,ATT_S1_25881A6606_A9007,STU_25881A6606,SUB_1_A9007
25881A6606,,A,1,A9501,Programming for Problem Solving,94.44,68,72,sem1_attendance,ATT_S1_25881A6606_A9501,STU_25881A6606,SUB_1_A9501
25881A6606,,A,1,A9204,Basic Electrical Engineering,98.68,75,76,sem1_attendance,ATT_S1_25881A6606_A9204,STU_25881A6606,SUB_1_A9204
25881A6606,,A,1,A9801,Foundations of Data Science,95.08,58,61,sem1_attendance,ATT_S1_25881A6606_A9801,STU_25881A6606,SUB_1_A9801
25881A6606,,A,1,A9008,Engineering Physics Laboratory,92.86,39,42,sem1_attendance,ATT_S1_25881A6606_A9008,STU_25881A6606,SUB_1_A9008
25881A6606,,A,1,A9502,Programming for Problem Solving Laboratory,100.0,48,48,sem1_attendance,ATT_S1_25881A6606_A9502,STU_25881A6606,SUB_1_A9502
25881A6606,,A,1,A9205,Basic Electrical Engineering Laboratory,100.0,38,38,sem1_attendance,ATT_S1_25881A6606_A9205,STU_25881A6606,SUB_1_A9205
25881A6606,,A,1,A9302,Engineering Workshop,100.0,42,42,sem1_attendance,ATT_S1_25881A6606_A9302,STU_25881A6606,SUB_1_A9302
25881A6606,,A,1,A9021,Community Centered Design Thinking,85.71,36,42,sem1_attendance,ATT_S1_25881A6606_A9021,STU_25881A6606,SUB_1_A9021
25881A6607,,A,1,A9001,Matrices and Calculus,82.67,62,75,sem1_attendance,ATT_S1_25881A6607_A9001,STU_25881A6607,SUB_1_A9001
25881A6607,,A,1,A9007,Engineering Physics,82.43,61,74,sem1_attendance,ATT_S1_25881A6607_A9007,STU_25881A6607,SUB_1_A9007
25881A6607,,A,1,A9501,Programming for Problem Solving,86.11,62,72,sem1_attendance,ATT_S1_25881A6607_A9501,STU_25881A6607,SUB_1_A9501
25881A6607,,A,1,A9204,Basic Electrical Engineering,84.21,64,76,sem1_attendance,ATT_S1_25881A6607_A9204,STU_25881A6607,SUB_1_A9204
25881A6607,,A,1,A9801,Foundations of Data Science,81.97,50,61,sem1_attendance,ATT_S1_25881A6607_A9801,STU_25881A6607,SUB_1_A9801
25881A6607,,A,1,A9008,Engineering Physics Laboratory,78.57,33,42,sem1_attendance,ATT_S1_25881A6607_A9008,STU_25881A6607,SUB_1_A9008
25881A6607,,A,1,A9502,Programming for Problem Solving Laboratory,75.0,36,48,sem1_attendance,ATT_S1_25881A6607_A9502,STU_25881A6607,SUB_1_A9502
25881A6607,,A,1,A9205,Basic Electrical Engineering Laboratory,52.63,20,38,sem1_attendance,ATT_S1_25881A6607_A9205,STU_25881A6607,SUB_1_A9205
25881A6607,,A,1,A9302,Engineering Workshop,85.71,36,42,sem1_attendance,ATT_S1_25881A6607_A9302,STU_25881A6607,SUB_1_A9302
25881A6607,,A,1,A9021,Community Centered Design Thinking,78.57,33,42,sem1_attendance,ATT_S1_25881A6607_A9021,STU_25881A6607,SUB_1_A9021
25881A6608,,A,1,A9001,Matrices and Calculus,96.0,72,75,sem1_attendance,ATT_S1_25881A6608_A9001,STU_25881A6608,SUB_1_A9001
25881A6608,,A,1,A9007,Engineering Physics,95.95,71,74,sem1_attendance,ATT_S1_25881A6608_A9007,STU_25881A6608,SUB_1_A9007
25881A6608,,A,1,A9501,Programming for Problem Solving,95.83,69,72,sem1_attendance,ATT_S1_25881A6608_A9501,STU_25881A6608,SUB_1_A9501
25881A6608,,A,1,A9204,Basic Electrical Engineering,97.37,74,76,sem1_attendance,ATT_S1_25881A6608_A9204,STU_25881A6608,SUB_1_A9204
25881A6608,,A,1,A9801,Foundations of Data Science,95.08,58,61,sem1_attendance,ATT_S1_25881A6608_A9801,STU_25881A6608,SUB_1_A9801
25881A6608,,A,1,A9008,Engineering Physics Laboratory,92.86,39,42,sem1_attendance,ATT_S1_25881A6608_A9008,STU_25881A6608,SUB_1_A9008
25881A6608,,A,1,A9502,Programming for Problem Solving Laboratory,100.0,48,48,sem1_attendance,ATT_S1_25881A6608_A9502,STU_25881A6608,SUB_1_A9502
25881A6608,,A,1,A9205,Basic Electrical Engineering Laboratory,100.0,38,38,sem1_attendance,ATT_S1_25881A6608_A9205,STU_25881A6608,SUB_1_A9205
25881A6608,,A,1,A9302,Engineering Workshop,92.86,39,42,sem1_attendance,ATT_S1_25881A6608_A9302,STU_25881A6608,SUB_1_A9302
25881A6608,,A,1,A9021,Community Centered Design Thinking,92.86,39,42,sem1_attendance,ATT_S1_25881A6608_A9021,STU_25881A6608,SUB_1_A9021
25881A6609,,A,1,A9001,Matrices and Calculus,80.0,60,75,sem1_attendance,ATT_S1_25881A6609_A9001,STU_25881A6609,SUB_1_A9001
25881A6609,,A,1,A9007,Engineering Physics,81.08,60,74,sem1_attendance,ATT_S1_25881A6609_A9007,STU_25881A6609,SUB_1_A9007
25881A6609,,A,1,A9501,Programming for Problem Solving,88.89,64,72,sem1_attendance,ATT_S1_25881A6609_A9501,STU_25881A6609,SUB_1_A9501
25881A6609,,A,1,A9204,Basic Electrical Engineering,88.16,67,76,sem1_attendance,ATT_S1_25881A6609_A9204,STU_25881A6609,SUB_1_A9204
25881A6609,,A,1,A9801,Foundations of Data Science,83.61,51,61,sem1_attendance,ATT_S1_25881A6609_A9801,STU_25881A6609,SUB_1_A9801
25881A6609,,A,1,A9008,Engineering Physics Laboratory,92.86,39,42,sem1_attendance,ATT_S1_25881A6609_A9008,STU_25881A6609,SUB_1_A9008
25881A6609,,A,1,A9502,Programming for Problem Solving Laboratory,87.5,42,48,sem1_attendance,ATT_S1_25881A6609_A9502,STU_25881A6609,SUB_1_A9502
25881A6609,,A,1,A9205,Basic Electrical Engineering Laboratory,68.42,26,38,sem1_attendance,ATT_S1_25881A6609_A9205,STU_25881A6609,SUB_1_A9205
25881A6609,,A,1,A9302,Engineering Workshop,85.71,36,42,sem1_attendance,ATT_S1_25881A6609_A9302,STU_25881A6609,SUB_1_A9302
25881A6609,,A,1,A9021,Community Centered Design Thinking,71.43,30,42,sem1_attendance,ATT_S1_25881A6609_A9021,STU_25881A6609,SUB_1_A9021
25881A6610,,A,1,A9001,Matrices and Calculus,85.33,64,75,sem1_attendance,ATT_S1_25881A6610_A9001,STU_25881A6610,SUB_1_A9001
25881A6610,,A,1,A9007,Engineering Physics,87.84,65,74,sem1_attendance,ATT_S1_25881A6610_A9007,STU_25881A6610,SUB_1_A9007
25881A6610,,A,1,A9501,Programming for Problem Solving,88.89,64,72,sem1_attendance,ATT_S1_25881A6610_A9501,STU_25881A6610,SUB_1_A9501
25881A6610,,A,1,A9204,Basic Electrical Engineering,89.47,68,76,sem1_attendance,ATT_S1_25881A6610_A9204,STU_25881A6610,SUB_1_A9204
25881A6610,,A,1,A9801,Foundations of Data Science,90.16,55,61,sem1_attendance,ATT_S1_25881A6610_A9801,STU_25881A6610,SUB_1_A9801
25881A6610,,A,1,A9008,Engineering Physics Laboratory,71.43,30,42,sem1_attendance,ATT_S1_25881A6610_A9008,STU_25881A6610,SUB_1_A9008
25881A6610,,A,1,A9502,Programming for Problem Solving Laboratory,87.5,42,48,sem1_attendance,ATT_S1_25881A6610_A9502,STU_25881A6610,SUB_1_A9502
25881A6610,,A,1,A9205,Basic Electrical Engineering Laboratory,92.11,35,38,sem1_attendance,ATT_S1_25881A6610_A9205,STU_25881A6610,SUB_1_A9205
25881A6610,,A,1,A9302,Engineering Workshop,71.43,30,42,sem1_attendance,ATT_S1_25881A6610_A9302,STU_25881A6610,SUB_1_A9302
25881A6610,,A,1,A9021,Community Centered Design Thinking,85.71,36,42,sem1_attendance,ATT_S1_25881A6610_A9021,STU_25881A6610,SUB_1_A9021
25881A6611,,A,1,A9001,Matrices and Calculus,94.67,71,75,sem1_attendance,ATT_S1_25881A6611_A9001,STU_25881A6611,SUB_1_A9001
25881A6611,,A,1,A9007,Engineering Physics,91.89,68,74,sem1_attendance,ATT_S1_25881A6611_A9007,STU_25881A6611,SUB_1_A9007
25881A6611,,A,1,A9501,Programming for Problem Solving,93.06,67,72,sem1_attendance,ATT_S1_25881A6611_A9501,STU_25881A6611,SUB_1_A9501
25881A6611,,A,1,A9204,Basic Electrical Engineering,94.74,72,76,sem1_attendance,ATT_S1_25881A6611_A9204,STU_25881A6611,SUB_1_A9204
25881A6611,,A,1,A9801,Foundations of Data Science,95.08,58,61,sem1_attendance,ATT_S1_25881A6611_A9801,STU_25881A6611,SUB_1_A9801
25881A6611,,A,1,A9008,Engineering Physics Laboratory,92.86,39,42,sem1_attendance,ATT_S1_25881A6611_A9008,STU_25881A6611,SUB_1_A9008
25881A6611,,A,1,A9502,Programming for Problem Solving Laboratory,93.75,45,48,sem1_attendance,ATT_S1_25881A6611_A9502,STU_25881A6611,SUB_1_A9502
25881A6611,,A,1,A9205,Basic Electrical Engineering Laboratory,84.21,32,38,sem1_attendance,ATT_S1_25881A6611_A9205,STU_25881A6611,SUB_1_A9205
25881A6611,,A,1,A9302,Engineering Workshop,85.71,36,42,sem1_attendance,ATT_S1_25881A6611_A9302,STU_25881A6611,SUB_1_A9302
25881A6611,,A,1,A9021,Community Centered Design Thinking,92.86,39,42,sem1_attendance,ATT_S1_25881A6611_A9021,STU_25881A6611,SUB_1_A9021
25881A6612,,A,1,A9001,Matrices and Calculus,82.67,62,75,sem1_attendance,ATT_S1_25881A6612_A9001,STU_25881A6612,SUB_1_A9001
25881A6612,,A,1,A9007,Engineering Physics,79.73,59,74,sem1_attendance,ATT_S1_25881A6612_A9007,STU_25881A6612,SUB_1_A9007
25881A6612,,A,1,A9501,Programming for Problem Solving,88.89,64,72,sem1_attendance,ATT_S1_25881A6612_A9501,STU_25881A6612,SUB_1_A9501
25881A6612,,A,1,A9204,Basic Electrical Engineering,93.42,71,76,sem1_attendance,ATT_S1_25881A6612_A9204,STU_25881A6612,SUB_1_A9204
25881A6612,,A,1,A9801,Foundations of Data Science,83.61,51,61,sem1_attendance,ATT_S1_25881A6612_A9801,STU_25881A6612,SUB_1_A9801
25881A6612,,A,1,A9008,Engineering Physics Laboratory,78.57,33,42,sem1_attendance,ATT_S1_25881A6612_A9008,STU_25881A6612,SUB_1_A9008
25881A6612,,A,1,A9502,Programming for Problem Solving Laboratory,81.25,39,48,sem1_attendance,ATT_S1_25881A6612_A9502,STU_25881A6612,SUB_1_A9502
25881A6612,,A,1,A9205,Basic Electrical Engineering Laboratory,84.21,32,38,sem1_attendance,ATT_S1_25881A6612_A9205,STU_25881A6612,SUB_1_A9205
25881A6612,,A,1,A9302,Engineering Workshop,85.71,36,42,sem1_attendance,ATT_S1_25881A6612_A9302,STU_25881A6612,SUB_1_A9302
25881A6612,,A,1,A9021,Community Centered Design Thinking,85.71,36,42,sem1_attendance,ATT_S1_25881A6612_A9021,STU_25881A6612,SUB_1_A9021
25881A6613,,A,1,A9001,Matrices and Calculus,86.67,65,75,sem1_attendance,ATT_S1_25881A6613_A9001,STU_25881A6613,SUB_1_A9001
25881A6613,,A,1,A9007,Engineering Physics,86.49,64,74,sem1_attendance,ATT_S1_25881A6613_A9007,STU_25881A6613,SUB_1_A9007
25881A6613,,A,1,A9501,Programming for Problem Solving,88.89,64,72,sem1_attendance,ATT_S1_25881A6613_A9501,STU_25881A6613,SUB_1_A9501
25881A6613,,A,1,A9204,Basic Electrical Engineering,85.53,65,76,sem1_attendance,ATT_S1_25881A6613_A9204,STU_25881A6613,SUB_1_A9204
25881A6613,,A,1,A9801,Foundations of Data Science,86.89,53,61,sem1_attendance,ATT_S1_25881A6613_A9801,STU_25881A6613,SUB_1_A9801
25881A6613,,A,1,A9008,Engineering Physics Laboratory,85.71,36,42,sem1_attendance,ATT_S1_25881A6613_A9008,STU_25881A6613,SUB_1_A9008
25881A6613,,A,1,A9502,Programming for Problem Solving Laboratory,87.5,42,48,sem1_attendance,ATT_S1_25881A6613_A9502,STU_25881A6613,SUB_1_A9502
25881A6613,,A,1,A9205,Basic Electrical Engineering Laboratory,84.21,32,38,sem1_attendance,ATT_S1_25881A6613_A9205,STU_25881A6613,SUB_1_A9205
25881A6613,,A,1,A9302,Engineering Workshop,78.57,33,42,sem1_attendance,ATT_S1_25881A6613_A9302,STU_25881A6613,SUB_1_A9302
25881A6613,,A,1,A9021,Community Centered Design Thinking,85.71,36,42,sem1_attendance,ATT_S1_25881A6613_A9021,STU_25881A6613,SUB_1_A9021
25881A6614,,A,1,A9001,Matrices and Calculus,82.67,62,75,sem1_attendance,ATT_S1_25881A6614_A9001,STU_25881A6614,SUB_1_A9001
25881A6614,,A,1,A9007,Engineering Physics,89.19,66,74,sem1_attendance,ATT_S1_25881A6614_A9007,STU_25881A6614,SUB_1_A9007
25881A6614,,A,1,A9501,Programming for Problem Solving,88.89,64,72,sem1_attendance,ATT_S1_25881A6614_A9501,STU_25881A6614,SUB_1_A9501
25881A6614,,A,1,A9204,Basic Electrical Engineering,93.42,71,76,sem1_attendance,ATT_S1_25881A6614_A9204,STU_25881A6614,SUB_1_A9204
25881A6614,,A,1,A9801,Foundations of Data Science,90.16,55,61,sem1_attendance,ATT_S1_25881A6614_A9801,STU_25881A6614,SUB_1_A9801
25881A6614,,A,1,A9008,Engineering Physics Laboratory,85.71,36,42,sem1_attendance,ATT_S1_25881A6614_A9008,STU_25881A6614,SUB_1_A9008
25881A6614,,A,1,A9502,Programming for Problem Solving Laboratory,81.25,39,48,sem1_attendance,ATT_S1_25881A6614_A9502,STU_25881A6614,SUB_1_A9502
25881A6614,,A,1,A9205,Basic Electrical Engineering Laboratory,100.0,38,38,sem1_attendance,ATT_S1_25881A6614_A9205,STU_25881A6614,SUB_1_A9205
25881A6614,,A,1,A9302,Engineering Workshop,85.71,36,42,sem1_attendance,ATT_S1_25881A6614_A9302,STU_25881A6614,SUB_1_A9302
25881A6614,,A,1,A9021,Community Centered Design Thinking,85.71,36,42,sem1_attendance,ATT_S1_25881A6614_A9021,STU_25881A6614,SUB_1_A9021
25881A6615,,A,1,A9001,Matrices and Calculus,93.33,70,75,sem1_attendance,ATT_S1_25881A6615_A9001,STU_25881A6615,SUB_1_A9001
25881A6615,,A,1,A9007,Engineering Physics,87.84,65,74,sem1_attendance,ATT_S1_25881A6615_A9007,STU_25881A6615,SUB_1_A9007
25881A6615,,A,1,A9501,Programming for Problem Solving,90.28,65,72,sem1_attendance,ATT_S1_25881A6615_A9501,STU_25881A6615,SUB_1_A9501
25881A6615,,A,1,A9204,Basic Electrical Engineering,97.37,74,76,sem1_attendance,ATT_S1_25881A6615_A9204,STU_25881A6615,SUB_1_A9204
25881A6615,,A,1,A9801,Foundations of Data Science,93.44,57,61,sem1_attendance,ATT_S1_25881A6615_A9801,STU_25881A6615,SUB_1_A9801
25881A6615,,A,1,A9008,Engineering Physics Laboratory,92.86,39,42,sem1_attendance,ATT_S1_25881A6615_A9008,STU_25881A6615,SUB_1_A9008
25881A6615,,A,1,A9502,Programming for Problem Solving Laboratory,93.75,45,48,sem1_attendance,ATT_S1_25881A6615_A9502,STU_25881A6615,SUB_1_A9502
25881A6615,,A,1,A9205,Basic Electrical Engineering Laboratory,84.21,32,38,sem1_attendance,ATT_S1_25881A6615_A9205,STU_25881A6615,SUB_1_A9205
25881A6615,,A,1,A9302,Engineering Workshop,85.71,36,42,sem1_attendance,ATT_S1_25881A6615_A9302,STU_25881A6615,SUB_1_A9302
25881A6615,,A,1,A9021,Community Centered Design Thinking,78.57,33,42,sem1_attendance,ATT_S1_25881A6615_A9021,STU_25881A6615,SUB_1_A9021
25881A6616,,A,1,A9001,Matrices and Calculus,90.67,68,75,sem1_attendance,ATT_S1_25881A6616_A9001,STU_25881A6616,SUB_1_A9001
25881A6616,,A,1,A9007,Engineering Physics,90.54,67,74,sem1_attendance,ATT_S1_25881A6616_A9007,STU_25881A6616,SUB_1_A9007
25881A6616,,A,1,A9501,Programming for Problem Solving,87.5,63,72,sem1_attendance,ATT_S1_25881A6616_A9501,STU_25881A6616,SUB_1_A9501
25881A6616,,A,1,A9204,Basic Electrical Engineering,97.37,74,76,sem1_attendance,ATT_S1_25881A6616_A9204,STU_25881A6616,SUB_1_A9204
25881A6616,,A,1,A9801,Foundations of Data Science,88.52,54,61,sem1_attendance,ATT_S1_25881A6616_A9801,STU_25881A6616,SUB_1_A9801
25881A6616,,A,1,A9008,Engineering Physics Laboratory,85.71,36,42,sem1_attendance,ATT_S1_25881A6616_A9008,STU_25881A6616,SUB_1_A9008
25881A6616,,A,1,A9502,Programming for Problem Solving Laboratory,87.5,42,48,sem1_attendance,ATT_S1_25881A6616_A9502,STU_25881A6616,SUB_1_A9502
25881A6616,,A,1,A9205,Basic Electrical Engineering Laboratory,84.21,32,38,sem1_attendance,ATT_S1_25881A6616_A9205,STU_25881A6616,SUB_1_A9205
25881A6616,,A,1,A9302,Engineering Workshop,92.86,39,42,sem1_attendance,ATT_S1_25881A6616_A9302,STU_25881A6616,SUB_1_A9302
25881A6616,,A,1,A9021,Community Centered Design Thinking,92.86,39,42,sem1_attendance,ATT_S1_25881A6616_A9021,STU_25881A6616,SUB_1_A9021
25881A6617,,A,1,A9001,Matrices and Calculus,84.0,63,75,sem1_attendance,ATT_S1_25881A6617_A9001,STU_25881A6617,SUB_1_A9001
25881A6617,,A,1,A9007,Engineering Physics,83.78,62,74,sem1_attendance,ATT_S1_25881A6617_A9007,STU_25881A6617,SUB_1_A9007
25881A6617,,A,1,A9501,Programming for Problem Solving,79.17,57,72,sem1_attendance,ATT_S1_25881A6617_A9501,STU_25881A6617,SUB_1_A9501
25881A6617,,A,1,A9204,Basic Electrical Engineering,85.53,65,76,sem1_attendance,ATT_S1_25881A6617_A9204,STU_25881A6617,SUB_1_A9204
25881A6617,,A,1,A9801,Foundations of Data Science,91.8,56,61,sem1_attendance,ATT_S1_25881A6617_A9801,STU_25881A6617,SUB_1_A9801
25881A6617,,A,1,A9008,Engineering Physics Laboratory,85.71,36,42,sem1_attendance,ATT_S1_25881A6617_A9008,STU_25881A6617,SUB_1_A9008
25881A6617,,A,1,A9502,Programming for Problem Solving Laboratory,93.75,45,48,sem1_attendance,ATT_S1_25881A6617_A9502,STU_25881A6617,SUB_1_A9502
25881A6617,,A,1,A9205,Basic Electrical Engineering Laboratory,92.11,35,38,sem1_attendance,ATT_S1_25881A6617_A9205,STU_25881A6617,SUB_1_A9205
25881A6617,,A,1,A9302,Engineering Workshop,85.71,36,42,sem1_attendance,ATT_S1_25881A6617_A9302,STU_25881A6617,SUB_1_A9302
25881A6617,,A,1,A9021,Community Centered Design Thinking,78.57,33,42,sem1_attendance,ATT_S1_25881A6617_A9021,STU_25881A6617,SUB_1_A9021
25881A6618,,A,1,A9001,Matrices and Calculus,93.33,70,75,sem1_attendance,ATT_S1_25881A6618_A9001,STU_25881A6618,SUB_1_A9001
25881A6618,,A,1,A9007,Engineering Physics,86.49,64,74,sem1_attendance,ATT_S1_25881A6618_A9007,STU_25881A6618,SUB_1_A9007
25881A6618,,A,1,A9501,Programming for Problem Solving,88.89,64,72,sem1_attendance,ATT_S1_25881A6618_A9501,STU_25881A6618,SUB_1_A9501
25881A6618,,A,1,A9204,Basic Electrical Engineering,93.42,71,76,sem1_attendance,ATT_S1_25881A6618_A9204,STU_25881A6618,SUB_1_A9204
25881A6618,,A,1,A9801,Foundations of Data Science,86.89,53,61,sem1_attendance,ATT_S1_25881A6618_A9801,STU_25881A6618,SUB_1_A9801
25881A6618,,A,1,A9008,Engineering Physics Laboratory,100.0,42,42,sem1_attendance,ATT_S1_25881A6618_A9008,STU_25881A6618,SUB_1_A9008
25881A6618,,A,1,A9502,Programming for Problem Solving Laboratory,93.75,45,48,sem1_attendance,ATT_S1_25881A6618_A9502,STU_25881A6618,SUB_1_A9502
25881A6618,,A,1,A9205,Basic Electrical Engineering Laboratory,76.32,29,38,sem1_attendance,ATT_S1_25881A6618_A9205,STU_25881A6618,SUB_1_A9205
25881A6618,,A,1,A9302,Engineering Workshop,92.86,39,42,sem1_attendance,ATT_S1_25881A6618_A9302,STU_25881A6618,SUB_1_A9302
25881A6618,,A,1,A9021,Community Centered Design Thinking,85.71,36,42,sem1_attendance,ATT_S1_25881A6618_A9021,STU_25881A6618,SUB_1_A9021
25881A6619,,A,1,A9001,Matrices and Calculus,80.0,60,75,sem1_attendance,ATT_S1_25881A6619_A9001,STU_25881A6619,SUB_1_A9001
25881A6619,,A,1,A9007,Engineering Physics,82.43,61,74,sem1_attendance,ATT_S1_25881A6619_A9007,STU_25881A6619,SUB_1_A9007
25881A6619,,A,1,A9501,Programming for Problem Solving,81.94,59,72,sem1_attendance,ATT_S1_25881A6619_A9501,STU_25881A6619,SUB_1_A9501
25881A6619,,A,1,A9204,Basic Electrical Engineering,92.11,70,76,sem1_attendance,ATT_S1_25881A6619_A9204,STU_25881A6619,SUB_1_A9204
25881A6619,,A,1,A9801,Foundations of Data Science,86.89,53,61,sem1_attendance,ATT_S1_25881A6619_A9801,STU_25881A6619,SUB_1_A9801
25881A6619,,A,1,A9008,Engineering Physics Laboratory,85.71,36,42,sem1_attendance,ATT_S1_25881A6619_A9008,STU_25881A6619,SUB_1_A9008
25881A6619,,A,1,A9502,Programming for Problem Solving Laboratory,81.25,39,48,sem1_attendance,ATT_S1_25881A6619_A9502,STU_25881A6619,SUB_1_A9502
25881A6619,,A,1,A9205,Basic Electrical Engineering Laboratory,84.21,32,38,sem1_attendance,ATT_S1_25881A6619_A9205,STU_25881A6619,SUB_1_A9205
25881A6619,,A,1,A9302,Engineering Workshop,85.71,36,42,sem1_attendance,ATT_S1_25881A6619_A9302,STU_25881A6619,SUB_1_A9302
25881A6619,,A,1,A9021,Community Centered Design Thinking,85.71,36,42,sem1_attendance,ATT_S1_25881A6619_A9021,STU_25881A6619,SUB_1_A9021
25881A6620,,A,1,A9001,Matrices and Calculus,90.67,68,75,sem1_attendance,ATT_S1_25881A6620_A9001,STU_25881A6620,SUB_1_A9001
25881A6620,,A,1,A9007,Engineering Physics,90.54,67,74,sem1_attendance,ATT_S1_25881A6620_A9007,STU_25881A6620,SUB_1_A9007
25881A6620,,A,1,A9501,Programming for Problem Solving,95.83,69,72,sem1_attendance,ATT_S1_25881A6620_A9501,STU_25881A6620,SUB_1_A9501
25881A6620,,A,1,A9204,Basic Electrical Engineering,93.42,71,76,sem1_attendance,ATT_S1_25881A6620_A9204,STU_25881A6620,SUB_1_A9204
25881A6620,,A,1,A9801,Foundations of Data Science,98.36,60,61,sem1_attendance,ATT_S1_25881A6620_A9801,STU_25881A6620,SUB_1_A9801
25881A6620,,A,1,A9008,Engineering Physics Laboratory,85.71,36,42,sem1_attendance,ATT_S1_25881A6620_A9008,STU_25881A6620,SUB_1_A9008
25881A6620,,A,1,A9502,Programming for Problem Solving Laboratory,93.75,45,48,sem1_attendance,ATT_S1_25881A6620_A9502,STU_25881A6620,SUB_1_A9502
25881A6620,,A,1,A9205,Basic Electrical Engineering Laboratory,92.11,35,38,sem1_attendance,ATT_S1_25881A6620_A9205,STU_25881A6620,SUB_1_A9205
25881A6620,,A,1,A9302,Engineering Workshop,92.86,39,42,sem1_attendance,ATT_S1_25881A6620_A9302,STU_25881A6620,SUB_1_A9302
25881A6620,,A,1,A9021,Community Centered Design Thinking,78.57,33,42,sem1_attendance,ATT_S1_25881A6620_A9021,STU_25881A6620,SUB_1_A9021
25881A6621,,A,1,A9001,Matrices and Calculus,90.67,68,75,sem1_attendance,ATT_S1_25881A6621_A9001,STU_25881A6621,SUB_1_A9001
25881A6621,,A,1,A9007,Engineering Physics,87.84,65,74,sem1_attendance,ATT_S1_25881A6621_A9007,STU_25881A6621,SUB_1_A9007
25881A6621,,A,1,A9501,Programming for Problem Solving,84.72,61,72,sem1_attendance,ATT_S1_25881A6621_A9501,STU_25881A6621,SUB_1_A9501
25881A6621,,A,1,A9204,Basic Electrical Engineering,98.68,75,76,sem1_attendance,ATT_S1_25881A6621_A9204,STU_25881A6621,SUB_1_A9204
25881A6621,,A,1,A9801,Foundations of Data Science,93.44,57,61,sem1_attendance,ATT_S1_25881A6621_A9801,STU_25881A6621,SUB_1_A9801
25881A6621,,A,1,A9008,Engineering Physics Laboratory,85.71,36,42,sem1_attendance,ATT_S1_25881A6621_A9008,STU_25881A6621,SUB_1_A9008
25881A6621,,A,1,A9502,Programming for Problem Solving Laboratory,93.75,45,48,sem1_attendance,ATT_S1_25881A6621_A9502,STU_25881A6621,SUB_1_A9502
25881A6621,,A,1,A9205,Basic Electrical Engineering Laboratory,100.0,38,38,sem1_attendance,ATT_S1_25881A6621_A9205,STU_25881A6621,SUB_1_A9205
25881A6621,,A,1,A9302,Engineering Workshop,92.86,39,42,sem1_attendance,ATT_S1_25881A6621_A9302,STU_25881A6621,SUB_1_A9302
25881A6621,,A,1,A9021,Community Centered Design Thinking,92.86,39,42,sem1_attendance,ATT_S1_25881A6621_A9021,STU_25881A6621,SUB_1_A9021
25881A6622,,A,1,A9001,Matrices and Calculus,58.67,44,75,sem1_attendance,ATT_S1_25881A6622_A9001,STU_25881A6622,SUB_1_A9001
25881A6622,,A,1,A9007,Engineering Physics,64.86,48,74,sem1_attendance,ATT_S1_25881A6622_A9007,STU_25881A6622,SUB_1_A9007
25881A6622,,A,1,A9501,Programming for Problem Solving,73.61,53,72,sem1_attendance,ATT_S1_25881A6622_A9501,STU_25881A6622,SUB_1_A9501
25881A6622,,A,1,A9204,Basic Electrical Engineering,72.37,55,76,sem1_attendance,ATT_S1_25881A6622_A9204,STU_25881A6622,SUB_1_A9204
25881A6622,,A,1,A9801,Foundations of Data Science,77.05,47,61,sem1_attendance,ATT_S1_25881A6622_A9801,STU_25881A6622,SUB_1_A9801
25881A6622,,A,1,A9008,Engineering Physics Laboratory,64.29,27,42,sem1_attendance,ATT_S1_25881A6622_A9008,STU_25881A6622,SUB_1_A9008
25881A6622,,A,1,A9502,Programming for Problem Solving Laboratory,75.0,36,48,sem1_attendance,ATT_S1_25881A6622_A9502,STU_25881A6622,SUB_1_A9502
25881A6622,,A,1,A9205,Basic Electrical Engineering Laboratory,71.05,27,38,sem1_attendance,ATT_S1_25881A6622_A9205,STU_25881A6622,SUB_1_A9205
25881A6622,,A,1,A9302,Engineering Workshop,57.14,24,42,sem1_attendance,ATT_S1_25881A6622_A9302,STU_25881A6622,SUB_1_A9302
25881A6622,,A,1,A9021,Community Centered Design Thinking,64.29,27,42,sem1_attendance,ATT_S1_25881A6622_A9021,STU_25881A6622,SUB_1_A9021
25881A6623,,A,1,A9001,Matrices and Calculus,90.67,68,75,sem1_attendance,ATT_S1_25881A6623_A9001,STU_25881A6623,SUB_1_A9001
25881A6623,,A,1,A9007,Engineering Physics,90.54,67,74,sem1_attendance,ATT_S1_25881A6623_A9007,STU_25881A6623,SUB_1_A9007
25881A6623,,A,1,A9501,Programming for Problem Solving,94.44,68,72,sem1_attendance,ATT_S1_25881A6623_A9501,STU_25881A6623,SUB_1_A9501
25881A6623,,A,1,A9204,Basic Electrical Engineering,94.74,72,76,sem1_attendance,ATT_S1_25881A6623_A9204,STU_25881A6623,SUB_1_A9204
25881A6623,,A,1,A9801,Foundations of Data Science,93.44,57,61,sem1_attendance,ATT_S1_25881A6623_A9801,STU_25881A6623,SUB_1_A9801
25881A6623,,A,1,A9008,Engineering Physics Laboratory,100.0,42,42,sem1_attendance,ATT_S1_25881A6623_A9008,STU_25881A6623,SUB_1_A9008
25881A6623,,A,1,A9502,Programming for Problem Solving Laboratory,93.75,45,48,sem1_attendance,ATT_S1_25881A6623_A9502,STU_25881A6623,SUB_1_A9502
25881A6623,,A,1,A9205,Basic Electrical Engineering Laboratory,92.11,35,38,sem1_attendance,ATT_S1_25881A6623_A9205,STU_25881A6623,SUB_1_A9205
25881A6623,,A,1,A9302,Engineering Workshop,85.71,36,42,sem1_attendance,ATT_S1_25881A6623_A9302,STU_25881A6623,SUB_1_A9302
25881A6623,,A,1,A9021,Community Centered Design Thinking,100.0,42,42,sem1_attendance,ATT_S1_25881A6623_A9021,STU_25881A6623,SUB_1_A9021
25881A6624,,A,1,A9001,Matrices and Calculus,80.0,60,75,sem1_attendance,ATT_S1_25881A6624_A9001,STU_25881A6624,SUB_1_A9001
25881A6624,,A,1,A9007,Engineering Physics,78.38,58,74,sem1_attendance,ATT_S1_25881A6624_A9007,STU_25881A6624,SUB_1_A9007
25881A6624,,A,1,A9501,Programming for Problem Solving,80.56,58,72,sem1_attendance,ATT_S1_25881A6624_A9501,STU_25881A6624,SUB_1_A9501
25881A6624,,A,1,A9204,Basic Electrical Engineering,85.53,65,76,sem1_attendance,ATT_S1_25881A6624_A9204,STU_25881A6624,SUB_1_A9204
25881A6624,,A,1,A9801,Foundations of Data Science,85.25,52,61,sem1_attendance,ATT_S1_25881A6624_A9801,STU_25881A6624,SUB_1_A9801
25881A6624,,A,1,A9008,Engineering Physics Laboratory,85.71,36,42,sem1_attendance,ATT_S1_25881A6624_A9008,STU_25881A6624,SUB_1_A9008
25881A6624,,A,1,A9502,Programming for Problem Solving Laboratory,87.5,42,48,sem1_attendance,ATT_S1_25881A6624_A9502,STU_25881A6624,SUB_1_A9502
25881A6624,,A,1,A9205,Basic Electrical Engineering Laboratory,84.21,32,38,sem1_attendance,ATT_S1_25881A6624_A9205,STU_25881A6624,SUB_1_A9205
25881A6624,,A,1,A9302,Engineering Workshop,71.43,30,42,sem1_attendance,ATT_S1_25881A6624_A9302,STU_25881A6624,SUB_1_A9302
25881A6624,,A,1,A9021,Community Centered Design Thinking,78.57,33,42,sem1_attendance,ATT_S1_25881A6624_A9021,STU_25881A6624,SUB_1_A9021
25881A6625,,A,1,A9001,Matrices and Calculus,82.67,62,75,sem1_attendance,ATT_S1_25881A6625_A9001,STU_25881A6625,SUB_1_A9001
25881A6625,,A,1,A9007,Engineering Physics,78.38,58,74,sem1_attendance,ATT_S1_25881A6625_A9007,STU_25881A6625,SUB_1_A9007
25881A6625,,A,1,A9501,Programming for Problem Solving,80.56,58,72,sem1_attendance,ATT_S1_25881A6625_A9501,STU_25881A6625,SUB_1_A9501
25881A6625,,A,1,A9204,Basic Electrical Engineering,84.21,64,76,sem1_attendance,ATT_S1_25881A6625_A9204,STU_25881A6625,SUB_1_A9204
25881A6625,,A,1,A9801,Foundations of Data Science,83.61,51,61,sem1_attendance,ATT_S1_25881A6625_A9801,STU_25881A6625,SUB_1_A9801
25881A6625,,A,1,A9008,Engineering Physics Laboratory,85.71,36,42,sem1_attendance,ATT_S1_25881A6625_A9008,STU_25881A6625,SUB_1_A9008
25881A6625,,A,1,A9502,Programming for Problem Solving Laboratory,75.0,36,48,sem1_attendance,ATT_S1_25881A6625_A9502,STU_25881A6625,SUB_1_A9502
25881A6625,,A,1,A9205,Basic Electrical Engineering Laboratory,76.32,29,38,sem1_attendance,ATT_S1_25881A6625_A9205,STU_25881A6625,SUB_1_A9205
25881A6625,,A,1,A9302,Engineering Workshop,78.57,33,42,sem1_attendance,ATT_S1_25881A6625_A9302,STU_25881A6625,SUB_1_A9302
25881A6625,,A,1,A9021,Community Centered Design Thinking,85.71,36,42,sem1_attendance,ATT_S1_25881A6625_A9021,STU_25881A6625,SUB_1_A9021
25881A6626,,A,1,A9001,Matrices and Calculus,85.33,64,75,sem1_attendance,ATT_S1_25881A6626_A9001,STU_25881A6626,SUB_1_A9001
25881A6626,,A,1,A9007,Engineering Physics,86.49,64,74,sem1_attendance,ATT_S1_25881A6626_A9007,STU_25881A6626,SUB_1_A9007
25881A6626,,A,1,A9501,Programming for Problem Solving,93.06,67,72,sem1_attendance,ATT_S1_25881A6626_A9501,STU_25881A6626,SUB_1_A9501
25881A6626,,A,1,A9204,Basic Electrical Engineering,93.42,71,76,sem1_attendance,ATT_S1_25881A6626_A9204,STU_25881A6626,SUB_1_A9204
25881A6626,,A,1,A9801,Foundations of Data Science,93.44,57,61,sem1_attendance,ATT_S1_25881A6626_A9801,STU_25881A6626,SUB_1_A9801
25881A6626,,A,1,A9008,Engineering Physics Laboratory,85.71,36,42,sem1_attendance,ATT_S1_25881A6626_A9008,STU_25881A6626,SUB_1_A9008
25881A6626,,A,1,A9502,Programming for Problem Solving Laboratory,87.5,42,48,sem1_attendance,ATT_S1_25881A6626_A9502,STU_25881A6626,SUB_1_A9502
25881A6626,,A,1,A9205,Basic Electrical Engineering Laboratory,92.11,35,38,sem1_attendance,ATT_S1_25881A6626_A9205,STU_25881A6626,SUB_1_A9205
25881A6626,,A,1,A9302,Engineering Workshop,92.86,39,42,sem1_attendance,ATT_S1_25881A6626_A9302,STU_25881A6626,SUB_1_A9302
25881A6626,,A,1,A9021,Community Centered Design Thinking,78.57,33,42,sem1_attendance,ATT_S1_25881A6626_A9021,STU_25881A6626,SUB_1_A9021
25881A6627,,A,1,A9001,Matrices and Calculus,88.0,66,75,sem1_attendance,ATT_S1_25881A6627_A9001,STU_25881A6627,SUB_1_A9001
25881A6627,,A,1,A9007,Engineering Physics,87.84,65,74,sem1_attendance,ATT_S1_25881A6627_A9007,STU_25881A6627,SUB_1_A9007
25881A6627,,A,1,A9501,Programming for Problem Solving,94.44,68,72,sem1_attendance,ATT_S1_25881A6627_A9501,STU_25881A6627,SUB_1_A9501
25881A6627,,A,1,A9204,Basic Electrical Engineering,90.79,69,76,sem1_attendance,ATT_S1_25881A6627_A9204,STU_25881A6627,SUB_1_A9204
25881A6627,,A,1,A9801,Foundations of Data Science,88.52,54,61,sem1_attendance,ATT_S1_25881A6627_A9801,STU_25881A6627,SUB_1_A9801
25881A6627,,A,1,A9008,Engineering Physics Laboratory,100.0,42,42,sem1_attendance,ATT_S1_25881A6627_A9008,STU_25881A6627,SUB_1_A9008
25881A6627,,A,1,A9502,Programming for Problem Solving Laboratory,75.0,36,48,sem1_attendance,ATT_S1_25881A6627_A9502,STU_25881A6627,SUB_1_A9502
25881A6627,,A,1,A9205,Basic Electrical Engineering Laboratory,100.0,38,38,sem1_attendance,ATT_S1_25881A6627_A9205,STU_25881A6627,SUB_1_A9205
25881A6627,,A,1,A9302,Engineering Workshop,100.0,42,42,sem1_attendance,ATT_S1_25881A6627_A9302,STU_25881A6627,SUB_1_A9302
25881A6627,,A,1,A9021,Community Centered Design Thinking,92.86,39,42,sem1_attendance,ATT_S1_25881A6627_A9021,STU_25881A6627,SUB_1_A9021
25881A6628,,A,1,A9001,Matrices and Calculus,85.33,64,75,sem1_attendance,ATT_S1_25881A6628_A9001,STU_25881A6628,SUB_1_A9001
25881A6628,,A,1,A9007,Engineering Physics,85.14,63,74,sem1_attendance,ATT_S1_25881A6628_A9007,STU_25881A6628,SUB_1_A9007
25881A6628,,A,1,A9501,Programming for Problem Solving,87.5,63,72,sem1_attendance,ATT_S1_25881A6628_A9501,STU_25881A6628,SUB_1_A9501
25881A6628,,A,1,A9204,Basic Electrical Engineering,88.16,67,76,sem1_attendance,ATT_S1_25881A6628_A9204,STU_25881A6628,SUB_1_A9204
25881A6628,,A,1,A9801,Foundations of Data Science,90.16,55,61,sem1_attendance,ATT_S1_25881A6628_A9801,STU_25881A6628,SUB_1_A9801
25881A6628,,A,1,A9008,Engineering Physics Laboratory,92.86,39,42,sem1_attendance,ATT_S1_25881A6628_A9008,STU_25881A6628,SUB_1_A9008
25881A6628,,A,1,A9502,Programming for Problem Solving Laboratory,81.25,39,48,sem1_attendance,ATT_S1_25881A6628_A9502,STU_25881A6628,SUB_1_A9502
25881A6628,,A,1,A9205,Basic Electrical Engineering Laboratory,92.11,35,38,sem1_attendance,ATT_S1_25881A6628_A9205,STU_25881A6628,SUB_1_A9205
25881A6628,,A,1,A9302,Engineering Workshop,92.86,39,42,sem1_attendance,ATT_S1_25881A6628_A9302,STU_25881A6628,SUB_1_A9302
25881A6628,,A,1,A9021,Community Centered Design Thinking,85.71,36,42,sem1_attendance,ATT_S1_25881A6628_A9021,STU_25881A6628,SUB_1_A9021
25881A6629,,A,1,A9001,Matrices and Calculus,78.67,59,75,sem1_attendance,ATT_S1_25881A6629_A9001,STU_25881A6629,SUB_1_A9001
25881A6629,,A,1,A9007,Engineering Physics,82.43,61,74,sem1_attendance,ATT_S1_25881A6629_A9007,STU_25881A6629,SUB_1_A9007
25881A6629,,A,1,A9501,Programming for Problem Solving,84.72,61,72,sem1_attendance,ATT_S1_25881A6629_A9501,STU_25881A6629,SUB_1_A9501
25881A6629,,A,1,A9204,Basic Electrical Engineering,90.79,69,76,sem1_attendance,ATT_S1_25881A6629_A9204,STU_25881A6629,SUB_1_A9204
25881A6629,,A,1,A9801,Foundations of Data Science,90.16,55,61,sem1_attendance,ATT_S1_25881A6629_A9801,STU_25881A6629,SUB_1_A9801
25881A6629,,A,1,A9008,Engineering Physics Laboratory,80.95,34,42,sem1_attendance,ATT_S1_25881A6629_A9008,STU_25881A6629,SUB_1_A9008
25881A6629,,A,1,A9502,Programming for Problem Solving Laboratory,81.25,39,48,sem1_attendance,ATT_S1_25881A6629_A9502,STU_25881A6629,SUB_1_A9502
25881A6629,,A,1,A9205,Basic Electrical Engineering Laboratory,84.21,32,38,sem1_attendance,ATT_S1_25881A6629_A9205,STU_25881A6629,SUB_1_A9205
25881A6629,,A,1,A9302,Engineering Workshop,92.86,39,42,sem1_attendance,ATT_S1_25881A6629_A9302,STU_25881A6629,SUB_1_A9302
25881A6629,,A,1,A9021,Community Centered Design Thinking,85.71,36,42,sem1_attendance,ATT_S1_25881A6629_A9021,STU_25881A6629,SUB_1_A9021
25881A6630,,A,1,A9001,Matrices and Calculus,88.0,66,75,sem1_attendance,ATT_S1_25881A6630_A9001,STU_25881A6630,SUB_1_A9001
25881A6630,,A,1,A9007,Engineering Physics,87.84,65,74,sem1_attendance,ATT_S1_25881A6630_A9007,STU_25881A6630,SUB_1_A9007
25881A6630,,A,1,A9501,Programming for Problem Solving,88.89,64,72,sem1_attendance,ATT_S1_25881A6630_A9501,STU_25881A6630,SUB_1_A9501
25881A6630,,A,1,A9204,Basic Electrical Engineering,93.42,71,76,sem1_attendance,ATT_S1_25881A6630_A9204,STU_25881A6630,SUB_1_A9204
25881A6630,,A,1,A9801,Foundations of Data Science,91.8,56,61,sem1_attendance,ATT_S1_25881A6630_A9801,STU_25881A6630,SUB_1_A9801
25881A6630,,A,1,A9008,Engineering Physics Laboratory,88.1,37,42,sem1_attendance,ATT_S1_25881A6630_A9008,STU_25881A6630,SUB_1_A9008
25881A6630,,A,1,A9502,Programming for Problem Solving Laboratory,87.5,42,48,sem1_attendance,ATT_S1_25881A6630_A9502,STU_25881A6630,SUB_1_A9502
25881A6630,,A,1,A9205,Basic Electrical Engineering Laboratory,76.32,29,38,sem1_attendance,ATT_S1_25881A6630_A9205,STU_25881A6630,SUB_1_A9205
25881A6630,,A,1,A9302,Engineering Workshop,85.71,36,42,sem1_attendance,ATT_S1_25881A6630_A9302,STU_25881A6630,SUB_1_A9302
25881A6630,,A,1,A9021,Community Centered Design Thinking,85.71,36,42,sem1_attendance,ATT_S1_25881A6630_A9021,STU_25881A6630,SUB_1_A9021
25881A6631,,A,1,A9001,Matrices and Calculus,93.33,70,75,sem1_attendance,ATT_S1_25881A6631_A9001,STU_25881A6631,SUB_1_A9001
25881A6631,,A,1,A9007,Engineering Physics,90.54,67,74,sem1_attendance,ATT_S1_25881A6631_A9007,STU_25881A6631,SUB_1_A9007
25881A6631,,A,1,A9501,Programming for Problem Solving,94.44,68,72,sem1_attendance,ATT_S1_25881A6631_A9501,STU_25881A6631,SUB_1_A9501
25881A6631,,A,1,A9204,Basic Electrical Engineering,93.42,71,76,sem1_attendance,ATT_S1_25881A6631_A9204,STU_25881A6631,SUB_1_A9204
25881A6631,,A,1,A9801,Foundations of Data Science,91.8,56,61,sem1_attendance,ATT_S1_25881A6631_A9801,STU_25881A6631,SUB_1_A9801
25881A6631,,A,1,A9008,Engineering Physics Laboratory,92.86,39,42,sem1_attendance,ATT_S1_25881A6631_A9008,STU_25881A6631,SUB_1_A9008
25881A6631,,A,1,A9502,Programming for Problem Solving Laboratory,87.5,42,48,sem1_attendance,ATT_S1_25881A6631_A9502,STU_25881A6631,SUB_1_A9502
25881A6631,,A,1,A9205,Basic Electrical Engineering Laboratory,92.11,35,38,sem1_attendance,ATT_S1_25881A6631_A9205,STU_25881A6631,SUB_1_A9205
25881A6631,,A,1,A9302,Engineering Workshop,92.86,39,42,sem1_attendance,ATT_S1_25881A6631_A9302,STU_25881A6631,SUB_1_A9302
25881A6631,,A,1,A9021,Community Centered Design Thinking,85.71,36,42,sem1_attendance,ATT_S1_25881A6631_A9021,STU_25881A6631,SUB_1_A9021
25881A6632,,A,1,A9001,Matrices and Calculus,94.67,71,75,sem1_attendance,ATT_S1_25881A6632_A9001,STU_25881A6632,SUB_1_A9001
25881A6632,,A,1,A9007,Engineering Physics,93.24,69,74,sem1_attendance,ATT_S1_25881A6632_A9007,STU_25881A6632,SUB_1_A9007
25881A6632,,A,1,A9501,Programming for Problem Solving,97.22,70,72,sem1_attendance,ATT_S1_25881A6632_A9501,STU_25881A6632,SUB_1_A9501
25881A6632,,A,1,A9204,Basic Electrical Engineering,98.68,75,76,sem1_attendance,ATT_S1_25881A6632_A9204,STU_25881A6632,SUB_1_A9204
25881A6632,,A,1,A9801,Foundations of Data Science,98.36,60,61,sem1_attendance,ATT_S1_25881A6632_A9801,STU_25881A6632,SUB_1_A9801
25881A6632,,A,1,A9008,Engineering Physics Laboratory,92.86,39,42,sem1_attendance,ATT_S1_25881A6632_A9008,STU_25881A6632,SUB_1_A9008
25881A6632,,A,1,A9502,Programming for Problem Solving Laboratory,93.75,45,48,sem1_attendance,ATT_S1_25881A6632_A9502,STU_25881A6632,SUB_1_A9502
25881A6632,,A,1,A9205,Basic Electrical Engineering Laboratory,92.11,35,38,sem1_attendance,ATT_S1_25881A6632_A9205,STU_25881A6632,SUB_1_A9205
25881A6632,,A,1,A9302,Engineering Workshop,100.0,42,42,sem1_attendance,ATT_S1_25881A6632_A9302,STU_25881A6632,SUB_1_A9302
25881A6632,,A,1,A9021,Community Centered Design Thinking,85.71,36,42,sem1_attendance,ATT_S1_25881A6632_A9021,STU_25881A6632,SUB_1_A9021
25881A6633,,A,1,A9001,Matrices and Calculus,93.33,70,75,sem1_attendance,ATT_S1_25881A6633_A9001,STU_25881A6633,SUB_1_A9001
25881A6633,,A,1,A9007,Engineering Physics,94.59,70,74,sem1_attendance,ATT_S1_25881A6633_A9007,STU_25881A6633,SUB_1_A9007
25881A6633,,A,1,A9501,Programming for Problem Solving,95.83,69,72,sem1_attendance,ATT_S1_25881A6633_A9501,STU_25881A6633,SUB_1_A9501
25881A6633,,A,1,A9204,Basic Electrical Engineering,100.0,76,76,sem1_attendance,ATT_S1_25881A6633_A9204,STU_25881A6633,SUB_1_A9204
25881A6633,,A,1,A9801,Foundations of Data Science,96.72,59,61,sem1_attendance,ATT_S1_25881A6633_A9801,STU_25881A6633,SUB_1_A9801
25881A6633,,A,1,A9008,Engineering Physics Laboratory,85.71,36,42,sem1_attendance,ATT_S1_25881A6633_A9008,STU_25881A6633,SUB_1_A9008
25881A6633,,A,1,A9502,Programming for Problem Solving Laboratory,87.5,42,48,sem1_attendance,ATT_S1_25881A6633_A9502,STU_25881A6633,SUB_1_A9502
25881A6633,,A,1,A9205,Basic Electrical Engineering Laboratory,100.0,38,38,sem1_attendance,ATT_S1_25881A6633_A9205,STU_25881A6633,SUB_1_A9205
25881A6633,,A,1,A9302,Engineering Workshop,100.0,42,42,sem1_attendance,ATT_S1_25881A6633_A9302,STU_25881A6633,SUB_1_A9302
25881A6633,,A,1,A9021,Community Centered Design Thinking,78.57,33,42,sem1_attendance,ATT_S1_25881A6633_A9021,STU_25881A6633,SUB_1_A9021
25881A6634,,A,1,A9001,Matrices and Calculus,98.67,74,75,sem1_attendance,ATT_S1_25881A6634_A9001,STU_25881A6634,SUB_1_A9001
25881A6634,,A,1,A9007,Engineering Physics,94.59,70,74,sem1_attendance,ATT_S1_25881A6634_A9007,STU_25881A6634,SUB_1_A9007
25881A6634,,A,1,A9501,Programming for Problem Solving,94.44,68,72,sem1_attendance,ATT_S1_25881A6634_A9501,STU_25881A6634,SUB_1_A9501
25881A6634,,A,1,A9204,Basic Electrical Engineering,97.37,74,76,sem1_attendance,ATT_S1_25881A6634_A9204,STU_25881A6634,SUB_1_A9204
25881A6634,,A,1,A9801,Foundations of Data Science,96.72,59,61,sem1_attendance,ATT_S1_25881A6634_A9801,STU_25881A6634,SUB_1_A9801
25881A6634,,A,1,A9008,Engineering Physics Laboratory,100.0,42,42,sem1_attendance,ATT_S1_25881A6634_A9008,STU_25881A6634,SUB_1_A9008
25881A6634,,A,1,A9502,Programming for Problem Solving Laboratory,100.0,48,48,sem1_attendance,ATT_S1_25881A6634_A9502,STU_25881A6634,SUB_1_A9502
25881A6634,,A,1,A9205,Basic Electrical Engineering Laboratory,92.86,39,42,sem1_attendance,ATT_S1_25881A6634_A9205,STU_25881A6634,SUB_1_A9205
25881A6634,,A,1,A9302,Engineering Workshop,100.0,42,42,sem1_attendance,ATT_S1_25881A6634_A9302,STU_25881A6634,SUB_1_A9302
25881A6634,,A,1,A9021,Community Centered Design Thinking,92.31,36,39,sem1_attendance,ATT_S1_25881A6634_A9021,STU_25881A6634,SUB_1_A9021
25881A6635,,A,1,A9001,Matrices and Calculus,85.33,64,75,sem1_attendance,ATT_S1_25881A6635_A9001,STU_25881A6635,SUB_1_A9001
25881A6635,,A,1,A9007,Engineering Physics,87.84,65,74,sem1_attendance,ATT_S1_25881A6635_A9007,STU_25881A6635,SUB_1_A9007
25881A6635,,A,1,A9501,Programming for Problem Solving,90.28,65,72,sem1_attendance,ATT_S1_25881A6635_A9501,STU_25881A6635,SUB_1_A9501
25881A6635,,A,1,A9204,Basic Electrical Engineering,93.42,71,76,sem1_attendance,ATT_S1_25881A6635_A9204,STU_25881A6635,SUB_1_A9204
25881A6635,,A,1,A9801,Foundations of Data Science,90.16,55,61,sem1_attendance,ATT_S1_25881A6635_A9801,STU_25881A6635,SUB_1_A9801
25881A6635,,A,1,A9008,Engineering Physics Laboratory,78.57,33,42,sem1_attendance,ATT_S1_25881A6635_A9008,STU_25881A6635,SUB_1_A9008
25881A6635,,A,1,A9502,Programming for Problem Solving Laboratory,87.5,42,48,sem1_attendance,ATT_S1_25881A6635_A9502,STU_25881A6635,SUB_1_A9502
25881A6635,,A,1,A9205,Basic Electrical Engineering Laboratory,85.71,36,42,sem1_attendance,ATT_S1_25881A6635_A9205,STU_25881A6635,SUB_1_A9205
25881A6635,,A,1,A9302,Engineering Workshop,78.57,33,42,sem1_attendance,ATT_S1_25881A6635_A9302,STU_25881A6635,SUB_1_A9302
25881A6635,,A,1,A9021,Community Centered Design Thinking,92.31,36,39,sem1_attendance,ATT_S1_25881A6635_A9021,STU_25881A6635,SUB_1_A9021
25881A6636,,A,1,A9001,Matrices and Calculus,86.67,65,75,sem1_attendance,ATT_S1_25881A6636_A9001,STU_25881A6636,SUB_1_A9001
25881A6636,,A,1,A9007,Engineering Physics,82.43,61,74,sem1_attendance,ATT_S1_25881A6636_A9007,STU_25881A6636,SUB_1_A9007
25881A6636,,A,1,A9501,Programming for Problem Solving,90.28,65,72,sem1_attendance,ATT_S1_25881A6636_A9501,STU_25881A6636,SUB_1_A9501
25881A6636,,A,1,A9204,Basic Electrical Engineering,81.58,62,76,sem1_attendance,ATT_S1_25881A6636_A9204,STU_25881A6636,SUB_1_A9204
25881A6636,,A,1,A9801,Foundations of Data Science,86.89,53,61,sem1_attendance,ATT_S1_25881A6636_A9801,STU_25881A6636,SUB_1_A9801
25881A6636,,A,1,A9008,Engineering Physics Laboratory,95.24,40,42,sem1_attendance,ATT_S1_25881A6636_A9008,STU_25881A6636,SUB_1_A9008
25881A6636,,A,1,A9502,Programming for Problem Solving Laboratory,81.25,39,48,sem1_attendance,ATT_S1_25881A6636_A9502,STU_25881A6636,SUB_1_A9502
25881A6636,,A,1,A9205,Basic Electrical Engineering Laboratory,92.86,39,42,sem1_attendance,ATT_S1_25881A6636_A9205,STU_25881A6636,SUB_1_A9205
25881A6636,,A,1,A9302,Engineering Workshop,85.71,36,42,sem1_attendance,ATT_S1_25881A6636_A9302,STU_25881A6636,SUB_1_A9302
25881A6636,,A,1,A9021,Community Centered Design Thinking,100.0,39,39,sem1_attendance,ATT_S1_25881A6636_A9021,STU_25881A6636,SUB_1_A9021
25881A6637,,A,1,A9001,Matrices and Calculus,81.33,61,75,sem1_attendance,ATT_S1_25881A6637_A9001,STU_25881A6637,SUB_1_A9001
25881A6637,,A,1,A9007,Engineering Physics,82.43,61,74,sem1_attendance,ATT_S1_25881A6637_A9007,STU_25881A6637,SUB_1_A9007
25881A6637,,A,1,A9501,Programming for Problem Solving,93.06,67,72,sem1_attendance,ATT_S1_25881A6637_A9501,STU_25881A6637,SUB_1_A9501
25881A6637,,A,1,A9204,Basic Electrical Engineering,90.79,69,76,sem1_attendance,ATT_S1_25881A6637_A9204,STU_25881A6637,SUB_1_A9204
25881A6637,,A,1,A9801,Foundations of Data Science,93.44,57,61,sem1_attendance,ATT_S1_25881A6637_A9801,STU_25881A6637,SUB_1_A9801
25881A6637,,A,1,A9008,Engineering Physics Laboratory,85.71,36,42,sem1_attendance,ATT_S1_25881A6637_A9008,STU_25881A6637,SUB_1_A9008
25881A6637,,A,1,A9502,Programming for Problem Solving Laboratory,81.25,39,48,sem1_attendance,ATT_S1_25881A6637_A9502,STU_25881A6637,SUB_1_A9502
25881A6637,,A,1,A9205,Basic Electrical Engineering Laboratory,85.71,36,42,sem1_attendance,ATT_S1_25881A6637_A9205,STU_25881A6637,SUB_1_A9205
25881A6637,,A,1,A9302,Engineering Workshop,92.86,39,42,sem1_attendance,ATT_S1_25881A6637_A9302,STU_25881A6637,SUB_1_A9302
25881A6637,,A,1,A9021,Community Centered Design Thinking,84.62,33,39,sem1_attendance,ATT_S1_25881A6637_A9021,STU_25881A6637,SUB_1_A9021
25881A6638,,A,1,A9001,Matrices and Calculus,81.33,61,75,sem1_attendance,ATT_S1_25881A6638_A9001,STU_25881A6638,SUB_1_A9001
25881A6638,,A,1,A9007,Engineering Physics,83.78,62,74,sem1_attendance,ATT_S1_25881A6638_A9007,STU_25881A6638,SUB_1_A9007
25881A6638,,A,1,A9501,Programming for Problem Solving,81.94,59,72,sem1_attendance,ATT_S1_25881A6638_A9501,STU_25881A6638,SUB_1_A9501
25881A6638,,A,1,A9204,Basic Electrical Engineering,89.47,68,76,sem1_attendance,ATT_S1_25881A6638_A9204,STU_25881A6638,SUB_1_A9204
25881A6638,,A,1,A9801,Foundations of Data Science,81.97,50,61,sem1_attendance,ATT_S1_25881A6638_A9801,STU_25881A6638,SUB_1_A9801
25881A6638,,A,1,A9008,Engineering Physics Laboratory,85.71,36,42,sem1_attendance,ATT_S1_25881A6638_A9008,STU_25881A6638,SUB_1_A9008
25881A6638,,A,1,A9502,Programming for Problem Solving Laboratory,87.5,42,48,sem1_attendance,ATT_S1_25881A6638_A9502,STU_25881A6638,SUB_1_A9502
25881A6638,,A,1,A9205,Basic Electrical Engineering Laboratory,92.86,39,42,sem1_attendance,ATT_S1_25881A6638_A9205,STU_25881A6638,SUB_1_A9205
25881A6638,,A,1,A9302,Engineering Workshop,88.1,37,42,sem1_attendance,ATT_S1_25881A6638_A9302,STU_25881A6638,SUB_1_A9302
25881A6638,,A,1,A9021,Community Centered Design Thinking,84.62,33,39,sem1_attendance,ATT_S1_25881A6638_A9021,STU_25881A6638,SUB_1_A9021
25881A6639,,A,1,A9001,Matrices and Calculus,93.33,70,75,sem1_attendance,ATT_S1_25881A6639_A9001,STU_25881A6639,SUB_1_A9001
25881A6639,,A,1,A9007,Engineering Physics,93.24,69,74,sem1_attendance,ATT_S1_25881A6639_A9007,STU_25881A6639,SUB_1_A9007
25881A6639,,A,1,A9501,Programming for Problem Solving,97.22,70,72,sem1_attendance,ATT_S1_25881A6639_A9501,STU_25881A6639,SUB_1_A9501
25881A6639,,A,1,A9204,Basic Electrical Engineering,94.74,72,76,sem1_attendance,ATT_S1_25881A6639_A9204,STU_25881A6639,SUB_1_A9204
25881A6639,,A,1,A9801,Foundations of Data Science,95.08,58,61,sem1_attendance,ATT_S1_25881A6639_A9801,STU_25881A6639,SUB_1_A9801
25881A6639,,A,1,A9008,Engineering Physics Laboratory,100.0,42,42,sem1_attendance,ATT_S1_25881A6639_A9008,STU_25881A6639,SUB_1_A9008
25881A6639,,A,1,A9502,Programming for Problem Solving Laboratory,100.0,48,48,sem1_attendance,ATT_S1_25881A6639_A9502,STU_25881A6639,SUB_1_A9502
25881A6639,,A,1,A9205,Basic Electrical Engineering Laboratory,92.86,39,42,sem1_attendance,ATT_S1_25881A6639_A9205,STU_25881A6639,SUB_1_A9205
25881A6639,,A,1,A9302,Engineering Workshop,92.86,39,42,sem1_attendance,ATT_S1_25881A6639_A9302,STU_25881A6639,SUB_1_A9302
25881A6639,,A,1,A9021,Community Centered Design Thinking,100.0,39,39,sem1_attendance,ATT_S1_25881A6639_A9021,STU_25881A6639,SUB_1_A9021
25881A6640,,A,1,A9001,Matrices and Calculus,85.33,64,75,sem1_attendance,ATT_S1_25881A6640_A9001,STU_25881A6640,SUB_1_A9001
25881A6640,,A,1,A9007,Engineering Physics,85.14,63,74,sem1_attendance,ATT_S1_25881A6640_A9007,STU_25881A6640,SUB_1_A9007
25881A6640,,A,1,A9501,Programming for Problem Solving,87.5,63,72,sem1_attendance,ATT_S1_25881A6640_A9501,STU_25881A6640,SUB_1_A9501
25881A6640,,A,1,A9204,Basic Electrical Engineering,93.42,71,76,sem1_attendance,ATT_S1_25881A6640_A9204,STU_25881A6640,SUB_1_A9204
25881A6640,,A,1,A9801,Foundations of Data Science,88.52,54,61,sem1_attendance,ATT_S1_25881A6640_A9801,STU_25881A6640,SUB_1_A9801
25881A6640,,A,1,A9008,Engineering Physics Laboratory,85.71,36,42,sem1_attendance,ATT_S1_25881A6640_A9008,STU_25881A6640,SUB_1_A9008
25881A6640,,A,1,A9502,Programming for Problem Solving Laboratory,87.5,42,48,sem1_attendance,ATT_S1_25881A6640_A9502,STU_25881A6640,SUB_1_A9502
25881A6640,,A,1,A9205,Basic Electrical Engineering Laboratory,85.71,36,42,sem1_attendance,ATT_S1_25881A6640_A9205,STU_25881A6640,SUB_1_A9205
25881A6640,,A,1,A9302,Engineering Workshop,92.86,39,42,sem1_attendance,ATT_S1_25881A6640_A9302,STU_25881A6640,SUB_1_A9302
25881A6640,,A,1,A9021,Community Centered Design Thinking,92.31,36,39,sem1_attendance,ATT_S1_25881A6640_A9021,STU_25881A6640,SUB_1_A9021
25881A6641,,A,1,A9001,Matrices and Calculus,85.33,64,75,sem1_attendance,ATT_S1_25881A6641_A9001,STU_25881A6641,SUB_1_A9001
25881A6641,,A,1,A9007,Engineering Physics,85.14,63,74,sem1_attendance,ATT_S1_25881A6641_A9007,STU_25881A6641,SUB_1_A9007
25881A6641,,A,1,A9501,Programming for Problem Solving,81.94,59,72,sem1_attendance,ATT_S1_25881A6641_A9501,STU_25881A6641,SUB_1_A9501
25881A6641,,A,1,A9204,Basic Electrical Engineering,88.16,67,76,sem1_attendance,ATT_S1_25881A6641_A9204,STU_25881A6641,SUB_1_A9204
25881A6641,,A,1,A9801,Foundations of Data Science,90.16,55,61,sem1_attendance,ATT_S1_25881A6641_A9801,STU_25881A6641,SUB_1_A9801
25881A6641,,A,1,A9008,Engineering Physics Laboratory,92.86,39,42,sem1_attendance,ATT_S1_25881A6641_A9008,STU_25881A6641,SUB_1_A9008
25881A6641,,A,1,A9502,Programming for Problem Solving Laboratory,87.5,42,48,sem1_attendance,ATT_S1_25881A6641_A9502,STU_25881A6641,SUB_1_A9502
25881A6641,,A,1,A9205,Basic Electrical Engineering Laboratory,80.95,34,42,sem1_attendance,ATT_S1_25881A6641_A9205,STU_25881A6641,SUB_1_A9205
25881A6641,,A,1,A9302,Engineering Workshop,78.57,33,42,sem1_attendance,ATT_S1_25881A6641_A9302,STU_25881A6641,SUB_1_A9302
25881A6641,,A,1,A9021,Community Centered Design Thinking,92.31,36,39,sem1_attendance,ATT_S1_25881A6641_A9021,STU_25881A6641,SUB_1_A9021
25881A6642,,A,1,A9001,Matrices and Calculus,97.33,73,75,sem1_attendance,ATT_S1_25881A6642_A9001,STU_25881A6642,SUB_1_A9001
25881A6642,,A,1,A9007,Engineering Physics,93.24,69,74,sem1_attendance,ATT_S1_25881A6642_A9007,STU_25881A6642,SUB_1_A9007
25881A6642,,A,1,A9501,Programming for Problem Solving,95.83,69,72,sem1_attendance,ATT_S1_25881A6642_A9501,STU_25881A6642,SUB_1_A9501
25881A6642,,A,1,A9204,Basic Electrical Engineering,98.68,75,76,sem1_attendance,ATT_S1_25881A6642_A9204,STU_25881A6642,SUB_1_A9204
25881A6642,,A,1,A9801,Foundations of Data Science,96.72,59,61,sem1_attendance,ATT_S1_25881A6642_A9801,STU_25881A6642,SUB_1_A9801
25881A6642,,A,1,A9008,Engineering Physics Laboratory,100.0,42,42,sem1_attendance,ATT_S1_25881A6642_A9008,STU_25881A6642,SUB_1_A9008
25881A6642,,A,1,A9502,Programming for Problem Solving Laboratory,93.75,45,48,sem1_attendance,ATT_S1_25881A6642_A9502,STU_25881A6642,SUB_1_A9502
25881A6642,,A,1,A9205,Basic Electrical Engineering Laboratory,92.86,39,42,sem1_attendance,ATT_S1_25881A6642_A9205,STU_25881A6642,SUB_1_A9205
25881A6642,,A,1,A9302,Engineering Workshop,92.86,39,42,sem1_attendance,ATT_S1_25881A6642_A9302,STU_25881A6642,SUB_1_A9302
25881A6642,,A,1,A9021,Community Centered Design Thinking,100.0,39,39,sem1_attendance,ATT_S1_25881A6642_A9021,STU_25881A6642,SUB_1_A9021
25881A6643,,A,1,A9001,Matrices and Calculus,93.33,70,75,sem1_attendance,ATT_S1_25881A6643_A9001,STU_25881A6643,SUB_1_A9001
25881A6643,,A,1,A9007,Engineering Physics,93.24,69,74,sem1_attendance,ATT_S1_25881A6643_A9007,STU_25881A6643,SUB_1_A9007
25881A6643,,A,1,A9501,Programming for Problem Solving,91.67,66,72,sem1_attendance,ATT_S1_25881A6643_A9501,STU_25881A6643,SUB_1_A9501
25881A6643,,A,1,A9204,Basic Electrical Engineering,97.37,74,76,sem1_attendance,ATT_S1_25881A6643_A9204,STU_25881A6643,SUB_1_A9204
25881A6643,,A,1,A9801,Foundations of Data Science,95.08,58,61,sem1_attendance,ATT_S1_25881A6643_A9801,STU_25881A6643,SUB_1_A9801
25881A6643,,A,1,A9008,Engineering Physics Laboratory,92.86,39,42,sem1_attendance,ATT_S1_25881A6643_A9008,STU_25881A6643,SUB_1_A9008
25881A6643,,A,1,A9502,Programming for Problem Solving Laboratory,100.0,48,48,sem1_attendance,ATT_S1_25881A6643_A9502,STU_25881A6643,SUB_1_A9502
25881A6643,,A,1,A9205,Basic Electrical Engineering Laboratory,92.86,39,42,sem1_attendance,ATT_S1_25881A6643_A9205,STU_25881A6643,SUB_1_A9205
25881A6643,,A,1,A9302,Engineering Workshop,100.0,42,42,sem1_attendance,ATT_S1_25881A6643_A9302,STU_25881A6643,SUB_1_A9302
25881A6643,,A,1,A9021,Community Centered Design Thinking,100.0,39,39,sem1_attendance,ATT_S1_25881A6643_A9021,STU_25881A6643,SUB_1_A9021
25881A6644,,A,1,A9001,Matrices and Calculus,86.67,65,75,sem1_attendance,ATT_S1_25881A6644_A9001,STU_25881A6644,SUB_1_A9001
25881A6644,,A,1,A9007,Engineering Physics,86.49,64,74,sem1_attendance,ATT_S1_25881A6644_A9007,STU_25881A6644,SUB_1_A9007
25881A6644,,A,1,A9501,Programming for Problem Solving,90.28,65,72,sem1_attendance,ATT_S1_25881A6644_A9501,STU_25881A6644,SUB_1_A9501
25881A6644,,A,1,A9204,Basic Electrical Engineering,88.16,67,76,sem1_attendance,ATT_S1_25881A6644_A9204,STU_25881A6644,SUB_1_A9204
25881A6644,,A,1,A9801,Foundations of Data Science,86.89,53,61,sem1_attendance,ATT_S1_25881A6644_A9801,STU_25881A6644,SUB_1_A9801
25881A6644,,A,1,A9008,Engineering Physics Laboratory,92.86,39,42,sem1_attendance,ATT_S1_25881A6644_A9008,STU_25881A6644,SUB_1_A9008
25881A6644,,A,1,A9502,Programming for Problem Solving Laboratory,93.75,45,48,sem1_attendance,ATT_S1_25881A6644_A9502,STU_25881A6644,SUB_1_A9502
25881A6644,,A,1,A9205,Basic Electrical Engineering Laboratory,85.71,36,42,sem1_attendance,ATT_S1_25881A6644_A9205,STU_25881A6644,SUB_1_A9205
25881A6644,,A,1,A9302,Engineering Workshop,85.71,36,42,sem1_attendance,ATT_S1_25881A6644_A9302,STU_25881A6644,SUB_1_A9302
25881A6644,,A,1,A9021,Community Centered Design Thinking,92.31,36,39,sem1_attendance,ATT_S1_25881A6644_A9021,STU_25881A6644,SUB_1_A9021
25881A6645,,A,1,A9001,Matrices and Calculus,89.33,67,75,sem1_attendance,ATT_S1_25881A6645_A9001,STU_25881A6645,SUB_1_A9001
25881A6645,,A,1,A9007,Engineering Physics,87.84,65,74,sem1_attendance,ATT_S1_25881A6645_A9007,STU_25881A6645,SUB_1_A9007
25881A6645,,A,1,A9501,Programming for Problem Solving,93.06,67,72,sem1_attendance,ATT_S1_25881A6645_A9501,STU_25881A6645,SUB_1_A9501
25881A6645,,A,1,A9204,Basic Electrical Engineering,93.42,71,76,sem1_attendance,ATT_S1_25881A6645_A9204,STU_25881A6645,SUB_1_A9204
25881A6645,,A,1,A9801,Foundations of Data Science,96.72,59,61,sem1_attendance,ATT_S1_25881A6645_A9801,STU_25881A6645,SUB_1_A9801
25881A6645,,A,1,A9008,Engineering Physics Laboratory,85.71,36,42,sem1_attendance,ATT_S1_25881A6645_A9008,STU_25881A6645,SUB_1_A9008
25881A6645,,A,1,A9502,Programming for Problem Solving Laboratory,81.25,39,48,sem1_attendance,ATT_S1_25881A6645_A9502,STU_25881A6645,SUB_1_A9502
25881A6645,,A,1,A9205,Basic Electrical Engineering Laboratory,90.48,38,42,sem1_attendance,ATT_S1_25881A6645_A9205,STU_25881A6645,SUB_1_A9205
25881A6645,,A,1,A9302,Engineering Workshop,92.86,39,42,sem1_attendance,ATT_S1_25881A6645_A9302,STU_25881A6645,SUB_1_A9302
25881A6645,,A,1,A9021,Community Centered Design Thinking,100.0,39,39,sem1_attendance,ATT_S1_25881A6645_A9021,STU_25881A6645,SUB_1_A9021
25881A6646,,A,1,A9001,Matrices and Calculus,92.0,69,75,sem1_attendance,ATT_S1_25881A6646_A9001,STU_25881A6646,SUB_1_A9001
25881A6646,,A,1,A9007,Engineering Physics,90.54,67,74,sem1_attendance,ATT_S1_25881A6646_A9007,STU_25881A6646,SUB_1_A9007
25881A6646,,A,1,A9501,Programming for Problem Solving,93.06,67,72,sem1_attendance,ATT_S1_25881A6646_A9501,STU_25881A6646,SUB_1_A9501
25881A6646,,A,1,A9204,Basic Electrical Engineering,96.05,73,76,sem1_attendance,ATT_S1_25881A6646_A9204,STU_25881A6646,SUB_1_A9204
25881A6646,,A,1,A9801,Foundations of Data Science,86.89,53,61,sem1_attendance,ATT_S1_25881A6646_A9801,STU_25881A6646,SUB_1_A9801
25881A6646,,A,1,A9008,Engineering Physics Laboratory,92.86,39,42,sem1_attendance,ATT_S1_25881A6646_A9008,STU_25881A6646,SUB_1_A9008
25881A6646,,A,1,A9502,Programming for Problem Solving Laboratory,87.5,42,48,sem1_attendance,ATT_S1_25881A6646_A9502,STU_25881A6646,SUB_1_A9502
25881A6646,,A,1,A9205,Basic Electrical Engineering Laboratory,100.0,42,42,sem1_attendance,ATT_S1_25881A6646_A9205,STU_25881A6646,SUB_1_A9205
25881A6646,,A,1,A9302,Engineering Workshop,92.86,39,42,sem1_attendance,ATT_S1_25881A6646_A9302,STU_25881A6646,SUB_1_A9302
25881A6646,,A,1,A9021,Community Centered Design Thinking,84.62,33,39,sem1_attendance,ATT_S1_25881A6646_A9021,STU_25881A6646,SUB_1_A9021
25881A6647,,A,1,A9001,Matrices and Calculus,86.67,65,75,sem1_attendance,ATT_S1_25881A6647_A9001,STU_25881A6647,SUB_1_A9001
25881A6647,,A,1,A9007,Engineering Physics,86.49,64,74,sem1_attendance,ATT_S1_25881A6647_A9007,STU_25881A6647,SUB_1_A9007
25881A6647,,A,1,A9501,Programming for Problem Solving,88.89,64,72,sem1_attendance,ATT_S1_25881A6647_A9501,STU_25881A6647,SUB_1_A9501
25881A6647,,A,1,A9204,Basic Electrical Engineering,94.74,72,76,sem1_attendance,ATT_S1_25881A6647_A9204,STU_25881A6647,SUB_1_A9204
25881A6647,,A,1,A9801,Foundations of Data Science,90.16,55,61,sem1_attendance,ATT_S1_25881A6647_A9801,STU_25881A6647,SUB_1_A9801
25881A6647,,A,1,A9008,Engineering Physics Laboratory,92.86,39,42,sem1_attendance,ATT_S1_25881A6647_A9008,STU_25881A6647,SUB_1_A9008
25881A6647,,A,1,A9502,Programming for Problem Solving Laboratory,87.5,42,48,sem1_attendance,ATT_S1_25881A6647_A9502,STU_25881A6647,SUB_1_A9502
25881A6647,,A,1,A9205,Basic Electrical Engineering Laboratory,85.71,36,42,sem1_attendance,ATT_S1_25881A6647_A9205,STU_25881A6647,SUB_1_A9205
25881A6647,,A,1,A9302,Engineering Workshop,92.86,39,42,sem1_attendance,ATT_S1_25881A6647_A9302,STU_25881A6647,SUB_1_A9302
25881A6647,,A,1,A9021,Community Centered Design Thinking,100.0,39,39,sem1_attendance,ATT_S1_25881A6647_A9021,STU_25881A6647,SUB_1_A9021
25881A6648,,A,1,A9001,Matrices and Calculus,82.67,62,75,sem1_attendance,ATT_S1_25881A6648_A9001,STU_25881A6648,SUB_1_A9001
25881A6648,,A,1,A9007,Engineering Physics,79.73,59,74,sem1_attendance,ATT_S1_25881A6648_A9007,STU_25881A6648,SUB_1_A9007
25881A6648,,A,1,A9501,Programming for Problem Solving,80.56,58,72,sem1_attendance,ATT_S1_25881A6648_A9501,STU_25881A6648,SUB_1_A9501
25881A6648,,A,1,A9204,Basic Electrical Engineering,85.53,65,76,sem1_attendance,ATT_S1_25881A6648_A9204,STU_25881A6648,SUB_1_A9204
25881A6648,,A,1,A9801,Foundations of Data Science,85.25,52,61,sem1_attendance,ATT_S1_25881A6648_A9801,STU_25881A6648,SUB_1_A9801
25881A6648,,A,1,A9008,Engineering Physics Laboratory,92.86,39,42,sem1_attendance,ATT_S1_25881A6648_A9008,STU_25881A6648,SUB_1_A9008
25881A6648,,A,1,A9502,Programming for Problem Solving Laboratory,87.5,42,48,sem1_attendance,ATT_S1_25881A6648_A9502,STU_25881A6648,SUB_1_A9502
25881A6648,,A,1,A9205,Basic Electrical Engineering Laboratory,85.71,36,42,sem1_attendance,ATT_S1_25881A6648_A9205,STU_25881A6648,SUB_1_A9205
25881A6648,,A,1,A9302,Engineering Workshop,85.71,36,42,sem1_attendance,ATT_S1_25881A6648_A9302,STU_25881A6648,SUB_1_A9302
25881A6648,,A,1,A9021,Community Centered Design Thinking,92.31,36,39,sem1_attendance,ATT_S1_25881A6648_A9021,STU_25881A6648,SUB_1_A9021
25881A6649,,A,1,A9001,Matrices and Calculus,96.0,72,75,sem1_attendance,ATT_S1_25881A6649_A9001,STU_25881A6649,SUB_1_A9001
25881A6649,,A,1,A9007,Engineering Physics,95.95,71,74,sem1_attendance,ATT_S1_25881A6649_A9007,STU_25881A6649,SUB_1_A9007
25881A6649,,A,1,A9501,Programming for Problem Solving,97.22,70,72,sem1_attendance,ATT_S1_25881A6649_A9501,STU_25881A6649,SUB_1_A9501
25881A6649,,A,1,A9204,Basic Electrical Engineering,97.37,74,76,sem1_attendance,ATT_S1_25881A6649_A9204,STU_25881A6649,SUB_1_A9204
25881A6649,,A,1,A9801,Foundations of Data Science,98.36,60,61,sem1_attendance,ATT_S1_25881A6649_A9801,STU_25881A6649,SUB_1_A9801
25881A6649,,A,1,A9008,Engineering Physics Laboratory,100.0,42,42,sem1_attendance,ATT_S1_25881A6649_A9008,STU_25881A6649,SUB_1_A9008
25881A6649,,A,1,A9502,Programming for Problem Solving Laboratory,100.0,48,48,sem1_attendance,ATT_S1_25881A6649_A9502,STU_25881A6649,SUB_1_A9502
25881A6649,,A,1,A9205,Basic Electrical Engineering Laboratory,92.86,39,42,sem1_attendance,ATT_S1_25881A6649_A9205,STU_25881A6649,SUB_1_A9205
25881A6649,,A,1,A9302,Engineering Workshop,92.86,39,42,sem1_attendance,ATT_S1_25881A6649_A9302,STU_25881A6649,SUB_1_A9302
25881A6649,,A,1,A9021,Community Centered Design Thinking,100.0,39,39,sem1_attendance,ATT_S1_25881A6649_A9021,STU_25881A6649,SUB_1_A9021
25881A6650,,A,1,A9001,Matrices and Calculus,69.33,52,75,sem1_attendance,ATT_S1_25881A6650_A9001,STU_25881A6650,SUB_1_A9001
25881A6650,,A,1,A9007,Engineering Physics,70.27,52,74,sem1_attendance,ATT_S1_25881A6650_A9007,STU_25881A6650,SUB_1_A9007
25881A6650,,A,1,A9501,Programming for Problem Solving,66.67,48,72,sem1_attendance,ATT_S1_25881A6650_A9501,STU_25881A6650,SUB_1_A9501
25881A6650,,A,1,A9204,Basic Electrical Engineering,84.21,64,76,sem1_attendance,ATT_S1_25881A6650_A9204,STU_25881A6650,SUB_1_A9204
25881A6650,,A,1,A9801,Foundations of Data Science,75.41,46,61,sem1_attendance,ATT_S1_25881A6650_A9801,STU_25881A6650,SUB_1_A9801
25881A6650,,A,1,A9008,Engineering Physics Laboratory,57.14,24,42,sem1_attendance,ATT_S1_25881A6650_A9008,STU_25881A6650,SUB_1_A9008
25881A6650,,A,1,A9502,Programming for Problem Solving Laboratory,68.75,33,48,sem1_attendance,ATT_S1_25881A6650_A9502,STU_25881A6650,SUB_1_A9502
25881A6650,,A,1,A9205,Basic Electrical Engineering Laboratory,92.86,39,42,sem1_attendance,ATT_S1_25881A6650_A9205,STU_25881A6650,SUB_1_A9205
25881A6650,,A,1,A9302,Engineering Workshop,78.57,33,42,sem1_attendance,ATT_S1_25881A6650_A9302,STU_25881A6650,SUB_1_A9302
25881A6650,,A,1,A9021,Community Centered Design Thinking,100.0,39,39,sem1_attendance,ATT_S1_25881A6650_A9021,STU_25881A6650,SUB_1_A9021
25881A6651,,A,1,A9001,Matrices and Calculus,88.0,66,75,sem1_attendance,ATT_S1_25881A6651_A9001,STU_25881A6651,SUB_1_A9001
25881A6651,,A,1,A9007,Engineering Physics,89.19,66,74,sem1_attendance,ATT_S1_25881A6651_A9007,STU_25881A6651,SUB_1_A9007
25881A6651,,A,1,A9501,Programming for Problem Solving,91.67,66,72,sem1_attendance,ATT_S1_25881A6651_A9501,STU_25881A6651,SUB_1_A9501
25881A6651,,A,1,A9204,Basic Electrical Engineering,90.79,69,76,sem1_attendance,ATT_S1_25881A6651_A9204,STU_25881A6651,SUB_1_A9204
25881A6651,,A,1,A9801,Foundations of Data Science,90.16,55,61,sem1_attendance,ATT_S1_25881A6651_A9801,STU_25881A6651,SUB_1_A9801
25881A6651,,A,1,A9008,Engineering Physics Laboratory,85.71,36,42,sem1_attendance,ATT_S1_25881A6651_A9008,STU_25881A6651,SUB_1_A9008
25881A6651,,A,1,A9502,Programming for Problem Solving Laboratory,93.75,45,48,sem1_attendance,ATT_S1_25881A6651_A9502,STU_25881A6651,SUB_1_A9502
25881A6651,,A,1,A9205,Basic Electrical Engineering Laboratory,92.86,39,42,sem1_attendance,ATT_S1_25881A6651_A9205,STU_25881A6651,SUB_1_A9205
25881A6651,,A,1,A9302,Engineering Workshop,85.71,36,42,sem1_attendance,ATT_S1_25881A6651_A9302,STU_25881A6651,SUB_1_A9302
25881A6651,,A,1,A9021,Community Centered Design Thinking,92.31,36,39,sem1_attendance,ATT_S1_25881A6651_A9021,STU_25881A6651,SUB_1_A9021
25881A6652,,A,1,A9001,Matrices and Calculus,86.67,65,75,sem1_attendance,ATT_S1_25881A6652_A9001,STU_25881A6652,SUB_1_A9001
25881A6652,,A,1,A9007,Engineering Physics,86.49,64,74,sem1_attendance,ATT_S1_25881A6652_A9007,STU_25881A6652,SUB_1_A9007
25881A6652,,A,1,A9501,Programming for Problem Solving,90.28,65,72,sem1_attendance,ATT_S1_25881A6652_A9501,STU_25881A6652,SUB_1_A9501
25881A6652,,A,1,A9204,Basic Electrical Engineering,90.79,69,76,sem1_attendance,ATT_S1_25881A6652_A9204,STU_25881A6652,SUB_1_A9204
25881A6652,,A,1,A9801,Foundations of Data Science,90.16,55,61,sem1_attendance,ATT_S1_25881A6652_A9801,STU_25881A6652,SUB_1_A9801
25881A6652,,A,1,A9008,Engineering Physics Laboratory,85.71,36,42,sem1_attendance,ATT_S1_25881A6652_A9008,STU_25881A6652,SUB_1_A9008
25881A6652,,A,1,A9502,Programming for Problem Solving Laboratory,81.25,39,48,sem1_attendance,ATT_S1_25881A6652_A9502,STU_25881A6652,SUB_1_A9502
25881A6652,,A,1,A9205,Basic Electrical Engineering Laboratory,92.86,39,42,sem1_attendance,ATT_S1_25881A6652_A9205,STU_25881A6652,SUB_1_A9205
25881A6652,,A,1,A9302,Engineering Workshop,85.71,36,42,sem1_attendance,ATT_S1_25881A6652_A9302,STU_25881A6652,SUB_1_A9302
25881A6652,,A,1,A9021,Community Centered Design Thinking,100.0,39,39,sem1_attendance,ATT_S1_25881A6652_A9021,STU_25881A6652,SUB_1_A9021
25881A6653,,A,1,A9001,Matrices and Calculus,96.0,72,75,sem1_attendance,ATT_S1_25881A6653_A9001,STU_25881A6653,SUB_1_A9001
25881A6653,,A,1,A9007,Engineering Physics,91.89,68,74,sem1_attendance,ATT_S1_25881A6653_A9007,STU_25881A6653,SUB_1_A9007
25881A6653,,A,1,A9501,Programming for Problem Solving,94.44,68,72,sem1_attendance,ATT_S1_25881A6653_A9501,STU_25881A6653,SUB_1_A9501
25881A6653,,A,1,A9204,Basic Electrical Engineering,97.37,74,76,sem1_attendance,ATT_S1_25881A6653_A9204,STU_25881A6653,SUB_1_A9204
25881A6653,,A,1,A9801,Foundations of Data Science,96.72,59,61,sem1_attendance,ATT_S1_25881A6653_A9801,STU_25881A6653,SUB_1_A9801
25881A6653,,A,1,A9008,Engineering Physics Laboratory,100.0,42,42,sem1_attendance,ATT_S1_25881A6653_A9008,STU_25881A6653,SUB_1_A9008
25881A6653,,A,1,A9502,Programming for Problem Solving Laboratory,93.75,45,48,sem1_attendance,ATT_S1_25881A6653_A9502,STU_25881A6653,SUB_1_A9502
25881A6653,,A,1,A9205,Basic Electrical Engineering Laboratory,92.86,39,42,sem1_attendance,ATT_S1_25881A6653_A9205,STU_25881A6653,SUB_1_A9205
25881A6653,,A,1,A9302,Engineering Workshop,92.86,39,42,sem1_attendance,ATT_S1_25881A6653_A9302,STU_25881A6653,SUB_1_A9302
25881A6653,,A,1,A9021,Community Centered Design Thinking,100.0,39,39,sem1_attendance,ATT_S1_25881A6653_A9021,STU_25881A6653,SUB_1_A9021
25881A6654,,A,1,A9001,Matrices and Calculus,90.67,68,75,sem1_attendance,ATT_S1_25881A6654_A9001,STU_25881A6654,SUB_1_A9001
25881A6654,,A,1,A9007,Engineering Physics,90.54,67,74,sem1_attendance,ATT_S1_25881A6654_A9007,STU_25881A6654,SUB_1_A9007
25881A6654,,A,1,A9501,Programming for Problem Solving,93.06,67,72,sem1_attendance,ATT_S1_25881A6654_A9501,STU_25881A6654,SUB_1_A9501
25881A6654,,A,1,A9204,Basic Electrical Engineering,93.42,71,76,sem1_attendance,ATT_S1_25881A6654_A9204,STU_25881A6654,SUB_1_A9204
25881A6654,,A,1,A9801,Foundations of Data Science,91.8,56,61,sem1_attendance,ATT_S1_25881A6654_A9801,STU_25881A6654,SUB_1_A9801
25881A6654,,A,1,A9008,Engineering Physics Laboratory,92.86,39,42,sem1_attendance,ATT_S1_25881A6654_A9008,STU_25881A6654,SUB_1_A9008
25881A6654,,A,1,A9502,Programming for Problem Solving Laboratory,81.25,39,48,sem1_attendance,ATT_S1_25881A6654_A9502,STU_25881A6654,SUB_1_A9502
25881A6654,,A,1,A9205,Basic Electrical Engineering Laboratory,92.86,39,42,sem1_attendance,ATT_S1_25881A6654_A9205,STU_25881A6654,SUB_1_A9205
25881A6654,,A,1,A9302,Engineering Workshop,92.86,39,42,sem1_attendance,ATT_S1_25881A6654_A9302,STU_25881A6654,SUB_1_A9302
25881A6654,,A,1,A9021,Community Centered Design Thinking,92.31,36,39,sem1_attendance,ATT_S1_25881A6654_A9021,STU_25881A6654,SUB_1_A9021
25881A6655,,A,1,A9001,Matrices and Calculus,94.67,71,75,sem1_attendance,ATT_S1_25881A6655_A9001,STU_25881A6655,SUB_1_A9001
25881A6655,,A,1,A9007,Engineering Physics,94.59,70,74,sem1_attendance,ATT_S1_25881A6655_A9007,STU_25881A6655,SUB_1_A9007
25881A6655,,A,1,A9501,Programming for Problem Solving,95.83,69,72,sem1_attendance,ATT_S1_25881A6655_A9501,STU_25881A6655,SUB_1_A9501
25881A6655,,A,1,A9204,Basic Electrical Engineering,97.37,74,76,sem1_attendance,ATT_S1_25881A6655_A9204,STU_25881A6655,SUB_1_A9204
25881A6655,,A,1,A9801,Foundations of Data Science,96.72,59,61,sem1_attendance,ATT_S1_25881A6655_A9801,STU_25881A6655,SUB_1_A9801
25881A6655,,A,1,A9008,Engineering Physics Laboratory,100.0,42,42,sem1_attendance,ATT_S1_25881A6655_A9008,STU_25881A6655,SUB_1_A9008
25881A6655,,A,1,A9502,Programming for Problem Solving Laboratory,93.75,45,48,sem1_attendance,ATT_S1_25881A6655_A9502,STU_25881A6655,SUB_1_A9502
25881A6655,,A,1,A9205,Basic Electrical Engineering Laboratory,88.1,37,42,sem1_attendance,ATT_S1_25881A6655_A9205,STU_25881A6655,SUB_1_A9205
25881A6655,,A,1,A9302,Engineering Workshop,92.86,39,42,sem1_attendance,ATT_S1_25881A6655_A9302,STU_25881A6655,SUB_1_A9302
25881A6655,,A,1,A9021,Community Centered Design Thinking,100.0,39,39,sem1_attendance,ATT_S1_25881A6655_A9021,STU_25881A6655,SUB_1_A9021
25881A6656,,A,1,A9001,Matrices and Calculus,92.0,69,75,sem1_attendance,ATT_S1_25881A6656_A9001,STU_25881A6656,SUB_1_A9001
25881A6656,,A,1,A9007,Engineering Physics,90.54,67,74,sem1_attendance,ATT_S1_25881A6656_A9007,STU_25881A6656,SUB_1_A9007
25881A6656,,A,1,A9501,Programming for Problem Solving,91.67,66,72,sem1_attendance,ATT_S1_25881A6656_A9501,STU_25881A6656,SUB_1_A9501
25881A6656,,A,1,A9204,Basic Electrical Engineering,96.05,73,76,sem1_attendance,ATT_S1_25881A6656_A9204,STU_25881A6656,SUB_1_A9204
25881A6656,,A,1,A9801,Foundations of Data Science,98.36,60,61,sem1_attendance,ATT_S1_25881A6656_A9801,STU_25881A6656,SUB_1_A9801
25881A6656,,A,1,A9008,Engineering Physics Laboratory,85.71,36,42,sem1_attendance,ATT_S1_25881A6656_A9008,STU_25881A6656,SUB_1_A9008
25881A6656,,A,1,A9502,Programming for Problem Solving Laboratory,93.75,45,48,sem1_attendance,ATT_S1_25881A6656_A9502,STU_25881A6656,SUB_1_A9502
25881A6656,,A,1,A9205,Basic Electrical Engineering Laboratory,92.86,39,42,sem1_attendance,ATT_S1_25881A6656_A9205,STU_25881A6656,SUB_1_A9205
25881A6656,,A,1,A9302,Engineering Workshop,92.86,39,42,sem1_attendance,ATT_S1_25881A6656_A9302,STU_25881A6656,SUB_1_A9302
25881A6656,,A,1,A9021,Community Centered Design Thinking,100.0,39,39,sem1_attendance,ATT_S1_25881A6656_A9021,STU_25881A6656,SUB_1_A9021
25881A6657,,A,1,A9001,Matrices and Calculus,76.0,57,75,sem1_attendance,ATT_S1_25881A6657_A9001,STU_25881A6657,SUB_1_A9001
25881A6657,,A,1,A9007,Engineering Physics,68.92,51,74,sem1_attendance,ATT_S1_25881A6657_A9007,STU_25881A6657,SUB_1_A9007
25881A6657,,A,1,A9501,Programming for Problem Solving,77.78,56,72,sem1_attendance,ATT_S1_25881A6657_A9501,STU_25881A6657,SUB_1_A9501
25881A6657,,A,1,A9204,Basic Electrical Engineering,76.32,58,76,sem1_attendance,ATT_S1_25881A6657_A9204,STU_25881A6657,SUB_1_A9204
25881A6657,,A,1,A9801,Foundations of Data Science,70.49,43,61,sem1_attendance,ATT_S1_25881A6657_A9801,STU_25881A6657,SUB_1_A9801
25881A6657,,A,1,A9008,Engineering Physics Laboratory,78.57,33,42,sem1_attendance,ATT_S1_25881A6657_A9008,STU_25881A6657,SUB_1_A9008
25881A6657,,A,1,A9502,Programming for Problem Solving Laboratory,75.0,36,48,sem1_attendance,ATT_S1_25881A6657_A9502,STU_25881A6657,SUB_1_A9502
25881A6657,,A,1,A9205,Basic Electrical Engineering Laboratory,69.05,29,42,sem1_attendance,ATT_S1_25881A6657_A9205,STU_25881A6657,SUB_1_A9205
25881A6657,,A,1,A9302,Engineering Workshop,78.57,33,42,sem1_attendance,ATT_S1_25881A6657_A9302,STU_25881A6657,SUB_1_A9302
25881A6657,,A,1,A9021,Community Centered Design Thinking,92.31,36,39,sem1_attendance,ATT_S1_25881A6657_A9021,STU_25881A6657,SUB_1_A9021
25881A6658,,A,1,A9001,Matrices and Calculus,93.33,70,75,sem1_attendance,ATT_S1_25881A6658_A9001,STU_25881A6658,SUB_1_A9001
25881A6658,,A,1,A9007,Engineering Physics,93.24,69,74,sem1_attendance,ATT_S1_25881A6658_A9007,STU_25881A6658,SUB_1_A9007
25881A6658,,A,1,A9501,Programming for Problem Solving,91.67,66,72,sem1_attendance,ATT_S1_25881A6658_A9501,STU_25881A6658,SUB_1_A9501
25881A6658,,A,1,A9204,Basic Electrical Engineering,94.74,72,76,sem1_attendance,ATT_S1_25881A6658_A9204,STU_25881A6658,SUB_1_A9204
25881A6658,,A,1,A9801,Foundations of Data Science,96.72,59,61,sem1_attendance,ATT_S1_25881A6658_A9801,STU_25881A6658,SUB_1_A9801
25881A6658,,A,1,A9008,Engineering Physics Laboratory,92.86,39,42,sem1_attendance,ATT_S1_25881A6658_A9008,STU_25881A6658,SUB_1_A9008
25881A6658,,A,1,A9502,Programming for Problem Solving Laboratory,87.5,42,48,sem1_attendance,ATT_S1_25881A6658_A9502,STU_25881A6658,SUB_1_A9502
25881A6658,,A,1,A9205,Basic Electrical Engineering Laboratory,100.0,42,42,sem1_attendance,ATT_S1_25881A6658_A9205,STU_25881A6658,SUB_1_A9205
25881A6658,,A,1,A9302,Engineering Workshop,92.86,39,42,sem1_attendance,ATT_S1_25881A6658_A9302,STU_25881A6658,SUB_1_A9302
25881A6658,,A,1,A9021,Community Centered Design Thinking,100.0,39,39,sem1_attendance,ATT_S1_25881A6658_A9021,STU_25881A6658,SUB_1_A9021
25881A6659,,A,1,A9001,Matrices and Calculus,97.33,73,75,sem1_attendance,ATT_S1_25881A6659_A9001,STU_25881A6659,SUB_1_A9001
25881A6659,,A,1,A9007,Engineering Physics,97.3,72,74,sem1_attendance,ATT_S1_25881A6659_A9007,STU_25881A6659,SUB_1_A9007
25881A6659,,A,1,A9501,Programming for Problem Solving,98.61,71,72,sem1_attendance,ATT_S1_25881A6659_A9501,STU_25881A6659,SUB_1_A9501
25881A6659,,A,1,A9204,Basic Electrical Engineering,98.68,75,76,sem1_attendance,ATT_S1_25881A6659_A9204,STU_25881A6659,SUB_1_A9204
25881A6659,,A,1,A9801,Foundations of Data Science,98.36,60,61,sem1_attendance,ATT_S1_25881A6659_A9801,STU_25881A6659,SUB_1_A9801
25881A6659,,A,1,A9008,Engineering Physics Laboratory,92.86,39,42,sem1_attendance,ATT_S1_25881A6659_A9008,STU_25881A6659,SUB_1_A9008
25881A6659,,A,1,A9502,Programming for Problem Solving Laboratory,100.0,48,48,sem1_attendance,ATT_S1_25881A6659_A9502,STU_25881A6659,SUB_1_A9502
25881A6659,,A,1,A9205,Basic Electrical Engineering Laboratory,100.0,42,42,sem1_attendance,ATT_S1_25881A6659_A9205,STU_25881A6659,SUB_1_A9205
25881A6659,,A,1,A9302,Engineering Workshop,85.71,36,42,sem1_attendance,ATT_S1_25881A6659_A9302,STU_25881A6659,SUB_1_A9302
25881A6659,,A,1,A9021,Community Centered Design Thinking,100.0,39,39,sem1_attendance,ATT_S1_25881A6659_A9021,STU_25881A6659,SUB_1_A9021
25881A6660,,A,1,A9001,Matrices and Calculus,90.67,68,75,sem1_attendance,ATT_S1_25881A6660_A9001,STU_25881A6660,SUB_1_A9001
25881A6660,,A,1,A9007,Engineering Physics,91.89,68,74,sem1_attendance,ATT_S1_25881A6660_A9007,STU_25881A6660,SUB_1_A9007
25881A6660,,A,1,A9501,Programming for Problem Solving,91.67,66,72,sem1_attendance,ATT_S1_25881A6660_A9501,STU_25881A6660,SUB_1_A9501
25881A6660,,A,1,A9204,Basic Electrical Engineering,94.74,72,76,sem1_attendance,ATT_S1_25881A6660_A9204,STU_25881A6660,SUB_1_A9204
25881A6660,,A,1,A9801,Foundations of Data Science,95.08,58,61,sem1_attendance,ATT_S1_25881A6660_A9801,STU_25881A6660,SUB_1_A9801
25881A6660,,A,1,A9008,Engineering Physics Laboratory,85.71,36,42,sem1_attendance,ATT_S1_25881A6660_A9008,STU_25881A6660,SUB_1_A9008
25881A6660,,A,1,A9502,Programming for Problem Solving Laboratory,93.75,45,48,sem1_attendance,ATT_S1_25881A6660_A9502,STU_25881A6660,SUB_1_A9502
25881A6660,,A,1,A9205,Basic Electrical Engineering Laboratory,92.86,39,42,sem1_attendance,ATT_S1_25881A6660_A9205,STU_25881A6660,SUB_1_A9205
25881A6660,,A,1,A9302,Engineering Workshop,85.71,36,42,sem1_attendance,ATT_S1_25881A6660_A9302,STU_25881A6660,SUB_1_A9302
25881A6660,,A,1,A9021,Community Centered Design Thinking,92.31,36,39,sem1_attendance,ATT_S1_25881A6660_A9021,STU_25881A6660,SUB_1_A9021
25881A6661,,A,1,A9001,Matrices and Calculus,84.0,63,75,sem1_attendance,ATT_S1_25881A6661_A9001,STU_25881A6661,SUB_1_A9001
25881A6661,,A,1,A9007,Engineering Physics,82.43,61,74,sem1_attendance,ATT_S1_25881A6661_A9007,STU_25881A6661,SUB_1_A9007
25881A6661,,A,1,A9501,Programming for Problem Solving,83.33,60,72,sem1_attendance,ATT_S1_25881A6661_A9501,STU_25881A6661,SUB_1_A9501
25881A6661,,A,1,A9204,Basic Electrical Engineering,90.79,69,76,sem1_attendance,ATT_S1_25881A6661_A9204,STU_25881A6661,SUB_1_A9204
25881A6661,,A,1,A9801,Foundations of Data Science,86.89,53,61,sem1_attendance,ATT_S1_25881A6661_A9801,STU_25881A6661,SUB_1_A9801
25881A6661,,A,1,A9008,Engineering Physics Laboratory,92.86,39,42,sem1_attendance,ATT_S1_25881A6661_A9008,STU_25881A6661,SUB_1_A9008
25881A6661,,A,1,A9502,Programming for Problem Solving Laboratory,87.5,42,48,sem1_attendance,ATT_S1_25881A6661_A9502,STU_25881A6661,SUB_1_A9502
25881A6661,,A,1,A9205,Basic Electrical Engineering Laboratory,78.57,33,42,sem1_attendance,ATT_S1_25881A6661_A9205,STU_25881A6661,SUB_1_A9205
25881A6661,,A,1,A9302,Engineering Workshop,92.86,39,42,sem1_attendance,ATT_S1_25881A6661_A9302,STU_25881A6661,SUB_1_A9302
25881A6661,,A,1,A9021,Community Centered Design Thinking,92.31,36,39,sem1_attendance,ATT_S1_25881A6661_A9021,STU_25881A6661,SUB_1_A9021
25881A6662,,A,1,A9001,Matrices and Calculus,94.67,71,75,sem1_attendance,ATT_S1_25881A6662_A9001,STU_25881A6662,SUB_1_A9001
25881A6662,,A,1,A9007,Engineering Physics,94.59,70,74,sem1_attendance,ATT_S1_25881A6662_A9007,STU_25881A6662,SUB_1_A9007
25881A6662,,A,1,A9501,Programming for Problem Solving,94.44,68,72,sem1_attendance,ATT_S1_25881A6662_A9501,STU_25881A6662,SUB_1_A9501
25881A6662,,A,1,A9204,Basic Electrical Engineering,98.68,75,76,sem1_attendance,ATT_S1_25881A6662_A9204,STU_25881A6662,SUB_1_A9204
25881A6662,,A,1,A9801,Foundations of Data Science,95.08,58,61,sem1_attendance,ATT_S1_25881A6662_A9801,STU_25881A6662,SUB_1_A9801
25881A6662,,A,1,A9008,Engineering Physics Laboratory,100.0,42,42,sem1_attendance,ATT_S1_25881A6662_A9008,STU_25881A6662,SUB_1_A9008
25881A6662,,A,1,A9502,Programming for Problem Solving Laboratory,100.0,48,48,sem1_attendance,ATT_S1_25881A6662_A9502,STU_25881A6662,SUB_1_A9502
25881A6662,,A,1,A9205,Basic Electrical Engineering Laboratory,92.86,39,42,sem1_attendance,ATT_S1_25881A6662_A9205,STU_25881A6662,SUB_1_A9205
25881A6662,,A,1,A9302,Engineering Workshop,100.0,42,42,sem1_attendance,ATT_S1_25881A6662_A9302,STU_25881A6662,SUB_1_A9302
25881A6662,,A,1,A9021,Community Centered Design Thinking,92.31,36,39,sem1_attendance,ATT_S1_25881A6662_A9021,STU_25881A6662,SUB_1_A9021
25881A6663,,A,1,A9001,Matrices and Calculus,96.0,72,75,sem1_attendance,ATT_S1_25881A6663_A9001,STU_25881A6663,SUB_1_A9001
25881A6663,,A,1,A9007,Engineering Physics,95.95,71,74,sem1_attendance,ATT_S1_25881A6663_A9007,STU_25881A6663,SUB_1_A9007
25881A6663,,A,1,A9501,Programming for Problem Solving,97.22,70,72,sem1_attendance,ATT_S1_25881A6663_A9501,STU_25881A6663,SUB_1_A9501
25881A6663,,A,1,A9204,Basic Electrical Engineering,97.37,74,76,sem1_attendance,ATT_S1_25881A6663_A9204,STU_25881A6663,SUB_1_A9204
25881A6663,,A,1,A9801,Foundations of Data Science,96.72,59,61,sem1_attendance,ATT_S1_25881A6663_A9801,STU_25881A6663,SUB_1_A9801
25881A6663,,A,1,A9008,Engineering Physics Laboratory,92.86,39,42,sem1_attendance,ATT_S1_25881A6663_A9008,STU_25881A6663,SUB_1_A9008
25881A6663,,A,1,A9502,Programming for Problem Solving Laboratory,100.0,48,48,sem1_attendance,ATT_S1_25881A6663_A9502,STU_25881A6663,SUB_1_A9502
25881A6663,,A,1,A9205,Basic Electrical Engineering Laboratory,92.86,39,42,sem1_attendance,ATT_S1_25881A6663_A9205,STU_25881A6663,SUB_1_A9205
25881A6663,,A,1,A9302,Engineering Workshop,92.86,39,42,sem1_attendance,ATT_S1_25881A6663_A9302,STU_25881A6663,SUB_1_A9302
25881A6663,,A,1,A9021,Community Centered Design Thinking,100.0,39,39,sem1_attendance,ATT_S1_25881A6663_A9021,STU_25881A6663,SUB_1_A9021
25881A6664,,A,1,A9001,Matrices and Calculus,90.67,68,75,sem1_attendance,ATT_S1_25881A6664_A9001,STU_25881A6664,SUB_1_A9001
25881A6664,,A,1,A9007,Engineering Physics,87.84,65,74,sem1_attendance,ATT_S1_25881A6664_A9007,STU_25881A6664,SUB_1_A9007
25881A6664,,A,1,A9501,Programming for Problem Solving,91.67,66,72,sem1_attendance,ATT_S1_25881A6664_A9501,STU_25881A6664,SUB_1_A9501
25881A6664,,A,1,A9204,Basic Electrical Engineering,93.42,71,76,sem1_attendance,ATT_S1_25881A6664_A9204,STU_25881A6664,SUB_1_A9204
25881A6664,,A,1,A9801,Foundations of Data Science,88.52,54,61,sem1_attendance,ATT_S1_25881A6664_A9801,STU_25881A6664,SUB_1_A9801
25881A6664,,A,1,A9008,Engineering Physics Laboratory,85.71,36,42,sem1_attendance,ATT_S1_25881A6664_A9008,STU_25881A6664,SUB_1_A9008
25881A6664,,A,1,A9502,Programming for Problem Solving Laboratory,81.25,39,48,sem1_attendance,ATT_S1_25881A6664_A9502,STU_25881A6664,SUB_1_A9502
25881A6664,,A,1,A9205,Basic Electrical Engineering Laboratory,92.86,39,42,sem1_attendance,ATT_S1_25881A6664_A9205,STU_25881A6664,SUB_1_A9205
25881A6664,,A,1,A9302,Engineering Workshop,92.86,39,42,sem1_attendance,ATT_S1_25881A6664_A9302,STU_25881A6664,SUB_1_A9302
25881A6664,,A,1,A9021,Community Centered Design Thinking,84.62,33,39,sem1_attendance,ATT_S1_25881A6664_A9021,STU_25881A6664,SUB_1_A9021
25881A6665,,A,1,A9001,Matrices and Calculus,80.0,60,75,sem1_attendance,ATT_S1_25881A6665_A9001,STU_25881A6665,SUB_1_A9001
25881A6665,,A,1,A9007,Engineering Physics,77.33,58,75,sem1_attendance,ATT_S1_25881A6665_A9007,STU_25881A6665,SUB_1_A9007
25881A6665,,A,1,A9501,Programming for Problem Solving,91.89,68,74,sem1_attendance,ATT_S1_25881A6665_A9501,STU_25881A6665,SUB_1_A9501
25881A6665,,A,1,A9204,Basic Electrical Engineering,81.43,57,70,sem1_attendance,ATT_S1_25881A6665_A9204,STU_25881A6665,SUB_1_A9204
25881A6665,,A,1,A9801,Foundations of Data Science,90.0,54,60,sem1_attendance,ATT_S1_25881A6665_A9801,STU_25881A6665,SUB_1_A9801
25881A6665,,A,1,A9008,Engineering Physics Laboratory,92.86,39,42,sem1_attendance,ATT_S1_25881A6665_A9008,STU_25881A6665,SUB_1_A9008
25881A6665,,A,1,A9502,Programming for Problem Solving Laboratory,100.0,39,39,sem1_attendance,ATT_S1_25881A6665_A9502,STU_25881A6665,SUB_1_A9502
25881A6665,,A,1,A9205,Basic Electrical Engineering Laboratory,93.88,46,49,sem1_attendance,ATT_S1_25881A6665_A9205,STU_25881A6665,SUB_1_A9205
25881A6665,,A,1,A9302,Engineering Workshop,93.33,42,45,sem1_attendance,ATT_S1_25881A6665_A9302,STU_25881A6665,SUB_1_A9302
25881A6665,,A,1,A9021,Community Centered Design Thinking,92.86,39,42,sem1_attendance,ATT_S1_25881A6665_A9021,STU_25881A6665,SUB_1_A9021
25881A6666,,B,1,A9001,Matrices and Calculus,93.33,70,75,sem1_attendance,ATT_S1_25881A6666_A9001,STU_25881A6666,SUB_1_A9001
25881A6666,,B,1,A9007,Engineering Physics,94.67,71,75,sem1_attendance,ATT_S1_25881A6666_A9007,STU_25881A6666,SUB_1_A9007
25881A6666,,B,1,A9501,Programming for Problem Solving,97.3,72,74,sem1_attendance,ATT_S1_25881A6666_A9501,STU_25881A6666,SUB_1_A9501
25881A6666,,B,1,A9204,Basic Electrical Engineering,97.14,68,70,sem1_attendance,ATT_S1_25881A6666_A9204,STU_25881A6666,SUB_1_A9204
25881A6666,,B,1,A9801,Foundations of Data Science,95.0,57,60,sem1_attendance,ATT_S1_25881A6666_A9801,STU_25881A6666,SUB_1_A9801
25881A6666,,B,1,A9008,Engineering Physics Laboratory,92.86,39,42,sem1_attendance,ATT_S1_25881A6666_A9008,STU_25881A6666,SUB_1_A9008
25881A6666,,B,1,A9502,Programming for Problem Solving Laboratory,92.31,36,39,sem1_attendance,ATT_S1_25881A6666_A9502,STU_25881A6666,SUB_1_A9502
25881A6666,,B,1,A9205,Basic Electrical Engineering Laboratory,100.0,49,49,sem1_attendance,ATT_S1_25881A6666_A9205,STU_25881A6666,SUB_1_A9205
25881A6666,,B,1,A9302,Engineering Workshop,100.0,45,45,sem1_attendance,ATT_S1_25881A6666_A9302,STU_25881A6666,SUB_1_A9302
25881A6666,,B,1,A9021,Community Centered Design Thinking,92.86,39,42,sem1_attendance,ATT_S1_25881A6666_A9021,STU_25881A6666,SUB_1_A9021
25881A6667,,B,1,A9001,Matrices and Calculus,80.0,60,75,sem1_attendance,ATT_S1_25881A6667_A9001,STU_25881A6667,SUB_1_A9001
25881A6667,,B,1,A9007,Engineering Physics,80.0,60,75,sem1_attendance,ATT_S1_25881A6667_A9007,STU_25881A6667,SUB_1_A9007
25881A6667,,B,1,A9501,Programming for Problem Solving,81.08,60,74,sem1_attendance,ATT_S1_25881A6667_A9501,STU_25881A6667,SUB_1_A9501
25881A6667,,B,1,A9204,Basic Electrical Engineering,85.71,60,70,sem1_attendance,ATT_S1_25881A6667_A9204,STU_25881A6667,SUB_1_A9204
25881A6667,,B,1,A9801,Foundations of Data Science,75.0,45,60,sem1_attendance,ATT_S1_25881A6667_A9801,STU_25881A6667,SUB_1_A9801
25881A6667,,B,1,A9008,Engineering Physics Laboratory,64.29,27,42,sem1_attendance,ATT_S1_25881A6667_A9008,STU_25881A6667,SUB_1_A9008
25881A6667,,B,1,A9502,Programming for Problem Solving Laboratory,76.92,30,39,sem1_attendance,ATT_S1_25881A6667_A9502,STU_25881A6667,SUB_1_A9502
25881A6667,,B,1,A9205,Basic Electrical Engineering Laboratory,61.22,30,49,sem1_attendance,ATT_S1_25881A6667_A9205,STU_25881A6667,SUB_1_A9205
25881A6667,,B,1,A9302,Engineering Workshop,60.0,27,45,sem1_attendance,ATT_S1_25881A6667_A9302,STU_25881A6667,SUB_1_A9302
25881A6667,,B,1,A9021,Community Centered Design Thinking,78.57,33,42,sem1_attendance,ATT_S1_25881A6667_A9021,STU_25881A6667,SUB_1_A9021
25881A6668,,B,1,A9001,Matrices and Calculus,77.33,58,75,sem1_attendance,ATT_S1_25881A6668_A9001,STU_25881A6668,SUB_1_A9001
25881A6668,,B,1,A9007,Engineering Physics,81.33,61,75,sem1_attendance,ATT_S1_25881A6668_A9007,STU_25881A6668,SUB_1_A9007
25881A6668,,B,1,A9501,Programming for Problem Solving,89.19,66,74,sem1_attendance,ATT_S1_25881A6668_A9501,STU_25881A6668,SUB_1_A9501
25881A6668,,B,1,A9204,Basic Electrical Engineering,94.29,66,70,sem1_attendance,ATT_S1_25881A6668_A9204,STU_25881A6668,SUB_1_A9204
25881A6668,,B,1,A9801,Foundations of Data Science,81.67,49,60,sem1_attendance,ATT_S1_25881A6668_A9801,STU_25881A6668,SUB_1_A9801
25881A6668,,B,1,A9008,Engineering Physics Laboratory,85.71,36,42,sem1_attendance,ATT_S1_25881A6668_A9008,STU_25881A6668,SUB_1_A9008
25881A6668,,B,1,A9502,Programming for Problem Solving Laboratory,100.0,39,39,sem1_attendance,ATT_S1_25881A6668_A9502,STU_25881A6668,SUB_1_A9502
25881A6668,,B,1,A9205,Basic Electrical Engineering Laboratory,75.51,37,49,sem1_attendance,ATT_S1_25881A6668_A9205,STU_25881A6668,SUB_1_A9205
25881A6668,,B,1,A9302,Engineering Workshop,80.0,36,45,sem1_attendance,ATT_S1_25881A6668_A9302,STU_25881A6668,SUB_1_A9302
25881A6668,,B,1,A9021,Community Centered Design Thinking,78.57,33,42,sem1_attendance,ATT_S1_25881A6668_A9021,STU_25881A6668,SUB_1_A9021
25881A6669,,B,1,A9001,Matrices and Calculus,88.0,66,75,sem1_attendance,ATT_S1_25881A6669_A9001,STU_25881A6669,SUB_1_A9001
25881A6669,,B,1,A9007,Engineering Physics,85.33,64,75,sem1_attendance,ATT_S1_25881A6669_A9007,STU_25881A6669,SUB_1_A9007
25881A6669,,B,1,A9501,Programming for Problem Solving,91.89,68,74,sem1_attendance,ATT_S1_25881A6669_A9501,STU_25881A6669,SUB_1_A9501
25881A6669,,B,1,A9204,Basic Electrical Engineering,84.29,59,70,sem1_attendance,ATT_S1_25881A6669_A9204,STU_25881A6669,SUB_1_A9204
25881A6669,,B,1,A9801,Foundations of Data Science,91.67,55,60,sem1_attendance,ATT_S1_25881A6669_A9801,STU_25881A6669,SUB_1_A9801
25881A6669,,B,1,A9008,Engineering Physics Laboratory,85.71,36,42,sem1_attendance,ATT_S1_25881A6669_A9008,STU_25881A6669,SUB_1_A9008
25881A6669,,B,1,A9502,Programming for Problem Solving Laboratory,92.31,36,39,sem1_attendance,ATT_S1_25881A6669_A9502,STU_25881A6669,SUB_1_A9502
25881A6669,,B,1,A9205,Basic Electrical Engineering Laboratory,100.0,49,49,sem1_attendance,ATT_S1_25881A6669_A9205,STU_25881A6669,SUB_1_A9205
25881A6669,,B,1,A9302,Engineering Workshop,93.33,42,45,sem1_attendance,ATT_S1_25881A6669_A9302,STU_25881A6669,SUB_1_A9302
25881A6669,,B,1,A9021,Community Centered Design Thinking,92.86,39,42,sem1_attendance,ATT_S1_25881A6669_A9021,STU_25881A6669,SUB_1_A9021
25881A6670,,B,1,A9001,Matrices and Calculus,89.33,67,75,sem1_attendance,ATT_S1_25881A6670_A9001,STU_25881A6670,SUB_1_A9001
25881A6670,,B,1,A9007,Engineering Physics,86.67,65,75,sem1_attendance,ATT_S1_25881A6670_A9007,STU_25881A6670,SUB_1_A9007
25881A6670,,B,1,A9501,Programming for Problem Solving,89.19,66,74,sem1_attendance,ATT_S1_25881A6670_A9501,STU_25881A6670,SUB_1_A9501
25881A6670,,B,1,A9204,Basic Electrical Engineering,92.86,65,70,sem1_attendance,ATT_S1_25881A6670_A9204,STU_25881A6670,SUB_1_A9204
25881A6670,,B,1,A9801,Foundations of Data Science,90.0,54,60,sem1_attendance,ATT_S1_25881A6670_A9801,STU_25881A6670,SUB_1_A9801
25881A6670,,B,1,A9008,Engineering Physics Laboratory,92.86,39,42,sem1_attendance,ATT_S1_25881A6670_A9008,STU_25881A6670,SUB_1_A9008
25881A6670,,B,1,A9502,Programming for Problem Solving Laboratory,84.62,33,39,sem1_attendance,ATT_S1_25881A6670_A9502,STU_25881A6670,SUB_1_A9502
25881A6670,,B,1,A9205,Basic Electrical Engineering Laboratory,87.76,43,49,sem1_attendance,ATT_S1_25881A6670_A9205,STU_25881A6670,SUB_1_A9205
25881A6670,,B,1,A9302,Engineering Workshop,86.67,39,45,sem1_attendance,ATT_S1_25881A6670_A9302,STU_25881A6670,SUB_1_A9302
25881A6670,,B,1,A9021,Community Centered Design Thinking,85.71,36,42,sem1_attendance,ATT_S1_25881A6670_A9021,STU_25881A6670,SUB_1_A9021
25881A6671,,B,1,A9001,Matrices and Calculus,94.67,71,75,sem1_attendance,ATT_S1_25881A6671_A9001,STU_25881A6671,SUB_1_A9001
25881A6671,,B,1,A9007,Engineering Physics,92.0,69,75,sem1_attendance,ATT_S1_25881A6671_A9007,STU_25881A6671,SUB_1_A9007
25881A6671,,B,1,A9501,Programming for Problem Solving,95.95,71,74,sem1_attendance,ATT_S1_25881A6671_A9501,STU_25881A6671,SUB_1_A9501
25881A6671,,B,1,A9204,Basic Electrical Engineering,95.71,67,70,sem1_attendance,ATT_S1_25881A6671_A9204,STU_25881A6671,SUB_1_A9204
25881A6671,,B,1,A9801,Foundations of Data Science,95.0,57,60,sem1_attendance,ATT_S1_25881A6671_A9801,STU_25881A6671,SUB_1_A9801
25881A6671,,B,1,A9008,Engineering Physics Laboratory,92.86,39,42,sem1_attendance,ATT_S1_25881A6671_A9008,STU_25881A6671,SUB_1_A9008
25881A6671,,B,1,A9502,Programming for Problem Solving Laboratory,100.0,39,39,sem1_attendance,ATT_S1_25881A6671_A9502,STU_25881A6671,SUB_1_A9502
25881A6671,,B,1,A9205,Basic Electrical Engineering Laboratory,100.0,49,49,sem1_attendance,ATT_S1_25881A6671_A9205,STU_25881A6671,SUB_1_A9205
25881A6671,,B,1,A9302,Engineering Workshop,100.0,45,45,sem1_attendance,ATT_S1_25881A6671_A9302,STU_25881A6671,SUB_1_A9302
25881A6671,,B,1,A9021,Community Centered Design Thinking,100.0,42,42,sem1_attendance,ATT_S1_25881A6671_A9021,STU_25881A6671,SUB_1_A9021
25881A6672,,B,1,A9001,Matrices and Calculus,80.0,60,75,sem1_attendance,ATT_S1_25881A6672_A9001,STU_25881A6672,SUB_1_A9001
25881A6672,,B,1,A9007,Engineering Physics,77.33,58,75,sem1_attendance,ATT_S1_25881A6672_A9007,STU_25881A6672,SUB_1_A9007
25881A6672,,B,1,A9501,Programming for Problem Solving,81.08,60,74,sem1_attendance,ATT_S1_25881A6672_A9501,STU_25881A6672,SUB_1_A9501
25881A6672,,B,1,A9204,Basic Electrical Engineering,81.43,57,70,sem1_attendance,ATT_S1_25881A6672_A9204,STU_25881A6672,SUB_1_A9204
25881A6672,,B,1,A9801,Foundations of Data Science,78.33,47,60,sem1_attendance,ATT_S1_25881A6672_A9801,STU_25881A6672,SUB_1_A9801
25881A6672,,B,1,A9008,Engineering Physics Laboratory,78.57,33,42,sem1_attendance,ATT_S1_25881A6672_A9008,STU_25881A6672,SUB_1_A9008
25881A6672,,B,1,A9502,Programming for Problem Solving Laboratory,69.23,27,39,sem1_attendance,ATT_S1_25881A6672_A9502,STU_25881A6672,SUB_1_A9502
25881A6672,,B,1,A9205,Basic Electrical Engineering Laboratory,57.14,28,49,sem1_attendance,ATT_S1_25881A6672_A9205,STU_25881A6672,SUB_1_A9205
25881A6672,,B,1,A9302,Engineering Workshop,66.67,30,45,sem1_attendance,ATT_S1_25881A6672_A9302,STU_25881A6672,SUB_1_A9302
25881A6672,,B,1,A9021,Community Centered Design Thinking,78.57,33,42,sem1_attendance,ATT_S1_25881A6672_A9021,STU_25881A6672,SUB_1_A9021
25881A6673,,B,1,A9001,Matrices and Calculus,90.67,68,75,sem1_attendance,ATT_S1_25881A6673_A9001,STU_25881A6673,SUB_1_A9001
25881A6673,,B,1,A9007,Engineering Physics,88.0,66,75,sem1_attendance,ATT_S1_25881A6673_A9007,STU_25881A6673,SUB_1_A9007
25881A6673,,B,1,A9501,Programming for Problem Solving,91.89,68,74,sem1_attendance,ATT_S1_25881A6673_A9501,STU_25881A6673,SUB_1_A9501
25881A6673,,B,1,A9204,Basic Electrical Engineering,91.43,64,70,sem1_attendance,ATT_S1_25881A6673_A9204,STU_25881A6673,SUB_1_A9204
25881A6673,,B,1,A9801,Foundations of Data Science,86.67,52,60,sem1_attendance,ATT_S1_25881A6673_A9801,STU_25881A6673,SUB_1_A9801
25881A6673,,B,1,A9008,Engineering Physics Laboratory,85.71,36,42,sem1_attendance,ATT_S1_25881A6673_A9008,STU_25881A6673,SUB_1_A9008
25881A6673,,B,1,A9502,Programming for Problem Solving Laboratory,92.31,36,39,sem1_attendance,ATT_S1_25881A6673_A9502,STU_25881A6673,SUB_1_A9502
25881A6673,,B,1,A9205,Basic Electrical Engineering Laboratory,100.0,49,49,sem1_attendance,ATT_S1_25881A6673_A9205,STU_25881A6673,SUB_1_A9205
25881A6673,,B,1,A9302,Engineering Workshop,100.0,45,45,sem1_attendance,ATT_S1_25881A6673_A9302,STU_25881A6673,SUB_1_A9302
25881A6673,,B,1,A9021,Community Centered Design Thinking,92.86,39,42,sem1_attendance,ATT_S1_25881A6673_A9021,STU_25881A6673,SUB_1_A9021
25881A6674,,B,1,A9001,Matrices and Calculus,86.67,65,75,sem1_attendance,ATT_S1_25881A6674_A9001,STU_25881A6674,SUB_1_A9001
25881A6674,,B,1,A9007,Engineering Physics,89.33,67,75,sem1_attendance,ATT_S1_25881A6674_A9007,STU_25881A6674,SUB_1_A9007
25881A6674,,B,1,A9501,Programming for Problem Solving,91.89,68,74,sem1_attendance,ATT_S1_25881A6674_A9501,STU_25881A6674,SUB_1_A9501
25881A6674,,B,1,A9204,Basic Electrical Engineering,91.43,64,70,sem1_attendance,ATT_S1_25881A6674_A9204,STU_25881A6674,SUB_1_A9204
25881A6674,,B,1,A9801,Foundations of Data Science,91.67,55,60,sem1_attendance,ATT_S1_25881A6674_A9801,STU_25881A6674,SUB_1_A9801
25881A6674,,B,1,A9008,Engineering Physics Laboratory,85.71,36,42,sem1_attendance,ATT_S1_25881A6674_A9008,STU_25881A6674,SUB_1_A9008
25881A6674,,B,1,A9502,Programming for Problem Solving Laboratory,92.31,36,39,sem1_attendance,ATT_S1_25881A6674_A9502,STU_25881A6674,SUB_1_A9502
25881A6674,,B,1,A9205,Basic Electrical Engineering Laboratory,87.76,43,49,sem1_attendance,ATT_S1_25881A6674_A9205,STU_25881A6674,SUB_1_A9205
25881A6674,,B,1,A9302,Engineering Workshop,93.33,42,45,sem1_attendance,ATT_S1_25881A6674_A9302,STU_25881A6674,SUB_1_A9302
25881A6674,,B,1,A9021,Community Centered Design Thinking,100.0,42,42,sem1_attendance,ATT_S1_25881A6674_A9021,STU_25881A6674,SUB_1_A9021
25881A6675,,B,1,A9001,Matrices and Calculus,81.33,61,75,sem1_attendance,ATT_S1_25881A6675_A9001,STU_25881A6675,SUB_1_A9001
25881A6675,,B,1,A9007,Engineering Physics,76.0,57,75,sem1_attendance,ATT_S1_25881A6675_A9007,STU_25881A6675,SUB_1_A9007
25881A6675,,B,1,A9501,Programming for Problem Solving,78.38,58,74,sem1_attendance,ATT_S1_25881A6675_A9501,STU_25881A6675,SUB_1_A9501
25881A6675,,B,1,A9204,Basic Electrical Engineering,75.71,53,70,sem1_attendance,ATT_S1_25881A6675_A9204,STU_25881A6675,SUB_1_A9204
25881A6675,,B,1,A9801,Foundations of Data Science,81.67,49,60,sem1_attendance,ATT_S1_25881A6675_A9801,STU_25881A6675,SUB_1_A9801
25881A6675,,B,1,A9008,Engineering Physics Laboratory,71.43,30,42,sem1_attendance,ATT_S1_25881A6675_A9008,STU_25881A6675,SUB_1_A9008
25881A6675,,B,1,A9502,Programming for Problem Solving Laboratory,69.23,27,39,sem1_attendance,ATT_S1_25881A6675_A9502,STU_25881A6675,SUB_1_A9502
25881A6675,,B,1,A9205,Basic Electrical Engineering Laboratory,81.63,40,49,sem1_attendance,ATT_S1_25881A6675_A9205,STU_25881A6675,SUB_1_A9205
25881A6675,,B,1,A9302,Engineering Workshop,80.0,36,45,sem1_attendance,ATT_S1_25881A6675_A9302,STU_25881A6675,SUB_1_A9302
25881A6675,,B,1,A9021,Community Centered Design Thinking,78.57,33,42,sem1_attendance,ATT_S1_25881A6675_A9021,STU_25881A6675,SUB_1_A9021
25881A6676,,B,1,A9001,Matrices and Calculus,92.0,69,75,sem1_attendance,ATT_S1_25881A6676_A9001,STU_25881A6676,SUB_1_A9001
25881A6676,,B,1,A9007,Engineering Physics,94.67,71,75,sem1_attendance,ATT_S1_25881A6676_A9007,STU_25881A6676,SUB_1_A9007
25881A6676,,B,1,A9501,Programming for Problem Solving,94.59,70,74,sem1_attendance,ATT_S1_25881A6676_A9501,STU_25881A6676,SUB_1_A9501
25881A6676,,B,1,A9204,Basic Electrical Engineering,88.57,62,70,sem1_attendance,ATT_S1_25881A6676_A9204,STU_25881A6676,SUB_1_A9204
25881A6676,,B,1,A9801,Foundations of Data Science,91.67,55,60,sem1_attendance,ATT_S1_25881A6676_A9801,STU_25881A6676,SUB_1_A9801
25881A6676,,B,1,A9008,Engineering Physics Laboratory,92.86,39,42,sem1_attendance,ATT_S1_25881A6676_A9008,STU_25881A6676,SUB_1_A9008
25881A6676,,B,1,A9502,Programming for Problem Solving Laboratory,100.0,39,39,sem1_attendance,ATT_S1_25881A6676_A9502,STU_25881A6676,SUB_1_A9502
25881A6676,,B,1,A9205,Basic Electrical Engineering Laboratory,93.88,46,49,sem1_attendance,ATT_S1_25881A6676_A9205,STU_25881A6676,SUB_1_A9205
25881A6676,,B,1,A9302,Engineering Workshop,100.0,45,45,sem1_attendance,ATT_S1_25881A6676_A9302,STU_25881A6676,SUB_1_A9302
25881A6676,,B,1,A9021,Community Centered Design Thinking,88.1,37,42,sem1_attendance,ATT_S1_25881A6676_A9021,STU_25881A6676,SUB_1_A9021
25881A6677,,B,1,A9001,Matrices and Calculus,92.0,69,75,sem1_attendance,ATT_S1_25881A6677_A9001,STU_25881A6677,SUB_1_A9001
25881A6677,,B,1,A9007,Engineering Physics,86.67,65,75,sem1_attendance,ATT_S1_25881A6677_A9007,STU_25881A6677,SUB_1_A9007
25881A6677,,B,1,A9501,Programming for Problem Solving,94.59,70,74,sem1_attendance,ATT_S1_25881A6677_A9501,STU_25881A6677,SUB_1_A9501
25881A6677,,B,1,A9204,Basic Electrical Engineering,92.86,65,70,sem1_attendance,ATT_S1_25881A6677_A9204,STU_25881A6677,SUB_1_A9204
25881A6677,,B,1,A9801,Foundations of Data Science,93.33,56,60,sem1_attendance,ATT_S1_25881A6677_A9801,STU_25881A6677,SUB_1_A9801
25881A6677,,B,1,A9008,Engineering Physics Laboratory,78.57,33,42,sem1_attendance,ATT_S1_25881A6677_A9008,STU_25881A6677,SUB_1_A9008
25881A6677,,B,1,A9502,Programming for Problem Solving Laboratory,92.31,36,39,sem1_attendance,ATT_S1_25881A6677_A9502,STU_25881A6677,SUB_1_A9502
25881A6677,,B,1,A9205,Basic Electrical Engineering Laboratory,93.88,46,49,sem1_attendance,ATT_S1_25881A6677_A9205,STU_25881A6677,SUB_1_A9205
25881A6677,,B,1,A9302,Engineering Workshop,93.33,42,45,sem1_attendance,ATT_S1_25881A6677_A9302,STU_25881A6677,SUB_1_A9302
25881A6677,,B,1,A9021,Community Centered Design Thinking,85.71,36,42,sem1_attendance,ATT_S1_25881A6677_A9021,STU_25881A6677,SUB_1_A9021
25881A6678,,B,1,A9001,Matrices and Calculus,77.33,58,75,sem1_attendance,ATT_S1_25881A6678_A9001,STU_25881A6678,SUB_1_A9001
25881A6678,,B,1,A9007,Engineering Physics,84.0,63,75,sem1_attendance,ATT_S1_25881A6678_A9007,STU_25881A6678,SUB_1_A9007
25881A6678,,B,1,A9501,Programming for Problem Solving,85.14,63,74,sem1_attendance,ATT_S1_25881A6678_A9501,STU_25881A6678,SUB_1_A9501
25881A6678,,B,1,A9204,Basic Electrical Engineering,85.71,60,70,sem1_attendance,ATT_S1_25881A6678_A9204,STU_25881A6678,SUB_1_A9204
25881A6678,,B,1,A9801,Foundations of Data Science,80.0,48,60,sem1_attendance,ATT_S1_25881A6678_A9801,STU_25881A6678,SUB_1_A9801
25881A6678,,B,1,A9008,Engineering Physics Laboratory,78.57,33,42,sem1_attendance,ATT_S1_25881A6678_A9008,STU_25881A6678,SUB_1_A9008
25881A6678,,B,1,A9502,Programming for Problem Solving Laboratory,92.31,36,39,sem1_attendance,ATT_S1_25881A6678_A9502,STU_25881A6678,SUB_1_A9502
25881A6678,,B,1,A9205,Basic Electrical Engineering Laboratory,100.0,49,49,sem1_attendance,ATT_S1_25881A6678_A9205,STU_25881A6678,SUB_1_A9205
25881A6678,,B,1,A9302,Engineering Workshop,93.33,42,45,sem1_attendance,ATT_S1_25881A6678_A9302,STU_25881A6678,SUB_1_A9302
25881A6678,,B,1,A9021,Community Centered Design Thinking,85.71,36,42,sem1_attendance,ATT_S1_25881A6678_A9021,STU_25881A6678,SUB_1_A9021
25881A6679,,B,1,A9001,Matrices and Calculus,86.67,65,75,sem1_attendance,ATT_S1_25881A6679_A9001,STU_25881A6679,SUB_1_A9001
25881A6679,,B,1,A9007,Engineering Physics,85.33,64,75,sem1_attendance,ATT_S1_25881A6679_A9007,STU_25881A6679,SUB_1_A9007
25881A6679,,B,1,A9501,Programming for Problem Solving,87.84,65,74,sem1_attendance,ATT_S1_25881A6679_A9501,STU_25881A6679,SUB_1_A9501
25881A6679,,B,1,A9204,Basic Electrical Engineering,88.57,62,70,sem1_attendance,ATT_S1_25881A6679_A9204,STU_25881A6679,SUB_1_A9204
25881A6679,,B,1,A9801,Foundations of Data Science,83.33,50,60,sem1_attendance,ATT_S1_25881A6679_A9801,STU_25881A6679,SUB_1_A9801
25881A6679,,B,1,A9008,Engineering Physics Laboratory,78.57,33,42,sem1_attendance,ATT_S1_25881A6679_A9008,STU_25881A6679,SUB_1_A9008
25881A6679,,B,1,A9502,Programming for Problem Solving Laboratory,100.0,39,39,sem1_attendance,ATT_S1_25881A6679_A9502,STU_25881A6679,SUB_1_A9502
25881A6679,,B,1,A9205,Basic Electrical Engineering Laboratory,87.76,43,49,sem1_attendance,ATT_S1_25881A6679_A9205,STU_25881A6679,SUB_1_A9205
25881A6679,,B,1,A9302,Engineering Workshop,73.33,33,45,sem1_attendance,ATT_S1_25881A6679_A9302,STU_25881A6679,SUB_1_A9302
25881A6679,,B,1,A9021,Community Centered Design Thinking,92.86,39,42,sem1_attendance,ATT_S1_25881A6679_A9021,STU_25881A6679,SUB_1_A9021
25881A6680,,B,1,A9001,Matrices and Calculus,88.0,66,75,sem1_attendance,ATT_S1_25881A6680_A9001,STU_25881A6680,SUB_1_A9001
25881A6680,,B,1,A9007,Engineering Physics,88.0,66,75,sem1_attendance,ATT_S1_25881A6680_A9007,STU_25881A6680,SUB_1_A9007
25881A6680,,B,1,A9501,Programming for Problem Solving,89.19,66,74,sem1_attendance,ATT_S1_25881A6680_A9501,STU_25881A6680,SUB_1_A9501
25881A6680,,B,1,A9204,Basic Electrical Engineering,82.86,58,70,sem1_attendance,ATT_S1_25881A6680_A9204,STU_25881A6680,SUB_1_A9204
25881A6680,,B,1,A9801,Foundations of Data Science,85.0,51,60,sem1_attendance,ATT_S1_25881A6680_A9801,STU_25881A6680,SUB_1_A9801
25881A6680,,B,1,A9008,Engineering Physics Laboratory,85.71,36,42,sem1_attendance,ATT_S1_25881A6680_A9008,STU_25881A6680,SUB_1_A9008
25881A6680,,B,1,A9502,Programming for Problem Solving Laboratory,84.62,33,39,sem1_attendance,ATT_S1_25881A6680_A9502,STU_25881A6680,SUB_1_A9502
25881A6680,,B,1,A9205,Basic Electrical Engineering Laboratory,100.0,49,49,sem1_attendance,ATT_S1_25881A6680_A9205,STU_25881A6680,SUB_1_A9205
25881A6680,,B,1,A9302,Engineering Workshop,86.67,39,45,sem1_attendance,ATT_S1_25881A6680_A9302,STU_25881A6680,SUB_1_A9302
25881A6680,,B,1,A9021,Community Centered Design Thinking,78.57,33,42,sem1_attendance,ATT_S1_25881A6680_A9021,STU_25881A6680,SUB_1_A9021
25881A6681,,B,1,A9001,Matrices and Calculus,92.0,69,75,sem1_attendance,ATT_S1_25881A6681_A9001,STU_25881A6681,SUB_1_A9001
25881A6681,,B,1,A9007,Engineering Physics,88.0,66,75,sem1_attendance,ATT_S1_25881A6681_A9007,STU_25881A6681,SUB_1_A9007
25881A6681,,B,1,A9501,Programming for Problem Solving,94.59,70,74,sem1_attendance,ATT_S1_25881A6681_A9501,STU_25881A6681,SUB_1_A9501
25881A6681,,B,1,A9204,Basic Electrical Engineering,94.29,66,70,sem1_attendance,ATT_S1_25881A6681_A9204,STU_25881A6681,SUB_1_A9204
25881A6681,,B,1,A9801,Foundations of Data Science,98.33,59,60,sem1_attendance,ATT_S1_25881A6681_A9801,STU_25881A6681,SUB_1_A9801
25881A6681,,B,1,A9008,Engineering Physics Laboratory,78.57,33,42,sem1_attendance,ATT_S1_25881A6681_A9008,STU_25881A6681,SUB_1_A9008
25881A6681,,B,1,A9502,Programming for Problem Solving Laboratory,92.31,36,39,sem1_attendance,ATT_S1_25881A6681_A9502,STU_25881A6681,SUB_1_A9502
25881A6681,,B,1,A9205,Basic Electrical Engineering Laboratory,93.88,46,49,sem1_attendance,ATT_S1_25881A6681_A9205,STU_25881A6681,SUB_1_A9205
25881A6681,,B,1,A9302,Engineering Workshop,100.0,45,45,sem1_attendance,ATT_S1_25881A6681_A9302,STU_25881A6681,SUB_1_A9302
25881A6681,,B,1,A9021,Community Centered Design Thinking,92.86,39,42,sem1_attendance,ATT_S1_25881A6681_A9021,STU_25881A6681,SUB_1_A9021
25881A6682,,B,1,A9001,Matrices and Calculus,85.33,64,75,sem1_attendance,ATT_S1_25881A6682_A9001,STU_25881A6682,SUB_1_A9001
25881A6682,,B,1,A9007,Engineering Physics,89.33,67,75,sem1_attendance,ATT_S1_25881A6682_A9007,STU_25881A6682,SUB_1_A9007
25881A6682,,B,1,A9501,Programming for Problem Solving,95.95,71,74,sem1_attendance,ATT_S1_25881A6682_A9501,STU_25881A6682,SUB_1_A9501
25881A6682,,B,1,A9204,Basic Electrical Engineering,97.14,68,70,sem1_attendance,ATT_S1_25881A6682_A9204,STU_25881A6682,SUB_1_A9204
25881A6682,,B,1,A9801,Foundations of Data Science,93.33,56,60,sem1_attendance,ATT_S1_25881A6682_A9801,STU_25881A6682,SUB_1_A9801
25881A6682,,B,1,A9008,Engineering Physics Laboratory,85.71,36,42,sem1_attendance,ATT_S1_25881A6682_A9008,STU_25881A6682,SUB_1_A9008
25881A6682,,B,1,A9502,Programming for Problem Solving Laboratory,92.31,36,39,sem1_attendance,ATT_S1_25881A6682_A9502,STU_25881A6682,SUB_1_A9502
25881A6682,,B,1,A9205,Basic Electrical Engineering Laboratory,100.0,49,49,sem1_attendance,ATT_S1_25881A6682_A9205,STU_25881A6682,SUB_1_A9205
25881A6682,,B,1,A9302,Engineering Workshop,86.67,39,45,sem1_attendance,ATT_S1_25881A6682_A9302,STU_25881A6682,SUB_1_A9302
25881A6682,,B,1,A9021,Community Centered Design Thinking,92.86,39,42,sem1_attendance,ATT_S1_25881A6682_A9021,STU_25881A6682,SUB_1_A9021
25881A6683,,B,1,A9001,Matrices and Calculus,96.0,72,75,sem1_attendance,ATT_S1_25881A6683_A9001,STU_25881A6683,SUB_1_A9001
25881A6683,,B,1,A9007,Engineering Physics,94.67,71,75,sem1_attendance,ATT_S1_25881A6683_A9007,STU_25881A6683,SUB_1_A9007
25881A6683,,B,1,A9501,Programming for Problem Solving,94.59,70,74,sem1_attendance,ATT_S1_25881A6683_A9501,STU_25881A6683,SUB_1_A9501
25881A6683,,B,1,A9204,Basic Electrical Engineering,91.43,64,70,sem1_attendance,ATT_S1_25881A6683_A9204,STU_25881A6683,SUB_1_A9204
25881A6683,,B,1,A9801,Foundations of Data Science,96.67,58,60,sem1_attendance,ATT_S1_25881A6683_A9801,STU_25881A6683,SUB_1_A9801
25881A6683,,B,1,A9008,Engineering Physics Laboratory,92.86,39,42,sem1_attendance,ATT_S1_25881A6683_A9008,STU_25881A6683,SUB_1_A9008
25881A6683,,B,1,A9502,Programming for Problem Solving Laboratory,92.31,36,39,sem1_attendance,ATT_S1_25881A6683_A9502,STU_25881A6683,SUB_1_A9502
25881A6683,,B,1,A9205,Basic Electrical Engineering Laboratory,87.76,43,49,sem1_attendance,ATT_S1_25881A6683_A9205,STU_25881A6683,SUB_1_A9205
25881A6683,,B,1,A9302,Engineering Workshop,100.0,45,45,sem1_attendance,ATT_S1_25881A6683_A9302,STU_25881A6683,SUB_1_A9302
25881A6683,,B,1,A9021,Community Centered Design Thinking,92.86,39,42,sem1_attendance,ATT_S1_25881A6683_A9021,STU_25881A6683,SUB_1_A9021
25881A6684,,B,1,A9001,Matrices and Calculus,85.33,64,75,sem1_attendance,ATT_S1_25881A6684_A9001,STU_25881A6684,SUB_1_A9001
25881A6684,,B,1,A9007,Engineering Physics,86.67,65,75,sem1_attendance,ATT_S1_25881A6684_A9007,STU_25881A6684,SUB_1_A9007
25881A6684,,B,1,A9501,Programming for Problem Solving,89.19,66,74,sem1_attendance,ATT_S1_25881A6684_A9501,STU_25881A6684,SUB_1_A9501
25881A6684,,B,1,A9204,Basic Electrical Engineering,87.14,61,70,sem1_attendance,ATT_S1_25881A6684_A9204,STU_25881A6684,SUB_1_A9204
25881A6684,,B,1,A9801,Foundations of Data Science,88.33,53,60,sem1_attendance,ATT_S1_25881A6684_A9801,STU_25881A6684,SUB_1_A9801
25881A6684,,B,1,A9008,Engineering Physics Laboratory,78.57,33,42,sem1_attendance,ATT_S1_25881A6684_A9008,STU_25881A6684,SUB_1_A9008
25881A6684,,B,1,A9502,Programming for Problem Solving Laboratory,92.31,36,39,sem1_attendance,ATT_S1_25881A6684_A9502,STU_25881A6684,SUB_1_A9502
25881A6684,,B,1,A9205,Basic Electrical Engineering Laboratory,81.63,40,49,sem1_attendance,ATT_S1_25881A6684_A9205,STU_25881A6684,SUB_1_A9205
25881A6684,,B,1,A9302,Engineering Workshop,93.33,42,45,sem1_attendance,ATT_S1_25881A6684_A9302,STU_25881A6684,SUB_1_A9302
25881A6684,,B,1,A9021,Community Centered Design Thinking,78.57,33,42,sem1_attendance,ATT_S1_25881A6684_A9021,STU_25881A6684,SUB_1_A9021
25881A6685,,B,1,A9001,Matrices and Calculus,82.67,62,75,sem1_attendance,ATT_S1_25881A6685_A9001,STU_25881A6685,SUB_1_A9001
25881A6685,,B,1,A9007,Engineering Physics,85.33,64,75,sem1_attendance,ATT_S1_25881A6685_A9007,STU_25881A6685,SUB_1_A9007
25881A6685,,B,1,A9501,Programming for Problem Solving,91.89,68,74,sem1_attendance,ATT_S1_25881A6685_A9501,STU_25881A6685,SUB_1_A9501
25881A6685,,B,1,A9204,Basic Electrical Engineering,84.29,59,70,sem1_attendance,ATT_S1_25881A6685_A9204,STU_25881A6685,SUB_1_A9204
25881A6685,,B,1,A9801,Foundations of Data Science,90.0,54,60,sem1_attendance,ATT_S1_25881A6685_A9801,STU_25881A6685,SUB_1_A9801
25881A6685,,B,1,A9008,Engineering Physics Laboratory,78.57,33,42,sem1_attendance,ATT_S1_25881A6685_A9008,STU_25881A6685,SUB_1_A9008
25881A6685,,B,1,A9502,Programming for Problem Solving Laboratory,92.31,36,39,sem1_attendance,ATT_S1_25881A6685_A9502,STU_25881A6685,SUB_1_A9502
25881A6685,,B,1,A9205,Basic Electrical Engineering Laboratory,69.39,34,49,sem1_attendance,ATT_S1_25881A6685_A9205,STU_25881A6685,SUB_1_A9205
25881A6685,,B,1,A9302,Engineering Workshop,100.0,45,45,sem1_attendance,ATT_S1_25881A6685_A9302,STU_25881A6685,SUB_1_A9302
25881A6685,,B,1,A9021,Community Centered Design Thinking,78.57,33,42,sem1_attendance,ATT_S1_25881A6685_A9021,STU_25881A6685,SUB_1_A9021
25881A6686,,B,1,A9001,Matrices and Calculus,88.0,66,75,sem1_attendance,ATT_S1_25881A6686_A9001,STU_25881A6686,SUB_1_A9001
25881A6686,,B,1,A9007,Engineering Physics,86.67,65,75,sem1_attendance,ATT_S1_25881A6686_A9007,STU_25881A6686,SUB_1_A9007
25881A6686,,B,1,A9501,Programming for Problem Solving,90.54,67,74,sem1_attendance,ATT_S1_25881A6686_A9501,STU_25881A6686,SUB_1_A9501
25881A6686,,B,1,A9204,Basic Electrical Engineering,90.0,63,70,sem1_attendance,ATT_S1_25881A6686_A9204,STU_25881A6686,SUB_1_A9204
25881A6686,,B,1,A9801,Foundations of Data Science,90.0,54,60,sem1_attendance,ATT_S1_25881A6686_A9801,STU_25881A6686,SUB_1_A9801
25881A6686,,B,1,A9008,Engineering Physics Laboratory,92.86,39,42,sem1_attendance,ATT_S1_25881A6686_A9008,STU_25881A6686,SUB_1_A9008
25881A6686,,B,1,A9502,Programming for Problem Solving Laboratory,100.0,39,39,sem1_attendance,ATT_S1_25881A6686_A9502,STU_25881A6686,SUB_1_A9502
25881A6686,,B,1,A9205,Basic Electrical Engineering Laboratory,87.76,43,49,sem1_attendance,ATT_S1_25881A6686_A9205,STU_25881A6686,SUB_1_A9205
25881A6686,,B,1,A9302,Engineering Workshop,86.67,39,45,sem1_attendance,ATT_S1_25881A6686_A9302,STU_25881A6686,SUB_1_A9302
25881A6686,,B,1,A9021,Community Centered Design Thinking,92.86,39,42,sem1_attendance,ATT_S1_25881A6686_A9021,STU_25881A6686,SUB_1_A9021
25881A6687,,B,1,A9001,Matrices and Calculus,86.67,65,75,sem1_attendance,ATT_S1_25881A6687_A9001,STU_25881A6687,SUB_1_A9001
25881A6687,,B,1,A9007,Engineering Physics,88.0,66,75,sem1_attendance,ATT_S1_25881A6687_A9007,STU_25881A6687,SUB_1_A9007
25881A6687,,B,1,A9501,Programming for Problem Solving,94.59,70,74,sem1_attendance,ATT_S1_25881A6687_A9501,STU_25881A6687,SUB_1_A9501
25881A6687,,B,1,A9204,Basic Electrical Engineering,91.43,64,70,sem1_attendance,ATT_S1_25881A6687_A9204,STU_25881A6687,SUB_1_A9204
25881A6687,,B,1,A9801,Foundations of Data Science,90.0,54,60,sem1_attendance,ATT_S1_25881A6687_A9801,STU_25881A6687,SUB_1_A9801
25881A6687,,B,1,A9008,Engineering Physics Laboratory,85.71,36,42,sem1_attendance,ATT_S1_25881A6687_A9008,STU_25881A6687,SUB_1_A9008
25881A6687,,B,1,A9502,Programming for Problem Solving Laboratory,100.0,39,39,sem1_attendance,ATT_S1_25881A6687_A9502,STU_25881A6687,SUB_1_A9502
25881A6687,,B,1,A9205,Basic Electrical Engineering Laboratory,100.0,49,49,sem1_attendance,ATT_S1_25881A6687_A9205,STU_25881A6687,SUB_1_A9205
25881A6687,,B,1,A9302,Engineering Workshop,93.33,42,45,sem1_attendance,ATT_S1_25881A6687_A9302,STU_25881A6687,SUB_1_A9302
25881A6687,,B,1,A9021,Community Centered Design Thinking,92.86,39,42,sem1_attendance,ATT_S1_25881A6687_A9021,STU_25881A6687,SUB_1_A9021
25881A6688,,B,1,A9001,Matrices and Calculus,97.33,73,75,sem1_attendance,ATT_S1_25881A6688_A9001,STU_25881A6688,SUB_1_A9001
25881A6688,,B,1,A9007,Engineering Physics,94.67,71,75,sem1_attendance,ATT_S1_25881A6688_A9007,STU_25881A6688,SUB_1_A9007
25881A6688,,B,1,A9501,Programming for Problem Solving,95.95,71,74,sem1_attendance,ATT_S1_25881A6688_A9501,STU_25881A6688,SUB_1_A9501
25881A6688,,B,1,A9204,Basic Electrical Engineering,91.43,64,70,sem1_attendance,ATT_S1_25881A6688_A9204,STU_25881A6688,SUB_1_A9204
25881A6688,,B,1,A9801,Foundations of Data Science,95.0,57,60,sem1_attendance,ATT_S1_25881A6688_A9801,STU_25881A6688,SUB_1_A9801
25881A6688,,B,1,A9008,Engineering Physics Laboratory,92.86,39,42,sem1_attendance,ATT_S1_25881A6688_A9008,STU_25881A6688,SUB_1_A9008
25881A6688,,B,1,A9502,Programming for Problem Solving Laboratory,92.31,36,39,sem1_attendance,ATT_S1_25881A6688_A9502,STU_25881A6688,SUB_1_A9502
25881A6688,,B,1,A9205,Basic Electrical Engineering Laboratory,100.0,49,49,sem1_attendance,ATT_S1_25881A6688_A9205,STU_25881A6688,SUB_1_A9205
25881A6688,,B,1,A9302,Engineering Workshop,93.33,42,45,sem1_attendance,ATT_S1_25881A6688_A9302,STU_25881A6688,SUB_1_A9302
25881A6688,,B,1,A9021,Community Centered Design Thinking,92.86,39,42,sem1_attendance,ATT_S1_25881A6688_A9021,STU_25881A6688,SUB_1_A9021
25881A6689,,B,1,A9001,Matrices and Calculus,90.67,68,75,sem1_attendance,ATT_S1_25881A6689_A9001,STU_25881A6689,SUB_1_A9001
25881A6689,,B,1,A9007,Engineering Physics,90.67,68,75,sem1_attendance,ATT_S1_25881A6689_A9007,STU_25881A6689,SUB_1_A9007
25881A6689,,B,1,A9501,Programming for Problem Solving,93.24,69,74,sem1_attendance,ATT_S1_25881A6689_A9501,STU_25881A6689,SUB_1_A9501
25881A6689,,B,1,A9204,Basic Electrical Engineering,87.14,61,70,sem1_attendance,ATT_S1_25881A6689_A9204,STU_25881A6689,SUB_1_A9204
25881A6689,,B,1,A9801,Foundations of Data Science,90.0,54,60,sem1_attendance,ATT_S1_25881A6689_A9801,STU_25881A6689,SUB_1_A9801
25881A6689,,B,1,A9008,Engineering Physics Laboratory,85.71,36,42,sem1_attendance,ATT_S1_25881A6689_A9008,STU_25881A6689,SUB_1_A9008
25881A6689,,B,1,A9502,Programming for Problem Solving Laboratory,92.31,36,39,sem1_attendance,ATT_S1_25881A6689_A9502,STU_25881A6689,SUB_1_A9502
25881A6689,,B,1,A9205,Basic Electrical Engineering Laboratory,87.76,43,49,sem1_attendance,ATT_S1_25881A6689_A9205,STU_25881A6689,SUB_1_A9205
25881A6689,,B,1,A9302,Engineering Workshop,93.33,42,45,sem1_attendance,ATT_S1_25881A6689_A9302,STU_25881A6689,SUB_1_A9302
25881A6689,,B,1,A9021,Community Centered Design Thinking,92.86,39,42,sem1_attendance,ATT_S1_25881A6689_A9021,STU_25881A6689,SUB_1_A9021
25881A6690,,B,1,A9001,Matrices and Calculus,100.0,75,75,sem1_attendance,ATT_S1_25881A6690_A9001,STU_25881A6690,SUB_1_A9001
25881A6690,,B,1,A9007,Engineering Physics,96.0,72,75,sem1_attendance,ATT_S1_25881A6690_A9007,STU_25881A6690,SUB_1_A9007
25881A6690,,B,1,A9501,Programming for Problem Solving,100.0,74,74,sem1_attendance,ATT_S1_25881A6690_A9501,STU_25881A6690,SUB_1_A9501
25881A6690,,B,1,A9204,Basic Electrical Engineering,100.0,70,70,sem1_attendance,ATT_S1_25881A6690_A9204,STU_25881A6690,SUB_1_A9204
25881A6690,,B,1,A9801,Foundations of Data Science,93.33,56,60,sem1_attendance,ATT_S1_25881A6690_A9801,STU_25881A6690,SUB_1_A9801
25881A6690,,B,1,A9008,Engineering Physics Laboratory,100.0,42,42,sem1_attendance,ATT_S1_25881A6690_A9008,STU_25881A6690,SUB_1_A9008
25881A6690,,B,1,A9502,Programming for Problem Solving Laboratory,100.0,39,39,sem1_attendance,ATT_S1_25881A6690_A9502,STU_25881A6690,SUB_1_A9502
25881A6690,,B,1,A9205,Basic Electrical Engineering Laboratory,87.76,43,49,sem1_attendance,ATT_S1_25881A6690_A9205,STU_25881A6690,SUB_1_A9205
25881A6690,,B,1,A9302,Engineering Workshop,100.0,45,45,sem1_attendance,ATT_S1_25881A6690_A9302,STU_25881A6690,SUB_1_A9302
25881A6690,,B,1,A9021,Community Centered Design Thinking,100.0,42,42,sem1_attendance,ATT_S1_25881A6690_A9021,STU_25881A6690,SUB_1_A9021
25881A6691,,B,1,A9001,Matrices and Calculus,93.33,70,75,sem1_attendance,ATT_S1_25881A6691_A9001,STU_25881A6691,SUB_1_A9001
25881A6691,,B,1,A9007,Engineering Physics,93.33,70,75,sem1_attendance,ATT_S1_25881A6691_A9007,STU_25881A6691,SUB_1_A9007
25881A6691,,B,1,A9501,Programming for Problem Solving,95.95,71,74,sem1_attendance,ATT_S1_25881A6691_A9501,STU_25881A6691,SUB_1_A9501
25881A6691,,B,1,A9204,Basic Electrical Engineering,97.14,68,70,sem1_attendance,ATT_S1_25881A6691_A9204,STU_25881A6691,SUB_1_A9204
25881A6691,,B,1,A9801,Foundations of Data Science,91.67,55,60,sem1_attendance,ATT_S1_25881A6691_A9801,STU_25881A6691,SUB_1_A9801
25881A6691,,B,1,A9008,Engineering Physics Laboratory,100.0,42,42,sem1_attendance,ATT_S1_25881A6691_A9008,STU_25881A6691,SUB_1_A9008
25881A6691,,B,1,A9502,Programming for Problem Solving Laboratory,100.0,39,39,sem1_attendance,ATT_S1_25881A6691_A9502,STU_25881A6691,SUB_1_A9502
25881A6691,,B,1,A9205,Basic Electrical Engineering Laboratory,100.0,49,49,sem1_attendance,ATT_S1_25881A6691_A9205,STU_25881A6691,SUB_1_A9205
25881A6691,,B,1,A9302,Engineering Workshop,86.67,39,45,sem1_attendance,ATT_S1_25881A6691_A9302,STU_25881A6691,SUB_1_A9302
25881A6691,,B,1,A9021,Community Centered Design Thinking,85.71,36,42,sem1_attendance,ATT_S1_25881A6691_A9021,STU_25881A6691,SUB_1_A9021
25881A6692,,B,1,A9001,Matrices and Calculus,97.33,73,75,sem1_attendance,ATT_S1_25881A6692_A9001,STU_25881A6692,SUB_1_A9001
25881A6692,,B,1,A9007,Engineering Physics,93.33,70,75,sem1_attendance,ATT_S1_25881A6692_A9007,STU_25881A6692,SUB_1_A9007
25881A6692,,B,1,A9501,Programming for Problem Solving,97.3,72,74,sem1_attendance,ATT_S1_25881A6692_A9501,STU_25881A6692,SUB_1_A9501
25881A6692,,B,1,A9204,Basic Electrical Engineering,100.0,70,70,sem1_attendance,ATT_S1_25881A6692_A9204,STU_25881A6692,SUB_1_A9204
25881A6692,,B,1,A9801,Foundations of Data Science,96.67,58,60,sem1_attendance,ATT_S1_25881A6692_A9801,STU_25881A6692,SUB_1_A9801
25881A6692,,B,1,A9008,Engineering Physics Laboratory,100.0,42,42,sem1_attendance,ATT_S1_25881A6692_A9008,STU_25881A6692,SUB_1_A9008
25881A6692,,B,1,A9502,Programming for Problem Solving Laboratory,100.0,39,39,sem1_attendance,ATT_S1_25881A6692_A9502,STU_25881A6692,SUB_1_A9502
25881A6692,,B,1,A9205,Basic Electrical Engineering Laboratory,100.0,49,49,sem1_attendance,ATT_S1_25881A6692_A9205,STU_25881A6692,SUB_1_A9205
25881A6692,,B,1,A9302,Engineering Workshop,100.0,45,45,sem1_attendance,ATT_S1_25881A6692_A9302,STU_25881A6692,SUB_1_A9302
25881A6692,,B,1,A9021,Community Centered Design Thinking,92.86,39,42,sem1_attendance,ATT_S1_25881A6692_A9021,STU_25881A6692,SUB_1_A9021
25881A6693,,B,1,A9001,Matrices and Calculus,100.0,75,75,sem1_attendance,ATT_S1_25881A6693_A9001,STU_25881A6693,SUB_1_A9001
25881A6693,,B,1,A9007,Engineering Physics,98.67,74,75,sem1_attendance,ATT_S1_25881A6693_A9007,STU_25881A6693,SUB_1_A9007
25881A6693,,B,1,A9501,Programming for Problem Solving,100.0,74,74,sem1_attendance,ATT_S1_25881A6693_A9501,STU_25881A6693,SUB_1_A9501
25881A6693,,B,1,A9204,Basic Electrical Engineering,100.0,70,70,sem1_attendance,ATT_S1_25881A6693_A9204,STU_25881A6693,SUB_1_A9204
25881A6693,,B,1,A9801,Foundations of Data Science,98.33,59,60,sem1_attendance,ATT_S1_25881A6693_A9801,STU_25881A6693,SUB_1_A9801
25881A6693,,B,1,A9008,Engineering Physics Laboratory,100.0,42,42,sem1_attendance,ATT_S1_25881A6693_A9008,STU_25881A6693,SUB_1_A9008
25881A6693,,B,1,A9502,Programming for Problem Solving Laboratory,100.0,39,39,sem1_attendance,ATT_S1_25881A6693_A9502,STU_25881A6693,SUB_1_A9502
25881A6693,,B,1,A9205,Basic Electrical Engineering Laboratory,100.0,49,49,sem1_attendance,ATT_S1_25881A6693_A9205,STU_25881A6693,SUB_1_A9205
25881A6693,,B,1,A9302,Engineering Workshop,100.0,45,45,sem1_attendance,ATT_S1_25881A6693_A9302,STU_25881A6693,SUB_1_A9302
25881A6693,,B,1,A9021,Community Centered Design Thinking,100.0,42,42,sem1_attendance,ATT_S1_25881A6693_A9021,STU_25881A6693,SUB_1_A9021
25881A6694,,B,1,A9001,Matrices and Calculus,82.67,62,75,sem1_attendance,ATT_S1_25881A6694_A9001,STU_25881A6694,SUB_1_A9001
25881A6694,,B,1,A9007,Engineering Physics,80.0,60,75,sem1_attendance,ATT_S1_25881A6694_A9007,STU_25881A6694,SUB_1_A9007
25881A6694,,B,1,A9501,Programming for Problem Solving,86.49,64,74,sem1_attendance,ATT_S1_25881A6694_A9501,STU_25881A6694,SUB_1_A9501
25881A6694,,B,1,A9204,Basic Electrical Engineering,90.0,63,70,sem1_attendance,ATT_S1_25881A6694_A9204,STU_25881A6694,SUB_1_A9204
25881A6694,,B,1,A9801,Foundations of Data Science,85.0,51,60,sem1_attendance,ATT_S1_25881A6694_A9801,STU_25881A6694,SUB_1_A9801
25881A6694,,B,1,A9008,Engineering Physics Laboratory,92.86,39,42,sem1_attendance,ATT_S1_25881A6694_A9008,STU_25881A6694,SUB_1_A9008
25881A6694,,B,1,A9502,Programming for Problem Solving Laboratory,100.0,39,39,sem1_attendance,ATT_S1_25881A6694_A9502,STU_25881A6694,SUB_1_A9502
25881A6694,,B,1,A9205,Basic Electrical Engineering Laboratory,93.88,46,49,sem1_attendance,ATT_S1_25881A6694_A9205,STU_25881A6694,SUB_1_A9205
25881A6694,,B,1,A9302,Engineering Workshop,86.67,39,45,sem1_attendance,ATT_S1_25881A6694_A9302,STU_25881A6694,SUB_1_A9302
25881A6694,,B,1,A9021,Community Centered Design Thinking,85.71,36,42,sem1_attendance,ATT_S1_25881A6694_A9021,STU_25881A6694,SUB_1_A9021
25881A6695,,B,1,A9001,Matrices and Calculus,74.67,56,75,sem1_attendance,ATT_S1_25881A6695_A9001,STU_25881A6695,SUB_1_A9001
25881A6695,,B,1,A9007,Engineering Physics,72.0,54,75,sem1_attendance,ATT_S1_25881A6695_A9007,STU_25881A6695,SUB_1_A9007
25881A6695,,B,1,A9501,Programming for Problem Solving,79.73,59,74,sem1_attendance,ATT_S1_25881A6695_A9501,STU_25881A6695,SUB_1_A9501
25881A6695,,B,1,A9204,Basic Electrical Engineering,72.86,51,70,sem1_attendance,ATT_S1_25881A6695_A9204,STU_25881A6695,SUB_1_A9204
25881A6695,,B,1,A9801,Foundations of Data Science,75.0,45,60,sem1_attendance,ATT_S1_25881A6695_A9801,STU_25881A6695,SUB_1_A9801
25881A6695,,B,1,A9008,Engineering Physics Laboratory,85.71,36,42,sem1_attendance,ATT_S1_25881A6695_A9008,STU_25881A6695,SUB_1_A9008
25881A6695,,B,1,A9502,Programming for Problem Solving Laboratory,76.92,30,39,sem1_attendance,ATT_S1_25881A6695_A9502,STU_25881A6695,SUB_1_A9502
25881A6695,,B,1,A9205,Basic Electrical Engineering Laboratory,67.35,33,49,sem1_attendance,ATT_S1_25881A6695_A9205,STU_25881A6695,SUB_1_A9205
25881A6695,,B,1,A9302,Engineering Workshop,80.0,36,45,sem1_attendance,ATT_S1_25881A6695_A9302,STU_25881A6695,SUB_1_A9302
25881A6695,,B,1,A9021,Community Centered Design Thinking,78.57,33,42,sem1_attendance,ATT_S1_25881A6695_A9021,STU_25881A6695,SUB_1_A9021
25881A6696,,B,1,A9001,Matrices and Calculus,90.67,68,75,sem1_attendance,ATT_S1_25881A6696_A9001,STU_25881A6696,SUB_1_A9001
25881A6696,,B,1,A9007,Engineering Physics,89.33,67,75,sem1_attendance,ATT_S1_25881A6696_A9007,STU_25881A6696,SUB_1_A9007
25881A6696,,B,1,A9501,Programming for Problem Solving,93.24,69,74,sem1_attendance,ATT_S1_25881A6696_A9501,STU_25881A6696,SUB_1_A9501
25881A6696,,B,1,A9204,Basic Electrical Engineering,92.86,65,70,sem1_attendance,ATT_S1_25881A6696_A9204,STU_25881A6696,SUB_1_A9204
25881A6696,,B,1,A9801,Foundations of Data Science,91.67,55,60,sem1_attendance,ATT_S1_25881A6696_A9801,STU_25881A6696,SUB_1_A9801
25881A6696,,B,1,A9008,Engineering Physics Laboratory,80.95,34,42,sem1_attendance,ATT_S1_25881A6696_A9008,STU_25881A6696,SUB_1_A9008
25881A6696,,B,1,A9502,Programming for Problem Solving Laboratory,100.0,39,39,sem1_attendance,ATT_S1_25881A6696_A9502,STU_25881A6696,SUB_1_A9502
25881A6696,,B,1,A9205,Basic Electrical Engineering Laboratory,93.88,46,49,sem1_attendance,ATT_S1_25881A6696_A9205,STU_25881A6696,SUB_1_A9205
25881A6696,,B,1,A9302,Engineering Workshop,100.0,45,45,sem1_attendance,ATT_S1_25881A6696_A9302,STU_25881A6696,SUB_1_A9302
25881A6696,,B,1,A9021,Community Centered Design Thinking,92.86,39,42,sem1_attendance,ATT_S1_25881A6696_A9021,STU_25881A6696,SUB_1_A9021
25881A6697,,B,1,A9001,Matrices and Calculus,90.67,68,75,sem1_attendance,ATT_S1_25881A6697_A9001,STU_25881A6697,SUB_1_A9001
25881A6697,,B,1,A9007,Engineering Physics,88.0,66,75,sem1_attendance,ATT_S1_25881A6697_A9007,STU_25881A6697,SUB_1_A9007
25881A6697,,B,1,A9501,Programming for Problem Solving,87.84,65,74,sem1_attendance,ATT_S1_25881A6697_A9501,STU_25881A6697,SUB_1_A9501
25881A6697,,B,1,A9204,Basic Electrical Engineering,85.71,60,70,sem1_attendance,ATT_S1_25881A6697_A9204,STU_25881A6697,SUB_1_A9204
25881A6697,,B,1,A9801,Foundations of Data Science,90.0,54,60,sem1_attendance,ATT_S1_25881A6697_A9801,STU_25881A6697,SUB_1_A9801
25881A6697,,B,1,A9008,Engineering Physics Laboratory,92.86,39,42,sem1_attendance,ATT_S1_25881A6697_A9008,STU_25881A6697,SUB_1_A9008
25881A6697,,B,1,A9502,Programming for Problem Solving Laboratory,92.31,36,39,sem1_attendance,ATT_S1_25881A6697_A9502,STU_25881A6697,SUB_1_A9502
25881A6697,,B,1,A9205,Basic Electrical Engineering Laboratory,93.88,46,49,sem1_attendance,ATT_S1_25881A6697_A9205,STU_25881A6697,SUB_1_A9205
25881A6697,,B,1,A9302,Engineering Workshop,93.33,42,45,sem1_attendance,ATT_S1_25881A6697_A9302,STU_25881A6697,SUB_1_A9302
25881A6697,,B,1,A9021,Community Centered Design Thinking,92.86,39,42,sem1_attendance,ATT_S1_25881A6697_A9021,STU_25881A6697,SUB_1_A9021
25881A6698,,B,1,A9001,Matrices and Calculus,86.67,65,75,sem1_attendance,ATT_S1_25881A6698_A9001,STU_25881A6698,SUB_1_A9001
25881A6698,,B,1,A9007,Engineering Physics,82.67,62,75,sem1_attendance,ATT_S1_25881A6698_A9007,STU_25881A6698,SUB_1_A9007
25881A6698,,B,1,A9501,Programming for Problem Solving,82.43,61,74,sem1_attendance,ATT_S1_25881A6698_A9501,STU_25881A6698,SUB_1_A9501
25881A6698,,B,1,A9204,Basic Electrical Engineering,88.57,62,70,sem1_attendance,ATT_S1_25881A6698_A9204,STU_25881A6698,SUB_1_A9204
25881A6698,,B,1,A9801,Foundations of Data Science,91.67,55,60,sem1_attendance,ATT_S1_25881A6698_A9801,STU_25881A6698,SUB_1_A9801
25881A6698,,B,1,A9008,Engineering Physics Laboratory,83.33,35,42,sem1_attendance,ATT_S1_25881A6698_A9008,STU_25881A6698,SUB_1_A9008
25881A6698,,B,1,A9502,Programming for Problem Solving Laboratory,84.62,33,39,sem1_attendance,ATT_S1_25881A6698_A9502,STU_25881A6698,SUB_1_A9502
25881A6698,,B,1,A9205,Basic Electrical Engineering Laboratory,92.86,39,42,sem1_attendance,ATT_S1_25881A6698_A9205,STU_25881A6698,SUB_1_A9205
25881A6698,,B,1,A9302,Engineering Workshop,86.67,39,45,sem1_attendance,ATT_S1_25881A6698_A9302,STU_25881A6698,SUB_1_A9302
25881A6698,,B,1,A9021,Community Centered Design Thinking,85.42,41,48,sem1_attendance,ATT_S1_25881A6698_A9021,STU_25881A6698,SUB_1_A9021
25881A6699,,B,1,A9001,Matrices and Calculus,88.0,66,75,sem1_attendance,ATT_S1_25881A6699_A9001,STU_25881A6699,SUB_1_A9001
25881A6699,,B,1,A9007,Engineering Physics,86.67,65,75,sem1_attendance,ATT_S1_25881A6699_A9007,STU_25881A6699,SUB_1_A9007
25881A6699,,B,1,A9501,Programming for Problem Solving,90.54,67,74,sem1_attendance,ATT_S1_25881A6699_A9501,STU_25881A6699,SUB_1_A9501
25881A6699,,B,1,A9204,Basic Electrical Engineering,91.43,64,70,sem1_attendance,ATT_S1_25881A6699_A9204,STU_25881A6699,SUB_1_A9204
25881A6699,,B,1,A9801,Foundations of Data Science,93.33,56,60,sem1_attendance,ATT_S1_25881A6699_A9801,STU_25881A6699,SUB_1_A9801
25881A6699,,B,1,A9008,Engineering Physics Laboratory,71.43,30,42,sem1_attendance,ATT_S1_25881A6699_A9008,STU_25881A6699,SUB_1_A9008
25881A6699,,B,1,A9502,Programming for Problem Solving Laboratory,84.62,33,39,sem1_attendance,ATT_S1_25881A6699_A9502,STU_25881A6699,SUB_1_A9502
25881A6699,,B,1,A9205,Basic Electrical Engineering Laboratory,100.0,42,42,sem1_attendance,ATT_S1_25881A6699_A9205,STU_25881A6699,SUB_1_A9205
25881A6699,,B,1,A9302,Engineering Workshop,93.33,42,45,sem1_attendance,ATT_S1_25881A6699_A9302,STU_25881A6699,SUB_1_A9302
25881A6699,,B,1,A9021,Community Centered Design Thinking,87.5,42,48,sem1_attendance,ATT_S1_25881A6699_A9021,STU_25881A6699,SUB_1_A9021
25881A66A0,,B,1,A9001,Matrices and Calculus,94.67,71,75,sem1_attendance,ATT_S1_25881A66A0_A9001,STU_25881A66A0,SUB_1_A9001
25881A66A0,,B,1,A9007,Engineering Physics,93.33,70,75,sem1_attendance,ATT_S1_25881A66A0_A9007,STU_25881A66A0,SUB_1_A9007
25881A66A0,,B,1,A9501,Programming for Problem Solving,95.95,71,74,sem1_attendance,ATT_S1_25881A66A0_A9501,STU_25881A66A0,SUB_1_A9501
25881A66A0,,B,1,A9204,Basic Electrical Engineering,98.57,69,70,sem1_attendance,ATT_S1_25881A66A0_A9204,STU_25881A66A0,SUB_1_A9204
25881A66A0,,B,1,A9801,Foundations of Data Science,96.67,58,60,sem1_attendance,ATT_S1_25881A66A0_A9801,STU_25881A66A0,SUB_1_A9801
25881A66A0,,B,1,A9008,Engineering Physics Laboratory,92.86,39,42,sem1_attendance,ATT_S1_25881A66A0_A9008,STU_25881A66A0,SUB_1_A9008
25881A66A0,,B,1,A9502,Programming for Problem Solving Laboratory,100.0,39,39,sem1_attendance,ATT_S1_25881A66A0_A9502,STU_25881A66A0,SUB_1_A9502
25881A66A0,,B,1,A9205,Basic Electrical Engineering Laboratory,85.71,36,42,sem1_attendance,ATT_S1_25881A66A0_A9205,STU_25881A66A0,SUB_1_A9205
25881A66A0,,B,1,A9302,Engineering Workshop,100.0,45,45,sem1_attendance,ATT_S1_25881A66A0_A9302,STU_25881A66A0,SUB_1_A9302
25881A66A0,,B,1,A9021,Community Centered Design Thinking,100.0,48,48,sem1_attendance,ATT_S1_25881A66A0_A9021,STU_25881A66A0,SUB_1_A9021
25881A66A1,,B,1,A9001,Matrices and Calculus,86.67,65,75,sem1_attendance,ATT_S1_25881A66A1_A9001,STU_25881A66A1,SUB_1_A9001
25881A66A1,,B,1,A9007,Engineering Physics,85.33,64,75,sem1_attendance,ATT_S1_25881A66A1_A9007,STU_25881A66A1,SUB_1_A9007
25881A66A1,,B,1,A9501,Programming for Problem Solving,85.14,63,74,sem1_attendance,ATT_S1_25881A66A1_A9501,STU_25881A66A1,SUB_1_A9501
25881A66A1,,B,1,A9204,Basic Electrical Engineering,84.29,59,70,sem1_attendance,ATT_S1_25881A66A1_A9204,STU_25881A66A1,SUB_1_A9204
25881A66A1,,B,1,A9801,Foundations of Data Science,85.0,51,60,sem1_attendance,ATT_S1_25881A66A1_A9801,STU_25881A66A1,SUB_1_A9801
25881A66A1,,B,1,A9008,Engineering Physics Laboratory,85.71,36,42,sem1_attendance,ATT_S1_25881A66A1_A9008,STU_25881A66A1,SUB_1_A9008
25881A66A1,,B,1,A9502,Programming for Problem Solving Laboratory,76.92,30,39,sem1_attendance,ATT_S1_25881A66A1_A9502,STU_25881A66A1,SUB_1_A9502
25881A66A1,,B,1,A9205,Basic Electrical Engineering Laboratory,85.71,36,42,sem1_attendance,ATT_S1_25881A66A1_A9205,STU_25881A66A1,SUB_1_A9205
25881A66A1,,B,1,A9302,Engineering Workshop,86.67,39,45,sem1_attendance,ATT_S1_25881A66A1_A9302,STU_25881A66A1,SUB_1_A9302
25881A66A1,,B,1,A9021,Community Centered Design Thinking,100.0,48,48,sem1_attendance,ATT_S1_25881A66A1_A9021,STU_25881A66A1,SUB_1_A9021
25881A66A2,,B,1,A9001,Matrices and Calculus,88.0,66,75,sem1_attendance,ATT_S1_25881A66A2_A9001,STU_25881A66A2,SUB_1_A9001
25881A66A2,,B,1,A9007,Engineering Physics,86.67,65,75,sem1_attendance,ATT_S1_25881A66A2_A9007,STU_25881A66A2,SUB_1_A9007
25881A66A2,,B,1,A9501,Programming for Problem Solving,83.78,62,74,sem1_attendance,ATT_S1_25881A66A2_A9501,STU_25881A66A2,SUB_1_A9501
25881A66A2,,B,1,A9204,Basic Electrical Engineering,80.0,56,70,sem1_attendance,ATT_S1_25881A66A2_A9204,STU_25881A66A2,SUB_1_A9204
25881A66A2,,B,1,A9801,Foundations of Data Science,85.0,51,60,sem1_attendance,ATT_S1_25881A66A2_A9801,STU_25881A66A2,SUB_1_A9801
25881A66A2,,B,1,A9008,Engineering Physics Laboratory,78.57,33,42,sem1_attendance,ATT_S1_25881A66A2_A9008,STU_25881A66A2,SUB_1_A9008
25881A66A2,,B,1,A9502,Programming for Problem Solving Laboratory,76.92,30,39,sem1_attendance,ATT_S1_25881A66A2_A9502,STU_25881A66A2,SUB_1_A9502
25881A66A2,,B,1,A9205,Basic Electrical Engineering Laboratory,92.86,39,42,sem1_attendance,ATT_S1_25881A66A2_A9205,STU_25881A66A2,SUB_1_A9205
25881A66A2,,B,1,A9302,Engineering Workshop,93.33,42,45,sem1_attendance,ATT_S1_25881A66A2_A9302,STU_25881A66A2,SUB_1_A9302
25881A66A2,,B,1,A9021,Community Centered Design Thinking,85.42,41,48,sem1_attendance,ATT_S1_25881A66A2_A9021,STU_25881A66A2,SUB_1_A9021
25881A66A3,,B,1,A9001,Matrices and Calculus,85.33,64,75,sem1_attendance,ATT_S1_25881A66A3_A9001,STU_25881A66A3,SUB_1_A9001
25881A66A3,,B,1,A9007,Engineering Physics,88.0,66,75,sem1_attendance,ATT_S1_25881A66A3_A9007,STU_25881A66A3,SUB_1_A9007
25881A66A3,,B,1,A9501,Programming for Problem Solving,93.24,69,74,sem1_attendance,ATT_S1_25881A66A3_A9501,STU_25881A66A3,SUB_1_A9501
25881A66A3,,B,1,A9204,Basic Electrical Engineering,92.86,65,70,sem1_attendance,ATT_S1_25881A66A3_A9204,STU_25881A66A3,SUB_1_A9204
25881A66A3,,B,1,A9801,Foundations of Data Science,90.0,54,60,sem1_attendance,ATT_S1_25881A66A3_A9801,STU_25881A66A3,SUB_1_A9801
25881A66A3,,B,1,A9008,Engineering Physics Laboratory,92.86,39,42,sem1_attendance,ATT_S1_25881A66A3_A9008,STU_25881A66A3,SUB_1_A9008
25881A66A3,,B,1,A9502,Programming for Problem Solving Laboratory,92.31,36,39,sem1_attendance,ATT_S1_25881A66A3_A9502,STU_25881A66A3,SUB_1_A9502
25881A66A3,,B,1,A9205,Basic Electrical Engineering Laboratory,92.86,39,42,sem1_attendance,ATT_S1_25881A66A3_A9205,STU_25881A66A3,SUB_1_A9205
25881A66A3,,B,1,A9302,Engineering Workshop,80.0,36,45,sem1_attendance,ATT_S1_25881A66A3_A9302,STU_25881A66A3,SUB_1_A9302
25881A66A3,,B,1,A9021,Community Centered Design Thinking,81.25,39,48,sem1_attendance,ATT_S1_25881A66A3_A9021,STU_25881A66A3,SUB_1_A9021
25881A66A4,,B,1,A9001,Matrices and Calculus,85.33,64,75,sem1_attendance,ATT_S1_25881A66A4_A9001,STU_25881A66A4,SUB_1_A9001
25881A66A4,,B,1,A9007,Engineering Physics,86.67,65,75,sem1_attendance,ATT_S1_25881A66A4_A9007,STU_25881A66A4,SUB_1_A9007
25881A66A4,,B,1,A9501,Programming for Problem Solving,86.49,64,74,sem1_attendance,ATT_S1_25881A66A4_A9501,STU_25881A66A4,SUB_1_A9501
25881A66A4,,B,1,A9204,Basic Electrical Engineering,81.43,57,70,sem1_attendance,ATT_S1_25881A66A4_A9204,STU_25881A66A4,SUB_1_A9204
25881A66A4,,B,1,A9801,Foundations of Data Science,88.33,53,60,sem1_attendance,ATT_S1_25881A66A4_A9801,STU_25881A66A4,SUB_1_A9801
25881A66A4,,B,1,A9008,Engineering Physics Laboratory,85.71,36,42,sem1_attendance,ATT_S1_25881A66A4_A9008,STU_25881A66A4,SUB_1_A9008
25881A66A4,,B,1,A9502,Programming for Problem Solving Laboratory,76.92,30,39,sem1_attendance,ATT_S1_25881A66A4_A9502,STU_25881A66A4,SUB_1_A9502
25881A66A4,,B,1,A9205,Basic Electrical Engineering Laboratory,85.71,36,42,sem1_attendance,ATT_S1_25881A66A4_A9205,STU_25881A66A4,SUB_1_A9205
25881A66A4,,B,1,A9302,Engineering Workshop,100.0,45,45,sem1_attendance,ATT_S1_25881A66A4_A9302,STU_25881A66A4,SUB_1_A9302
25881A66A4,,B,1,A9021,Community Centered Design Thinking,75.0,36,48,sem1_attendance,ATT_S1_25881A66A4_A9021,STU_25881A66A4,SUB_1_A9021
25881A66A5,,B,1,A9001,Matrices and Calculus,93.33,70,75,sem1_attendance,ATT_S1_25881A66A5_A9001,STU_25881A66A5,SUB_1_A9001
25881A66A5,,B,1,A9007,Engineering Physics,92.0,69,75,sem1_attendance,ATT_S1_25881A66A5_A9007,STU_25881A66A5,SUB_1_A9007
25881A66A5,,B,1,A9501,Programming for Problem Solving,94.59,70,74,sem1_attendance,ATT_S1_25881A66A5_A9501,STU_25881A66A5,SUB_1_A9501
25881A66A5,,B,1,A9204,Basic Electrical Engineering,88.57,62,70,sem1_attendance,ATT_S1_25881A66A5_A9204,STU_25881A66A5,SUB_1_A9204
25881A66A5,,B,1,A9801,Foundations of Data Science,90.0,54,60,sem1_attendance,ATT_S1_25881A66A5_A9801,STU_25881A66A5,SUB_1_A9801
25881A66A5,,B,1,A9008,Engineering Physics Laboratory,92.86,39,42,sem1_attendance,ATT_S1_25881A66A5_A9008,STU_25881A66A5,SUB_1_A9008
25881A66A5,,B,1,A9502,Programming for Problem Solving Laboratory,100.0,39,39,sem1_attendance,ATT_S1_25881A66A5_A9502,STU_25881A66A5,SUB_1_A9502
25881A66A5,,B,1,A9205,Basic Electrical Engineering Laboratory,85.71,36,42,sem1_attendance,ATT_S1_25881A66A5_A9205,STU_25881A66A5,SUB_1_A9205
25881A66A5,,B,1,A9302,Engineering Workshop,100.0,45,45,sem1_attendance,ATT_S1_25881A66A5_A9302,STU_25881A66A5,SUB_1_A9302
25881A66A5,,B,1,A9021,Community Centered Design Thinking,97.92,47,48,sem1_attendance,ATT_S1_25881A66A5_A9021,STU_25881A66A5,SUB_1_A9021
25881A66A6,,B,1,A9001,Matrices and Calculus,86.67,65,75,sem1_attendance,ATT_S1_25881A66A6_A9001,STU_25881A66A6,SUB_1_A9001
25881A66A6,,B,1,A9007,Engineering Physics,81.33,61,75,sem1_attendance,ATT_S1_25881A66A6_A9007,STU_25881A66A6,SUB_1_A9007
25881A66A6,,B,1,A9501,Programming for Problem Solving,85.14,63,74,sem1_attendance,ATT_S1_25881A66A6_A9501,STU_25881A66A6,SUB_1_A9501
25881A66A6,,B,1,A9204,Basic Electrical Engineering,77.14,54,70,sem1_attendance,ATT_S1_25881A66A6_A9204,STU_25881A66A6,SUB_1_A9204
25881A66A6,,B,1,A9801,Foundations of Data Science,83.33,50,60,sem1_attendance,ATT_S1_25881A66A6_A9801,STU_25881A66A6,SUB_1_A9801
25881A66A6,,B,1,A9008,Engineering Physics Laboratory,78.57,33,42,sem1_attendance,ATT_S1_25881A66A6_A9008,STU_25881A66A6,SUB_1_A9008
25881A66A6,,B,1,A9502,Programming for Problem Solving Laboratory,84.62,33,39,sem1_attendance,ATT_S1_25881A66A6_A9502,STU_25881A66A6,SUB_1_A9502
25881A66A6,,B,1,A9205,Basic Electrical Engineering Laboratory,92.86,39,42,sem1_attendance,ATT_S1_25881A66A6_A9205,STU_25881A66A6,SUB_1_A9205
25881A66A6,,B,1,A9302,Engineering Workshop,86.67,39,45,sem1_attendance,ATT_S1_25881A66A6_A9302,STU_25881A66A6,SUB_1_A9302
25881A66A6,,B,1,A9021,Community Centered Design Thinking,72.92,35,48,sem1_attendance,ATT_S1_25881A66A6_A9021,STU_25881A66A6,SUB_1_A9021
25881A66A7,,B,1,A9001,Matrices and Calculus,89.33,67,75,sem1_attendance,ATT_S1_25881A66A7_A9001,STU_25881A66A7,SUB_1_A9001
25881A66A7,,B,1,A9007,Engineering Physics,89.33,67,75,sem1_attendance,ATT_S1_25881A66A7_A9007,STU_25881A66A7,SUB_1_A9007
25881A66A7,,B,1,A9501,Programming for Problem Solving,97.3,72,74,sem1_attendance,ATT_S1_25881A66A7_A9501,STU_25881A66A7,SUB_1_A9501
25881A66A7,,B,1,A9204,Basic Electrical Engineering,95.71,67,70,sem1_attendance,ATT_S1_25881A66A7_A9204,STU_25881A66A7,SUB_1_A9204
25881A66A7,,B,1,A9801,Foundations of Data Science,93.33,56,60,sem1_attendance,ATT_S1_25881A66A7_A9801,STU_25881A66A7,SUB_1_A9801
25881A66A7,,B,1,A9008,Engineering Physics Laboratory,85.71,36,42,sem1_attendance,ATT_S1_25881A66A7_A9008,STU_25881A66A7,SUB_1_A9008
25881A66A7,,B,1,A9502,Programming for Problem Solving Laboratory,100.0,39,39,sem1_attendance,ATT_S1_25881A66A7_A9502,STU_25881A66A7,SUB_1_A9502
25881A66A7,,B,1,A9205,Basic Electrical Engineering Laboratory,92.86,39,42,sem1_attendance,ATT_S1_25881A66A7_A9205,STU_25881A66A7,SUB_1_A9205
25881A66A7,,B,1,A9302,Engineering Workshop,100.0,45,45,sem1_attendance,ATT_S1_25881A66A7_A9302,STU_25881A66A7,SUB_1_A9302
25881A66A7,,B,1,A9021,Community Centered Design Thinking,100.0,48,48,sem1_attendance,ATT_S1_25881A66A7_A9021,STU_25881A66A7,SUB_1_A9021
25881A66A8,,B,1,A9001,Matrices and Calculus,90.67,68,75,sem1_attendance,ATT_S1_25881A66A8_A9001,STU_25881A66A8,SUB_1_A9001
25881A66A8,,B,1,A9007,Engineering Physics,88.0,66,75,sem1_attendance,ATT_S1_25881A66A8_A9007,STU_25881A66A8,SUB_1_A9007
25881A66A8,,B,1,A9501,Programming for Problem Solving,94.59,70,74,sem1_attendance,ATT_S1_25881A66A8_A9501,STU_25881A66A8,SUB_1_A9501
25881A66A8,,B,1,A9204,Basic Electrical Engineering,95.71,67,70,sem1_attendance,ATT_S1_25881A66A8_A9204,STU_25881A66A8,SUB_1_A9204
25881A66A8,,B,1,A9801,Foundations of Data Science,91.67,55,60,sem1_attendance,ATT_S1_25881A66A8_A9801,STU_25881A66A8,SUB_1_A9801
25881A66A8,,B,1,A9008,Engineering Physics Laboratory,85.71,36,42,sem1_attendance,ATT_S1_25881A66A8_A9008,STU_25881A66A8,SUB_1_A9008
25881A66A8,,B,1,A9502,Programming for Problem Solving Laboratory,92.31,36,39,sem1_attendance,ATT_S1_25881A66A8_A9502,STU_25881A66A8,SUB_1_A9502
25881A66A8,,B,1,A9205,Basic Electrical Engineering Laboratory,85.71,36,42,sem1_attendance,ATT_S1_25881A66A8_A9205,STU_25881A66A8,SUB_1_A9205
25881A66A8,,B,1,A9302,Engineering Workshop,80.0,36,45,sem1_attendance,ATT_S1_25881A66A8_A9302,STU_25881A66A8,SUB_1_A9302
25881A66A8,,B,1,A9021,Community Centered Design Thinking,93.75,45,48,sem1_attendance,ATT_S1_25881A66A8_A9021,STU_25881A66A8,SUB_1_A9021
25881A66A9,,B,1,A9001,Matrices and Calculus,94.67,71,75,sem1_attendance,ATT_S1_25881A66A9_A9001,STU_25881A66A9,SUB_1_A9001
25881A66A9,,B,1,A9007,Engineering Physics,90.67,68,75,sem1_attendance,ATT_S1_25881A66A9_A9007,STU_25881A66A9,SUB_1_A9007
25881A66A9,,B,1,A9501,Programming for Problem Solving,94.59,70,74,sem1_attendance,ATT_S1_25881A66A9_A9501,STU_25881A66A9,SUB_1_A9501
25881A66A9,,B,1,A9204,Basic Electrical Engineering,97.14,68,70,sem1_attendance,ATT_S1_25881A66A9_A9204,STU_25881A66A9,SUB_1_A9204
25881A66A9,,B,1,A9801,Foundations of Data Science,95.0,57,60,sem1_attendance,ATT_S1_25881A66A9_A9801,STU_25881A66A9,SUB_1_A9801
25881A66A9,,B,1,A9008,Engineering Physics Laboratory,85.71,36,42,sem1_attendance,ATT_S1_25881A66A9_A9008,STU_25881A66A9,SUB_1_A9008
25881A66A9,,B,1,A9502,Programming for Problem Solving Laboratory,100.0,39,39,sem1_attendance,ATT_S1_25881A66A9_A9502,STU_25881A66A9,SUB_1_A9502
25881A66A9,,B,1,A9205,Basic Electrical Engineering Laboratory,100.0,42,42,sem1_attendance,ATT_S1_25881A66A9_A9205,STU_25881A66A9,SUB_1_A9205
25881A66A9,,B,1,A9302,Engineering Workshop,100.0,45,45,sem1_attendance,ATT_S1_25881A66A9_A9302,STU_25881A66A9,SUB_1_A9302
25881A66A9,,B,1,A9021,Community Centered Design Thinking,93.75,45,48,sem1_attendance,ATT_S1_25881A66A9_A9021,STU_25881A66A9,SUB_1_A9021
25881A66B0,,B,1,A9001,Matrices and Calculus,89.33,67,75,sem1_attendance,ATT_S1_25881A66B0_A9001,STU_25881A66B0,SUB_1_A9001
25881A66B0,,B,1,A9007,Engineering Physics,85.33,64,75,sem1_attendance,ATT_S1_25881A66B0_A9007,STU_25881A66B0,SUB_1_A9007
25881A66B0,,B,1,A9501,Programming for Problem Solving,87.84,65,74,sem1_attendance,ATT_S1_25881A66B0_A9501,STU_25881A66B0,SUB_1_A9501
25881A66B0,,B,1,A9204,Basic Electrical Engineering,94.29,66,70,sem1_attendance,ATT_S1_25881A66B0_A9204,STU_25881A66B0,SUB_1_A9204
25881A66B0,,B,1,A9801,Foundations of Data Science,90.0,54,60,sem1_attendance,ATT_S1_25881A66B0_A9801,STU_25881A66B0,SUB_1_A9801
25881A66B0,,B,1,A9008,Engineering Physics Laboratory,83.33,35,42,sem1_attendance,ATT_S1_25881A66B0_A9008,STU_25881A66B0,SUB_1_A9008
25881A66B0,,B,1,A9502,Programming for Problem Solving Laboratory,100.0,39,39,sem1_attendance,ATT_S1_25881A66B0_A9502,STU_25881A66B0,SUB_1_A9502
25881A66B0,,B,1,A9205,Basic Electrical Engineering Laboratory,100.0,42,42,sem1_attendance,ATT_S1_25881A66B0_A9205,STU_25881A66B0,SUB_1_A9205
25881A66B0,,B,1,A9302,Engineering Workshop,100.0,45,45,sem1_attendance,ATT_S1_25881A66B0_A9302,STU_25881A66B0,SUB_1_A9302
25881A66B0,,B,1,A9021,Community Centered Design Thinking,91.67,44,48,sem1_attendance,ATT_S1_25881A66B0_A9021,STU_25881A66B0,SUB_1_A9021
25881A66B1,,B,1,A9001,Matrices and Calculus,86.67,65,75,sem1_attendance,ATT_S1_25881A66B1_A9001,STU_25881A66B1,SUB_1_A9001
25881A66B1,,B,1,A9007,Engineering Physics,85.33,64,75,sem1_attendance,ATT_S1_25881A66B1_A9007,STU_25881A66B1,SUB_1_A9007
25881A66B1,,B,1,A9501,Programming for Problem Solving,91.89,68,74,sem1_attendance,ATT_S1_25881A66B1_A9501,STU_25881A66B1,SUB_1_A9501
25881A66B1,,B,1,A9204,Basic Electrical Engineering,84.29,59,70,sem1_attendance,ATT_S1_25881A66B1_A9204,STU_25881A66B1,SUB_1_A9204
25881A66B1,,B,1,A9801,Foundations of Data Science,86.67,52,60,sem1_attendance,ATT_S1_25881A66B1_A9801,STU_25881A66B1,SUB_1_A9801
25881A66B1,,B,1,A9008,Engineering Physics Laboratory,85.71,36,42,sem1_attendance,ATT_S1_25881A66B1_A9008,STU_25881A66B1,SUB_1_A9008
25881A66B1,,B,1,A9502,Programming for Problem Solving Laboratory,100.0,39,39,sem1_attendance,ATT_S1_25881A66B1_A9502,STU_25881A66B1,SUB_1_A9502
25881A66B1,,B,1,A9205,Basic Electrical Engineering Laboratory,78.57,33,42,sem1_attendance,ATT_S1_25881A66B1_A9205,STU_25881A66B1,SUB_1_A9205
25881A66B1,,B,1,A9302,Engineering Workshop,100.0,45,45,sem1_attendance,ATT_S1_25881A66B1_A9302,STU_25881A66B1,SUB_1_A9302
25881A66B1,,B,1,A9021,Community Centered Design Thinking,87.5,42,48,sem1_attendance,ATT_S1_25881A66B1_A9021,STU_25881A66B1,SUB_1_A9021
25881A66B2,,B,1,A9001,Matrices and Calculus,90.67,68,75,sem1_attendance,ATT_S1_25881A66B2_A9001,STU_25881A66B2,SUB_1_A9001
25881A66B2,,B,1,A9007,Engineering Physics,88.0,66,75,sem1_attendance,ATT_S1_25881A66B2_A9007,STU_25881A66B2,SUB_1_A9007
25881A66B2,,B,1,A9501,Programming for Problem Solving,93.24,69,74,sem1_attendance,ATT_S1_25881A66B2_A9501,STU_25881A66B2,SUB_1_A9501
25881A66B2,,B,1,A9204,Basic Electrical Engineering,94.29,66,70,sem1_attendance,ATT_S1_25881A66B2_A9204,STU_25881A66B2,SUB_1_A9204
25881A66B2,,B,1,A9801,Foundations of Data Science,88.33,53,60,sem1_attendance,ATT_S1_25881A66B2_A9801,STU_25881A66B2,SUB_1_A9801
25881A66B2,,B,1,A9008,Engineering Physics Laboratory,78.57,33,42,sem1_attendance,ATT_S1_25881A66B2_A9008,STU_25881A66B2,SUB_1_A9008
25881A66B2,,B,1,A9502,Programming for Problem Solving Laboratory,92.31,36,39,sem1_attendance,ATT_S1_25881A66B2_A9502,STU_25881A66B2,SUB_1_A9502
25881A66B2,,B,1,A9205,Basic Electrical Engineering Laboratory,100.0,42,42,sem1_attendance,ATT_S1_25881A66B2_A9205,STU_25881A66B2,SUB_1_A9205
25881A66B2,,B,1,A9302,Engineering Workshop,100.0,45,45,sem1_attendance,ATT_S1_25881A66B2_A9302,STU_25881A66B2,SUB_1_A9302
25881A66B2,,B,1,A9021,Community Centered Design Thinking,85.42,41,48,sem1_attendance,ATT_S1_25881A66B2_A9021,STU_25881A66B2,SUB_1_A9021
25881A66B3,,B,1,A9001,Matrices and Calculus,92.0,69,75,sem1_attendance,ATT_S1_25881A66B3_A9001,STU_25881A66B3,SUB_1_A9001
25881A66B3,,B,1,A9007,Engineering Physics,90.67,68,75,sem1_attendance,ATT_S1_25881A66B3_A9007,STU_25881A66B3,SUB_1_A9007
25881A66B3,,B,1,A9501,Programming for Problem Solving,97.3,72,74,sem1_attendance,ATT_S1_25881A66B3_A9501,STU_25881A66B3,SUB_1_A9501
25881A66B3,,B,1,A9204,Basic Electrical Engineering,98.57,69,70,sem1_attendance,ATT_S1_25881A66B3_A9204,STU_25881A66B3,SUB_1_A9204
25881A66B3,,B,1,A9801,Foundations of Data Science,93.33,56,60,sem1_attendance,ATT_S1_25881A66B3_A9801,STU_25881A66B3,SUB_1_A9801
25881A66B3,,B,1,A9008,Engineering Physics Laboratory,85.71,36,42,sem1_attendance,ATT_S1_25881A66B3_A9008,STU_25881A66B3,SUB_1_A9008
25881A66B3,,B,1,A9502,Programming for Problem Solving Laboratory,100.0,39,39,sem1_attendance,ATT_S1_25881A66B3_A9502,STU_25881A66B3,SUB_1_A9502
25881A66B3,,B,1,A9205,Basic Electrical Engineering Laboratory,100.0,42,42,sem1_attendance,ATT_S1_25881A66B3_A9205,STU_25881A66B3,SUB_1_A9205
25881A66B3,,B,1,A9302,Engineering Workshop,100.0,45,45,sem1_attendance,ATT_S1_25881A66B3_A9302,STU_25881A66B3,SUB_1_A9302
25881A66B3,,B,1,A9021,Community Centered Design Thinking,97.92,47,48,sem1_attendance,ATT_S1_25881A66B3_A9021,STU_25881A66B3,SUB_1_A9021
25881A66B4,,B,1,A9001,Matrices and Calculus,81.33,61,75,sem1_attendance,ATT_S1_25881A66B4_A9001,STU_25881A66B4,SUB_1_A9001
25881A66B4,,B,1,A9007,Engineering Physics,80.0,60,75,sem1_attendance,ATT_S1_25881A66B4_A9007,STU_25881A66B4,SUB_1_A9007
25881A66B4,,B,1,A9501,Programming for Problem Solving,85.14,63,74,sem1_attendance,ATT_S1_25881A66B4_A9501,STU_25881A66B4,SUB_1_A9501
25881A66B4,,B,1,A9204,Basic Electrical Engineering,81.43,57,70,sem1_attendance,ATT_S1_25881A66B4_A9204,STU_25881A66B4,SUB_1_A9204
25881A66B4,,B,1,A9801,Foundations of Data Science,78.33,47,60,sem1_attendance,ATT_S1_25881A66B4_A9801,STU_25881A66B4,SUB_1_A9801
25881A66B4,,B,1,A9008,Engineering Physics Laboratory,85.71,36,42,sem1_attendance,ATT_S1_25881A66B4_A9008,STU_25881A66B4,SUB_1_A9008
25881A66B4,,B,1,A9502,Programming for Problem Solving Laboratory,84.62,33,39,sem1_attendance,ATT_S1_25881A66B4_A9502,STU_25881A66B4,SUB_1_A9502
25881A66B4,,B,1,A9205,Basic Electrical Engineering Laboratory,78.57,33,42,sem1_attendance,ATT_S1_25881A66B4_A9205,STU_25881A66B4,SUB_1_A9205
25881A66B4,,B,1,A9302,Engineering Workshop,73.33,33,45,sem1_attendance,ATT_S1_25881A66B4_A9302,STU_25881A66B4,SUB_1_A9302
25881A66B4,,B,1,A9021,Community Centered Design Thinking,72.92,35,48,sem1_attendance,ATT_S1_25881A66B4_A9021,STU_25881A66B4,SUB_1_A9021
25881A66B5,,B,1,A9001,Matrices and Calculus,76.0,57,75,sem1_attendance,ATT_S1_25881A66B5_A9001,STU_25881A66B5,SUB_1_A9001
25881A66B5,,B,1,A9007,Engineering Physics,76.0,57,75,sem1_attendance,ATT_S1_25881A66B5_A9007,STU_25881A66B5,SUB_1_A9007
25881A66B5,,B,1,A9501,Programming for Problem Solving,78.38,58,74,sem1_attendance,ATT_S1_25881A66B5_A9501,STU_25881A66B5,SUB_1_A9501
25881A66B5,,B,1,A9204,Basic Electrical Engineering,80.0,56,70,sem1_attendance,ATT_S1_25881A66B5_A9204,STU_25881A66B5,SUB_1_A9204
25881A66B5,,B,1,A9801,Foundations of Data Science,75.0,45,60,sem1_attendance,ATT_S1_25881A66B5_A9801,STU_25881A66B5,SUB_1_A9801
25881A66B5,,B,1,A9008,Engineering Physics Laboratory,78.57,33,42,sem1_attendance,ATT_S1_25881A66B5_A9008,STU_25881A66B5,SUB_1_A9008
25881A66B5,,B,1,A9502,Programming for Problem Solving Laboratory,76.92,30,39,sem1_attendance,ATT_S1_25881A66B5_A9502,STU_25881A66B5,SUB_1_A9502
25881A66B5,,B,1,A9205,Basic Electrical Engineering Laboratory,71.43,30,42,sem1_attendance,ATT_S1_25881A66B5_A9205,STU_25881A66B5,SUB_1_A9205
25881A66B5,,B,1,A9302,Engineering Workshop,73.33,33,45,sem1_attendance,ATT_S1_25881A66B5_A9302,STU_25881A66B5,SUB_1_A9302
25881A66B5,,B,1,A9021,Community Centered Design Thinking,66.67,32,48,sem1_attendance,ATT_S1_25881A66B5_A9021,STU_25881A66B5,SUB_1_A9021
25881A66B6,,B,1,A9001,Matrices and Calculus,80.0,60,75,sem1_attendance,ATT_S1_25881A66B6_A9001,STU_25881A66B6,SUB_1_A9001
25881A66B6,,B,1,A9007,Engineering Physics,80.0,60,75,sem1_attendance,ATT_S1_25881A66B6_A9007,STU_25881A66B6,SUB_1_A9007
25881A66B6,,B,1,A9501,Programming for Problem Solving,82.43,61,74,sem1_attendance,ATT_S1_25881A66B6_A9501,STU_25881A66B6,SUB_1_A9501
25881A66B6,,B,1,A9204,Basic Electrical Engineering,81.43,57,70,sem1_attendance,ATT_S1_25881A66B6_A9204,STU_25881A66B6,SUB_1_A9204
25881A66B6,,B,1,A9801,Foundations of Data Science,81.67,49,60,sem1_attendance,ATT_S1_25881A66B6_A9801,STU_25881A66B6,SUB_1_A9801
25881A66B6,,B,1,A9008,Engineering Physics Laboratory,80.95,34,42,sem1_attendance,ATT_S1_25881A66B6_A9008,STU_25881A66B6,SUB_1_A9008
25881A66B6,,B,1,A9502,Programming for Problem Solving Laboratory,69.23,27,39,sem1_attendance,ATT_S1_25881A66B6_A9502,STU_25881A66B6,SUB_1_A9502
25881A66B6,,B,1,A9205,Basic Electrical Engineering Laboratory,85.71,36,42,sem1_attendance,ATT_S1_25881A66B6_A9205,STU_25881A66B6,SUB_1_A9205
25881A66B6,,B,1,A9302,Engineering Workshop,80.0,36,45,sem1_attendance,ATT_S1_25881A66B6_A9302,STU_25881A66B6,SUB_1_A9302
25881A66B6,,B,1,A9021,Community Centered Design Thinking,68.75,33,48,sem1_attendance,ATT_S1_25881A66B6_A9021,STU_25881A66B6,SUB_1_A9021
25881A66B7,,B,1,A9001,Matrices and Calculus,88.0,66,75,sem1_attendance,ATT_S1_25881A66B7_A9001,STU_25881A66B7,SUB_1_A9001
25881A66B7,,B,1,A9007,Engineering Physics,88.0,66,75,sem1_attendance,ATT_S1_25881A66B7_A9007,STU_25881A66B7,SUB_1_A9007
25881A66B7,,B,1,A9501,Programming for Problem Solving,91.89,68,74,sem1_attendance,ATT_S1_25881A66B7_A9501,STU_25881A66B7,SUB_1_A9501
25881A66B7,,B,1,A9204,Basic Electrical Engineering,94.29,66,70,sem1_attendance,ATT_S1_25881A66B7_A9204,STU_25881A66B7,SUB_1_A9204
25881A66B7,,B,1,A9801,Foundations of Data Science,95.0,57,60,sem1_attendance,ATT_S1_25881A66B7_A9801,STU_25881A66B7,SUB_1_A9801
25881A66B7,,B,1,A9008,Engineering Physics Laboratory,78.57,33,42,sem1_attendance,ATT_S1_25881A66B7_A9008,STU_25881A66B7,SUB_1_A9008
25881A66B7,,B,1,A9502,Programming for Problem Solving Laboratory,92.31,36,39,sem1_attendance,ATT_S1_25881A66B7_A9502,STU_25881A66B7,SUB_1_A9502
25881A66B7,,B,1,A9205,Basic Electrical Engineering Laboratory,100.0,42,42,sem1_attendance,ATT_S1_25881A66B7_A9205,STU_25881A66B7,SUB_1_A9205
25881A66B7,,B,1,A9302,Engineering Workshop,93.33,42,45,sem1_attendance,ATT_S1_25881A66B7_A9302,STU_25881A66B7,SUB_1_A9302
25881A66B7,,B,1,A9021,Community Centered Design Thinking,87.5,42,48,sem1_attendance,ATT_S1_25881A66B7_A9021,STU_25881A66B7,SUB_1_A9021
25881A66B8,,B,1,A9001,Matrices and Calculus,86.67,65,75,sem1_attendance,ATT_S1_25881A66B8_A9001,STU_25881A66B8,SUB_1_A9001
25881A66B8,,B,1,A9007,Engineering Physics,82.67,62,75,sem1_attendance,ATT_S1_25881A66B8_A9007,STU_25881A66B8,SUB_1_A9007
25881A66B8,,B,1,A9501,Programming for Problem Solving,87.84,65,74,sem1_attendance,ATT_S1_25881A66B8_A9501,STU_25881A66B8,SUB_1_A9501
25881A66B8,,B,1,A9204,Basic Electrical Engineering,88.57,62,70,sem1_attendance,ATT_S1_25881A66B8_A9204,STU_25881A66B8,SUB_1_A9204
25881A66B8,,B,1,A9801,Foundations of Data Science,86.67,52,60,sem1_attendance,ATT_S1_25881A66B8_A9801,STU_25881A66B8,SUB_1_A9801
25881A66B8,,B,1,A9008,Engineering Physics Laboratory,71.43,30,42,sem1_attendance,ATT_S1_25881A66B8_A9008,STU_25881A66B8,SUB_1_A9008
25881A66B8,,B,1,A9502,Programming for Problem Solving Laboratory,94.87,37,39,sem1_attendance,ATT_S1_25881A66B8_A9502,STU_25881A66B8,SUB_1_A9502
25881A66B8,,B,1,A9205,Basic Electrical Engineering Laboratory,78.57,33,42,sem1_attendance,ATT_S1_25881A66B8_A9205,STU_25881A66B8,SUB_1_A9205
25881A66B8,,B,1,A9302,Engineering Workshop,80.0,36,45,sem1_attendance,ATT_S1_25881A66B8_A9302,STU_25881A66B8,SUB_1_A9302
25881A66B8,,B,1,A9021,Community Centered Design Thinking,87.5,42,48,sem1_attendance,ATT_S1_25881A66B8_A9021,STU_25881A66B8,SUB_1_A9021
25881A66B9,,B,1,A9001,Matrices and Calculus,88.0,66,75,sem1_attendance,ATT_S1_25881A66B9_A9001,STU_25881A66B9,SUB_1_A9001
25881A66B9,,B,1,A9007,Engineering Physics,88.0,66,75,sem1_attendance,ATT_S1_25881A66B9_A9007,STU_25881A66B9,SUB_1_A9007
25881A66B9,,B,1,A9501,Programming for Problem Solving,87.84,65,74,sem1_attendance,ATT_S1_25881A66B9_A9501,STU_25881A66B9,SUB_1_A9501
25881A66B9,,B,1,A9204,Basic Electrical Engineering,82.86,58,70,sem1_attendance,ATT_S1_25881A66B9_A9204,STU_25881A66B9,SUB_1_A9204
25881A66B9,,B,1,A9801,Foundations of Data Science,83.33,50,60,sem1_attendance,ATT_S1_25881A66B9_A9801,STU_25881A66B9,SUB_1_A9801
25881A66B9,,B,1,A9008,Engineering Physics Laboratory,92.86,39,42,sem1_attendance,ATT_S1_25881A66B9_A9008,STU_25881A66B9,SUB_1_A9008
25881A66B9,,B,1,A9502,Programming for Problem Solving Laboratory,84.62,33,39,sem1_attendance,ATT_S1_25881A66B9_A9502,STU_25881A66B9,SUB_1_A9502
25881A66B9,,B,1,A9205,Basic Electrical Engineering Laboratory,100.0,42,42,sem1_attendance,ATT_S1_25881A66B9_A9205,STU_25881A66B9,SUB_1_A9205
25881A66B9,,B,1,A9302,Engineering Workshop,93.33,42,45,sem1_attendance,ATT_S1_25881A66B9_A9302,STU_25881A66B9,SUB_1_A9302
25881A66B9,,B,1,A9021,Community Centered Design Thinking,87.5,42,48,sem1_attendance,ATT_S1_25881A66B9_A9021,STU_25881A66B9,SUB_1_A9021
25881A66C0,,B,1,A9001,Matrices and Calculus,90.67,68,75,sem1_attendance,ATT_S1_25881A66C0_A9001,STU_25881A66C0,SUB_1_A9001
25881A66C0,,B,1,A9007,Engineering Physics,89.33,67,75,sem1_attendance,ATT_S1_25881A66C0_A9007,STU_25881A66C0,SUB_1_A9007
25881A66C0,,B,1,A9501,Programming for Problem Solving,90.54,67,74,sem1_attendance,ATT_S1_25881A66C0_A9501,STU_25881A66C0,SUB_1_A9501
25881A66C0,,B,1,A9204,Basic Electrical Engineering,92.86,65,70,sem1_attendance,ATT_S1_25881A66C0_A9204,STU_25881A66C0,SUB_1_A9204
25881A66C0,,B,1,A9801,Foundations of Data Science,90.0,54,60,sem1_attendance,ATT_S1_25881A66C0_A9801,STU_25881A66C0,SUB_1_A9801
25881A66C0,,B,1,A9008,Engineering Physics Laboratory,80.95,34,42,sem1_attendance,ATT_S1_25881A66C0_A9008,STU_25881A66C0,SUB_1_A9008
25881A66C0,,B,1,A9502,Programming for Problem Solving Laboratory,92.31,36,39,sem1_attendance,ATT_S1_25881A66C0_A9502,STU_25881A66C0,SUB_1_A9502
25881A66C0,,B,1,A9205,Basic Electrical Engineering Laboratory,85.71,36,42,sem1_attendance,ATT_S1_25881A66C0_A9205,STU_25881A66C0,SUB_1_A9205
25881A66C0,,B,1,A9302,Engineering Workshop,93.33,42,45,sem1_attendance,ATT_S1_25881A66C0_A9302,STU_25881A66C0,SUB_1_A9302
25881A66C0,,B,1,A9021,Community Centered Design Thinking,93.75,45,48,sem1_attendance,ATT_S1_25881A66C0_A9021,STU_25881A66C0,SUB_1_A9021
25881A66C1,,B,1,A9001,Matrices and Calculus,97.33,73,75,sem1_attendance,ATT_S1_25881A66C1_A9001,STU_25881A66C1,SUB_1_A9001
25881A66C1,,B,1,A9007,Engineering Physics,96.0,72,75,sem1_attendance,ATT_S1_25881A66C1_A9007,STU_25881A66C1,SUB_1_A9007
25881A66C1,,B,1,A9501,Programming for Problem Solving,97.3,72,74,sem1_attendance,ATT_S1_25881A66C1_A9501,STU_25881A66C1,SUB_1_A9501
25881A66C1,,B,1,A9204,Basic Electrical Engineering,94.29,66,70,sem1_attendance,ATT_S1_25881A66C1_A9204,STU_25881A66C1,SUB_1_A9204
25881A66C1,,B,1,A9801,Foundations of Data Science,98.33,59,60,sem1_attendance,ATT_S1_25881A66C1_A9801,STU_25881A66C1,SUB_1_A9801
25881A66C1,,B,1,A9008,Engineering Physics Laboratory,92.86,39,42,sem1_attendance,ATT_S1_25881A66C1_A9008,STU_25881A66C1,SUB_1_A9008
25881A66C1,,B,1,A9502,Programming for Problem Solving Laboratory,100.0,39,39,sem1_attendance,ATT_S1_25881A66C1_A9502,STU_25881A66C1,SUB_1_A9502
25881A66C1,,B,1,A9205,Basic Electrical Engineering Laboratory,100.0,42,42,sem1_attendance,ATT_S1_25881A66C1_A9205,STU_25881A66C1,SUB_1_A9205
25881A66C1,,B,1,A9302,Engineering Workshop,93.33,42,45,sem1_attendance,ATT_S1_25881A66C1_A9302,STU_25881A66C1,SUB_1_A9302
25881A66C1,,B,1,A9021,Community Centered Design Thinking,93.75,45,48,sem1_attendance,ATT_S1_25881A66C1_A9021,STU_25881A66C1,SUB_1_A9021
25881A66C2,,B,1,A9001,Matrices and Calculus,82.67,62,75,sem1_attendance,ATT_S1_25881A66C2_A9001,STU_25881A66C2,SUB_1_A9001
25881A66C2,,B,1,A9007,Engineering Physics,85.33,64,75,sem1_attendance,ATT_S1_25881A66C2_A9007,STU_25881A66C2,SUB_1_A9007
25881A66C2,,B,1,A9501,Programming for Problem Solving,86.49,64,74,sem1_attendance,ATT_S1_25881A66C2_A9501,STU_25881A66C2,SUB_1_A9501
25881A66C2,,B,1,A9204,Basic Electrical Engineering,82.86,58,70,sem1_attendance,ATT_S1_25881A66C2_A9204,STU_25881A66C2,SUB_1_A9204
25881A66C2,,B,1,A9801,Foundations of Data Science,83.33,50,60,sem1_attendance,ATT_S1_25881A66C2_A9801,STU_25881A66C2,SUB_1_A9801
25881A66C2,,B,1,A9008,Engineering Physics Laboratory,85.71,36,42,sem1_attendance,ATT_S1_25881A66C2_A9008,STU_25881A66C2,SUB_1_A9008
25881A66C2,,B,1,A9502,Programming for Problem Solving Laboratory,76.92,30,39,sem1_attendance,ATT_S1_25881A66C2_A9502,STU_25881A66C2,SUB_1_A9502
25881A66C2,,B,1,A9205,Basic Electrical Engineering Laboratory,92.86,39,42,sem1_attendance,ATT_S1_25881A66C2_A9205,STU_25881A66C2,SUB_1_A9205
25881A66C2,,B,1,A9302,Engineering Workshop,93.33,42,45,sem1_attendance,ATT_S1_25881A66C2_A9302,STU_25881A66C2,SUB_1_A9302
25881A66C2,,B,1,A9021,Community Centered Design Thinking,91.67,44,48,sem1_attendance,ATT_S1_25881A66C2_A9021,STU_25881A66C2,SUB_1_A9021
25881A66C3,,B,1,A9001,Matrices and Calculus,93.33,70,75,sem1_attendance,ATT_S1_25881A66C3_A9001,STU_25881A66C3,SUB_1_A9001
25881A66C3,,B,1,A9007,Engineering Physics,90.67,68,75,sem1_attendance,ATT_S1_25881A66C3_A9007,STU_25881A66C3,SUB_1_A9007
25881A66C3,,B,1,A9501,Programming for Problem Solving,93.24,69,74,sem1_attendance,ATT_S1_25881A66C3_A9501,STU_25881A66C3,SUB_1_A9501
25881A66C3,,B,1,A9204,Basic Electrical Engineering,94.29,66,70,sem1_attendance,ATT_S1_25881A66C3_A9204,STU_25881A66C3,SUB_1_A9204
25881A66C3,,B,1,A9801,Foundations of Data Science,93.33,56,60,sem1_attendance,ATT_S1_25881A66C3_A9801,STU_25881A66C3,SUB_1_A9801
25881A66C3,,B,1,A9008,Engineering Physics Laboratory,92.86,39,42,sem1_attendance,ATT_S1_25881A66C3_A9008,STU_25881A66C3,SUB_1_A9008
25881A66C3,,B,1,A9502,Programming for Problem Solving Laboratory,92.31,36,39,sem1_attendance,ATT_S1_25881A66C3_A9502,STU_25881A66C3,SUB_1_A9502
25881A66C3,,B,1,A9205,Basic Electrical Engineering Laboratory,100.0,42,42,sem1_attendance,ATT_S1_25881A66C3_A9205,STU_25881A66C3,SUB_1_A9205
25881A66C3,,B,1,A9302,Engineering Workshop,93.33,42,45,sem1_attendance,ATT_S1_25881A66C3_A9302,STU_25881A66C3,SUB_1_A9302
25881A66C3,,B,1,A9021,Community Centered Design Thinking,87.5,42,48,sem1_attendance,ATT_S1_25881A66C3_A9021,STU_25881A66C3,SUB_1_A9021
25881A66C4,,B,1,A9001,Matrices and Calculus,92.0,69,75,sem1_attendance,ATT_S1_25881A66C4_A9001,STU_25881A66C4,SUB_1_A9001
25881A66C4,,B,1,A9007,Engineering Physics,89.33,67,75,sem1_attendance,ATT_S1_25881A66C4_A9007,STU_25881A66C4,SUB_1_A9007
25881A66C4,,B,1,A9501,Programming for Problem Solving,93.24,69,74,sem1_attendance,ATT_S1_25881A66C4_A9501,STU_25881A66C4,SUB_1_A9501
25881A66C4,,B,1,A9204,Basic Electrical Engineering,91.43,64,70,sem1_attendance,ATT_S1_25881A66C4_A9204,STU_25881A66C4,SUB_1_A9204
25881A66C4,,B,1,A9801,Foundations of Data Science,93.33,56,60,sem1_attendance,ATT_S1_25881A66C4_A9801,STU_25881A66C4,SUB_1_A9801
25881A66C4,,B,1,A9008,Engineering Physics Laboratory,92.86,39,42,sem1_attendance,ATT_S1_25881A66C4_A9008,STU_25881A66C4,SUB_1_A9008
25881A66C4,,B,1,A9502,Programming for Problem Solving Laboratory,100.0,39,39,sem1_attendance,ATT_S1_25881A66C4_A9502,STU_25881A66C4,SUB_1_A9502
25881A66C4,,B,1,A9205,Basic Electrical Engineering Laboratory,85.71,36,42,sem1_attendance,ATT_S1_25881A66C4_A9205,STU_25881A66C4,SUB_1_A9205
25881A66C4,,B,1,A9302,Engineering Workshop,86.67,39,45,sem1_attendance,ATT_S1_25881A66C4_A9302,STU_25881A66C4,SUB_1_A9302
25881A66C4,,B,1,A9021,Community Centered Design Thinking,93.75,45,48,sem1_attendance,ATT_S1_25881A66C4_A9021,STU_25881A66C4,SUB_1_A9021
25881A66C5,,B,1,A9001,Matrices and Calculus,86.67,65,75,sem1_attendance,ATT_S1_25881A66C5_A9001,STU_25881A66C5,SUB_1_A9001
25881A66C5,,B,1,A9007,Engineering Physics,85.33,64,75,sem1_attendance,ATT_S1_25881A66C5_A9007,STU_25881A66C5,SUB_1_A9007
25881A66C5,,B,1,A9501,Programming for Problem Solving,87.84,65,74,sem1_attendance,ATT_S1_25881A66C5_A9501,STU_25881A66C5,SUB_1_A9501
25881A66C5,,B,1,A9204,Basic Electrical Engineering,71.43,50,70,sem1_attendance,ATT_S1_25881A66C5_A9204,STU_25881A66C5,SUB_1_A9204
25881A66C5,,B,1,A9801,Foundations of Data Science,85.0,51,60,sem1_attendance,ATT_S1_25881A66C5_A9801,STU_25881A66C5,SUB_1_A9801
25881A66C5,,B,1,A9008,Engineering Physics Laboratory,85.71,36,42,sem1_attendance,ATT_S1_25881A66C5_A9008,STU_25881A66C5,SUB_1_A9008
25881A66C5,,B,1,A9502,Programming for Problem Solving Laboratory,84.62,33,39,sem1_attendance,ATT_S1_25881A66C5_A9502,STU_25881A66C5,SUB_1_A9502
25881A66C5,,B,1,A9205,Basic Electrical Engineering Laboratory,71.43,30,42,sem1_attendance,ATT_S1_25881A66C5_A9205,STU_25881A66C5,SUB_1_A9205
25881A66C5,,B,1,A9302,Engineering Workshop,100.0,45,45,sem1_attendance,ATT_S1_25881A66C5_A9302,STU_25881A66C5,SUB_1_A9302
25881A66C5,,B,1,A9021,Community Centered Design Thinking,97.92,47,48,sem1_attendance,ATT_S1_25881A66C5_A9021,STU_25881A66C5,SUB_1_A9021
25881A66C6,,B,1,A9001,Matrices and Calculus,90.67,68,75,sem1_attendance,ATT_S1_25881A66C6_A9001,STU_25881A66C6,SUB_1_A9001
25881A66C6,,B,1,A9007,Engineering Physics,88.0,66,75,sem1_attendance,ATT_S1_25881A66C6_A9007,STU_25881A66C6,SUB_1_A9007
25881A66C6,,B,1,A9501,Programming for Problem Solving,91.89,68,74,sem1_attendance,ATT_S1_25881A66C6_A9501,STU_25881A66C6,SUB_1_A9501
25881A66C6,,B,1,A9204,Basic Electrical Engineering,84.29,59,70,sem1_attendance,ATT_S1_25881A66C6_A9204,STU_25881A66C6,SUB_1_A9204
25881A66C6,,B,1,A9801,Foundations of Data Science,88.33,53,60,sem1_attendance,ATT_S1_25881A66C6_A9801,STU_25881A66C6,SUB_1_A9801
25881A66C6,,B,1,A9008,Engineering Physics Laboratory,83.33,35,42,sem1_attendance,ATT_S1_25881A66C6_A9008,STU_25881A66C6,SUB_1_A9008
25881A66C6,,B,1,A9502,Programming for Problem Solving Laboratory,92.31,36,39,sem1_attendance,ATT_S1_25881A66C6_A9502,STU_25881A66C6,SUB_1_A9502
25881A66C6,,B,1,A9205,Basic Electrical Engineering Laboratory,92.86,39,42,sem1_attendance,ATT_S1_25881A66C6_A9205,STU_25881A66C6,SUB_1_A9205
25881A66C6,,B,1,A9302,Engineering Workshop,93.33,42,45,sem1_attendance,ATT_S1_25881A66C6_A9302,STU_25881A66C6,SUB_1_A9302
25881A66C6,,B,1,A9021,Community Centered Design Thinking,100.0,48,48,sem1_attendance,ATT_S1_25881A66C6_A9021,STU_25881A66C6,SUB_1_A9021
25881A66C7,,B,1,A9001,Matrices and Calculus,88.0,66,75,sem1_attendance,ATT_S1_25881A66C7_A9001,STU_25881A66C7,SUB_1_A9001
25881A66C7,,B,1,A9007,Engineering Physics,85.33,64,75,sem1_attendance,ATT_S1_25881A66C7_A9007,STU_25881A66C7,SUB_1_A9007
25881A66C7,,B,1,A9501,Programming for Problem Solving,91.89,68,74,sem1_attendance,ATT_S1_25881A66C7_A9501,STU_25881A66C7,SUB_1_A9501
25881A66C7,,B,1,A9204,Basic Electrical Engineering,85.71,60,70,sem1_attendance,ATT_S1_25881A66C7_A9204,STU_25881A66C7,SUB_1_A9204
25881A66C7,,B,1,A9801,Foundations of Data Science,80.0,48,60,sem1_attendance,ATT_S1_25881A66C7_A9801,STU_25881A66C7,SUB_1_A9801
25881A66C7,,B,1,A9008,Engineering Physics Laboratory,85.71,36,42,sem1_attendance,ATT_S1_25881A66C7_A9008,STU_25881A66C7,SUB_1_A9008
25881A66C7,,B,1,A9502,Programming for Problem Solving Laboratory,100.0,39,39,sem1_attendance,ATT_S1_25881A66C7_A9502,STU_25881A66C7,SUB_1_A9502
25881A66C7,,B,1,A9205,Basic Electrical Engineering Laboratory,78.57,33,42,sem1_attendance,ATT_S1_25881A66C7_A9205,STU_25881A66C7,SUB_1_A9205
25881A66C7,,B,1,A9302,Engineering Workshop,80.0,36,45,sem1_attendance,ATT_S1_25881A66C7_A9302,STU_25881A66C7,SUB_1_A9302
25881A66C7,,B,1,A9021,Community Centered Design Thinking,87.5,42,48,sem1_attendance,ATT_S1_25881A66C7_A9021,STU_25881A66C7,SUB_1_A9021
25881A66C8,,B,1,A9001,Matrices and Calculus,89.33,67,75,sem1_attendance,ATT_S1_25881A66C8_A9001,STU_25881A66C8,SUB_1_A9001
25881A66C8,,B,1,A9007,Engineering Physics,88.0,66,75,sem1_attendance,ATT_S1_25881A66C8_A9007,STU_25881A66C8,SUB_1_A9007
25881A66C8,,B,1,A9501,Programming for Problem Solving,89.19,66,74,sem1_attendance,ATT_S1_25881A66C8_A9501,STU_25881A66C8,SUB_1_A9501
25881A66C8,,B,1,A9204,Basic Electrical Engineering,90.0,63,70,sem1_attendance,ATT_S1_25881A66C8_A9204,STU_25881A66C8,SUB_1_A9204
25881A66C8,,B,1,A9801,Foundations of Data Science,91.67,55,60,sem1_attendance,ATT_S1_25881A66C8_A9801,STU_25881A66C8,SUB_1_A9801
25881A66C8,,B,1,A9008,Engineering Physics Laboratory,85.71,36,42,sem1_attendance,ATT_S1_25881A66C8_A9008,STU_25881A66C8,SUB_1_A9008
25881A66C8,,B,1,A9502,Programming for Problem Solving Laboratory,92.31,36,39,sem1_attendance,ATT_S1_25881A66C8_A9502,STU_25881A66C8,SUB_1_A9502
25881A66C8,,B,1,A9205,Basic Electrical Engineering Laboratory,100.0,42,42,sem1_attendance,ATT_S1_25881A66C8_A9205,STU_25881A66C8,SUB_1_A9205
25881A66C8,,B,1,A9302,Engineering Workshop,93.33,42,45,sem1_attendance,ATT_S1_25881A66C8_A9302,STU_25881A66C8,SUB_1_A9302
25881A66C8,,B,1,A9021,Community Centered Design Thinking,97.92,47,48,sem1_attendance,ATT_S1_25881A66C8_A9021,STU_25881A66C8,SUB_1_A9021
25881A66C9,,B,1,A9001,Matrices and Calculus,96.0,72,75,sem1_attendance,ATT_S1_25881A66C9_A9001,STU_25881A66C9,SUB_1_A9001
25881A66C9,,B,1,A9007,Engineering Physics,96.0,72,75,sem1_attendance,ATT_S1_25881A66C9_A9007,STU_25881A66C9,SUB_1_A9007
25881A66C9,,B,1,A9501,Programming for Problem Solving,93.24,69,74,sem1_attendance,ATT_S1_25881A66C9_A9501,STU_25881A66C9,SUB_1_A9501
25881A66C9,,B,1,A9204,Basic Electrical Engineering,91.43,64,70,sem1_attendance,ATT_S1_25881A66C9_A9204,STU_25881A66C9,SUB_1_A9204
25881A66C9,,B,1,A9801,Foundations of Data Science,93.33,56,60,sem1_attendance,ATT_S1_25881A66C9_A9801,STU_25881A66C9,SUB_1_A9801
25881A66C9,,B,1,A9008,Engineering Physics Laboratory,100.0,42,42,sem1_attendance,ATT_S1_25881A66C9_A9008,STU_25881A66C9,SUB_1_A9008
25881A66C9,,B,1,A9502,Programming for Problem Solving Laboratory,100.0,39,39,sem1_attendance,ATT_S1_25881A66C9_A9502,STU_25881A66C9,SUB_1_A9502
25881A66C9,,B,1,A9205,Basic Electrical Engineering Laboratory,100.0,42,42,sem1_attendance,ATT_S1_25881A66C9_A9205,STU_25881A66C9,SUB_1_A9205
25881A66C9,,B,1,A9302,Engineering Workshop,93.33,42,45,sem1_attendance,ATT_S1_25881A66C9_A9302,STU_25881A66C9,SUB_1_A9302
25881A66C9,,B,1,A9021,Community Centered Design Thinking,100.0,48,48,sem1_attendance,ATT_S1_25881A66C9_A9021,STU_25881A66C9,SUB_1_A9021
25881A66D0,,C,1,A9001,Matrices and Calculus,88.0,66,75,sem1_attendance,ATT_S1_25881A66D0_A9001,STU_25881A66D0,SUB_1_A9001
25881A66D0,,C,1,A9007,Engineering Physics,77.55,38,49,sem1_attendance,ATT_S1_25881A66D0_A9007,STU_25881A66D0,SUB_1_A9007
25881A66D0,,C,1,A9501,Programming for Problem Solving,86.67,65,75,sem1_attendance,ATT_S1_25881A66D0_A9501,STU_25881A66D0,SUB_1_A9501
25881A66D0,,C,1,A9204,Basic Electrical Engineering,89.19,66,74,sem1_attendance,ATT_S1_25881A66D0_A9204,STU_25881A66D0,SUB_1_A9204
25881A66D0,,C,1,A9801,Foundations of Data Science,86.89,53,61,sem1_attendance,ATT_S1_25881A66D0_A9801,STU_25881A66D0,SUB_1_A9801
25881A66D0,,C,1,A9008,Engineering Physics Laboratory,77.78,21,27,sem1_attendance,ATT_S1_25881A66D0_A9008,STU_25881A66D0,SUB_1_A9008
25881A66D0,,C,1,A9502,Programming for Problem Solving Laboratory,93.33,42,45,sem1_attendance,ATT_S1_25881A66D0_A9502,STU_25881A66D0,SUB_1_A9502
25881A66D0,,C,1,A9205,Basic Electrical Engineering Laboratory,84.62,33,39,sem1_attendance,ATT_S1_25881A66D0_A9205,STU_25881A66D0,SUB_1_A9205
25881A66D0,,C,1,A9302,Engineering Workshop,100.0,42,42,sem1_attendance,ATT_S1_25881A66D0_A9302,STU_25881A66D0,SUB_1_A9302
25881A66D0,,C,1,A9021,Community Centered Design Thinking,84.62,33,39,sem1_attendance,ATT_S1_25881A66D0_A9021,STU_25881A66D0,SUB_1_A9021
25881A66D1,,C,1,A9001,Matrices and Calculus,92.0,69,75,sem1_attendance,ATT_S1_25881A66D1_A9001,STU_25881A66D1,SUB_1_A9001
25881A66D1,,C,1,A9007,Engineering Physics,89.8,44,49,sem1_attendance,ATT_S1_25881A66D1_A9007,STU_25881A66D1,SUB_1_A9007
25881A66D1,,C,1,A9501,Programming for Problem Solving,89.33,67,75,sem1_attendance,ATT_S1_25881A66D1_A9501,STU_25881A66D1,SUB_1_A9501
25881A66D1,,C,1,A9204,Basic Electrical Engineering,89.19,66,74,sem1_attendance,ATT_S1_25881A66D1_A9204,STU_25881A66D1,SUB_1_A9204
25881A66D1,,C,1,A9801,Foundations of Data Science,91.8,56,61,sem1_attendance,ATT_S1_25881A66D1_A9801,STU_25881A66D1,SUB_1_A9801
25881A66D1,,C,1,A9008,Engineering Physics Laboratory,77.78,21,27,sem1_attendance,ATT_S1_25881A66D1_A9008,STU_25881A66D1,SUB_1_A9008
25881A66D1,,C,1,A9502,Programming for Problem Solving Laboratory,93.33,42,45,sem1_attendance,ATT_S1_25881A66D1_A9502,STU_25881A66D1,SUB_1_A9502
25881A66D1,,C,1,A9205,Basic Electrical Engineering Laboratory,92.31,36,39,sem1_attendance,ATT_S1_25881A66D1_A9205,STU_25881A66D1,SUB_1_A9205
25881A66D1,,C,1,A9302,Engineering Workshop,95.24,40,42,sem1_attendance,ATT_S1_25881A66D1_A9302,STU_25881A66D1,SUB_1_A9302
25881A66D1,,C,1,A9021,Community Centered Design Thinking,84.62,33,39,sem1_attendance,ATT_S1_25881A66D1_A9021,STU_25881A66D1,SUB_1_A9021
25881A66D2,,C,1,A9001,Matrices and Calculus,94.67,71,75,sem1_attendance,ATT_S1_25881A66D2_A9001,STU_25881A66D2,SUB_1_A9001
25881A66D2,,C,1,A9007,Engineering Physics,89.8,44,49,sem1_attendance,ATT_S1_25881A66D2_A9007,STU_25881A66D2,SUB_1_A9007
25881A66D2,,C,1,A9501,Programming for Problem Solving,94.67,71,75,sem1_attendance,ATT_S1_25881A66D2_A9501,STU_25881A66D2,SUB_1_A9501
25881A66D2,,C,1,A9204,Basic Electrical Engineering,94.59,70,74,sem1_attendance,ATT_S1_25881A66D2_A9204,STU_25881A66D2,SUB_1_A9204
25881A66D2,,C,1,A9801,Foundations of Data Science,93.44,57,61,sem1_attendance,ATT_S1_25881A66D2_A9801,STU_25881A66D2,SUB_1_A9801
25881A66D2,,C,1,A9008,Engineering Physics Laboratory,88.89,24,27,sem1_attendance,ATT_S1_25881A66D2_A9008,STU_25881A66D2,SUB_1_A9008
25881A66D2,,C,1,A9502,Programming for Problem Solving Laboratory,100.0,45,45,sem1_attendance,ATT_S1_25881A66D2_A9502,STU_25881A66D2,SUB_1_A9502
25881A66D2,,C,1,A9205,Basic Electrical Engineering Laboratory,92.31,36,39,sem1_attendance,ATT_S1_25881A66D2_A9205,STU_25881A66D2,SUB_1_A9205
25881A66D2,,C,1,A9302,Engineering Workshop,100.0,42,42,sem1_attendance,ATT_S1_25881A66D2_A9302,STU_25881A66D2,SUB_1_A9302
25881A66D2,,C,1,A9021,Community Centered Design Thinking,84.62,33,39,sem1_attendance,ATT_S1_25881A66D2_A9021,STU_25881A66D2,SUB_1_A9021
25881A66D3,,C,1,A9001,Matrices and Calculus,94.67,71,75,sem1_attendance,ATT_S1_25881A66D3_A9001,STU_25881A66D3,SUB_1_A9001
25881A66D3,,C,1,A9007,Engineering Physics,83.67,41,49,sem1_attendance,ATT_S1_25881A66D3_A9007,STU_25881A66D3,SUB_1_A9007
25881A66D3,,C,1,A9501,Programming for Problem Solving,93.33,70,75,sem1_attendance,ATT_S1_25881A66D3_A9501,STU_25881A66D3,SUB_1_A9501
25881A66D3,,C,1,A9204,Basic Electrical Engineering,93.24,69,74,sem1_attendance,ATT_S1_25881A66D3_A9204,STU_25881A66D3,SUB_1_A9204
25881A66D3,,C,1,A9801,Foundations of Data Science,93.44,57,61,sem1_attendance,ATT_S1_25881A66D3_A9801,STU_25881A66D3,SUB_1_A9801
25881A66D3,,C,1,A9008,Engineering Physics Laboratory,100.0,27,27,sem1_attendance,ATT_S1_25881A66D3_A9008,STU_25881A66D3,SUB_1_A9008
25881A66D3,,C,1,A9502,Programming for Problem Solving Laboratory,93.33,42,45,sem1_attendance,ATT_S1_25881A66D3_A9502,STU_25881A66D3,SUB_1_A9502
25881A66D3,,C,1,A9205,Basic Electrical Engineering Laboratory,92.31,36,39,sem1_attendance,ATT_S1_25881A66D3_A9205,STU_25881A66D3,SUB_1_A9205
25881A66D3,,C,1,A9302,Engineering Workshop,100.0,42,42,sem1_attendance,ATT_S1_25881A66D3_A9302,STU_25881A66D3,SUB_1_A9302
25881A66D3,,C,1,A9021,Community Centered Design Thinking,76.92,30,39,sem1_attendance,ATT_S1_25881A66D3_A9021,STU_25881A66D3,SUB_1_A9021
25881A66D4,,C,1,A9001,Matrices and Calculus,89.33,67,75,sem1_attendance,ATT_S1_25881A66D4_A9001,STU_25881A66D4,SUB_1_A9001
25881A66D4,,C,1,A9007,Engineering Physics,89.8,44,49,sem1_attendance,ATT_S1_25881A66D4_A9007,STU_25881A66D4,SUB_1_A9007
25881A66D4,,C,1,A9501,Programming for Problem Solving,82.67,62,75,sem1_attendance,ATT_S1_25881A66D4_A9501,STU_25881A66D4,SUB_1_A9501
25881A66D4,,C,1,A9204,Basic Electrical Engineering,86.49,64,74,sem1_attendance,ATT_S1_25881A66D4_A9204,STU_25881A66D4,SUB_1_A9204
25881A66D4,,C,1,A9801,Foundations of Data Science,90.16,55,61,sem1_attendance,ATT_S1_25881A66D4_A9801,STU_25881A66D4,SUB_1_A9801
25881A66D4,,C,1,A9008,Engineering Physics Laboratory,77.78,21,27,sem1_attendance,ATT_S1_25881A66D4_A9008,STU_25881A66D4,SUB_1_A9008
25881A66D4,,C,1,A9502,Programming for Problem Solving Laboratory,80.0,36,45,sem1_attendance,ATT_S1_25881A66D4_A9502,STU_25881A66D4,SUB_1_A9502
25881A66D4,,C,1,A9205,Basic Electrical Engineering Laboratory,100.0,39,39,sem1_attendance,ATT_S1_25881A66D4_A9205,STU_25881A66D4,SUB_1_A9205
25881A66D4,,C,1,A9302,Engineering Workshop,92.86,39,42,sem1_attendance,ATT_S1_25881A66D4_A9302,STU_25881A66D4,SUB_1_A9302
25881A66D4,,C,1,A9021,Community Centered Design Thinking,92.31,36,39,sem1_attendance,ATT_S1_25881A66D4_A9021,STU_25881A66D4,SUB_1_A9021
25881A66D5,,C,1,A9001,Matrices and Calculus,86.67,65,75,sem1_attendance,ATT_S1_25881A66D5_A9001,STU_25881A66D5,SUB_1_A9001
25881A66D5,,C,1,A9007,Engineering Physics,81.63,40,49,sem1_attendance,ATT_S1_25881A66D5_A9007,STU_25881A66D5,SUB_1_A9007
25881A66D5,,C,1,A9501,Programming for Problem Solving,85.33,64,75,sem1_attendance,ATT_S1_25881A66D5_A9501,STU_25881A66D5,SUB_1_A9501
25881A66D5,,C,1,A9204,Basic Electrical Engineering,87.84,65,74,sem1_attendance,ATT_S1_25881A66D5_A9204,STU_25881A66D5,SUB_1_A9204
25881A66D5,,C,1,A9801,Foundations of Data Science,85.25,52,61,sem1_attendance,ATT_S1_25881A66D5_A9801,STU_25881A66D5,SUB_1_A9801
25881A66D5,,C,1,A9008,Engineering Physics Laboratory,66.67,18,27,sem1_attendance,ATT_S1_25881A66D5_A9008,STU_25881A66D5,SUB_1_A9008
25881A66D5,,C,1,A9502,Programming for Problem Solving Laboratory,86.67,39,45,sem1_attendance,ATT_S1_25881A66D5_A9502,STU_25881A66D5,SUB_1_A9502
25881A66D5,,C,1,A9205,Basic Electrical Engineering Laboratory,76.92,30,39,sem1_attendance,ATT_S1_25881A66D5_A9205,STU_25881A66D5,SUB_1_A9205
25881A66D5,,C,1,A9302,Engineering Workshop,92.86,39,42,sem1_attendance,ATT_S1_25881A66D5_A9302,STU_25881A66D5,SUB_1_A9302
25881A66D5,,C,1,A9021,Community Centered Design Thinking,84.62,33,39,sem1_attendance,ATT_S1_25881A66D5_A9021,STU_25881A66D5,SUB_1_A9021
25881A66D6,,C,1,A9001,Matrices and Calculus,84.0,63,75,sem1_attendance,ATT_S1_25881A66D6_A9001,STU_25881A66D6,SUB_1_A9001
25881A66D6,,C,1,A9007,Engineering Physics,77.55,38,49,sem1_attendance,ATT_S1_25881A66D6_A9007,STU_25881A66D6,SUB_1_A9007
25881A66D6,,C,1,A9501,Programming for Problem Solving,78.67,59,75,sem1_attendance,ATT_S1_25881A66D6_A9501,STU_25881A66D6,SUB_1_A9501
25881A66D6,,C,1,A9204,Basic Electrical Engineering,85.14,63,74,sem1_attendance,ATT_S1_25881A66D6_A9204,STU_25881A66D6,SUB_1_A9204
25881A66D6,,C,1,A9801,Foundations of Data Science,83.61,51,61,sem1_attendance,ATT_S1_25881A66D6_A9801,STU_25881A66D6,SUB_1_A9801
25881A66D6,,C,1,A9008,Engineering Physics Laboratory,77.78,21,27,sem1_attendance,ATT_S1_25881A66D6_A9008,STU_25881A66D6,SUB_1_A9008
25881A66D6,,C,1,A9502,Programming for Problem Solving Laboratory,80.0,36,45,sem1_attendance,ATT_S1_25881A66D6_A9502,STU_25881A66D6,SUB_1_A9502
25881A66D6,,C,1,A9205,Basic Electrical Engineering Laboratory,84.62,33,39,sem1_attendance,ATT_S1_25881A66D6_A9205,STU_25881A66D6,SUB_1_A9205
25881A66D6,,C,1,A9302,Engineering Workshop,92.86,39,42,sem1_attendance,ATT_S1_25881A66D6_A9302,STU_25881A66D6,SUB_1_A9302
25881A66D6,,C,1,A9021,Community Centered Design Thinking,69.23,27,39,sem1_attendance,ATT_S1_25881A66D6_A9021,STU_25881A66D6,SUB_1_A9021
25881A66D7,,C,1,A9001,Matrices and Calculus,92.0,69,75,sem1_attendance,ATT_S1_25881A66D7_A9001,STU_25881A66D7,SUB_1_A9001
25881A66D7,,C,1,A9007,Engineering Physics,83.67,41,49,sem1_attendance,ATT_S1_25881A66D7_A9007,STU_25881A66D7,SUB_1_A9007
25881A66D7,,C,1,A9501,Programming for Problem Solving,90.67,68,75,sem1_attendance,ATT_S1_25881A66D7_A9501,STU_25881A66D7,SUB_1_A9501
25881A66D7,,C,1,A9204,Basic Electrical Engineering,89.19,66,74,sem1_attendance,ATT_S1_25881A66D7_A9204,STU_25881A66D7,SUB_1_A9204
25881A66D7,,C,1,A9801,Foundations of Data Science,91.8,56,61,sem1_attendance,ATT_S1_25881A66D7_A9801,STU_25881A66D7,SUB_1_A9801
25881A66D7,,C,1,A9008,Engineering Physics Laboratory,88.89,24,27,sem1_attendance,ATT_S1_25881A66D7_A9008,STU_25881A66D7,SUB_1_A9008
25881A66D7,,C,1,A9502,Programming for Problem Solving Laboratory,100.0,45,45,sem1_attendance,ATT_S1_25881A66D7_A9502,STU_25881A66D7,SUB_1_A9502
25881A66D7,,C,1,A9205,Basic Electrical Engineering Laboratory,92.31,36,39,sem1_attendance,ATT_S1_25881A66D7_A9205,STU_25881A66D7,SUB_1_A9205
25881A66D7,,C,1,A9302,Engineering Workshop,100.0,42,42,sem1_attendance,ATT_S1_25881A66D7_A9302,STU_25881A66D7,SUB_1_A9302
25881A66D7,,C,1,A9021,Community Centered Design Thinking,92.31,36,39,sem1_attendance,ATT_S1_25881A66D7_A9021,STU_25881A66D7,SUB_1_A9021
25881A66D8,,C,1,A9001,Matrices and Calculus,96.0,72,75,sem1_attendance,ATT_S1_25881A66D8_A9001,STU_25881A66D8,SUB_1_A9001
25881A66D8,,C,1,A9007,Engineering Physics,97.96,48,49,sem1_attendance,ATT_S1_25881A66D8_A9007,STU_25881A66D8,SUB_1_A9007
25881A66D8,,C,1,A9501,Programming for Problem Solving,92.0,69,75,sem1_attendance,ATT_S1_25881A66D8_A9501,STU_25881A66D8,SUB_1_A9501
25881A66D8,,C,1,A9204,Basic Electrical Engineering,97.3,72,74,sem1_attendance,ATT_S1_25881A66D8_A9204,STU_25881A66D8,SUB_1_A9204
25881A66D8,,C,1,A9801,Foundations of Data Science,96.72,59,61,sem1_attendance,ATT_S1_25881A66D8_A9801,STU_25881A66D8,SUB_1_A9801
25881A66D8,,C,1,A9008,Engineering Physics Laboratory,88.89,24,27,sem1_attendance,ATT_S1_25881A66D8_A9008,STU_25881A66D8,SUB_1_A9008
25881A66D8,,C,1,A9502,Programming for Problem Solving Laboratory,86.67,39,45,sem1_attendance,ATT_S1_25881A66D8_A9502,STU_25881A66D8,SUB_1_A9502
25881A66D8,,C,1,A9205,Basic Electrical Engineering Laboratory,100.0,39,39,sem1_attendance,ATT_S1_25881A66D8_A9205,STU_25881A66D8,SUB_1_A9205
25881A66D8,,C,1,A9302,Engineering Workshop,100.0,42,42,sem1_attendance,ATT_S1_25881A66D8_A9302,STU_25881A66D8,SUB_1_A9302
25881A66D8,,C,1,A9021,Community Centered Design Thinking,92.31,36,39,sem1_attendance,ATT_S1_25881A66D8_A9021,STU_25881A66D8,SUB_1_A9021
25881A66D9,,C,1,A9001,Matrices and Calculus,86.67,65,75,sem1_attendance,ATT_S1_25881A66D9_A9001,STU_25881A66D9,SUB_1_A9001
25881A66D9,,C,1,A9007,Engineering Physics,77.55,38,49,sem1_attendance,ATT_S1_25881A66D9_A9007,STU_25881A66D9,SUB_1_A9007
25881A66D9,,C,1,A9501,Programming for Problem Solving,85.33,64,75,sem1_attendance,ATT_S1_25881A66D9_A9501,STU_25881A66D9,SUB_1_A9501
25881A66D9,,C,1,A9204,Basic Electrical Engineering,89.19,66,74,sem1_attendance,ATT_S1_25881A66D9_A9204,STU_25881A66D9,SUB_1_A9204
25881A66D9,,C,1,A9801,Foundations of Data Science,85.25,52,61,sem1_attendance,ATT_S1_25881A66D9_A9801,STU_25881A66D9,SUB_1_A9801
25881A66D9,,C,1,A9008,Engineering Physics Laboratory,77.78,21,27,sem1_attendance,ATT_S1_25881A66D9_A9008,STU_25881A66D9,SUB_1_A9008
25881A66D9,,C,1,A9502,Programming for Problem Solving Laboratory,80.0,36,45,sem1_attendance,ATT_S1_25881A66D9_A9502,STU_25881A66D9,SUB_1_A9502
25881A66D9,,C,1,A9205,Basic Electrical Engineering Laboratory,92.31,36,39,sem1_attendance,ATT_S1_25881A66D9_A9205,STU_25881A66D9,SUB_1_A9205
25881A66D9,,C,1,A9302,Engineering Workshop,100.0,42,42,sem1_attendance,ATT_S1_25881A66D9_A9302,STU_25881A66D9,SUB_1_A9302
25881A66D9,,C,1,A9021,Community Centered Design Thinking,84.62,33,39,sem1_attendance,ATT_S1_25881A66D9_A9021,STU_25881A66D9,SUB_1_A9021
25881A66E0,,C,1,A9001,Matrices and Calculus,94.67,71,75,sem1_attendance,ATT_S1_25881A66E0_A9001,STU_25881A66E0,SUB_1_A9001
25881A66E0,,C,1,A9007,Engineering Physics,89.8,44,49,sem1_attendance,ATT_S1_25881A66E0_A9007,STU_25881A66E0,SUB_1_A9007
25881A66E0,,C,1,A9501,Programming for Problem Solving,90.67,68,75,sem1_attendance,ATT_S1_25881A66E0_A9501,STU_25881A66E0,SUB_1_A9501
25881A66E0,,C,1,A9204,Basic Electrical Engineering,94.59,70,74,sem1_attendance,ATT_S1_25881A66E0_A9204,STU_25881A66E0,SUB_1_A9204
25881A66E0,,C,1,A9801,Foundations of Data Science,93.44,57,61,sem1_attendance,ATT_S1_25881A66E0_A9801,STU_25881A66E0,SUB_1_A9801
25881A66E0,,C,1,A9008,Engineering Physics Laboratory,81.48,22,27,sem1_attendance,ATT_S1_25881A66E0_A9008,STU_25881A66E0,SUB_1_A9008
25881A66E0,,C,1,A9502,Programming for Problem Solving Laboratory,93.33,42,45,sem1_attendance,ATT_S1_25881A66E0_A9502,STU_25881A66E0,SUB_1_A9502
25881A66E0,,C,1,A9205,Basic Electrical Engineering Laboratory,100.0,39,39,sem1_attendance,ATT_S1_25881A66E0_A9205,STU_25881A66E0,SUB_1_A9205
25881A66E0,,C,1,A9302,Engineering Workshop,100.0,42,42,sem1_attendance,ATT_S1_25881A66E0_A9302,STU_25881A66E0,SUB_1_A9302
25881A66E0,,C,1,A9021,Community Centered Design Thinking,84.62,33,39,sem1_attendance,ATT_S1_25881A66E0_A9021,STU_25881A66E0,SUB_1_A9021
25881A66E1,,C,1,A9001,Matrices and Calculus,77.33,58,75,sem1_attendance,ATT_S1_25881A66E1_A9001,STU_25881A66E1,SUB_1_A9001
25881A66E1,,C,1,A9007,Engineering Physics,75.51,37,49,sem1_attendance,ATT_S1_25881A66E1_A9007,STU_25881A66E1,SUB_1_A9007
25881A66E1,,C,1,A9501,Programming for Problem Solving,74.67,56,75,sem1_attendance,ATT_S1_25881A66E1_A9501,STU_25881A66E1,SUB_1_A9501
25881A66E1,,C,1,A9204,Basic Electrical Engineering,75.68,56,74,sem1_attendance,ATT_S1_25881A66E1_A9204,STU_25881A66E1,SUB_1_A9204
25881A66E1,,C,1,A9801,Foundations of Data Science,73.77,45,61,sem1_attendance,ATT_S1_25881A66E1_A9801,STU_25881A66E1,SUB_1_A9801
25881A66E1,,C,1,A9008,Engineering Physics Laboratory,48.15,13,27,sem1_attendance,ATT_S1_25881A66E1_A9008,STU_25881A66E1,SUB_1_A9008
25881A66E1,,C,1,A9502,Programming for Problem Solving Laboratory,80.0,36,45,sem1_attendance,ATT_S1_25881A66E1_A9502,STU_25881A66E1,SUB_1_A9502
25881A66E1,,C,1,A9205,Basic Electrical Engineering Laboratory,84.62,33,39,sem1_attendance,ATT_S1_25881A66E1_A9205,STU_25881A66E1,SUB_1_A9205
25881A66E1,,C,1,A9302,Engineering Workshop,92.86,39,42,sem1_attendance,ATT_S1_25881A66E1_A9302,STU_25881A66E1,SUB_1_A9302
25881A66E1,,C,1,A9021,Community Centered Design Thinking,84.62,33,39,sem1_attendance,ATT_S1_25881A66E1_A9021,STU_25881A66E1,SUB_1_A9021
25881A66E2,,C,1,A9001,Matrices and Calculus,88.0,66,75,sem1_attendance,ATT_S1_25881A66E2_A9001,STU_25881A66E2,SUB_1_A9001
25881A66E2,,C,1,A9007,Engineering Physics,67.35,33,49,sem1_attendance,ATT_S1_25881A66E2_A9007,STU_25881A66E2,SUB_1_A9007
25881A66E2,,C,1,A9501,Programming for Problem Solving,82.67,62,75,sem1_attendance,ATT_S1_25881A66E2_A9501,STU_25881A66E2,SUB_1_A9501
25881A66E2,,C,1,A9204,Basic Electrical Engineering,90.54,67,74,sem1_attendance,ATT_S1_25881A66E2_A9204,STU_25881A66E2,SUB_1_A9204
25881A66E2,,C,1,A9801,Foundations of Data Science,86.89,53,61,sem1_attendance,ATT_S1_25881A66E2_A9801,STU_25881A66E2,SUB_1_A9801
25881A66E2,,C,1,A9008,Engineering Physics Laboratory,88.89,24,27,sem1_attendance,ATT_S1_25881A66E2_A9008,STU_25881A66E2,SUB_1_A9008
25881A66E2,,C,1,A9502,Programming for Problem Solving Laboratory,93.33,42,45,sem1_attendance,ATT_S1_25881A66E2_A9502,STU_25881A66E2,SUB_1_A9502
25881A66E2,,C,1,A9205,Basic Electrical Engineering Laboratory,84.62,33,39,sem1_attendance,ATT_S1_25881A66E2_A9205,STU_25881A66E2,SUB_1_A9205
25881A66E2,,C,1,A9302,Engineering Workshop,92.86,39,42,sem1_attendance,ATT_S1_25881A66E2_A9302,STU_25881A66E2,SUB_1_A9302
25881A66E2,,C,1,A9021,Community Centered Design Thinking,69.23,27,39,sem1_attendance,ATT_S1_25881A66E2_A9021,STU_25881A66E2,SUB_1_A9021
25881A66E3,,C,1,A9001,Matrices and Calculus,93.33,70,75,sem1_attendance,ATT_S1_25881A66E3_A9001,STU_25881A66E3,SUB_1_A9001
25881A66E3,,C,1,A9007,Engineering Physics,75.51,37,49,sem1_attendance,ATT_S1_25881A66E3_A9007,STU_25881A66E3,SUB_1_A9007
25881A66E3,,C,1,A9501,Programming for Problem Solving,90.67,68,75,sem1_attendance,ATT_S1_25881A66E3_A9501,STU_25881A66E3,SUB_1_A9501
25881A66E3,,C,1,A9204,Basic Electrical Engineering,91.89,68,74,sem1_attendance,ATT_S1_25881A66E3_A9204,STU_25881A66E3,SUB_1_A9204
25881A66E3,,C,1,A9801,Foundations of Data Science,88.52,54,61,sem1_attendance,ATT_S1_25881A66E3_A9801,STU_25881A66E3,SUB_1_A9801
25881A66E3,,C,1,A9008,Engineering Physics Laboratory,88.89,24,27,sem1_attendance,ATT_S1_25881A66E3_A9008,STU_25881A66E3,SUB_1_A9008
25881A66E3,,C,1,A9502,Programming for Problem Solving Laboratory,100.0,45,45,sem1_attendance,ATT_S1_25881A66E3_A9502,STU_25881A66E3,SUB_1_A9502
25881A66E3,,C,1,A9205,Basic Electrical Engineering Laboratory,84.62,33,39,sem1_attendance,ATT_S1_25881A66E3_A9205,STU_25881A66E3,SUB_1_A9205
25881A66E3,,C,1,A9302,Engineering Workshop,100.0,42,42,sem1_attendance,ATT_S1_25881A66E3_A9302,STU_25881A66E3,SUB_1_A9302
25881A66E3,,C,1,A9021,Community Centered Design Thinking,92.31,36,39,sem1_attendance,ATT_S1_25881A66E3_A9021,STU_25881A66E3,SUB_1_A9021
25881A66E4,,C,1,A9001,Matrices and Calculus,96.0,72,75,sem1_attendance,ATT_S1_25881A66E4_A9001,STU_25881A66E4,SUB_1_A9001
25881A66E4,,C,1,A9007,Engineering Physics,89.8,44,49,sem1_attendance,ATT_S1_25881A66E4_A9007,STU_25881A66E4,SUB_1_A9007
25881A66E4,,C,1,A9501,Programming for Problem Solving,93.33,70,75,sem1_attendance,ATT_S1_25881A66E4_A9501,STU_25881A66E4,SUB_1_A9501
25881A66E4,,C,1,A9204,Basic Electrical Engineering,93.24,69,74,sem1_attendance,ATT_S1_25881A66E4_A9204,STU_25881A66E4,SUB_1_A9204
25881A66E4,,C,1,A9801,Foundations of Data Science,95.08,58,61,sem1_attendance,ATT_S1_25881A66E4_A9801,STU_25881A66E4,SUB_1_A9801
25881A66E4,,C,1,A9008,Engineering Physics Laboratory,100.0,27,27,sem1_attendance,ATT_S1_25881A66E4_A9008,STU_25881A66E4,SUB_1_A9008
25881A66E4,,C,1,A9502,Programming for Problem Solving Laboratory,88.89,40,45,sem1_attendance,ATT_S1_25881A66E4_A9502,STU_25881A66E4,SUB_1_A9502
25881A66E4,,C,1,A9205,Basic Electrical Engineering Laboratory,92.31,36,39,sem1_attendance,ATT_S1_25881A66E4_A9205,STU_25881A66E4,SUB_1_A9205
25881A66E4,,C,1,A9302,Engineering Workshop,100.0,42,42,sem1_attendance,ATT_S1_25881A66E4_A9302,STU_25881A66E4,SUB_1_A9302
25881A66E4,,C,1,A9021,Community Centered Design Thinking,92.31,36,39,sem1_attendance,ATT_S1_25881A66E4_A9021,STU_25881A66E4,SUB_1_A9021
25881A66E5,,C,1,A9001,Matrices and Calculus,86.67,65,75,sem1_attendance,ATT_S1_25881A66E5_A9001,STU_25881A66E5,SUB_1_A9001
25881A66E5,,C,1,A9007,Engineering Physics,77.55,38,49,sem1_attendance,ATT_S1_25881A66E5_A9007,STU_25881A66E5,SUB_1_A9007
25881A66E5,,C,1,A9501,Programming for Problem Solving,85.33,64,75,sem1_attendance,ATT_S1_25881A66E5_A9501,STU_25881A66E5,SUB_1_A9501
25881A66E5,,C,1,A9204,Basic Electrical Engineering,82.43,61,74,sem1_attendance,ATT_S1_25881A66E5_A9204,STU_25881A66E5,SUB_1_A9204
25881A66E5,,C,1,A9801,Foundations of Data Science,81.97,50,61,sem1_attendance,ATT_S1_25881A66E5_A9801,STU_25881A66E5,SUB_1_A9801
25881A66E5,,C,1,A9008,Engineering Physics Laboratory,77.78,21,27,sem1_attendance,ATT_S1_25881A66E5_A9008,STU_25881A66E5,SUB_1_A9008
25881A66E5,,C,1,A9502,Programming for Problem Solving Laboratory,80.0,36,45,sem1_attendance,ATT_S1_25881A66E5_A9502,STU_25881A66E5,SUB_1_A9502
25881A66E5,,C,1,A9205,Basic Electrical Engineering Laboratory,76.92,30,39,sem1_attendance,ATT_S1_25881A66E5_A9205,STU_25881A66E5,SUB_1_A9205
25881A66E5,,C,1,A9302,Engineering Workshop,100.0,42,42,sem1_attendance,ATT_S1_25881A66E5_A9302,STU_25881A66E5,SUB_1_A9302
25881A66E5,,C,1,A9021,Community Centered Design Thinking,92.31,36,39,sem1_attendance,ATT_S1_25881A66E5_A9021,STU_25881A66E5,SUB_1_A9021
25881A66E6,,C,1,A9001,Matrices and Calculus,92.0,69,75,sem1_attendance,ATT_S1_25881A66E6_A9001,STU_25881A66E6,SUB_1_A9001
25881A66E6,,C,1,A9007,Engineering Physics,87.76,43,49,sem1_attendance,ATT_S1_25881A66E6_A9007,STU_25881A66E6,SUB_1_A9007
25881A66E6,,C,1,A9501,Programming for Problem Solving,92.0,69,75,sem1_attendance,ATT_S1_25881A66E6_A9501,STU_25881A66E6,SUB_1_A9501
25881A66E6,,C,1,A9204,Basic Electrical Engineering,91.89,68,74,sem1_attendance,ATT_S1_25881A66E6_A9204,STU_25881A66E6,SUB_1_A9204
25881A66E6,,C,1,A9801,Foundations of Data Science,93.44,57,61,sem1_attendance,ATT_S1_25881A66E6_A9801,STU_25881A66E6,SUB_1_A9801
25881A66E6,,C,1,A9008,Engineering Physics Laboratory,88.89,24,27,sem1_attendance,ATT_S1_25881A66E6_A9008,STU_25881A66E6,SUB_1_A9008
25881A66E6,,C,1,A9502,Programming for Problem Solving Laboratory,93.33,42,45,sem1_attendance,ATT_S1_25881A66E6_A9502,STU_25881A66E6,SUB_1_A9502
25881A66E6,,C,1,A9205,Basic Electrical Engineering Laboratory,82.05,32,39,sem1_attendance,ATT_S1_25881A66E6_A9205,STU_25881A66E6,SUB_1_A9205
25881A66E6,,C,1,A9302,Engineering Workshop,85.71,36,42,sem1_attendance,ATT_S1_25881A66E6_A9302,STU_25881A66E6,SUB_1_A9302
25881A66E6,,C,1,A9021,Community Centered Design Thinking,84.62,33,39,sem1_attendance,ATT_S1_25881A66E6_A9021,STU_25881A66E6,SUB_1_A9021
25881A66E7,,C,1,A9001,Matrices and Calculus,72.0,54,75,sem1_attendance,ATT_S1_25881A66E7_A9001,STU_25881A66E7,SUB_1_A9001
25881A66E7,,C,1,A9007,Engineering Physics,73.47,36,49,sem1_attendance,ATT_S1_25881A66E7_A9007,STU_25881A66E7,SUB_1_A9007
25881A66E7,,C,1,A9501,Programming for Problem Solving,72.0,54,75,sem1_attendance,ATT_S1_25881A66E7_A9501,STU_25881A66E7,SUB_1_A9501
25881A66E7,,C,1,A9204,Basic Electrical Engineering,72.97,54,74,sem1_attendance,ATT_S1_25881A66E7_A9204,STU_25881A66E7,SUB_1_A9204
25881A66E7,,C,1,A9801,Foundations of Data Science,73.77,45,61,sem1_attendance,ATT_S1_25881A66E7_A9801,STU_25881A66E7,SUB_1_A9801
25881A66E7,,C,1,A9008,Engineering Physics Laboratory,66.67,18,27,sem1_attendance,ATT_S1_25881A66E7_A9008,STU_25881A66E7,SUB_1_A9008
25881A66E7,,C,1,A9502,Programming for Problem Solving Laboratory,80.0,36,45,sem1_attendance,ATT_S1_25881A66E7_A9502,STU_25881A66E7,SUB_1_A9502
25881A66E7,,C,1,A9205,Basic Electrical Engineering Laboratory,69.23,27,39,sem1_attendance,ATT_S1_25881A66E7_A9205,STU_25881A66E7,SUB_1_A9205
25881A66E7,,C,1,A9302,Engineering Workshop,85.71,36,42,sem1_attendance,ATT_S1_25881A66E7_A9302,STU_25881A66E7,SUB_1_A9302
25881A66E7,,C,1,A9021,Community Centered Design Thinking,92.31,36,39,sem1_attendance,ATT_S1_25881A66E7_A9021,STU_25881A66E7,SUB_1_A9021
25881A66E8,,C,1,A9001,Matrices and Calculus,92.0,69,75,sem1_attendance,ATT_S1_25881A66E8_A9001,STU_25881A66E8,SUB_1_A9001
25881A66E8,,C,1,A9007,Engineering Physics,91.84,45,49,sem1_attendance,ATT_S1_25881A66E8_A9007,STU_25881A66E8,SUB_1_A9007
25881A66E8,,C,1,A9501,Programming for Problem Solving,90.67,68,75,sem1_attendance,ATT_S1_25881A66E8_A9501,STU_25881A66E8,SUB_1_A9501
25881A66E8,,C,1,A9204,Basic Electrical Engineering,91.89,68,74,sem1_attendance,ATT_S1_25881A66E8_A9204,STU_25881A66E8,SUB_1_A9204
25881A66E8,,C,1,A9801,Foundations of Data Science,93.44,57,61,sem1_attendance,ATT_S1_25881A66E8_A9801,STU_25881A66E8,SUB_1_A9801
25881A66E8,,C,1,A9008,Engineering Physics Laboratory,92.59,25,27,sem1_attendance,ATT_S1_25881A66E8_A9008,STU_25881A66E8,SUB_1_A9008
25881A66E8,,C,1,A9502,Programming for Problem Solving Laboratory,73.33,33,45,sem1_attendance,ATT_S1_25881A66E8_A9502,STU_25881A66E8,SUB_1_A9502
25881A66E8,,C,1,A9205,Basic Electrical Engineering Laboratory,100.0,39,39,sem1_attendance,ATT_S1_25881A66E8_A9205,STU_25881A66E8,SUB_1_A9205
25881A66E8,,C,1,A9302,Engineering Workshop,100.0,42,42,sem1_attendance,ATT_S1_25881A66E8_A9302,STU_25881A66E8,SUB_1_A9302
25881A66E8,,C,1,A9021,Community Centered Design Thinking,92.31,36,39,sem1_attendance,ATT_S1_25881A66E8_A9021,STU_25881A66E8,SUB_1_A9021
25881A66E9,,C,1,A9001,Matrices and Calculus,93.33,70,75,sem1_attendance,ATT_S1_25881A66E9_A9001,STU_25881A66E9,SUB_1_A9001
25881A66E9,,C,1,A9007,Engineering Physics,87.76,43,49,sem1_attendance,ATT_S1_25881A66E9_A9007,STU_25881A66E9,SUB_1_A9007
25881A66E9,,C,1,A9501,Programming for Problem Solving,90.67,68,75,sem1_attendance,ATT_S1_25881A66E9_A9501,STU_25881A66E9,SUB_1_A9501
25881A66E9,,C,1,A9204,Basic Electrical Engineering,91.89,68,74,sem1_attendance,ATT_S1_25881A66E9_A9204,STU_25881A66E9,SUB_1_A9204
25881A66E9,,C,1,A9801,Foundations of Data Science,91.8,56,61,sem1_attendance,ATT_S1_25881A66E9_A9801,STU_25881A66E9,SUB_1_A9801
25881A66E9,,C,1,A9008,Engineering Physics Laboratory,88.89,24,27,sem1_attendance,ATT_S1_25881A66E9_A9008,STU_25881A66E9,SUB_1_A9008
25881A66E9,,C,1,A9502,Programming for Problem Solving Laboratory,86.67,39,45,sem1_attendance,ATT_S1_25881A66E9_A9502,STU_25881A66E9,SUB_1_A9502
25881A66E9,,C,1,A9205,Basic Electrical Engineering Laboratory,92.31,36,39,sem1_attendance,ATT_S1_25881A66E9_A9205,STU_25881A66E9,SUB_1_A9205
25881A66E9,,C,1,A9302,Engineering Workshop,100.0,42,42,sem1_attendance,ATT_S1_25881A66E9_A9302,STU_25881A66E9,SUB_1_A9302
25881A66E9,,C,1,A9021,Community Centered Design Thinking,92.31,36,39,sem1_attendance,ATT_S1_25881A66E9_A9021,STU_25881A66E9,SUB_1_A9021
25881A66F0,,C,1,A9001,Matrices and Calculus,90.67,68,75,sem1_attendance,ATT_S1_25881A66F0_A9001,STU_25881A66F0,SUB_1_A9001
25881A66F0,,C,1,A9007,Engineering Physics,85.71,42,49,sem1_attendance,ATT_S1_25881A66F0_A9007,STU_25881A66F0,SUB_1_A9007
25881A66F0,,C,1,A9501,Programming for Problem Solving,89.33,67,75,sem1_attendance,ATT_S1_25881A66F0_A9501,STU_25881A66F0,SUB_1_A9501
25881A66F0,,C,1,A9204,Basic Electrical Engineering,91.89,68,74,sem1_attendance,ATT_S1_25881A66F0_A9204,STU_25881A66F0,SUB_1_A9204
25881A66F0,,C,1,A9801,Foundations of Data Science,96.72,59,61,sem1_attendance,ATT_S1_25881A66F0_A9801,STU_25881A66F0,SUB_1_A9801
25881A66F0,,C,1,A9008,Engineering Physics Laboratory,77.78,21,27,sem1_attendance,ATT_S1_25881A66F0_A9008,STU_25881A66F0,SUB_1_A9008
25881A66F0,,C,1,A9502,Programming for Problem Solving Laboratory,93.33,42,45,sem1_attendance,ATT_S1_25881A66F0_A9502,STU_25881A66F0,SUB_1_A9502
25881A66F0,,C,1,A9205,Basic Electrical Engineering Laboratory,92.31,36,39,sem1_attendance,ATT_S1_25881A66F0_A9205,STU_25881A66F0,SUB_1_A9205
25881A66F0,,C,1,A9302,Engineering Workshop,85.71,36,42,sem1_attendance,ATT_S1_25881A66F0_A9302,STU_25881A66F0,SUB_1_A9302
25881A66F0,,C,1,A9021,Community Centered Design Thinking,84.62,33,39,sem1_attendance,ATT_S1_25881A66F0_A9021,STU_25881A66F0,SUB_1_A9021
25881A66F1,,C,1,A9001,Matrices and Calculus,86.67,65,75,sem1_attendance,ATT_S1_25881A66F1_A9001,STU_25881A66F1,SUB_1_A9001
25881A66F1,,C,1,A9007,Engineering Physics,73.47,36,49,sem1_attendance,ATT_S1_25881A66F1_A9007,STU_25881A66F1,SUB_1_A9007
25881A66F1,,C,1,A9501,Programming for Problem Solving,85.33,64,75,sem1_attendance,ATT_S1_25881A66F1_A9501,STU_25881A66F1,SUB_1_A9501
25881A66F1,,C,1,A9204,Basic Electrical Engineering,87.84,65,74,sem1_attendance,ATT_S1_25881A66F1_A9204,STU_25881A66F1,SUB_1_A9204
25881A66F1,,C,1,A9801,Foundations of Data Science,86.89,53,61,sem1_attendance,ATT_S1_25881A66F1_A9801,STU_25881A66F1,SUB_1_A9801
25881A66F1,,C,1,A9008,Engineering Physics Laboratory,88.89,24,27,sem1_attendance,ATT_S1_25881A66F1_A9008,STU_25881A66F1,SUB_1_A9008
25881A66F1,,C,1,A9502,Programming for Problem Solving Laboratory,93.33,42,45,sem1_attendance,ATT_S1_25881A66F1_A9502,STU_25881A66F1,SUB_1_A9502
25881A66F1,,C,1,A9205,Basic Electrical Engineering Laboratory,84.62,33,39,sem1_attendance,ATT_S1_25881A66F1_A9205,STU_25881A66F1,SUB_1_A9205
25881A66F1,,C,1,A9302,Engineering Workshop,100.0,42,42,sem1_attendance,ATT_S1_25881A66F1_A9302,STU_25881A66F1,SUB_1_A9302
25881A66F1,,C,1,A9021,Community Centered Design Thinking,76.92,30,39,sem1_attendance,ATT_S1_25881A66F1_A9021,STU_25881A66F1,SUB_1_A9021
25881A66F2,,C,1,A9001,Matrices and Calculus,85.33,64,75,sem1_attendance,ATT_S1_25881A66F2_A9001,STU_25881A66F2,SUB_1_A9001
25881A66F2,,C,1,A9007,Engineering Physics,81.63,40,49,sem1_attendance,ATT_S1_25881A66F2_A9007,STU_25881A66F2,SUB_1_A9007
25881A66F2,,C,1,A9501,Programming for Problem Solving,84.0,63,75,sem1_attendance,ATT_S1_25881A66F2_A9501,STU_25881A66F2,SUB_1_A9501
25881A66F2,,C,1,A9204,Basic Electrical Engineering,86.49,64,74,sem1_attendance,ATT_S1_25881A66F2_A9204,STU_25881A66F2,SUB_1_A9204
25881A66F2,,C,1,A9801,Foundations of Data Science,83.61,51,61,sem1_attendance,ATT_S1_25881A66F2_A9801,STU_25881A66F2,SUB_1_A9801
25881A66F2,,C,1,A9008,Engineering Physics Laboratory,66.67,18,27,sem1_attendance,ATT_S1_25881A66F2_A9008,STU_25881A66F2,SUB_1_A9008
25881A66F2,,C,1,A9502,Programming for Problem Solving Laboratory,80.0,36,45,sem1_attendance,ATT_S1_25881A66F2_A9502,STU_25881A66F2,SUB_1_A9502
25881A66F2,,C,1,A9205,Basic Electrical Engineering Laboratory,84.62,33,39,sem1_attendance,ATT_S1_25881A66F2_A9205,STU_25881A66F2,SUB_1_A9205
25881A66F2,,C,1,A9302,Engineering Workshop,100.0,42,42,sem1_attendance,ATT_S1_25881A66F2_A9302,STU_25881A66F2,SUB_1_A9302
25881A66F2,,C,1,A9021,Community Centered Design Thinking,84.62,33,39,sem1_attendance,ATT_S1_25881A66F2_A9021,STU_25881A66F2,SUB_1_A9021
25881A66F3,,C,1,A9001,Matrices and Calculus,97.33,73,75,sem1_attendance,ATT_S1_25881A66F3_A9001,STU_25881A66F3,SUB_1_A9001
25881A66F3,,C,1,A9007,Engineering Physics,91.84,45,49,sem1_attendance,ATT_S1_25881A66F3_A9007,STU_25881A66F3,SUB_1_A9007
25881A66F3,,C,1,A9501,Programming for Problem Solving,89.33,67,75,sem1_attendance,ATT_S1_25881A66F3_A9501,STU_25881A66F3,SUB_1_A9501
25881A66F3,,C,1,A9204,Basic Electrical Engineering,95.95,71,74,sem1_attendance,ATT_S1_25881A66F3_A9204,STU_25881A66F3,SUB_1_A9204
25881A66F3,,C,1,A9801,Foundations of Data Science,95.08,58,61,sem1_attendance,ATT_S1_25881A66F3_A9801,STU_25881A66F3,SUB_1_A9801
25881A66F3,,C,1,A9008,Engineering Physics Laboratory,88.89,24,27,sem1_attendance,ATT_S1_25881A66F3_A9008,STU_25881A66F3,SUB_1_A9008
25881A66F3,,C,1,A9502,Programming for Problem Solving Laboratory,86.67,39,45,sem1_attendance,ATT_S1_25881A66F3_A9502,STU_25881A66F3,SUB_1_A9502
25881A66F3,,C,1,A9205,Basic Electrical Engineering Laboratory,100.0,39,39,sem1_attendance,ATT_S1_25881A66F3_A9205,STU_25881A66F3,SUB_1_A9205
25881A66F3,,C,1,A9302,Engineering Workshop,100.0,42,42,sem1_attendance,ATT_S1_25881A66F3_A9302,STU_25881A66F3,SUB_1_A9302
25881A66F3,,C,1,A9021,Community Centered Design Thinking,92.31,36,39,sem1_attendance,ATT_S1_25881A66F3_A9021,STU_25881A66F3,SUB_1_A9021
25881A66F4,,C,1,A9001,Matrices and Calculus,72.0,54,75,sem1_attendance,ATT_S1_25881A66F4_A9001,STU_25881A66F4,SUB_1_A9001
25881A66F4,,C,1,A9007,Engineering Physics,61.22,30,49,sem1_attendance,ATT_S1_25881A66F4_A9007,STU_25881A66F4,SUB_1_A9007
25881A66F4,,C,1,A9501,Programming for Problem Solving,62.67,47,75,sem1_attendance,ATT_S1_25881A66F4_A9501,STU_25881A66F4,SUB_1_A9501
25881A66F4,,C,1,A9204,Basic Electrical Engineering,68.92,51,74,sem1_attendance,ATT_S1_25881A66F4_A9204,STU_25881A66F4,SUB_1_A9204
25881A66F4,,C,1,A9801,Foundations of Data Science,67.21,41,61,sem1_attendance,ATT_S1_25881A66F4_A9801,STU_25881A66F4,SUB_1_A9801
25881A66F4,,C,1,A9008,Engineering Physics Laboratory,66.67,18,27,sem1_attendance,ATT_S1_25881A66F4_A9008,STU_25881A66F4,SUB_1_A9008
25881A66F4,,C,1,A9502,Programming for Problem Solving Laboratory,64.44,29,45,sem1_attendance,ATT_S1_25881A66F4_A9502,STU_25881A66F4,SUB_1_A9502
25881A66F4,,C,1,A9205,Basic Electrical Engineering Laboratory,53.85,21,39,sem1_attendance,ATT_S1_25881A66F4_A9205,STU_25881A66F4,SUB_1_A9205
25881A66F4,,C,1,A9302,Engineering Workshop,64.29,27,42,sem1_attendance,ATT_S1_25881A66F4_A9302,STU_25881A66F4,SUB_1_A9302
25881A66F4,,C,1,A9021,Community Centered Design Thinking,61.54,24,39,sem1_attendance,ATT_S1_25881A66F4_A9021,STU_25881A66F4,SUB_1_A9021
25881A66F5,,C,1,A9001,Matrices and Calculus,80.0,60,75,sem1_attendance,ATT_S1_25881A66F5_A9001,STU_25881A66F5,SUB_1_A9001
25881A66F5,,C,1,A9007,Engineering Physics,67.35,33,49,sem1_attendance,ATT_S1_25881A66F5_A9007,STU_25881A66F5,SUB_1_A9007
25881A66F5,,C,1,A9501,Programming for Problem Solving,72.0,54,75,sem1_attendance,ATT_S1_25881A66F5_A9501,STU_25881A66F5,SUB_1_A9501
25881A66F5,,C,1,A9204,Basic Electrical Engineering,81.08,60,74,sem1_attendance,ATT_S1_25881A66F5_A9204,STU_25881A66F5,SUB_1_A9204
25881A66F5,,C,1,A9801,Foundations of Data Science,73.77,45,61,sem1_attendance,ATT_S1_25881A66F5_A9801,STU_25881A66F5,SUB_1_A9801
25881A66F5,,C,1,A9008,Engineering Physics Laboratory,66.67,18,27,sem1_attendance,ATT_S1_25881A66F5_A9008,STU_25881A66F5,SUB_1_A9008
25881A66F5,,C,1,A9502,Programming for Problem Solving Laboratory,80.0,36,45,sem1_attendance,ATT_S1_25881A66F5_A9502,STU_25881A66F5,SUB_1_A9502
25881A66F5,,C,1,A9205,Basic Electrical Engineering Laboratory,61.54,24,39,sem1_attendance,ATT_S1_25881A66F5_A9205,STU_25881A66F5,SUB_1_A9205
25881A66F5,,C,1,A9302,Engineering Workshop,85.71,36,42,sem1_attendance,ATT_S1_25881A66F5_A9302,STU_25881A66F5,SUB_1_A9302
25881A66F5,,C,1,A9021,Community Centered Design Thinking,84.62,33,39,sem1_attendance,ATT_S1_25881A66F5_A9021,STU_25881A66F5,SUB_1_A9021
25881A66F6,,C,1,A9001,Matrices and Calculus,94.67,71,75,sem1_attendance,ATT_S1_25881A66F6_A9001,STU_25881A66F6,SUB_1_A9001
25881A66F6,,C,1,A9007,Engineering Physics,89.8,44,49,sem1_attendance,ATT_S1_25881A66F6_A9007,STU_25881A66F6,SUB_1_A9007
25881A66F6,,C,1,A9501,Programming for Problem Solving,96.0,72,75,sem1_attendance,ATT_S1_25881A66F6_A9501,STU_25881A66F6,SUB_1_A9501
25881A66F6,,C,1,A9204,Basic Electrical Engineering,95.95,71,74,sem1_attendance,ATT_S1_25881A66F6_A9204,STU_25881A66F6,SUB_1_A9204
25881A66F6,,C,1,A9801,Foundations of Data Science,93.44,57,61,sem1_attendance,ATT_S1_25881A66F6_A9801,STU_25881A66F6,SUB_1_A9801
25881A66F6,,C,1,A9008,Engineering Physics Laboratory,88.89,24,27,sem1_attendance,ATT_S1_25881A66F6_A9008,STU_25881A66F6,SUB_1_A9008
25881A66F6,,C,1,A9502,Programming for Problem Solving Laboratory,100.0,45,45,sem1_attendance,ATT_S1_25881A66F6_A9502,STU_25881A66F6,SUB_1_A9502
25881A66F6,,C,1,A9205,Basic Electrical Engineering Laboratory,92.31,36,39,sem1_attendance,ATT_S1_25881A66F6_A9205,STU_25881A66F6,SUB_1_A9205
25881A66F6,,C,1,A9302,Engineering Workshop,100.0,42,42,sem1_attendance,ATT_S1_25881A66F6_A9302,STU_25881A66F6,SUB_1_A9302
25881A66F6,,C,1,A9021,Community Centered Design Thinking,76.92,30,39,sem1_attendance,ATT_S1_25881A66F6_A9021,STU_25881A66F6,SUB_1_A9021
25881A66F7,,C,1,A9001,Matrices and Calculus,78.67,59,75,sem1_attendance,ATT_S1_25881A66F7_A9001,STU_25881A66F7,SUB_1_A9001
25881A66F7,,C,1,A9007,Engineering Physics,69.39,34,49,sem1_attendance,ATT_S1_25881A66F7_A9007,STU_25881A66F7,SUB_1_A9007
25881A66F7,,C,1,A9501,Programming for Problem Solving,77.33,58,75,sem1_attendance,ATT_S1_25881A66F7_A9501,STU_25881A66F7,SUB_1_A9501
25881A66F7,,C,1,A9204,Basic Electrical Engineering,82.43,61,74,sem1_attendance,ATT_S1_25881A66F7_A9204,STU_25881A66F7,SUB_1_A9204
25881A66F7,,C,1,A9801,Foundations of Data Science,78.69,48,61,sem1_attendance,ATT_S1_25881A66F7_A9801,STU_25881A66F7,SUB_1_A9801
25881A66F7,,C,1,A9008,Engineering Physics Laboratory,44.44,12,27,sem1_attendance,ATT_S1_25881A66F7_A9008,STU_25881A66F7,SUB_1_A9008
25881A66F7,,C,1,A9502,Programming for Problem Solving Laboratory,82.22,37,45,sem1_attendance,ATT_S1_25881A66F7_A9502,STU_25881A66F7,SUB_1_A9502
25881A66F7,,C,1,A9205,Basic Electrical Engineering Laboratory,74.36,29,39,sem1_attendance,ATT_S1_25881A66F7_A9205,STU_25881A66F7,SUB_1_A9205
25881A66F7,,C,1,A9302,Engineering Workshop,100.0,42,42,sem1_attendance,ATT_S1_25881A66F7_A9302,STU_25881A66F7,SUB_1_A9302
25881A66F7,,C,1,A9021,Community Centered Design Thinking,84.62,33,39,sem1_attendance,ATT_S1_25881A66F7_A9021,STU_25881A66F7,SUB_1_A9021
25881A66F8,,C,1,A9001,Matrices and Calculus,92.0,69,75,sem1_attendance,ATT_S1_25881A66F8_A9001,STU_25881A66F8,SUB_1_A9001
25881A66F8,,C,1,A9007,Engineering Physics,91.84,45,49,sem1_attendance,ATT_S1_25881A66F8_A9007,STU_25881A66F8,SUB_1_A9007
25881A66F8,,C,1,A9501,Programming for Problem Solving,89.33,67,75,sem1_attendance,ATT_S1_25881A66F8_A9501,STU_25881A66F8,SUB_1_A9501
25881A66F8,,C,1,A9204,Basic Electrical Engineering,90.54,67,74,sem1_attendance,ATT_S1_25881A66F8_A9204,STU_25881A66F8,SUB_1_A9204
25881A66F8,,C,1,A9801,Foundations of Data Science,95.08,58,61,sem1_attendance,ATT_S1_25881A66F8_A9801,STU_25881A66F8,SUB_1_A9801
25881A66F8,,C,1,A9008,Engineering Physics Laboratory,81.48,22,27,sem1_attendance,ATT_S1_25881A66F8_A9008,STU_25881A66F8,SUB_1_A9008
25881A66F8,,C,1,A9502,Programming for Problem Solving Laboratory,100.0,45,45,sem1_attendance,ATT_S1_25881A66F8_A9502,STU_25881A66F8,SUB_1_A9502
25881A66F8,,C,1,A9205,Basic Electrical Engineering Laboratory,92.31,36,39,sem1_attendance,ATT_S1_25881A66F8_A9205,STU_25881A66F8,SUB_1_A9205
25881A66F8,,C,1,A9302,Engineering Workshop,92.86,39,42,sem1_attendance,ATT_S1_25881A66F8_A9302,STU_25881A66F8,SUB_1_A9302
25881A66F8,,C,1,A9021,Community Centered Design Thinking,92.31,36,39,sem1_attendance,ATT_S1_25881A66F8_A9021,STU_25881A66F8,SUB_1_A9021
25881A66F9,,C,1,A9001,Matrices and Calculus,81.33,61,75,sem1_attendance,ATT_S1_25881A66F9_A9001,STU_25881A66F9,SUB_1_A9001
25881A66F9,,C,1,A9007,Engineering Physics,71.43,35,49,sem1_attendance,ATT_S1_25881A66F9_A9007,STU_25881A66F9,SUB_1_A9007
25881A66F9,,C,1,A9501,Programming for Problem Solving,78.67,59,75,sem1_attendance,ATT_S1_25881A66F9_A9501,STU_25881A66F9,SUB_1_A9501
25881A66F9,,C,1,A9204,Basic Electrical Engineering,75.68,56,74,sem1_attendance,ATT_S1_25881A66F9_A9204,STU_25881A66F9,SUB_1_A9204
25881A66F9,,C,1,A9801,Foundations of Data Science,78.69,48,61,sem1_attendance,ATT_S1_25881A66F9_A9801,STU_25881A66F9,SUB_1_A9801
25881A66F9,,C,1,A9008,Engineering Physics Laboratory,77.78,21,27,sem1_attendance,ATT_S1_25881A66F9_A9008,STU_25881A66F9,SUB_1_A9008
25881A66F9,,C,1,A9502,Programming for Problem Solving Laboratory,73.33,33,45,sem1_attendance,ATT_S1_25881A66F9_A9502,STU_25881A66F9,SUB_1_A9502
25881A66F9,,C,1,A9205,Basic Electrical Engineering Laboratory,71.79,28,39,sem1_attendance,ATT_S1_25881A66F9_A9205,STU_25881A66F9,SUB_1_A9205
25881A66F9,,C,1,A9302,Engineering Workshop,100.0,42,42,sem1_attendance,ATT_S1_25881A66F9_A9302,STU_25881A66F9,SUB_1_A9302
25881A66F9,,C,1,A9021,Community Centered Design Thinking,69.23,27,39,sem1_attendance,ATT_S1_25881A66F9_A9021,STU_25881A66F9,SUB_1_A9021
25881A66G0,,C,1,A9001,Matrices and Calculus,92.0,69,75,sem1_attendance,ATT_S1_25881A66G0_A9001,STU_25881A66G0,SUB_1_A9001
25881A66G0,,C,1,A9007,Engineering Physics,91.84,45,49,sem1_attendance,ATT_S1_25881A66G0_A9007,STU_25881A66G0,SUB_1_A9007
25881A66G0,,C,1,A9501,Programming for Problem Solving,89.33,67,75,sem1_attendance,ATT_S1_25881A66G0_A9501,STU_25881A66G0,SUB_1_A9501
25881A66G0,,C,1,A9204,Basic Electrical Engineering,89.19,66,74,sem1_attendance,ATT_S1_25881A66G0_A9204,STU_25881A66G0,SUB_1_A9204
25881A66G0,,C,1,A9801,Foundations of Data Science,90.16,55,61,sem1_attendance,ATT_S1_25881A66G0_A9801,STU_25881A66G0,SUB_1_A9801
25881A66G0,,C,1,A9008,Engineering Physics Laboratory,88.89,24,27,sem1_attendance,ATT_S1_25881A66G0_A9008,STU_25881A66G0,SUB_1_A9008
25881A66G0,,C,1,A9502,Programming for Problem Solving Laboratory,86.67,39,45,sem1_attendance,ATT_S1_25881A66G0_A9502,STU_25881A66G0,SUB_1_A9502
25881A66G0,,C,1,A9205,Basic Electrical Engineering Laboratory,76.92,30,39,sem1_attendance,ATT_S1_25881A66G0_A9205,STU_25881A66G0,SUB_1_A9205
25881A66G0,,C,1,A9302,Engineering Workshop,100.0,42,42,sem1_attendance,ATT_S1_25881A66G0_A9302,STU_25881A66G0,SUB_1_A9302
25881A66G0,,C,1,A9021,Community Centered Design Thinking,92.31,36,39,sem1_attendance,ATT_S1_25881A66G0_A9021,STU_25881A66G0,SUB_1_A9021
25881A66G1,,C,1,A9001,Matrices and Calculus,97.33,73,75,sem1_attendance,ATT_S1_25881A66G1_A9001,STU_25881A66G1,SUB_1_A9001
25881A66G1,,C,1,A9007,Engineering Physics,89.8,44,49,sem1_attendance,ATT_S1_25881A66G1_A9007,STU_25881A66G1,SUB_1_A9007
25881A66G1,,C,1,A9501,Programming for Problem Solving,96.0,72,75,sem1_attendance,ATT_S1_25881A66G1_A9501,STU_25881A66G1,SUB_1_A9501
25881A66G1,,C,1,A9204,Basic Electrical Engineering,95.95,71,74,sem1_attendance,ATT_S1_25881A66G1_A9204,STU_25881A66G1,SUB_1_A9204
25881A66G1,,C,1,A9801,Foundations of Data Science,93.44,57,61,sem1_attendance,ATT_S1_25881A66G1_A9801,STU_25881A66G1,SUB_1_A9801
25881A66G1,,C,1,A9008,Engineering Physics Laboratory,88.89,24,27,sem1_attendance,ATT_S1_25881A66G1_A9008,STU_25881A66G1,SUB_1_A9008
25881A66G1,,C,1,A9502,Programming for Problem Solving Laboratory,100.0,45,45,sem1_attendance,ATT_S1_25881A66G1_A9502,STU_25881A66G1,SUB_1_A9502
25881A66G1,,C,1,A9205,Basic Electrical Engineering Laboratory,92.31,36,39,sem1_attendance,ATT_S1_25881A66G1_A9205,STU_25881A66G1,SUB_1_A9205
25881A66G1,,C,1,A9302,Engineering Workshop,100.0,42,42,sem1_attendance,ATT_S1_25881A66G1_A9302,STU_25881A66G1,SUB_1_A9302
25881A66G1,,C,1,A9021,Community Centered Design Thinking,92.31,36,39,sem1_attendance,ATT_S1_25881A66G1_A9021,STU_25881A66G1,SUB_1_A9021
25881A66G2,,C,1,A9001,Matrices and Calculus,96.0,72,75,sem1_attendance,ATT_S1_25881A66G2_A9001,STU_25881A66G2,SUB_1_A9001
25881A66G2,,C,1,A9007,Engineering Physics,93.88,46,49,sem1_attendance,ATT_S1_25881A66G2_A9007,STU_25881A66G2,SUB_1_A9007
25881A66G2,,C,1,A9501,Programming for Problem Solving,92.0,69,75,sem1_attendance,ATT_S1_25881A66G2_A9501,STU_25881A66G2,SUB_1_A9501
25881A66G2,,C,1,A9204,Basic Electrical Engineering,94.59,70,74,sem1_attendance,ATT_S1_25881A66G2_A9204,STU_25881A66G2,SUB_1_A9204
25881A66G2,,C,1,A9801,Foundations of Data Science,96.72,59,61,sem1_attendance,ATT_S1_25881A66G2_A9801,STU_25881A66G2,SUB_1_A9801
25881A66G2,,C,1,A9008,Engineering Physics Laboratory,100.0,27,27,sem1_attendance,ATT_S1_25881A66G2_A9008,STU_25881A66G2,SUB_1_A9008
25881A66G2,,C,1,A9502,Programming for Problem Solving Laboratory,80.0,36,45,sem1_attendance,ATT_S1_25881A66G2_A9502,STU_25881A66G2,SUB_1_A9502
25881A66G2,,C,1,A9205,Basic Electrical Engineering Laboratory,85.71,36,42,sem1_attendance,ATT_S1_25881A66G2_A9205,STU_25881A66G2,SUB_1_A9205
25881A66G2,,C,1,A9302,Engineering Workshop,100.0,42,42,sem1_attendance,ATT_S1_25881A66G2_A9302,STU_25881A66G2,SUB_1_A9302
25881A66G2,,C,1,A9021,Community Centered Design Thinking,100.0,42,42,sem1_attendance,ATT_S1_25881A66G2_A9021,STU_25881A66G2,SUB_1_A9021
25881A66G3,,C,1,A9001,Matrices and Calculus,90.67,68,75,sem1_attendance,ATT_S1_25881A66G3_A9001,STU_25881A66G3,SUB_1_A9001
25881A66G3,,C,1,A9007,Engineering Physics,81.63,40,49,sem1_attendance,ATT_S1_25881A66G3_A9007,STU_25881A66G3,SUB_1_A9007
25881A66G3,,C,1,A9501,Programming for Problem Solving,89.33,67,75,sem1_attendance,ATT_S1_25881A66G3_A9501,STU_25881A66G3,SUB_1_A9501
25881A66G3,,C,1,A9204,Basic Electrical Engineering,90.54,67,74,sem1_attendance,ATT_S1_25881A66G3_A9204,STU_25881A66G3,SUB_1_A9204
25881A66G3,,C,1,A9801,Foundations of Data Science,88.52,54,61,sem1_attendance,ATT_S1_25881A66G3_A9801,STU_25881A66G3,SUB_1_A9801
25881A66G3,,C,1,A9008,Engineering Physics Laboratory,77.78,21,27,sem1_attendance,ATT_S1_25881A66G3_A9008,STU_25881A66G3,SUB_1_A9008
25881A66G3,,C,1,A9502,Programming for Problem Solving Laboratory,86.67,39,45,sem1_attendance,ATT_S1_25881A66G3_A9502,STU_25881A66G3,SUB_1_A9502
25881A66G3,,C,1,A9205,Basic Electrical Engineering Laboratory,90.48,38,42,sem1_attendance,ATT_S1_25881A66G3_A9205,STU_25881A66G3,SUB_1_A9205
25881A66G3,,C,1,A9302,Engineering Workshop,92.86,39,42,sem1_attendance,ATT_S1_25881A66G3_A9302,STU_25881A66G3,SUB_1_A9302
25881A66G3,,C,1,A9021,Community Centered Design Thinking,92.86,39,42,sem1_attendance,ATT_S1_25881A66G3_A9021,STU_25881A66G3,SUB_1_A9021
25881A66G4,,C,1,A9001,Matrices and Calculus,90.67,68,75,sem1_attendance,ATT_S1_25881A66G4_A9001,STU_25881A66G4,SUB_1_A9001
25881A66G4,,C,1,A9007,Engineering Physics,79.59,39,49,sem1_attendance,ATT_S1_25881A66G4_A9007,STU_25881A66G4,SUB_1_A9007
25881A66G4,,C,1,A9501,Programming for Problem Solving,92.0,69,75,sem1_attendance,ATT_S1_25881A66G4_A9501,STU_25881A66G4,SUB_1_A9501
25881A66G4,,C,1,A9204,Basic Electrical Engineering,91.89,68,74,sem1_attendance,ATT_S1_25881A66G4_A9204,STU_25881A66G4,SUB_1_A9204
25881A66G4,,C,1,A9801,Foundations of Data Science,86.89,53,61,sem1_attendance,ATT_S1_25881A66G4_A9801,STU_25881A66G4,SUB_1_A9801
25881A66G4,,C,1,A9008,Engineering Physics Laboratory,55.56,15,27,sem1_attendance,ATT_S1_25881A66G4_A9008,STU_25881A66G4,SUB_1_A9008
25881A66G4,,C,1,A9502,Programming for Problem Solving Laboratory,100.0,45,45,sem1_attendance,ATT_S1_25881A66G4_A9502,STU_25881A66G4,SUB_1_A9502
25881A66G4,,C,1,A9205,Basic Electrical Engineering Laboratory,92.86,39,42,sem1_attendance,ATT_S1_25881A66G4_A9205,STU_25881A66G4,SUB_1_A9205
25881A66G4,,C,1,A9302,Engineering Workshop,100.0,42,42,sem1_attendance,ATT_S1_25881A66G4_A9302,STU_25881A66G4,SUB_1_A9302
25881A66G4,,C,1,A9021,Community Centered Design Thinking,85.71,36,42,sem1_attendance,ATT_S1_25881A66G4_A9021,STU_25881A66G4,SUB_1_A9021
25881A66G5,,C,1,A9001,Matrices and Calculus,88.0,66,75,sem1_attendance,ATT_S1_25881A66G5_A9001,STU_25881A66G5,SUB_1_A9001
25881A66G5,,C,1,A9007,Engineering Physics,77.55,38,49,sem1_attendance,ATT_S1_25881A66G5_A9007,STU_25881A66G5,SUB_1_A9007
25881A66G5,,C,1,A9501,Programming for Problem Solving,81.33,61,75,sem1_attendance,ATT_S1_25881A66G5_A9501,STU_25881A66G5,SUB_1_A9501
25881A66G5,,C,1,A9204,Basic Electrical Engineering,89.19,66,74,sem1_attendance,ATT_S1_25881A66G5_A9204,STU_25881A66G5,SUB_1_A9204
25881A66G5,,C,1,A9801,Foundations of Data Science,85.25,52,61,sem1_attendance,ATT_S1_25881A66G5_A9801,STU_25881A66G5,SUB_1_A9801
25881A66G5,,C,1,A9008,Engineering Physics Laboratory,88.89,24,27,sem1_attendance,ATT_S1_25881A66G5_A9008,STU_25881A66G5,SUB_1_A9008
25881A66G5,,C,1,A9502,Programming for Problem Solving Laboratory,86.67,39,45,sem1_attendance,ATT_S1_25881A66G5_A9502,STU_25881A66G5,SUB_1_A9502
25881A66G5,,C,1,A9205,Basic Electrical Engineering Laboratory,83.33,35,42,sem1_attendance,ATT_S1_25881A66G5_A9205,STU_25881A66G5,SUB_1_A9205
25881A66G5,,C,1,A9302,Engineering Workshop,92.86,39,42,sem1_attendance,ATT_S1_25881A66G5_A9302,STU_25881A66G5,SUB_1_A9302
25881A66G5,,C,1,A9021,Community Centered Design Thinking,92.86,39,42,sem1_attendance,ATT_S1_25881A66G5_A9021,STU_25881A66G5,SUB_1_A9021
25881A66G6,,C,1,A9001,Matrices and Calculus,84.0,63,75,sem1_attendance,ATT_S1_25881A66G6_A9001,STU_25881A66G6,SUB_1_A9001
25881A66G6,,C,1,A9007,Engineering Physics,73.47,36,49,sem1_attendance,ATT_S1_25881A66G6_A9007,STU_25881A66G6,SUB_1_A9007
25881A66G6,,C,1,A9501,Programming for Problem Solving,84.0,63,75,sem1_attendance,ATT_S1_25881A66G6_A9501,STU_25881A66G6,SUB_1_A9501
25881A66G6,,C,1,A9204,Basic Electrical Engineering,85.14,63,74,sem1_attendance,ATT_S1_25881A66G6_A9204,STU_25881A66G6,SUB_1_A9204
25881A66G6,,C,1,A9801,Foundations of Data Science,78.69,48,61,sem1_attendance,ATT_S1_25881A66G6_A9801,STU_25881A66G6,SUB_1_A9801
25881A66G6,,C,1,A9008,Engineering Physics Laboratory,55.56,15,27,sem1_attendance,ATT_S1_25881A66G6_A9008,STU_25881A66G6,SUB_1_A9008
25881A66G6,,C,1,A9502,Programming for Problem Solving Laboratory,86.67,39,45,sem1_attendance,ATT_S1_25881A66G6_A9502,STU_25881A66G6,SUB_1_A9502
25881A66G6,,C,1,A9205,Basic Electrical Engineering Laboratory,83.33,35,42,sem1_attendance,ATT_S1_25881A66G6_A9205,STU_25881A66G6,SUB_1_A9205
25881A66G6,,C,1,A9302,Engineering Workshop,100.0,42,42,sem1_attendance,ATT_S1_25881A66G6_A9302,STU_25881A66G6,SUB_1_A9302
25881A66G6,,C,1,A9021,Community Centered Design Thinking,92.86,39,42,sem1_attendance,ATT_S1_25881A66G6_A9021,STU_25881A66G6,SUB_1_A9021
25881A66G7,,C,1,A9001,Matrices and Calculus,84.0,63,75,sem1_attendance,ATT_S1_25881A66G7_A9001,STU_25881A66G7,SUB_1_A9001
25881A66G7,,C,1,A9007,Engineering Physics,81.63,40,49,sem1_attendance,ATT_S1_25881A66G7_A9007,STU_25881A66G7,SUB_1_A9007
25881A66G7,,C,1,A9501,Programming for Problem Solving,85.33,64,75,sem1_attendance,ATT_S1_25881A66G7_A9501,STU_25881A66G7,SUB_1_A9501
25881A66G7,,C,1,A9204,Basic Electrical Engineering,85.14,63,74,sem1_attendance,ATT_S1_25881A66G7_A9204,STU_25881A66G7,SUB_1_A9204
25881A66G7,,C,1,A9801,Foundations of Data Science,80.33,49,61,sem1_attendance,ATT_S1_25881A66G7_A9801,STU_25881A66G7,SUB_1_A9801
25881A66G7,,C,1,A9008,Engineering Physics Laboratory,77.78,21,27,sem1_attendance,ATT_S1_25881A66G7_A9008,STU_25881A66G7,SUB_1_A9008
25881A66G7,,C,1,A9502,Programming for Problem Solving Laboratory,80.0,36,45,sem1_attendance,ATT_S1_25881A66G7_A9502,STU_25881A66G7,SUB_1_A9502
25881A66G7,,C,1,A9205,Basic Electrical Engineering Laboratory,76.19,32,42,sem1_attendance,ATT_S1_25881A66G7_A9205,STU_25881A66G7,SUB_1_A9205
25881A66G7,,C,1,A9302,Engineering Workshop,100.0,42,42,sem1_attendance,ATT_S1_25881A66G7_A9302,STU_25881A66G7,SUB_1_A9302
25881A66G7,,C,1,A9021,Community Centered Design Thinking,92.86,39,42,sem1_attendance,ATT_S1_25881A66G7_A9021,STU_25881A66G7,SUB_1_A9021
25881A66G8,,C,1,A9001,Matrices and Calculus,90.67,68,75,sem1_attendance,ATT_S1_25881A66G8_A9001,STU_25881A66G8,SUB_1_A9001
25881A66G8,,C,1,A9007,Engineering Physics,83.67,41,49,sem1_attendance,ATT_S1_25881A66G8_A9007,STU_25881A66G8,SUB_1_A9007
25881A66G8,,C,1,A9501,Programming for Problem Solving,84.0,63,75,sem1_attendance,ATT_S1_25881A66G8_A9501,STU_25881A66G8,SUB_1_A9501
25881A66G8,,C,1,A9204,Basic Electrical Engineering,91.89,68,74,sem1_attendance,ATT_S1_25881A66G8_A9204,STU_25881A66G8,SUB_1_A9204
25881A66G8,,C,1,A9801,Foundations of Data Science,85.25,52,61,sem1_attendance,ATT_S1_25881A66G8_A9801,STU_25881A66G8,SUB_1_A9801
25881A66G8,,C,1,A9008,Engineering Physics Laboratory,55.56,15,27,sem1_attendance,ATT_S1_25881A66G8_A9008,STU_25881A66G8,SUB_1_A9008
25881A66G8,,C,1,A9502,Programming for Problem Solving Laboratory,93.33,42,45,sem1_attendance,ATT_S1_25881A66G8_A9502,STU_25881A66G8,SUB_1_A9502
25881A66G8,,C,1,A9205,Basic Electrical Engineering Laboratory,85.71,36,42,sem1_attendance,ATT_S1_25881A66G8_A9205,STU_25881A66G8,SUB_1_A9205
25881A66G8,,C,1,A9302,Engineering Workshop,92.86,39,42,sem1_attendance,ATT_S1_25881A66G8_A9302,STU_25881A66G8,SUB_1_A9302
25881A66G8,,C,1,A9021,Community Centered Design Thinking,92.86,39,42,sem1_attendance,ATT_S1_25881A66G8_A9021,STU_25881A66G8,SUB_1_A9021
25881A66G9,,C,1,A9001,Matrices and Calculus,86.67,65,75,sem1_attendance,ATT_S1_25881A66G9_A9001,STU_25881A66G9,SUB_1_A9001
25881A66G9,,C,1,A9007,Engineering Physics,87.76,43,49,sem1_attendance,ATT_S1_25881A66G9_A9007,STU_25881A66G9,SUB_1_A9007
25881A66G9,,C,1,A9501,Programming for Problem Solving,86.67,65,75,sem1_attendance,ATT_S1_25881A66G9_A9501,STU_25881A66G9,SUB_1_A9501
25881A66G9,,C,1,A9204,Basic Electrical Engineering,91.89,68,74,sem1_attendance,ATT_S1_25881A66G9_A9204,STU_25881A66G9,SUB_1_A9204
25881A66G9,,C,1,A9801,Foundations of Data Science,86.89,53,61,sem1_attendance,ATT_S1_25881A66G9_A9801,STU_25881A66G9,SUB_1_A9801
25881A66G9,,C,1,A9008,Engineering Physics Laboratory,55.56,15,27,sem1_attendance,ATT_S1_25881A66G9_A9008,STU_25881A66G9,SUB_1_A9008
25881A66G9,,C,1,A9502,Programming for Problem Solving Laboratory,80.0,36,45,sem1_attendance,ATT_S1_25881A66G9_A9502,STU_25881A66G9,SUB_1_A9502
25881A66G9,,C,1,A9205,Basic Electrical Engineering Laboratory,78.57,33,42,sem1_attendance,ATT_S1_25881A66G9_A9205,STU_25881A66G9,SUB_1_A9205
25881A66G9,,C,1,A9302,Engineering Workshop,78.57,33,42,sem1_attendance,ATT_S1_25881A66G9_A9302,STU_25881A66G9,SUB_1_A9302
25881A66G9,,C,1,A9021,Community Centered Design Thinking,100.0,42,42,sem1_attendance,ATT_S1_25881A66G9_A9021,STU_25881A66G9,SUB_1_A9021
25881A66H0,,C,1,A9001,Matrices and Calculus,85.33,64,75,sem1_attendance,ATT_S1_25881A66H0_A9001,STU_25881A66H0,SUB_1_A9001
25881A66H0,,C,1,A9007,Engineering Physics,73.47,36,49,sem1_attendance,ATT_S1_25881A66H0_A9007,STU_25881A66H0,SUB_1_A9007
25881A66H0,,C,1,A9501,Programming for Problem Solving,80.0,60,75,sem1_attendance,ATT_S1_25881A66H0_A9501,STU_25881A66H0,SUB_1_A9501
25881A66H0,,C,1,A9204,Basic Electrical Engineering,86.49,64,74,sem1_attendance,ATT_S1_25881A66H0_A9204,STU_25881A66H0,SUB_1_A9204
25881A66H0,,C,1,A9801,Foundations of Data Science,81.97,50,61,sem1_attendance,ATT_S1_25881A66H0_A9801,STU_25881A66H0,SUB_1_A9801
25881A66H0,,C,1,A9008,Engineering Physics Laboratory,66.67,18,27,sem1_attendance,ATT_S1_25881A66H0_A9008,STU_25881A66H0,SUB_1_A9008
25881A66H0,,C,1,A9502,Programming for Problem Solving Laboratory,80.0,36,45,sem1_attendance,ATT_S1_25881A66H0_A9502,STU_25881A66H0,SUB_1_A9502
25881A66H0,,C,1,A9205,Basic Electrical Engineering Laboratory,76.19,32,42,sem1_attendance,ATT_S1_25881A66H0_A9205,STU_25881A66H0,SUB_1_A9205
25881A66H0,,C,1,A9302,Engineering Workshop,95.24,40,42,sem1_attendance,ATT_S1_25881A66H0_A9302,STU_25881A66H0,SUB_1_A9302
25881A66H0,,C,1,A9021,Community Centered Design Thinking,71.43,30,42,sem1_attendance,ATT_S1_25881A66H0_A9021,STU_25881A66H0,SUB_1_A9021
25881A66H1,,C,1,A9001,Matrices and Calculus,89.33,67,75,sem1_attendance,ATT_S1_25881A66H1_A9001,STU_25881A66H1,SUB_1_A9001
25881A66H1,,C,1,A9007,Engineering Physics,89.8,44,49,sem1_attendance,ATT_S1_25881A66H1_A9007,STU_25881A66H1,SUB_1_A9007
25881A66H1,,C,1,A9501,Programming for Problem Solving,85.33,64,75,sem1_attendance,ATT_S1_25881A66H1_A9501,STU_25881A66H1,SUB_1_A9501
25881A66H1,,C,1,A9204,Basic Electrical Engineering,93.24,69,74,sem1_attendance,ATT_S1_25881A66H1_A9204,STU_25881A66H1,SUB_1_A9204
25881A66H1,,C,1,A9801,Foundations of Data Science,88.52,54,61,sem1_attendance,ATT_S1_25881A66H1_A9801,STU_25881A66H1,SUB_1_A9801
25881A66H1,,C,1,A9008,Engineering Physics Laboratory,77.78,21,27,sem1_attendance,ATT_S1_25881A66H1_A9008,STU_25881A66H1,SUB_1_A9008
25881A66H1,,C,1,A9502,Programming for Problem Solving Laboratory,86.67,39,45,sem1_attendance,ATT_S1_25881A66H1_A9502,STU_25881A66H1,SUB_1_A9502
25881A66H1,,C,1,A9205,Basic Electrical Engineering Laboratory,90.48,38,42,sem1_attendance,ATT_S1_25881A66H1_A9205,STU_25881A66H1,SUB_1_A9205
25881A66H1,,C,1,A9302,Engineering Workshop,100.0,42,42,sem1_attendance,ATT_S1_25881A66H1_A9302,STU_25881A66H1,SUB_1_A9302
25881A66H1,,C,1,A9021,Community Centered Design Thinking,100.0,42,42,sem1_attendance,ATT_S1_25881A66H1_A9021,STU_25881A66H1,SUB_1_A9021
25881A66H2,,C,1,A9001,Matrices and Calculus,93.33,70,75,sem1_attendance,ATT_S1_25881A66H2_A9001,STU_25881A66H2,SUB_1_A9001
25881A66H2,,C,1,A9007,Engineering Physics,87.76,43,49,sem1_attendance,ATT_S1_25881A66H2_A9007,STU_25881A66H2,SUB_1_A9007
25881A66H2,,C,1,A9501,Programming for Problem Solving,92.0,69,75,sem1_attendance,ATT_S1_25881A66H2_A9501,STU_25881A66H2,SUB_1_A9501
25881A66H2,,C,1,A9204,Basic Electrical Engineering,94.59,70,74,sem1_attendance,ATT_S1_25881A66H2_A9204,STU_25881A66H2,SUB_1_A9204
25881A66H2,,C,1,A9801,Foundations of Data Science,90.16,55,61,sem1_attendance,ATT_S1_25881A66H2_A9801,STU_25881A66H2,SUB_1_A9801
25881A66H2,,C,1,A9008,Engineering Physics Laboratory,88.89,24,27,sem1_attendance,ATT_S1_25881A66H2_A9008,STU_25881A66H2,SUB_1_A9008
25881A66H2,,C,1,A9502,Programming for Problem Solving Laboratory,93.33,42,45,sem1_attendance,ATT_S1_25881A66H2_A9502,STU_25881A66H2,SUB_1_A9502
25881A66H2,,C,1,A9205,Basic Electrical Engineering Laboratory,83.33,35,42,sem1_attendance,ATT_S1_25881A66H2_A9205,STU_25881A66H2,SUB_1_A9205
25881A66H2,,C,1,A9302,Engineering Workshop,100.0,42,42,sem1_attendance,ATT_S1_25881A66H2_A9302,STU_25881A66H2,SUB_1_A9302
25881A66H2,,C,1,A9021,Community Centered Design Thinking,92.86,39,42,sem1_attendance,ATT_S1_25881A66H2_A9021,STU_25881A66H2,SUB_1_A9021
25881A66H3,,C,1,A9001,Matrices and Calculus,98.67,74,75,sem1_attendance,ATT_S1_25881A66H3_A9001,STU_25881A66H3,SUB_1_A9001
25881A66H3,,C,1,A9007,Engineering Physics,97.96,48,49,sem1_attendance,ATT_S1_25881A66H3_A9007,STU_25881A66H3,SUB_1_A9007
25881A66H3,,C,1,A9501,Programming for Problem Solving,96.0,72,75,sem1_attendance,ATT_S1_25881A66H3_A9501,STU_25881A66H3,SUB_1_A9501
25881A66H3,,C,1,A9204,Basic Electrical Engineering,98.65,73,74,sem1_attendance,ATT_S1_25881A66H3_A9204,STU_25881A66H3,SUB_1_A9204
25881A66H3,,C,1,A9801,Foundations of Data Science,96.72,59,61,sem1_attendance,ATT_S1_25881A66H3_A9801,STU_25881A66H3,SUB_1_A9801
25881A66H3,,C,1,A9008,Engineering Physics Laboratory,88.89,24,27,sem1_attendance,ATT_S1_25881A66H3_A9008,STU_25881A66H3,SUB_1_A9008
25881A66H3,,C,1,A9502,Programming for Problem Solving Laboratory,93.33,42,45,sem1_attendance,ATT_S1_25881A66H3_A9502,STU_25881A66H3,SUB_1_A9502
25881A66H3,,C,1,A9205,Basic Electrical Engineering Laboratory,95.24,40,42,sem1_attendance,ATT_S1_25881A66H3_A9205,STU_25881A66H3,SUB_1_A9205
25881A66H3,,C,1,A9302,Engineering Workshop,100.0,42,42,sem1_attendance,ATT_S1_25881A66H3_A9302,STU_25881A66H3,SUB_1_A9302
25881A66H3,,C,1,A9021,Community Centered Design Thinking,100.0,42,42,sem1_attendance,ATT_S1_25881A66H3_A9021,STU_25881A66H3,SUB_1_A9021
25881A66H4,,C,1,A9001,Matrices and Calculus,88.0,66,75,sem1_attendance,ATT_S1_25881A66H4_A9001,STU_25881A66H4,SUB_1_A9001
25881A66H4,,C,1,A9007,Engineering Physics,75.51,37,49,sem1_attendance,ATT_S1_25881A66H4_A9007,STU_25881A66H4,SUB_1_A9007
25881A66H4,,C,1,A9501,Programming for Problem Solving,85.33,64,75,sem1_attendance,ATT_S1_25881A66H4_A9501,STU_25881A66H4,SUB_1_A9501
25881A66H4,,C,1,A9204,Basic Electrical Engineering,91.89,68,74,sem1_attendance,ATT_S1_25881A66H4_A9204,STU_25881A66H4,SUB_1_A9204
25881A66H4,,C,1,A9801,Foundations of Data Science,83.61,51,61,sem1_attendance,ATT_S1_25881A66H4_A9801,STU_25881A66H4,SUB_1_A9801
25881A66H4,,C,1,A9008,Engineering Physics Laboratory,77.78,21,27,sem1_attendance,ATT_S1_25881A66H4_A9008,STU_25881A66H4,SUB_1_A9008
25881A66H4,,C,1,A9502,Programming for Problem Solving Laboratory,80.0,36,45,sem1_attendance,ATT_S1_25881A66H4_A9502,STU_25881A66H4,SUB_1_A9502
25881A66H4,,C,1,A9205,Basic Electrical Engineering Laboratory,95.24,40,42,sem1_attendance,ATT_S1_25881A66H4_A9205,STU_25881A66H4,SUB_1_A9205
25881A66H4,,C,1,A9302,Engineering Workshop,92.86,39,42,sem1_attendance,ATT_S1_25881A66H4_A9302,STU_25881A66H4,SUB_1_A9302
25881A66H4,,C,1,A9021,Community Centered Design Thinking,92.86,39,42,sem1_attendance,ATT_S1_25881A66H4_A9021,STU_25881A66H4,SUB_1_A9021
25881A66H5,,C,1,A9001,Matrices and Calculus,96.0,72,75,sem1_attendance,ATT_S1_25881A66H5_A9001,STU_25881A66H5,SUB_1_A9001
25881A66H5,,C,1,A9007,Engineering Physics,95.92,47,49,sem1_attendance,ATT_S1_25881A66H5_A9007,STU_25881A66H5,SUB_1_A9007
25881A66H5,,C,1,A9501,Programming for Problem Solving,96.0,72,75,sem1_attendance,ATT_S1_25881A66H5_A9501,STU_25881A66H5,SUB_1_A9501
25881A66H5,,C,1,A9204,Basic Electrical Engineering,97.3,72,74,sem1_attendance,ATT_S1_25881A66H5_A9204,STU_25881A66H5,SUB_1_A9204
25881A66H5,,C,1,A9801,Foundations of Data Science,96.72,59,61,sem1_attendance,ATT_S1_25881A66H5_A9801,STU_25881A66H5,SUB_1_A9801
25881A66H5,,C,1,A9008,Engineering Physics Laboratory,88.89,24,27,sem1_attendance,ATT_S1_25881A66H5_A9008,STU_25881A66H5,SUB_1_A9008
25881A66H5,,C,1,A9502,Programming for Problem Solving Laboratory,93.33,42,45,sem1_attendance,ATT_S1_25881A66H5_A9502,STU_25881A66H5,SUB_1_A9502
25881A66H5,,C,1,A9205,Basic Electrical Engineering Laboratory,76.19,32,42,sem1_attendance,ATT_S1_25881A66H5_A9205,STU_25881A66H5,SUB_1_A9205
25881A66H5,,C,1,A9302,Engineering Workshop,100.0,42,42,sem1_attendance,ATT_S1_25881A66H5_A9302,STU_25881A66H5,SUB_1_A9302
25881A66H5,,C,1,A9021,Community Centered Design Thinking,100.0,42,42,sem1_attendance,ATT_S1_25881A66H5_A9021,STU_25881A66H5,SUB_1_A9021
25881A66H6,,C,1,A9001,Matrices and Calculus,81.33,61,75,sem1_attendance,ATT_S1_25881A66H6_A9001,STU_25881A66H6,SUB_1_A9001
25881A66H6,,C,1,A9007,Engineering Physics,73.47,36,49,sem1_attendance,ATT_S1_25881A66H6_A9007,STU_25881A66H6,SUB_1_A9007
25881A66H6,,C,1,A9501,Programming for Problem Solving,77.33,58,75,sem1_attendance,ATT_S1_25881A66H6_A9501,STU_25881A66H6,SUB_1_A9501
25881A66H6,,C,1,A9204,Basic Electrical Engineering,85.14,63,74,sem1_attendance,ATT_S1_25881A66H6_A9204,STU_25881A66H6,SUB_1_A9204
25881A66H6,,C,1,A9801,Foundations of Data Science,78.69,48,61,sem1_attendance,ATT_S1_25881A66H6_A9801,STU_25881A66H6,SUB_1_A9801
25881A66H6,,C,1,A9008,Engineering Physics Laboratory,66.67,18,27,sem1_attendance,ATT_S1_25881A66H6_A9008,STU_25881A66H6,SUB_1_A9008
25881A66H6,,C,1,A9502,Programming for Problem Solving Laboratory,80.0,36,45,sem1_attendance,ATT_S1_25881A66H6_A9502,STU_25881A66H6,SUB_1_A9502
25881A66H6,,C,1,A9205,Basic Electrical Engineering Laboratory,92.86,39,42,sem1_attendance,ATT_S1_25881A66H6_A9205,STU_25881A66H6,SUB_1_A9205
25881A66H6,,C,1,A9302,Engineering Workshop,100.0,42,42,sem1_attendance,ATT_S1_25881A66H6_A9302,STU_25881A66H6,SUB_1_A9302
25881A66H6,,C,1,A9021,Community Centered Design Thinking,85.71,36,42,sem1_attendance,ATT_S1_25881A66H6_A9021,STU_25881A66H6,SUB_1_A9021
25881A66H7,,C,1,A9001,Matrices and Calculus,90.67,68,75,sem1_attendance,ATT_S1_25881A66H7_A9001,STU_25881A66H7,SUB_1_A9001
25881A66H7,,C,1,A9007,Engineering Physics,81.63,40,49,sem1_attendance,ATT_S1_25881A66H7_A9007,STU_25881A66H7,SUB_1_A9007
25881A66H7,,C,1,A9501,Programming for Problem Solving,88.0,66,75,sem1_attendance,ATT_S1_25881A66H7_A9501,STU_25881A66H7,SUB_1_A9501
25881A66H7,,C,1,A9204,Basic Electrical Engineering,89.19,66,74,sem1_attendance,ATT_S1_25881A66H7_A9204,STU_25881A66H7,SUB_1_A9204
25881A66H7,,C,1,A9801,Foundations of Data Science,86.89,53,61,sem1_attendance,ATT_S1_25881A66H7_A9801,STU_25881A66H7,SUB_1_A9801
25881A66H7,,C,1,A9008,Engineering Physics Laboratory,88.89,24,27,sem1_attendance,ATT_S1_25881A66H7_A9008,STU_25881A66H7,SUB_1_A9008
25881A66H7,,C,1,A9502,Programming for Problem Solving Laboratory,80.0,36,45,sem1_attendance,ATT_S1_25881A66H7_A9502,STU_25881A66H7,SUB_1_A9502
25881A66H7,,C,1,A9205,Basic Electrical Engineering Laboratory,83.33,35,42,sem1_attendance,ATT_S1_25881A66H7_A9205,STU_25881A66H7,SUB_1_A9205
25881A66H7,,C,1,A9302,Engineering Workshop,92.86,39,42,sem1_attendance,ATT_S1_25881A66H7_A9302,STU_25881A66H7,SUB_1_A9302
25881A66H7,,C,1,A9021,Community Centered Design Thinking,85.71,36,42,sem1_attendance,ATT_S1_25881A66H7_A9021,STU_25881A66H7,SUB_1_A9021
25881A66H8,,C,1,A9001,Matrices and Calculus,77.33,58,75,sem1_attendance,ATT_S1_25881A66H8_A9001,STU_25881A66H8,SUB_1_A9001
25881A66H8,,C,1,A9007,Engineering Physics,79.59,39,49,sem1_attendance,ATT_S1_25881A66H8_A9007,STU_25881A66H8,SUB_1_A9007
25881A66H8,,C,1,A9501,Programming for Problem Solving,72.0,54,75,sem1_attendance,ATT_S1_25881A66H8_A9501,STU_25881A66H8,SUB_1_A9501
25881A66H8,,C,1,A9204,Basic Electrical Engineering,77.03,57,74,sem1_attendance,ATT_S1_25881A66H8_A9204,STU_25881A66H8,SUB_1_A9204
25881A66H8,,C,1,A9801,Foundations of Data Science,78.69,48,61,sem1_attendance,ATT_S1_25881A66H8_A9801,STU_25881A66H8,SUB_1_A9801
25881A66H8,,C,1,A9008,Engineering Physics Laboratory,66.67,18,27,sem1_attendance,ATT_S1_25881A66H8_A9008,STU_25881A66H8,SUB_1_A9008
25881A66H8,,C,1,A9502,Programming for Problem Solving Laboratory,60.0,27,45,sem1_attendance,ATT_S1_25881A66H8_A9502,STU_25881A66H8,SUB_1_A9502
25881A66H8,,C,1,A9205,Basic Electrical Engineering Laboratory,61.9,26,42,sem1_attendance,ATT_S1_25881A66H8_A9205,STU_25881A66H8,SUB_1_A9205
25881A66H8,,C,1,A9302,Engineering Workshop,85.71,36,42,sem1_attendance,ATT_S1_25881A66H8_A9302,STU_25881A66H8,SUB_1_A9302
25881A66H8,,C,1,A9021,Community Centered Design Thinking,92.86,39,42,sem1_attendance,ATT_S1_25881A66H8_A9021,STU_25881A66H8,SUB_1_A9021
25881A66H9,,C,1,A9001,Matrices and Calculus,78.67,59,75,sem1_attendance,ATT_S1_25881A66H9_A9001,STU_25881A66H9,SUB_1_A9001
25881A66H9,,C,1,A9007,Engineering Physics,71.43,35,49,sem1_attendance,ATT_S1_25881A66H9_A9007,STU_25881A66H9,SUB_1_A9007
25881A66H9,,C,1,A9501,Programming for Problem Solving,73.33,55,75,sem1_attendance,ATT_S1_25881A66H9_A9501,STU_25881A66H9,SUB_1_A9501
25881A66H9,,C,1,A9204,Basic Electrical Engineering,75.68,56,74,sem1_attendance,ATT_S1_25881A66H9_A9204,STU_25881A66H9,SUB_1_A9204
25881A66H9,,C,1,A9801,Foundations of Data Science,78.69,48,61,sem1_attendance,ATT_S1_25881A66H9_A9801,STU_25881A66H9,SUB_1_A9801
25881A66H9,,C,1,A9008,Engineering Physics Laboratory,44.44,12,27,sem1_attendance,ATT_S1_25881A66H9_A9008,STU_25881A66H9,SUB_1_A9008
25881A66H9,,C,1,A9502,Programming for Problem Solving Laboratory,73.33,33,45,sem1_attendance,ATT_S1_25881A66H9_A9502,STU_25881A66H9,SUB_1_A9502
25881A66H9,,C,1,A9205,Basic Electrical Engineering Laboratory,76.19,32,42,sem1_attendance,ATT_S1_25881A66H9_A9205,STU_25881A66H9,SUB_1_A9205
25881A66H9,,C,1,A9302,Engineering Workshop,85.71,36,42,sem1_attendance,ATT_S1_25881A66H9_A9302,STU_25881A66H9,SUB_1_A9302
25881A66H9,,C,1,A9021,Community Centered Design Thinking,92.86,39,42,sem1_attendance,ATT_S1_25881A66H9_A9021,STU_25881A66H9,SUB_1_A9021
25881A66J0,,C,1,A9001,Matrices and Calculus,98.67,74,75,sem1_attendance,ATT_S1_25881A66J0_A9001,STU_25881A66J0,SUB_1_A9001
25881A66J0,,C,1,A9007,Engineering Physics,95.92,47,49,sem1_attendance,ATT_S1_25881A66J0_A9007,STU_25881A66J0,SUB_1_A9007
25881A66J0,,C,1,A9501,Programming for Problem Solving,97.33,73,75,sem1_attendance,ATT_S1_25881A66J0_A9501,STU_25881A66J0,SUB_1_A9501
25881A66J0,,C,1,A9204,Basic Electrical Engineering,94.59,70,74,sem1_attendance,ATT_S1_25881A66J0_A9204,STU_25881A66J0,SUB_1_A9204
25881A66J0,,C,1,A9801,Foundations of Data Science,100.0,61,61,sem1_attendance,ATT_S1_25881A66J0_A9801,STU_25881A66J0,SUB_1_A9801
25881A66J0,,C,1,A9008,Engineering Physics Laboratory,100.0,27,27,sem1_attendance,ATT_S1_25881A66J0_A9008,STU_25881A66J0,SUB_1_A9008
25881A66J0,,C,1,A9502,Programming for Problem Solving Laboratory,100.0,45,45,sem1_attendance,ATT_S1_25881A66J0_A9502,STU_25881A66J0,SUB_1_A9502
25881A66J0,,C,1,A9205,Basic Electrical Engineering Laboratory,92.86,39,42,sem1_attendance,ATT_S1_25881A66J0_A9205,STU_25881A66J0,SUB_1_A9205
25881A66J0,,C,1,A9302,Engineering Workshop,100.0,42,42,sem1_attendance,ATT_S1_25881A66J0_A9302,STU_25881A66J0,SUB_1_A9302
25881A66J0,,C,1,A9021,Community Centered Design Thinking,100.0,42,42,sem1_attendance,ATT_S1_25881A66J0_A9021,STU_25881A66J0,SUB_1_A9021
25881A66J1,,C,1,A9001,Matrices and Calculus,97.33,73,75,sem1_attendance,ATT_S1_25881A66J1_A9001,STU_25881A66J1,SUB_1_A9001
25881A66J1,,C,1,A9007,Engineering Physics,95.92,47,49,sem1_attendance,ATT_S1_25881A66J1_A9007,STU_25881A66J1,SUB_1_A9007
25881A66J1,,C,1,A9501,Programming for Problem Solving,98.67,74,75,sem1_attendance,ATT_S1_25881A66J1_A9501,STU_25881A66J1,SUB_1_A9501
25881A66J1,,C,1,A9204,Basic Electrical Engineering,98.65,73,74,sem1_attendance,ATT_S1_25881A66J1_A9204,STU_25881A66J1,SUB_1_A9204
25881A66J1,,C,1,A9801,Foundations of Data Science,98.36,60,61,sem1_attendance,ATT_S1_25881A66J1_A9801,STU_25881A66J1,SUB_1_A9801
25881A66J1,,C,1,A9008,Engineering Physics Laboratory,100.0,27,27,sem1_attendance,ATT_S1_25881A66J1_A9008,STU_25881A66J1,SUB_1_A9008
25881A66J1,,C,1,A9502,Programming for Problem Solving Laboratory,100.0,45,45,sem1_attendance,ATT_S1_25881A66J1_A9502,STU_25881A66J1,SUB_1_A9502
25881A66J1,,C,1,A9205,Basic Electrical Engineering Laboratory,90.48,38,42,sem1_attendance,ATT_S1_25881A66J1_A9205,STU_25881A66J1,SUB_1_A9205
25881A66J1,,C,1,A9302,Engineering Workshop,100.0,42,42,sem1_attendance,ATT_S1_25881A66J1_A9302,STU_25881A66J1,SUB_1_A9302
25881A66J1,,C,1,A9021,Community Centered Design Thinking,85.71,36,42,sem1_attendance,ATT_S1_25881A66J1_A9021,STU_25881A66J1,SUB_1_A9021
25881A66J2,,C,1,A9001,Matrices and Calculus,94.67,71,75,sem1_attendance,ATT_S1_25881A66J2_A9001,STU_25881A66J2,SUB_1_A9001
25881A66J2,,C,1,A9007,Engineering Physics,91.84,45,49,sem1_attendance,ATT_S1_25881A66J2_A9007,STU_25881A66J2,SUB_1_A9007
25881A66J2,,C,1,A9501,Programming for Problem Solving,94.67,71,75,sem1_attendance,ATT_S1_25881A66J2_A9501,STU_25881A66J2,SUB_1_A9501
25881A66J2,,C,1,A9204,Basic Electrical Engineering,91.89,68,74,sem1_attendance,ATT_S1_25881A66J2_A9204,STU_25881A66J2,SUB_1_A9204
25881A66J2,,C,1,A9801,Foundations of Data Science,93.44,57,61,sem1_attendance,ATT_S1_25881A66J2_A9801,STU_25881A66J2,SUB_1_A9801
25881A66J2,,C,1,A9008,Engineering Physics Laboratory,88.89,24,27,sem1_attendance,ATT_S1_25881A66J2_A9008,STU_25881A66J2,SUB_1_A9008
25881A66J2,,C,1,A9502,Programming for Problem Solving Laboratory,100.0,45,45,sem1_attendance,ATT_S1_25881A66J2_A9502,STU_25881A66J2,SUB_1_A9502
25881A66J2,,C,1,A9205,Basic Electrical Engineering Laboratory,92.86,39,42,sem1_attendance,ATT_S1_25881A66J2_A9205,STU_25881A66J2,SUB_1_A9205
25881A66J2,,C,1,A9302,Engineering Workshop,100.0,42,42,sem1_attendance,ATT_S1_25881A66J2_A9302,STU_25881A66J2,SUB_1_A9302
25881A66J2,,C,1,A9021,Community Centered Design Thinking,92.86,39,42,sem1_attendance,ATT_S1_25881A66J2_A9021,STU_25881A66J2,SUB_1_A9021
25881A66J3,,C,1,A9001,Matrices and Calculus,97.33,73,75,sem1_attendance,ATT_S1_25881A66J3_A9001,STU_25881A66J3,SUB_1_A9001
25881A66J3,,C,1,A9007,Engineering Physics,91.84,45,49,sem1_attendance,ATT_S1_25881A66J3_A9007,STU_25881A66J3,SUB_1_A9007
25881A66J3,,C,1,A9501,Programming for Problem Solving,94.67,71,75,sem1_attendance,ATT_S1_25881A66J3_A9501,STU_25881A66J3,SUB_1_A9501
25881A66J3,,C,1,A9204,Basic Electrical Engineering,97.3,72,74,sem1_attendance,ATT_S1_25881A66J3_A9204,STU_25881A66J3,SUB_1_A9204
25881A66J3,,C,1,A9801,Foundations of Data Science,91.8,56,61,sem1_attendance,ATT_S1_25881A66J3_A9801,STU_25881A66J3,SUB_1_A9801
25881A66J3,,C,1,A9008,Engineering Physics Laboratory,88.89,24,27,sem1_attendance,ATT_S1_25881A66J3_A9008,STU_25881A66J3,SUB_1_A9008
25881A66J3,,C,1,A9502,Programming for Problem Solving Laboratory,93.33,42,45,sem1_attendance,ATT_S1_25881A66J3_A9502,STU_25881A66J3,SUB_1_A9502
25881A66J3,,C,1,A9205,Basic Electrical Engineering Laboratory,92.86,39,42,sem1_attendance,ATT_S1_25881A66J3_A9205,STU_25881A66J3,SUB_1_A9205
25881A66J3,,C,1,A9302,Engineering Workshop,100.0,42,42,sem1_attendance,ATT_S1_25881A66J3_A9302,STU_25881A66J3,SUB_1_A9302
25881A66J3,,C,1,A9021,Community Centered Design Thinking,92.86,39,42,sem1_attendance,ATT_S1_25881A66J3_A9021,STU_25881A66J3,SUB_1_A9021
25881A66J4,,C,1,A9001,Matrices and Calculus,89.33,67,75,sem1_attendance,ATT_S1_25881A66J4_A9001,STU_25881A66J4,SUB_1_A9001
25881A66J4,,C,1,A9007,Engineering Physics,81.63,40,49,sem1_attendance,ATT_S1_25881A66J4_A9007,STU_25881A66J4,SUB_1_A9007
25881A66J4,,C,1,A9501,Programming for Problem Solving,86.67,65,75,sem1_attendance,ATT_S1_25881A66J4_A9501,STU_25881A66J4,SUB_1_A9501
25881A66J4,,C,1,A9204,Basic Electrical Engineering,93.24,69,74,sem1_attendance,ATT_S1_25881A66J4_A9204,STU_25881A66J4,SUB_1_A9204
25881A66J4,,C,1,A9801,Foundations of Data Science,91.8,56,61,sem1_attendance,ATT_S1_25881A66J4_A9801,STU_25881A66J4,SUB_1_A9801
25881A66J4,,C,1,A9008,Engineering Physics Laboratory,77.78,21,27,sem1_attendance,ATT_S1_25881A66J4_A9008,STU_25881A66J4,SUB_1_A9008
25881A66J4,,C,1,A9502,Programming for Problem Solving Laboratory,93.33,42,45,sem1_attendance,ATT_S1_25881A66J4_A9502,STU_25881A66J4,SUB_1_A9502
25881A66J4,,C,1,A9205,Basic Electrical Engineering Laboratory,90.48,38,42,sem1_attendance,ATT_S1_25881A66J4_A9205,STU_25881A66J4,SUB_1_A9205
25881A66J4,,C,1,A9302,Engineering Workshop,92.86,39,42,sem1_attendance,ATT_S1_25881A66J4_A9302,STU_25881A66J4,SUB_1_A9302
25881A66J4,,C,1,A9021,Community Centered Design Thinking,92.86,39,42,sem1_attendance,ATT_S1_25881A66J4_A9021,STU_25881A66J4,SUB_1_A9021
25881A66J5,,C,1,A9001,Matrices and Calculus,78.67,59,75,sem1_attendance,ATT_S1_25881A66J5_A9001,STU_25881A66J5,SUB_1_A9001
25881A66J5,,C,1,A9007,Engineering Physics,81.63,40,49,sem1_attendance,ATT_S1_25881A66J5_A9007,STU_25881A66J5,SUB_1_A9007
25881A66J5,,C,1,A9501,Programming for Problem Solving,80.0,60,75,sem1_attendance,ATT_S1_25881A66J5_A9501,STU_25881A66J5,SUB_1_A9501
25881A66J5,,C,1,A9204,Basic Electrical Engineering,83.78,62,74,sem1_attendance,ATT_S1_25881A66J5_A9204,STU_25881A66J5,SUB_1_A9204
25881A66J5,,C,1,A9801,Foundations of Data Science,81.97,50,61,sem1_attendance,ATT_S1_25881A66J5_A9801,STU_25881A66J5,SUB_1_A9801
25881A66J5,,C,1,A9008,Engineering Physics Laboratory,33.33,9,27,sem1_attendance,ATT_S1_25881A66J5_A9008,STU_25881A66J5,SUB_1_A9008
25881A66J5,,C,1,A9502,Programming for Problem Solving Laboratory,93.33,42,45,sem1_attendance,ATT_S1_25881A66J5_A9502,STU_25881A66J5,SUB_1_A9502
25881A66J5,,C,1,A9205,Basic Electrical Engineering Laboratory,92.86,39,42,sem1_attendance,ATT_S1_25881A66J5_A9205,STU_25881A66J5,SUB_1_A9205
25881A66J5,,C,1,A9302,Engineering Workshop,88.1,37,42,sem1_attendance,ATT_S1_25881A66J5_A9302,STU_25881A66J5,SUB_1_A9302
25881A66J5,,C,1,A9021,Community Centered Design Thinking,92.86,39,42,sem1_attendance,ATT_S1_25881A66J5_A9021,STU_25881A66J5,SUB_1_A9021
25881A66J6,,C,1,A9001,Matrices and Calculus,89.33,67,75,sem1_attendance,ATT_S1_25881A66J6_A9001,STU_25881A66J6,SUB_1_A9001
25881A66J6,,C,1,A9007,Engineering Physics,81.63,40,49,sem1_attendance,ATT_S1_25881A66J6_A9007,STU_25881A66J6,SUB_1_A9007
25881A66J6,,C,1,A9501,Programming for Problem Solving,80.0,60,75,sem1_attendance,ATT_S1_25881A66J6_A9501,STU_25881A66J6,SUB_1_A9501
25881A66J6,,C,1,A9204,Basic Electrical Engineering,86.49,64,74,sem1_attendance,ATT_S1_25881A66J6_A9204,STU_25881A66J6,SUB_1_A9204
25881A66J6,,C,1,A9801,Foundations of Data Science,86.89,53,61,sem1_attendance,ATT_S1_25881A66J6_A9801,STU_25881A66J6,SUB_1_A9801
25881A66J6,,C,1,A9008,Engineering Physics Laboratory,88.89,24,27,sem1_attendance,ATT_S1_25881A66J6_A9008,STU_25881A66J6,SUB_1_A9008
25881A66J6,,C,1,A9502,Programming for Problem Solving Laboratory,80.0,36,45,sem1_attendance,ATT_S1_25881A66J6_A9502,STU_25881A66J6,SUB_1_A9502
25881A66J6,,C,1,A9205,Basic Electrical Engineering Laboratory,71.43,30,42,sem1_attendance,ATT_S1_25881A66J6_A9205,STU_25881A66J6,SUB_1_A9205
25881A66J6,,C,1,A9302,Engineering Workshop,100.0,42,42,sem1_attendance,ATT_S1_25881A66J6_A9302,STU_25881A66J6,SUB_1_A9302
25881A66J6,,C,1,A9021,Community Centered Design Thinking,100.0,42,42,sem1_attendance,ATT_S1_25881A66J6_A9021,STU_25881A66J6,SUB_1_A9021
25881A66J7,,C,1,A9001,Matrices and Calculus,98.67,74,75,sem1_attendance,ATT_S1_25881A66J7_A9001,STU_25881A66J7,SUB_1_A9001
25881A66J7,,C,1,A9007,Engineering Physics,97.96,48,49,sem1_attendance,ATT_S1_25881A66J7_A9007,STU_25881A66J7,SUB_1_A9007
25881A66J7,,C,1,A9501,Programming for Problem Solving,94.67,71,75,sem1_attendance,ATT_S1_25881A66J7_A9501,STU_25881A66J7,SUB_1_A9501
25881A66J7,,C,1,A9204,Basic Electrical Engineering,98.65,73,74,sem1_attendance,ATT_S1_25881A66J7_A9204,STU_25881A66J7,SUB_1_A9204
25881A66J7,,C,1,A9801,Foundations of Data Science,96.72,59,61,sem1_attendance,ATT_S1_25881A66J7_A9801,STU_25881A66J7,SUB_1_A9801
25881A66J7,,C,1,A9008,Engineering Physics Laboratory,100.0,27,27,sem1_attendance,ATT_S1_25881A66J7_A9008,STU_25881A66J7,SUB_1_A9008
25881A66J7,,C,1,A9502,Programming for Problem Solving Laboratory,80.0,36,45,sem1_attendance,ATT_S1_25881A66J7_A9502,STU_25881A66J7,SUB_1_A9502
25881A66J7,,C,1,A9205,Basic Electrical Engineering Laboratory,95.24,40,42,sem1_attendance,ATT_S1_25881A66J7_A9205,STU_25881A66J7,SUB_1_A9205
25881A66J7,,C,1,A9302,Engineering Workshop,100.0,42,42,sem1_attendance,ATT_S1_25881A66J7_A9302,STU_25881A66J7,SUB_1_A9302
25881A66J7,,C,1,A9021,Community Centered Design Thinking,100.0,42,42,sem1_attendance,ATT_S1_25881A66J7_A9021,STU_25881A66J7,SUB_1_A9021
25881A66J8,,C,1,A9001,Matrices and Calculus,84.0,63,75,sem1_attendance,ATT_S1_25881A66J8_A9001,STU_25881A66J8,SUB_1_A9001
25881A66J8,,C,1,A9007,Engineering Physics,69.39,34,49,sem1_attendance,ATT_S1_25881A66J8_A9007,STU_25881A66J8,SUB_1_A9007
25881A66J8,,C,1,A9501,Programming for Problem Solving,76.0,57,75,sem1_attendance,ATT_S1_25881A66J8_A9501,STU_25881A66J8,SUB_1_A9501
25881A66J8,,C,1,A9204,Basic Electrical Engineering,79.73,59,74,sem1_attendance,ATT_S1_25881A66J8_A9204,STU_25881A66J8,SUB_1_A9204
25881A66J8,,C,1,A9801,Foundations of Data Science,81.97,50,61,sem1_attendance,ATT_S1_25881A66J8_A9801,STU_25881A66J8,SUB_1_A9801
25881A66J8,,C,1,A9008,Engineering Physics Laboratory,77.78,21,27,sem1_attendance,ATT_S1_25881A66J8_A9008,STU_25881A66J8,SUB_1_A9008
25881A66J8,,C,1,A9502,Programming for Problem Solving Laboratory,80.0,36,45,sem1_attendance,ATT_S1_25881A66J8_A9502,STU_25881A66J8,SUB_1_A9502
25881A66J8,,C,1,A9205,Basic Electrical Engineering Laboratory,69.05,29,42,sem1_attendance,ATT_S1_25881A66J8_A9205,STU_25881A66J8,SUB_1_A9205
25881A66J8,,C,1,A9302,Engineering Workshop,85.71,36,42,sem1_attendance,ATT_S1_25881A66J8_A9302,STU_25881A66J8,SUB_1_A9302
25881A66J8,,C,1,A9021,Community Centered Design Thinking,85.71,36,42,sem1_attendance,ATT_S1_25881A66J8_A9021,STU_25881A66J8,SUB_1_A9021
25881A66J9,,C,1,A9001,Matrices and Calculus,88.0,66,75,sem1_attendance,ATT_S1_25881A66J9_A9001,STU_25881A66J9,SUB_1_A9001
25881A66J9,,C,1,A9007,Engineering Physics,85.71,42,49,sem1_attendance,ATT_S1_25881A66J9_A9007,STU_25881A66J9,SUB_1_A9007
25881A66J9,,C,1,A9501,Programming for Problem Solving,88.0,66,75,sem1_attendance,ATT_S1_25881A66J9_A9501,STU_25881A66J9,SUB_1_A9501
25881A66J9,,C,1,A9204,Basic Electrical Engineering,93.24,69,74,sem1_attendance,ATT_S1_25881A66J9_A9204,STU_25881A66J9,SUB_1_A9204
25881A66J9,,C,1,A9801,Foundations of Data Science,88.52,54,61,sem1_attendance,ATT_S1_25881A66J9_A9801,STU_25881A66J9,SUB_1_A9801
25881A66J9,,C,1,A9008,Engineering Physics Laboratory,88.89,24,27,sem1_attendance,ATT_S1_25881A66J9_A9008,STU_25881A66J9,SUB_1_A9008
25881A66J9,,C,1,A9502,Programming for Problem Solving Laboratory,86.67,39,45,sem1_attendance,ATT_S1_25881A66J9_A9502,STU_25881A66J9,SUB_1_A9502
25881A66J9,,C,1,A9205,Basic Electrical Engineering Laboratory,85.71,36,42,sem1_attendance,ATT_S1_25881A66J9_A9205,STU_25881A66J9,SUB_1_A9205
25881A66J9,,C,1,A9302,Engineering Workshop,100.0,42,42,sem1_attendance,ATT_S1_25881A66J9_A9302,STU_25881A66J9,SUB_1_A9302
25881A66J9,,C,1,A9021,Community Centered Design Thinking,92.86,39,42,sem1_attendance,ATT_S1_25881A66J9_A9021,STU_25881A66J9,SUB_1_A9021
25881A66K0,,C,1,A9001,Matrices and Calculus,89.33,67,75,sem1_attendance,ATT_S1_25881A66K0_A9001,STU_25881A66K0,SUB_1_A9001
25881A66K0,,C,1,A9007,Engineering Physics,81.63,40,49,sem1_attendance,ATT_S1_25881A66K0_A9007,STU_25881A66K0,SUB_1_A9007
25881A66K0,,C,1,A9501,Programming for Problem Solving,86.67,65,75,sem1_attendance,ATT_S1_25881A66K0_A9501,STU_25881A66K0,SUB_1_A9501
25881A66K0,,C,1,A9204,Basic Electrical Engineering,89.19,66,74,sem1_attendance,ATT_S1_25881A66K0_A9204,STU_25881A66K0,SUB_1_A9204
25881A66K0,,C,1,A9801,Foundations of Data Science,83.61,51,61,sem1_attendance,ATT_S1_25881A66K0_A9801,STU_25881A66K0,SUB_1_A9801
25881A66K0,,C,1,A9008,Engineering Physics Laboratory,77.78,21,27,sem1_attendance,ATT_S1_25881A66K0_A9008,STU_25881A66K0,SUB_1_A9008
25881A66K0,,C,1,A9502,Programming for Problem Solving Laboratory,73.33,33,45,sem1_attendance,ATT_S1_25881A66K0_A9502,STU_25881A66K0,SUB_1_A9502
25881A66K0,,C,1,A9205,Basic Electrical Engineering Laboratory,92.86,39,42,sem1_attendance,ATT_S1_25881A66K0_A9205,STU_25881A66K0,SUB_1_A9205
25881A66K0,,C,1,A9302,Engineering Workshop,100.0,42,42,sem1_attendance,ATT_S1_25881A66K0_A9302,STU_25881A66K0,SUB_1_A9302
25881A66K0,,C,1,A9021,Community Centered Design Thinking,92.86,39,42,sem1_attendance,ATT_S1_25881A66K0_A9021,STU_25881A66K0,SUB_1_A9021
25881A66K1,,C,1,A9001,Matrices and Calculus,97.33,73,75,sem1_attendance,ATT_S1_25881A66K1_A9001,STU_25881A66K1,SUB_1_A9001
25881A66K1,,C,1,A9007,Engineering Physics,91.84,45,49,sem1_attendance,ATT_S1_25881A66K1_A9007,STU_25881A66K1,SUB_1_A9007
25881A66K1,,C,1,A9501,Programming for Problem Solving,96.0,72,75,sem1_attendance,ATT_S1_25881A66K1_A9501,STU_25881A66K1,SUB_1_A9501
25881A66K1,,C,1,A9204,Basic Electrical Engineering,97.3,72,74,sem1_attendance,ATT_S1_25881A66K1_A9204,STU_25881A66K1,SUB_1_A9204
25881A66K1,,C,1,A9801,Foundations of Data Science,93.44,57,61,sem1_attendance,ATT_S1_25881A66K1_A9801,STU_25881A66K1,SUB_1_A9801
25881A66K1,,C,1,A9008,Engineering Physics Laboratory,88.89,24,27,sem1_attendance,ATT_S1_25881A66K1_A9008,STU_25881A66K1,SUB_1_A9008
25881A66K1,,C,1,A9502,Programming for Problem Solving Laboratory,100.0,45,45,sem1_attendance,ATT_S1_25881A66K1_A9502,STU_25881A66K1,SUB_1_A9502
25881A66K1,,C,1,A9205,Basic Electrical Engineering Laboratory,95.24,40,42,sem1_attendance,ATT_S1_25881A66K1_A9205,STU_25881A66K1,SUB_1_A9205
25881A66K1,,C,1,A9302,Engineering Workshop,100.0,42,42,sem1_attendance,ATT_S1_25881A66K1_A9302,STU_25881A66K1,SUB_1_A9302
25881A66K1,,C,1,A9021,Community Centered Design Thinking,100.0,42,42,sem1_attendance,ATT_S1_25881A66K1_A9021,STU_25881A66K1,SUB_1_A9021
25881A66K2,,C,1,A9001,Matrices and Calculus,93.33,70,75,sem1_attendance,ATT_S1_25881A66K2_A9001,STU_25881A66K2,SUB_1_A9001
25881A66K2,,C,1,A9007,Engineering Physics,87.76,43,49,sem1_attendance,ATT_S1_25881A66K2_A9007,STU_25881A66K2,SUB_1_A9007
25881A66K2,,C,1,A9501,Programming for Problem Solving,86.67,65,75,sem1_attendance,ATT_S1_25881A66K2_A9501,STU_25881A66K2,SUB_1_A9501
25881A66K2,,C,1,A9204,Basic Electrical Engineering,87.84,65,74,sem1_attendance,ATT_S1_25881A66K2_A9204,STU_25881A66K2,SUB_1_A9204
25881A66K2,,C,1,A9801,Foundations of Data Science,86.89,53,61,sem1_attendance,ATT_S1_25881A66K2_A9801,STU_25881A66K2,SUB_1_A9801
25881A66K2,,C,1,A9008,Engineering Physics Laboratory,66.67,18,27,sem1_attendance,ATT_S1_25881A66K2_A9008,STU_25881A66K2,SUB_1_A9008
25881A66K2,,C,1,A9502,Programming for Problem Solving Laboratory,93.33,42,45,sem1_attendance,ATT_S1_25881A66K2_A9502,STU_25881A66K2,SUB_1_A9502
25881A66K2,,C,1,A9205,Basic Electrical Engineering Laboratory,95.24,40,42,sem1_attendance,ATT_S1_25881A66K2_A9205,STU_25881A66K2,SUB_1_A9205
25881A66K2,,C,1,A9302,Engineering Workshop,100.0,42,42,sem1_attendance,ATT_S1_25881A66K2_A9302,STU_25881A66K2,SUB_1_A9302
25881A66K2,,C,1,A9021,Community Centered Design Thinking,85.71,36,42,sem1_attendance,ATT_S1_25881A66K2_A9021,STU_25881A66K2,SUB_1_A9021
25881A66K3,,C,1,A9001,Matrices and Calculus,88.0,66,75,sem1_attendance,ATT_S1_25881A66K3_A9001,STU_25881A66K3,SUB_1_A9001
25881A66K3,,C,1,A9007,Engineering Physics,81.63,40,49,sem1_attendance,ATT_S1_25881A66K3_A9007,STU_25881A66K3,SUB_1_A9007
25881A66K3,,C,1,A9501,Programming for Problem Solving,85.33,64,75,sem1_attendance,ATT_S1_25881A66K3_A9501,STU_25881A66K3,SUB_1_A9501
25881A66K3,,C,1,A9204,Basic Electrical Engineering,87.84,65,74,sem1_attendance,ATT_S1_25881A66K3_A9204,STU_25881A66K3,SUB_1_A9204
25881A66K3,,C,1,A9801,Foundations of Data Science,86.89,53,61,sem1_attendance,ATT_S1_25881A66K3_A9801,STU_25881A66K3,SUB_1_A9801
25881A66K3,,C,1,A9008,Engineering Physics Laboratory,77.78,21,27,sem1_attendance,ATT_S1_25881A66K3_A9008,STU_25881A66K3,SUB_1_A9008
25881A66K3,,C,1,A9502,Programming for Problem Solving Laboratory,86.67,39,45,sem1_attendance,ATT_S1_25881A66K3_A9502,STU_25881A66K3,SUB_1_A9502
25881A66K3,,C,1,A9205,Basic Electrical Engineering Laboratory,85.71,36,42,sem1_attendance,ATT_S1_25881A66K3_A9205,STU_25881A66K3,SUB_1_A9205
25881A66K3,,C,1,A9302,Engineering Workshop,92.86,39,42,sem1_attendance,ATT_S1_25881A66K3_A9302,STU_25881A66K3,SUB_1_A9302
25881A66K3,,C,1,A9021,Community Centered Design Thinking,85.71,36,42,sem1_attendance,ATT_S1_25881A66K3_A9021,STU_25881A66K3,SUB_1_A9021
25881A6601,PIDAKALA AASHISH,A,2,A9002,Ordinary Differential Equations and Vector Calculus,79.73,59,74,sem2_attendance,ATT_S2_25881A6601_A9002ODECV,STU_25881A6601,SUB_2_A9002
25881A6601,PIDAKALA AASHISH,A,2,A9009,Engineering Chemistry,83.87,52,62,sem2_attendance,ATT_S2_25881A6601_A9009EC,STU_25881A6601,SUB_2_A9009
25881A6601,PIDAKALA AASHISH,A,2,A9011,English for Skills Enhancement,80.43,37,46,sem2_attendance,ATT_S2_25881A6601_A9011ESE,STU_25881A6601,SUB_2_A9011
25881A6601,PIDAKALA AASHISH,A,2,A9503,Data Structures,81.25,52,64,sem2_attendance,ATT_S2_25881A6601_A9503DS,STU_25881A6601,SUB_2_A9503
25881A6601,PIDAKALA AASHISH,A,2,A9402,Digital Electronics,88.14,52,59,sem2_attendance,ATT_S2_25881A6601_A9402DE,STU_25881A6601,SUB_2_A9402
25881A6601,PIDAKALA AASHISH,A,2,A9010,Engineering Chemistry Laboratory,100.0,42,42,sem2_attendance,ATT_S2_25881A6601_A9010ECL,STU_25881A6601,SUB_2_A9010
25881A6601,PIDAKALA AASHISH,A,2,A9012,English Language and Communication Skills Laboratory,86.67,39,45,sem2_attendance,ATT_S2_25881A6601_A9012ESEL,STU_25881A6601,SUB_2_A9012
25881A6601,PIDAKALA AASHISH,A,2,A9504,Data Structures Laboratory,79.31,23,29,sem2_attendance,ATT_S2_25881A6601_A9504DSL,STU_25881A6601,SUB_2_A9504
25881A6601,PIDAKALA AASHISH,A,2,A9304,Computer Aided Engineering Graphics,75.0,36,48,sem2_attendance,ATT_S2_25881A6601_A9304CAEG,STU_25881A6601,SUB_2_A9304
25881A6601,PIDAKALA AASHISH,A,2,A9022,Product Design and Development,62.22,28,45,sem2_attendance,ATT_S2_25881A6601_A9022PDD,STU_25881A6601,SUB_2_A9022
25881A6602,BIKKUMALLA AASHRITA,A,2,A9002,Ordinary Differential Equations and Vector Calculus,81.08,60,74,sem2_attendance,ATT_S2_25881A6602_A9002ODECV,STU_25881A6602,SUB_2_A9002
25881A6602,BIKKUMALLA AASHRITA,A,2,A9009,Engineering Chemistry,74.19,46,62,sem2_attendance,ATT_S2_25881A6602_A9009EC,STU_25881A6602,SUB_2_A9009
25881A6602,BIKKUMALLA AASHRITA,A,2,A9011,English for Skills Enhancement,78.26,36,46,sem2_attendance,ATT_S2_25881A6602_A9011ESE,STU_25881A6602,SUB_2_A9011
25881A6602,BIKKUMALLA AASHRITA,A,2,A9503,Data Structures,87.5,56,64,sem2_attendance,ATT_S2_25881A6602_A9503DS,STU_25881A6602,SUB_2_A9503
25881A6602,BIKKUMALLA AASHRITA,A,2,A9402,Digital Electronics,89.83,53,59,sem2_attendance,ATT_S2_25881A6602_A9402DE,STU_25881A6602,SUB_2_A9402
25881A6602,BIKKUMALLA AASHRITA,A,2,A9010,Engineering Chemistry Laboratory,100.0,42,42,sem2_attendance,ATT_S2_25881A6602_A9010ECL,STU_25881A6602,SUB_2_A9010
25881A6602,BIKKUMALLA AASHRITA,A,2,A9012,English Language and Communication Skills Laboratory,86.67,39,45,sem2_attendance,ATT_S2_25881A6602_A9012ESEL,STU_25881A6602,SUB_2_A9012
25881A6602,BIKKUMALLA AASHRITA,A,2,A9504,Data Structures Laboratory,100.0,29,29,sem2_attendance,ATT_S2_25881A6602_A9504DSL,STU_25881A6602,SUB_2_A9504
25881A6602,BIKKUMALLA AASHRITA,A,2,A9304,Computer Aided Engineering Graphics,75.0,36,48,sem2_attendance,ATT_S2_25881A6602_A9304CAEG,STU_25881A6602,SUB_2_A9304
25881A6602,BIKKUMALLA AASHRITA,A,2,A9022,Product Design and Development,64.44,29,45,sem2_attendance,ATT_S2_25881A6602_A9022PDD,STU_25881A6602,SUB_2_A9022
25881A6603,GURRAPU ABHIRAM,A,2,A9002,Ordinary Differential Equations and Vector Calculus,72.97,54,74,sem2_attendance,ATT_S2_25881A6603_A9002ODECV,STU_25881A6603,SUB_2_A9002
25881A6603,GURRAPU ABHIRAM,A,2,A9009,Engineering Chemistry,80.65,50,62,sem2_attendance,ATT_S2_25881A6603_A9009EC,STU_25881A6603,SUB_2_A9009
25881A6603,GURRAPU ABHIRAM,A,2,A9011,English for Skills Enhancement,76.09,35,46,sem2_attendance,ATT_S2_25881A6603_A9011ESE,STU_25881A6603,SUB_2_A9011
25881A6603,GURRAPU ABHIRAM,A,2,A9503,Data Structures,76.56,49,64,sem2_attendance,ATT_S2_25881A6603_A9503DS,STU_25881A6603,SUB_2_A9503
25881A6603,GURRAPU ABHIRAM,A,2,A9402,Digital Electronics,71.19,42,59,sem2_attendance,ATT_S2_25881A6603_A9402DE,STU_25881A6603,SUB_2_A9402
25881A6603,GURRAPU ABHIRAM,A,2,A9010,Engineering Chemistry Laboratory,78.57,33,42,sem2_attendance,ATT_S2_25881A6603_A9010ECL,STU_25881A6603,SUB_2_A9010
25881A6603,GURRAPU ABHIRAM,A,2,A9012,English Language and Communication Skills Laboratory,73.33,33,45,sem2_attendance,ATT_S2_25881A6603_A9012ESEL,STU_25881A6603,SUB_2_A9012
25881A6603,GURRAPU ABHIRAM,A,2,A9504,Data Structures Laboratory,79.31,23,29,sem2_attendance,ATT_S2_25881A6603_A9504DSL,STU_25881A6603,SUB_2_A9504
25881A6603,GURRAPU ABHIRAM,A,2,A9304,Computer Aided Engineering Graphics,75.0,36,48,sem2_attendance,ATT_S2_25881A6603_A9304CAEG,STU_25881A6603,SUB_2_A9304
25881A6603,GURRAPU ABHIRAM,A,2,A9022,Product Design and Development,75.56,34,45,sem2_attendance,ATT_S2_25881A6603_A9022PDD,STU_25881A6603,SUB_2_A9022
25881A6604,MUDAAVATH AKHIL,A,2,A9002,Ordinary Differential Equations and Vector Calculus,78.38,58,74,sem2_attendance,ATT_S2_25881A6604_A9002ODECV,STU_25881A6604,SUB_2_A9002
25881A6604,MUDAAVATH AKHIL,A,2,A9009,Engineering Chemistry,82.26,51,62,sem2_attendance,ATT_S2_25881A6604_A9009EC,STU_25881A6604,SUB_2_A9009
25881A6604,MUDAAVATH AKHIL,A,2,A9011,English for Skills Enhancement,86.96,40,46,sem2_attendance,ATT_S2_25881A6604_A9011ESE,STU_25881A6604,SUB_2_A9011
25881A6604,MUDAAVATH AKHIL,A,2,A9503,Data Structures,87.5,56,64,sem2_attendance,ATT_S2_25881A6604_A9503DS,STU_25881A6604,SUB_2_A9503
25881A6604,MUDAAVATH AKHIL,A,2,A9402,Digital Electronics,96.61,57,59,sem2_attendance,ATT_S2_25881A6604_A9402DE,STU_25881A6604,SUB_2_A9402
25881A6604,MUDAAVATH AKHIL,A,2,A9010,Engineering Chemistry Laboratory,85.71,36,42,sem2_attendance,ATT_S2_25881A6604_A9010ECL,STU_25881A6604,SUB_2_A9010
25881A6604,MUDAAVATH AKHIL,A,2,A9012,English Language and Communication Skills Laboratory,93.33,42,45,sem2_attendance,ATT_S2_25881A6604_A9012ESEL,STU_25881A6604,SUB_2_A9012
25881A6604,MUDAAVATH AKHIL,A,2,A9504,Data Structures Laboratory,93.1,27,29,sem2_attendance,ATT_S2_25881A6604_A9504DSL,STU_25881A6604,SUB_2_A9504
25881A6604,MUDAAVATH AKHIL,A,2,A9304,Computer Aided Engineering Graphics,75.0,36,48,sem2_attendance,ATT_S2_25881A6604_A9304CAEG,STU_25881A6604,SUB_2_A9304
25881A6604,MUDAAVATH AKHIL,A,2,A9022,Product Design and Development,71.11,32,45,sem2_attendance,ATT_S2_25881A6604_A9022PDD,STU_25881A6604,SUB_2_A9022
25881A6605,PURI AKSHAY KUMAR,A,2,A9002,Ordinary Differential Equations and Vector Calculus,72.97,54,74,sem2_attendance,ATT_S2_25881A6605_A9002ODECV,STU_25881A6605,SUB_2_A9002
25881A6605,PURI AKSHAY KUMAR,A,2,A9009,Engineering Chemistry,80.65,50,62,sem2_attendance,ATT_S2_25881A6605_A9009EC,STU_25881A6605,SUB_2_A9009
25881A6605,PURI AKSHAY KUMAR,A,2,A9011,English for Skills Enhancement,86.96,40,46,sem2_attendance,ATT_S2_25881A6605_A9011ESE,STU_25881A6605,SUB_2_A9011
25881A6605,PURI AKSHAY KUMAR,A,2,A9503,Data Structures,82.81,53,64,sem2_attendance,ATT_S2_25881A6605_A9503DS,STU_25881A6605,SUB_2_A9503
25881A6605,PURI AKSHAY KUMAR,A,2,A9402,Digital Electronics,89.83,53,59,sem2_attendance,ATT_S2_25881A6605_A9402DE,STU_25881A6605,SUB_2_A9402
25881A6605,PURI AKSHAY KUMAR,A,2,A9010,Engineering Chemistry Laboratory,92.86,39,42,sem2_attendance,ATT_S2_25881A6605_A9010ECL,STU_25881A6605,SUB_2_A9010
25881A6605,PURI AKSHAY KUMAR,A,2,A9012,English Language and Communication Skills Laboratory,100.0,45,45,sem2_attendance,ATT_S2_25881A6605_A9012ESEL,STU_25881A6605,SUB_2_A9012
25881A6605,PURI AKSHAY KUMAR,A,2,A9504,Data Structures Laboratory,100.0,29,29,sem2_attendance,ATT_S2_25881A6605_A9504DSL,STU_25881A6605,SUB_2_A9504
25881A6605,PURI AKSHAY KUMAR,A,2,A9304,Computer Aided Engineering Graphics,75.0,36,48,sem2_attendance,ATT_S2_25881A6605_A9304CAEG,STU_25881A6605,SUB_2_A9304
25881A6605,PURI AKSHAY KUMAR,A,2,A9022,Product Design and Development,75.56,34,45,sem2_attendance,ATT_S2_25881A6605_A9022PDD,STU_25881A6605,SUB_2_A9022
25881A6606,TIPPARTHY AKSHAY,A,2,A9002,Ordinary Differential Equations and Vector Calculus,91.89,68,74,sem2_attendance,ATT_S2_25881A6606_A9002ODECV,STU_25881A6606,SUB_2_A9002
25881A6606,TIPPARTHY AKSHAY,A,2,A9009,Engineering Chemistry,87.1,54,62,sem2_attendance,ATT_S2_25881A6606_A9009EC,STU_25881A6606,SUB_2_A9009
25881A6606,TIPPARTHY AKSHAY,A,2,A9011,English for Skills Enhancement,71.74,33,46,sem2_attendance,ATT_S2_25881A6606_A9011ESE,STU_25881A6606,SUB_2_A9011
25881A6606,TIPPARTHY AKSHAY,A,2,A9503,Data Structures,71.88,46,64,sem2_attendance,ATT_S2_25881A6606_A9503DS,STU_25881A6606,SUB_2_A9503
25881A6606,TIPPARTHY AKSHAY,A,2,A9402,Digital Electronics,86.44,51,59,sem2_attendance,ATT_S2_25881A6606_A9402DE,STU_25881A6606,SUB_2_A9402
25881A6606,TIPPARTHY AKSHAY,A,2,A9010,Engineering Chemistry Laboratory,92.86,39,42,sem2_attendance,ATT_S2_25881A6606_A9010ECL,STU_25881A6606,SUB_2_A9010
25881A6606,TIPPARTHY AKSHAY,A,2,A9012,English Language and Communication Skills Laboratory,93.33,42,45,sem2_attendance,ATT_S2_25881A6606_A9012ESEL,STU_25881A6606,SUB_2_A9012
25881A6606,TIPPARTHY AKSHAY,A,2,A9504,Data Structures Laboratory,72.41,21,29,sem2_attendance,ATT_S2_25881A6606_A9504DSL,STU_25881A6606,SUB_2_A9504
25881A6606,TIPPARTHY AKSHAY,A,2,A9304,Computer Aided Engineering Graphics,87.5,42,48,sem2_attendance,ATT_S2_25881A6606_A9304CAEG,STU_25881A6606,SUB_2_A9304
25881A6606,TIPPARTHY AKSHAY,A,2,A9022,Product Design and Development,75.56,34,45,sem2_attendance,ATT_S2_25881A6606_A9022PDD,STU_25881A6606,SUB_2_A9022
25881A6607,UYYALA AKSHAYA,A,2,A9002,Ordinary Differential Equations and Vector Calculus,78.38,58,74,sem2_attendance,ATT_S2_25881A6607_A9002ODECV,STU_25881A6607,SUB_2_A9002
25881A6607,UYYALA AKSHAYA,A,2,A9009,Engineering Chemistry,82.26,51,62,sem2_attendance,ATT_S2_25881A6607_A9009EC,STU_25881A6607,SUB_2_A9009
25881A6607,UYYALA AKSHAYA,A,2,A9011,English for Skills Enhancement,84.78,39,46,sem2_attendance,ATT_S2_25881A6607_A9011ESE,STU_25881A6607,SUB_2_A9011
25881A6607,UYYALA AKSHAYA,A,2,A9503,Data Structures,79.69,51,64,sem2_attendance,ATT_S2_25881A6607_A9503DS,STU_25881A6607,SUB_2_A9503
25881A6607,UYYALA AKSHAYA,A,2,A9402,Digital Electronics,83.05,49,59,sem2_attendance,ATT_S2_25881A6607_A9402DE,STU_25881A6607,SUB_2_A9402
25881A6607,UYYALA AKSHAYA,A,2,A9010,Engineering Chemistry Laboratory,71.43,30,42,sem2_attendance,ATT_S2_25881A6607_A9010ECL,STU_25881A6607,SUB_2_A9010
25881A6607,UYYALA AKSHAYA,A,2,A9012,English Language and Communication Skills Laboratory,73.33,33,45,sem2_attendance,ATT_S2_25881A6607_A9012ESEL,STU_25881A6607,SUB_2_A9012
25881A6607,UYYALA AKSHAYA,A,2,A9504,Data Structures Laboratory,72.41,21,29,sem2_attendance,ATT_S2_25881A6607_A9504DSL,STU_25881A6607,SUB_2_A9504
25881A6607,UYYALA AKSHAYA,A,2,A9304,Computer Aided Engineering Graphics,62.5,30,48,sem2_attendance,ATT_S2_25881A6607_A9304CAEG,STU_25881A6607,SUB_2_A9304
25881A6607,UYYALA AKSHAYA,A,2,A9022,Product Design and Development,62.22,28,45,sem2_attendance,ATT_S2_25881A6607_A9022PDD,STU_25881A6607,SUB_2_A9022
25881A6608,SIRAMSETTI ANUSHA,A,2,A9002,Ordinary Differential Equations and Vector Calculus,85.14,63,74,sem2_attendance,ATT_S2_25881A6608_A9002ODECV,STU_25881A6608,SUB_2_A9002
25881A6608,SIRAMSETTI ANUSHA,A,2,A9009,Engineering Chemistry,85.48,53,62,sem2_attendance,ATT_S2_25881A6608_A9009EC,STU_25881A6608,SUB_2_A9009
25881A6608,SIRAMSETTI ANUSHA,A,2,A9011,English for Skills Enhancement,86.96,40,46,sem2_attendance,ATT_S2_25881A6608_A9011ESE,STU_25881A6608,SUB_2_A9011
25881A6608,SIRAMSETTI ANUSHA,A,2,A9503,Data Structures,93.75,60,64,sem2_attendance,ATT_S2_25881A6608_A9503DS,STU_25881A6608,SUB_2_A9503
25881A6608,SIRAMSETTI ANUSHA,A,2,A9402,Digital Electronics,89.83,53,59,sem2_attendance,ATT_S2_25881A6608_A9402DE,STU_25881A6608,SUB_2_A9402
25881A6608,SIRAMSETTI ANUSHA,A,2,A9010,Engineering Chemistry Laboratory,92.86,39,42,sem2_attendance,ATT_S2_25881A6608_A9010ECL,STU_25881A6608,SUB_2_A9010
25881A6608,SIRAMSETTI ANUSHA,A,2,A9012,English Language and Communication Skills Laboratory,100.0,45,45,sem2_attendance,ATT_S2_25881A6608_A9012ESEL,STU_25881A6608,SUB_2_A9012
25881A6608,SIRAMSETTI ANUSHA,A,2,A9504,Data Structures Laboratory,100.0,29,29,sem2_attendance,ATT_S2_25881A6608_A9504DSL,STU_25881A6608,SUB_2_A9504
25881A6608,SIRAMSETTI ANUSHA,A,2,A9304,Computer Aided Engineering Graphics,93.75,45,48,sem2_attendance,ATT_S2_25881A6608_A9304CAEG,STU_25881A6608,SUB_2_A9304
25881A6608,SIRAMSETTI ANUSHA,A,2,A9022,Product Design and Development,88.89,40,45,sem2_attendance,ATT_S2_25881A6608_A9022PDD,STU_25881A6608,SUB_2_A9022
25881A6609,BYRI CHANDAN KUMAR,A,2,A9002,Ordinary Differential Equations and Vector Calculus,66.22,49,74,sem2_attendance,ATT_S2_25881A6609_A9002ODECV,STU_25881A6609,SUB_2_A9002
25881A6609,BYRI CHANDAN KUMAR,A,2,A9009,Engineering Chemistry,70.97,44,62,sem2_attendance,ATT_S2_25881A6609_A9009EC,STU_25881A6609,SUB_2_A9009
25881A6609,BYRI CHANDAN KUMAR,A,2,A9011,English for Skills Enhancement,73.91,34,46,sem2_attendance,ATT_S2_25881A6609_A9011ESE,STU_25881A6609,SUB_2_A9011
25881A6609,BYRI CHANDAN KUMAR,A,2,A9503,Data Structures,75.0,48,64,sem2_attendance,ATT_S2_25881A6609_A9503DS,STU_25881A6609,SUB_2_A9503
25881A6609,BYRI CHANDAN KUMAR,A,2,A9402,Digital Electronics,86.44,51,59,sem2_attendance,ATT_S2_25881A6609_A9402DE,STU_25881A6609,SUB_2_A9402
25881A6609,BYRI CHANDAN KUMAR,A,2,A9010,Engineering Chemistry Laboratory,92.86,39,42,sem2_attendance,ATT_S2_25881A6609_A9010ECL,STU_25881A6609,SUB_2_A9010
25881A6609,BYRI CHANDAN KUMAR,A,2,A9012,English Language and Communication Skills Laboratory,86.67,39,45,sem2_attendance,ATT_S2_25881A6609_A9012ESEL,STU_25881A6609,SUB_2_A9012
25881A6609,BYRI CHANDAN KUMAR,A,2,A9504,Data Structures Laboratory,79.31,23,29,sem2_attendance,ATT_S2_25881A6609_A9504DSL,STU_25881A6609,SUB_2_A9504
25881A6609,BYRI CHANDAN KUMAR,A,2,A9304,Computer Aided Engineering Graphics,62.5,30,48,sem2_attendance,ATT_S2_25881A6609_A9304CAEG,STU_25881A6609,SUB_2_A9304
25881A6609,BYRI CHANDAN KUMAR,A,2,A9022,Product Design and Development,75.56,34,45,sem2_attendance,ATT_S2_25881A6609_A9022PDD,STU_25881A6609,SUB_2_A9022
25881A6610,V DEEKSHITH REDDY,A,2,A9002,Ordinary Differential Equations and Vector Calculus,71.62,53,74,sem2_attendance,ATT_S2_25881A6610_A9002ODECV,STU_25881A6610,SUB_2_A9002
25881A6610,V DEEKSHITH REDDY,A,2,A9009,Engineering Chemistry,75.81,47,62,sem2_attendance,ATT_S2_25881A6610_A9009EC,STU_25881A6610,SUB_2_A9009
25881A6610,V DEEKSHITH REDDY,A,2,A9011,English for Skills Enhancement,86.96,40,46,sem2_attendance,ATT_S2_25881A6610_A9011ESE,STU_25881A6610,SUB_2_A9011
25881A6610,V DEEKSHITH REDDY,A,2,A9503,Data Structures,76.56,49,64,sem2_attendance,ATT_S2_25881A6610_A9503DS,STU_25881A6610,SUB_2_A9503
25881A6610,V DEEKSHITH REDDY,A,2,A9402,Digital Electronics,83.05,49,59,sem2_attendance,ATT_S2_25881A6610_A9402DE,STU_25881A6610,SUB_2_A9402
25881A6610,V DEEKSHITH REDDY,A,2,A9010,Engineering Chemistry Laboratory,92.86,39,42,sem2_attendance,ATT_S2_25881A6610_A9010ECL,STU_25881A6610,SUB_2_A9010
25881A6610,V DEEKSHITH REDDY,A,2,A9012,English Language and Communication Skills Laboratory,86.67,39,45,sem2_attendance,ATT_S2_25881A6610_A9012ESEL,STU_25881A6610,SUB_2_A9012
25881A6610,V DEEKSHITH REDDY,A,2,A9504,Data Structures Laboratory,86.21,25,29,sem2_attendance,ATT_S2_25881A6610_A9504DSL,STU_25881A6610,SUB_2_A9504
25881A6610,V DEEKSHITH REDDY,A,2,A9304,Computer Aided Engineering Graphics,68.75,33,48,sem2_attendance,ATT_S2_25881A6610_A9304CAEG,STU_25881A6610,SUB_2_A9304
25881A6610,V DEEKSHITH REDDY,A,2,A9022,Product Design and Development,68.89,31,45,sem2_attendance,ATT_S2_25881A6610_A9022PDD,STU_25881A6610,SUB_2_A9022
25881A6611,NERELLA DEEPIKA,A,2,A9002,Ordinary Differential Equations and Vector Calculus,85.14,63,74,sem2_attendance,ATT_S2_25881A6611_A9002ODECV,STU_25881A6611,SUB_2_A9002
25881A6611,NERELLA DEEPIKA,A,2,A9009,Engineering Chemistry,87.1,54,62,sem2_attendance,ATT_S2_25881A6611_A9009EC,STU_25881A6611,SUB_2_A9009
25881A6611,NERELLA DEEPIKA,A,2,A9011,English for Skills Enhancement,86.96,40,46,sem2_attendance,ATT_S2_25881A6611_A9011ESE,STU_25881A6611,SUB_2_A9011
25881A6611,NERELLA DEEPIKA,A,2,A9503,Data Structures,89.06,57,64,sem2_attendance,ATT_S2_25881A6611_A9503DS,STU_25881A6611,SUB_2_A9503
25881A6611,NERELLA DEEPIKA,A,2,A9402,Digital Electronics,84.75,50,59,sem2_attendance,ATT_S2_25881A6611_A9402DE,STU_25881A6611,SUB_2_A9402
25881A6611,NERELLA DEEPIKA,A,2,A9010,Engineering Chemistry Laboratory,92.86,39,42,sem2_attendance,ATT_S2_25881A6611_A9010ECL,STU_25881A6611,SUB_2_A9010
25881A6611,NERELLA DEEPIKA,A,2,A9012,English Language and Communication Skills Laboratory,100.0,45,45,sem2_attendance,ATT_S2_25881A6611_A9012ESEL,STU_25881A6611,SUB_2_A9012
25881A6611,NERELLA DEEPIKA,A,2,A9504,Data Structures Laboratory,100.0,29,29,sem2_attendance,ATT_S2_25881A6611_A9504DSL,STU_25881A6611,SUB_2_A9504
25881A6611,NERELLA DEEPIKA,A,2,A9304,Computer Aided Engineering Graphics,87.5,42,48,sem2_attendance,ATT_S2_25881A6611_A9304CAEG,STU_25881A6611,SUB_2_A9304
25881A6611,NERELLA DEEPIKA,A,2,A9022,Product Design and Development,75.56,34,45,sem2_attendance,ATT_S2_25881A6611_A9022PDD,STU_25881A6611,SUB_2_A9022
25881A6612,THUMU ESWAR,A,2,A9002,Ordinary Differential Equations and Vector Calculus,79.73,59,74,sem2_attendance,ATT_S2_25881A6612_A9002ODECV,STU_25881A6612,SUB_2_A9002
25881A6612,THUMU ESWAR,A,2,A9009,Engineering Chemistry,75.81,47,62,sem2_attendance,ATT_S2_25881A6612_A9009EC,STU_25881A6612,SUB_2_A9009
25881A6612,THUMU ESWAR,A,2,A9011,English for Skills Enhancement,69.57,32,46,sem2_attendance,ATT_S2_25881A6612_A9011ESE,STU_25881A6612,SUB_2_A9011
25881A6612,THUMU ESWAR,A,2,A9503,Data Structures,75.0,48,64,sem2_attendance,ATT_S2_25881A6612_A9503DS,STU_25881A6612,SUB_2_A9503
25881A6612,THUMU ESWAR,A,2,A9402,Digital Electronics,79.66,47,59,sem2_attendance,ATT_S2_25881A6612_A9402DE,STU_25881A6612,SUB_2_A9402
25881A6612,THUMU ESWAR,A,2,A9010,Engineering Chemistry Laboratory,85.71,36,42,sem2_attendance,ATT_S2_25881A6612_A9010ECL,STU_25881A6612,SUB_2_A9010
25881A6612,THUMU ESWAR,A,2,A9012,English Language and Communication Skills Laboratory,86.67,39,45,sem2_attendance,ATT_S2_25881A6612_A9012ESEL,STU_25881A6612,SUB_2_A9012
25881A6612,THUMU ESWAR,A,2,A9504,Data Structures Laboratory,79.31,23,29,sem2_attendance,ATT_S2_25881A6612_A9504DSL,STU_25881A6612,SUB_2_A9504
25881A6612,THUMU ESWAR,A,2,A9304,Computer Aided Engineering Graphics,81.25,39,48,sem2_attendance,ATT_S2_25881A6612_A9304CAEG,STU_25881A6612,SUB_2_A9304
25881A6612,THUMU ESWAR,A,2,A9022,Product Design and Development,68.89,31,45,sem2_attendance,ATT_S2_25881A6612_A9022PDD,STU_25881A6612,SUB_2_A9022
25881A6613,GUNDALA GOURI PRIYA,A,2,A9002,Ordinary Differential Equations and Vector Calculus,86.49,64,74,sem2_attendance,ATT_S2_25881A6613_A9002ODECV,STU_25881A6613,SUB_2_A9002
25881A6613,GUNDALA GOURI PRIYA,A,2,A9009,Engineering Chemistry,82.26,51,62,sem2_attendance,ATT_S2_25881A6613_A9009EC,STU_25881A6613,SUB_2_A9009
25881A6613,GUNDALA GOURI PRIYA,A,2,A9011,English for Skills Enhancement,84.78,39,46,sem2_attendance,ATT_S2_25881A6613_A9011ESE,STU_25881A6613,SUB_2_A9011
25881A6613,GUNDALA GOURI PRIYA,A,2,A9503,Data Structures,81.25,52,64,sem2_attendance,ATT_S2_25881A6613_A9503DS,STU_25881A6613,SUB_2_A9503
25881A6613,GUNDALA GOURI PRIYA,A,2,A9402,Digital Electronics,89.83,53,59,sem2_attendance,ATT_S2_25881A6613_A9402DE,STU_25881A6613,SUB_2_A9402
25881A6613,GUNDALA GOURI PRIYA,A,2,A9010,Engineering Chemistry Laboratory,85.71,36,42,sem2_attendance,ATT_S2_25881A6613_A9010ECL,STU_25881A6613,SUB_2_A9010
25881A6613,GUNDALA GOURI PRIYA,A,2,A9012,English Language and Communication Skills Laboratory,93.33,42,45,sem2_attendance,ATT_S2_25881A6613_A9012ESEL,STU_25881A6613,SUB_2_A9012
25881A6613,GUNDALA GOURI PRIYA,A,2,A9504,Data Structures Laboratory,93.1,27,29,sem2_attendance,ATT_S2_25881A6613_A9504DSL,STU_25881A6613,SUB_2_A9504
25881A6613,GUNDALA GOURI PRIYA,A,2,A9304,Computer Aided Engineering Graphics,81.25,39,48,sem2_attendance,ATT_S2_25881A6613_A9304CAEG,STU_25881A6613,SUB_2_A9304
25881A6613,GUNDALA GOURI PRIYA,A,2,A9022,Product Design and Development,82.22,37,45,sem2_attendance,ATT_S2_25881A6613_A9022PDD,STU_25881A6613,SUB_2_A9022
25881A6614,THOKALA GOUTHAM REDDY,A,2,A9002,Ordinary Differential Equations and Vector Calculus,60.81,45,74,sem2_attendance,ATT_S2_25881A6614_A9002ODECV,STU_25881A6614,SUB_2_A9002
25881A6614,THOKALA GOUTHAM REDDY,A,2,A9009,Engineering Chemistry,72.58,45,62,sem2_attendance,ATT_S2_25881A6614_A9009EC,STU_25881A6614,SUB_2_A9009
25881A6614,THOKALA GOUTHAM REDDY,A,2,A9011,English for Skills Enhancement,71.74,33,46,sem2_attendance,ATT_S2_25881A6614_A9011ESE,STU_25881A6614,SUB_2_A9011
25881A6614,THOKALA GOUTHAM REDDY,A,2,A9503,Data Structures,57.81,37,64,sem2_attendance,ATT_S2_25881A6614_A9503DS,STU_25881A6614,SUB_2_A9503
25881A6614,THOKALA GOUTHAM REDDY,A,2,A9402,Digital Electronics,84.75,50,59,sem2_attendance,ATT_S2_25881A6614_A9402DE,STU_25881A6614,SUB_2_A9402
25881A6614,THOKALA GOUTHAM REDDY,A,2,A9010,Engineering Chemistry Laboratory,85.71,36,42,sem2_attendance,ATT_S2_25881A6614_A9010ECL,STU_25881A6614,SUB_2_A9010
25881A6614,THOKALA GOUTHAM REDDY,A,2,A9012,English Language and Communication Skills Laboratory,80.0,36,45,sem2_attendance,ATT_S2_25881A6614_A9012ESEL,STU_25881A6614,SUB_2_A9012
25881A6614,THOKALA GOUTHAM REDDY,A,2,A9504,Data Structures Laboratory,79.31,23,29,sem2_attendance,ATT_S2_25881A6614_A9504DSL,STU_25881A6614,SUB_2_A9504
25881A6614,THOKALA GOUTHAM REDDY,A,2,A9304,Computer Aided Engineering Graphics,81.25,39,48,sem2_attendance,ATT_S2_25881A6614_A9304CAEG,STU_25881A6614,SUB_2_A9304
25881A6614,THOKALA GOUTHAM REDDY,A,2,A9022,Product Design and Development,62.22,28,45,sem2_attendance,ATT_S2_25881A6614_A9022PDD,STU_25881A6614,SUB_2_A9022
25881A6615,K HARI HARA VARDHAN GOUD,A,2,A9002,Ordinary Differential Equations and Vector Calculus,86.49,64,74,sem2_attendance,ATT_S2_25881A6615_A9002ODECV,STU_25881A6615,SUB_2_A9002
25881A6615,K HARI HARA VARDHAN GOUD,A,2,A9009,Engineering Chemistry,83.87,52,62,sem2_attendance,ATT_S2_25881A6615_A9009EC,STU_25881A6615,SUB_2_A9009
25881A6615,K HARI HARA VARDHAN GOUD,A,2,A9011,English for Skills Enhancement,91.3,42,46,sem2_attendance,ATT_S2_25881A6615_A9011ESE,STU_25881A6615,SUB_2_A9011
25881A6615,K HARI HARA VARDHAN GOUD,A,2,A9503,Data Structures,82.81,53,64,sem2_attendance,ATT_S2_25881A6615_A9503DS,STU_25881A6615,SUB_2_A9503
25881A6615,K HARI HARA VARDHAN GOUD,A,2,A9402,Digital Electronics,84.75,50,59,sem2_attendance,ATT_S2_25881A6615_A9402DE,STU_25881A6615,SUB_2_A9402
25881A6615,K HARI HARA VARDHAN GOUD,A,2,A9010,Engineering Chemistry Laboratory,85.71,36,42,sem2_attendance,ATT_S2_25881A6615_A9010ECL,STU_25881A6615,SUB_2_A9010
25881A6615,K HARI HARA VARDHAN GOUD,A,2,A9012,English Language and Communication Skills Laboratory,100.0,45,45,sem2_attendance,ATT_S2_25881A6615_A9012ESEL,STU_25881A6615,SUB_2_A9012
25881A6615,K HARI HARA VARDHAN GOUD,A,2,A9504,Data Structures Laboratory,93.1,27,29,sem2_attendance,ATT_S2_25881A6615_A9504DSL,STU_25881A6615,SUB_2_A9504
25881A6615,K HARI HARA VARDHAN GOUD,A,2,A9304,Computer Aided Engineering Graphics,81.25,39,48,sem2_attendance,ATT_S2_25881A6615_A9304CAEG,STU_25881A6615,SUB_2_A9304
25881A6615,K HARI HARA VARDHAN GOUD,A,2,A9022,Product Design and Development,75.56,34,45,sem2_attendance,ATT_S2_25881A6615_A9022PDD,STU_25881A6615,SUB_2_A9022
25881A6616,RAPARTHI HARI CHARAN,A,2,A9002,Ordinary Differential Equations and Vector Calculus,79.73,59,74,sem2_attendance,ATT_S2_25881A6616_A9002ODECV,STU_25881A6616,SUB_2_A9002
25881A6616,RAPARTHI HARI CHARAN,A,2,A9009,Engineering Chemistry,83.87,52,62,sem2_attendance,ATT_S2_25881A6616_A9009EC,STU_25881A6616,SUB_2_A9009
25881A6616,RAPARTHI HARI CHARAN,A,2,A9011,English for Skills Enhancement,84.78,39,46,sem2_attendance,ATT_S2_25881A6616_A9011ESE,STU_25881A6616,SUB_2_A9011
25881A6616,RAPARTHI HARI CHARAN,A,2,A9503,Data Structures,76.56,49,64,sem2_attendance,ATT_S2_25881A6616_A9503DS,STU_25881A6616,SUB_2_A9503
25881A6616,RAPARTHI HARI CHARAN,A,2,A9402,Digital Electronics,83.05,49,59,sem2_attendance,ATT_S2_25881A6616_A9402DE,STU_25881A6616,SUB_2_A9402
25881A6616,RAPARTHI HARI CHARAN,A,2,A9010,Engineering Chemistry Laboratory,78.57,33,42,sem2_attendance,ATT_S2_25881A6616_A9010ECL,STU_25881A6616,SUB_2_A9010
25881A6616,RAPARTHI HARI CHARAN,A,2,A9012,English Language and Communication Skills Laboratory,93.33,42,45,sem2_attendance,ATT_S2_25881A6616_A9012ESEL,STU_25881A6616,SUB_2_A9012
25881A6616,RAPARTHI HARI CHARAN,A,2,A9504,Data Structures Laboratory,93.1,27,29,sem2_attendance,ATT_S2_25881A6616_A9504DSL,STU_25881A6616,SUB_2_A9504
25881A6616,RAPARTHI HARI CHARAN,A,2,A9304,Computer Aided Engineering Graphics,87.5,42,48,sem2_attendance,ATT_S2_25881A6616_A9304CAEG,STU_25881A6616,SUB_2_A9304
25881A6616,RAPARTHI HARI CHARAN,A,2,A9022,Product Design and Development,55.56,25,45,sem2_attendance,ATT_S2_25881A6616_A9022PDD,STU_25881A6616,SUB_2_A9022
25881A6617,SAGRLA HARIKA,A,2,A9002,Ordinary Differential Equations and Vector Calculus,82.43,61,74,sem2_attendance,ATT_S2_25881A6617_A9002ODECV,STU_25881A6617,SUB_2_A9002
25881A6617,SAGRLA HARIKA,A,2,A9009,Engineering Chemistry,77.42,48,62,sem2_attendance,ATT_S2_25881A6617_A9009EC,STU_25881A6617,SUB_2_A9009
25881A6617,SAGRLA HARIKA,A,2,A9011,English for Skills Enhancement,78.26,36,46,sem2_attendance,ATT_S2_25881A6617_A9011ESE,STU_25881A6617,SUB_2_A9011
25881A6617,SAGRLA HARIKA,A,2,A9503,Data Structures,87.5,56,64,sem2_attendance,ATT_S2_25881A6617_A9503DS,STU_25881A6617,SUB_2_A9503
25881A6617,SAGRLA HARIKA,A,2,A9402,Digital Electronics,83.05,49,59,sem2_attendance,ATT_S2_25881A6617_A9402DE,STU_25881A6617,SUB_2_A9402
25881A6617,SAGRLA HARIKA,A,2,A9010,Engineering Chemistry Laboratory,85.71,36,42,sem2_attendance,ATT_S2_25881A6617_A9010ECL,STU_25881A6617,SUB_2_A9010
25881A6617,SAGRLA HARIKA,A,2,A9012,English Language and Communication Skills Laboratory,86.67,39,45,sem2_attendance,ATT_S2_25881A6617_A9012ESEL,STU_25881A6617,SUB_2_A9012
25881A6617,SAGRLA HARIKA,A,2,A9504,Data Structures Laboratory,93.1,27,29,sem2_attendance,ATT_S2_25881A6617_A9504DSL,STU_25881A6617,SUB_2_A9504
25881A6617,SAGRLA HARIKA,A,2,A9304,Computer Aided Engineering Graphics,81.25,39,48,sem2_attendance,ATT_S2_25881A6617_A9304CAEG,STU_25881A6617,SUB_2_A9304
25881A6617,SAGRLA HARIKA,A,2,A9022,Product Design and Development,84.44,38,45,sem2_attendance,ATT_S2_25881A6617_A9022PDD,STU_25881A6617,SUB_2_A9022
25881A6618,HARIKA DAVUPATI,A,2,A9002,Ordinary Differential Equations and Vector Calculus,93.24,69,74,sem2_attendance,ATT_S2_25881A6618_A9002ODECV,STU_25881A6618,SUB_2_A9002
25881A6618,HARIKA DAVUPATI,A,2,A9009,Engineering Chemistry,91.94,57,62,sem2_attendance,ATT_S2_25881A6618_A9009EC,STU_25881A6618,SUB_2_A9009
25881A6618,HARIKA DAVUPATI,A,2,A9011,English for Skills Enhancement,93.48,43,46,sem2_attendance,ATT_S2_25881A6618_A9011ESE,STU_25881A6618,SUB_2_A9011
25881A6618,HARIKA DAVUPATI,A,2,A9503,Data Structures,95.31,61,64,sem2_attendance,ATT_S2_25881A6618_A9503DS,STU_25881A6618,SUB_2_A9503
25881A6618,HARIKA DAVUPATI,A,2,A9402,Digital Electronics,89.83,53,59,sem2_attendance,ATT_S2_25881A6618_A9402DE,STU_25881A6618,SUB_2_A9402
25881A6618,HARIKA DAVUPATI,A,2,A9010,Engineering Chemistry Laboratory,92.86,39,42,sem2_attendance,ATT_S2_25881A6618_A9010ECL,STU_25881A6618,SUB_2_A9010
25881A6618,HARIKA DAVUPATI,A,2,A9012,English Language and Communication Skills Laboratory,100.0,45,45,sem2_attendance,ATT_S2_25881A6618_A9012ESEL,STU_25881A6618,SUB_2_A9012
25881A6618,HARIKA DAVUPATI,A,2,A9504,Data Structures Laboratory,93.1,27,29,sem2_attendance,ATT_S2_25881A6618_A9504DSL,STU_25881A6618,SUB_2_A9504
25881A6618,HARIKA DAVUPATI,A,2,A9304,Computer Aided Engineering Graphics,93.75,45,48,sem2_attendance,ATT_S2_25881A6618_A9304CAEG,STU_25881A6618,SUB_2_A9304
25881A6618,HARIKA DAVUPATI,A,2,A9022,Product Design and Development,82.22,37,45,sem2_attendance,ATT_S2_25881A6618_A9022PDD,STU_25881A6618,SUB_2_A9022
25881A6619,ABDUL HASEEB AHMED,A,2,A9002,Ordinary Differential Equations and Vector Calculus,56.76,42,74,sem2_attendance,ATT_S2_25881A6619_A9002ODECV,STU_25881A6619,SUB_2_A9002
25881A6619,ABDUL HASEEB AHMED,A,2,A9009,Engineering Chemistry,66.13,41,62,sem2_attendance,ATT_S2_25881A6619_A9009EC,STU_25881A6619,SUB_2_A9009
25881A6619,ABDUL HASEEB AHMED,A,2,A9011,English for Skills Enhancement,76.09,35,46,sem2_attendance,ATT_S2_25881A6619_A9011ESE,STU_25881A6619,SUB_2_A9011
25881A6619,ABDUL HASEEB AHMED,A,2,A9503,Data Structures,76.56,49,64,sem2_attendance,ATT_S2_25881A6619_A9503DS,STU_25881A6619,SUB_2_A9503
25881A6619,ABDUL HASEEB AHMED,A,2,A9402,Digital Electronics,76.27,45,59,sem2_attendance,ATT_S2_25881A6619_A9402DE,STU_25881A6619,SUB_2_A9402
25881A6619,ABDUL HASEEB AHMED,A,2,A9010,Engineering Chemistry Laboratory,78.57,33,42,sem2_attendance,ATT_S2_25881A6619_A9010ECL,STU_25881A6619,SUB_2_A9010
25881A6619,ABDUL HASEEB AHMED,A,2,A9012,English Language and Communication Skills Laboratory,73.33,33,45,sem2_attendance,ATT_S2_25881A6619_A9012ESEL,STU_25881A6619,SUB_2_A9012
25881A6619,ABDUL HASEEB AHMED,A,2,A9504,Data Structures Laboratory,93.1,27,29,sem2_attendance,ATT_S2_25881A6619_A9504DSL,STU_25881A6619,SUB_2_A9504
25881A6619,ABDUL HASEEB AHMED,A,2,A9304,Computer Aided Engineering Graphics,62.5,30,48,sem2_attendance,ATT_S2_25881A6619_A9304CAEG,STU_25881A6619,SUB_2_A9304
25881A6619,ABDUL HASEEB AHMED,A,2,A9022,Product Design and Development,88.89,40,45,sem2_attendance,ATT_S2_25881A6619_A9022PDD,STU_25881A6619,SUB_2_A9022
25881A6620,KUNTA JASHWANTH,A,2,A9002,Ordinary Differential Equations and Vector Calculus,79.73,59,74,sem2_attendance,ATT_S2_25881A6620_A9002ODECV,STU_25881A6620,SUB_2_A9002
25881A6620,KUNTA JASHWANTH,A,2,A9009,Engineering Chemistry,82.26,51,62,sem2_attendance,ATT_S2_25881A6620_A9009EC,STU_25881A6620,SUB_2_A9009
25881A6620,KUNTA JASHWANTH,A,2,A9011,English for Skills Enhancement,82.61,38,46,sem2_attendance,ATT_S2_25881A6620_A9011ESE,STU_25881A6620,SUB_2_A9011
25881A6620,KUNTA JASHWANTH,A,2,A9503,Data Structures,79.69,51,64,sem2_attendance,ATT_S2_25881A6620_A9503DS,STU_25881A6620,SUB_2_A9503
25881A6620,KUNTA JASHWANTH,A,2,A9402,Digital Electronics,86.44,51,59,sem2_attendance,ATT_S2_25881A6620_A9402DE,STU_25881A6620,SUB_2_A9402
25881A6620,KUNTA JASHWANTH,A,2,A9010,Engineering Chemistry Laboratory,100.0,42,42,sem2_attendance,ATT_S2_25881A6620_A9010ECL,STU_25881A6620,SUB_2_A9010
25881A6620,KUNTA JASHWANTH,A,2,A9012,English Language and Communication Skills Laboratory,86.67,39,45,sem2_attendance,ATT_S2_25881A6620_A9012ESEL,STU_25881A6620,SUB_2_A9012
25881A6620,KUNTA JASHWANTH,A,2,A9504,Data Structures Laboratory,86.21,25,29,sem2_attendance,ATT_S2_25881A6620_A9504DSL,STU_25881A6620,SUB_2_A9504
25881A6620,KUNTA JASHWANTH,A,2,A9304,Computer Aided Engineering Graphics,87.5,42,48,sem2_attendance,ATT_S2_25881A6620_A9304CAEG,STU_25881A6620,SUB_2_A9304
25881A6620,KUNTA JASHWANTH,A,2,A9022,Product Design and Development,55.56,25,45,sem2_attendance,ATT_S2_25881A6620_A9022PDD,STU_25881A6620,SUB_2_A9022
25881A6621,MADAGANI JASHWANTH,A,2,A9002,Ordinary Differential Equations and Vector Calculus,75.68,56,74,sem2_attendance,ATT_S2_25881A6621_A9002ODECV,STU_25881A6621,SUB_2_A9002
25881A6621,MADAGANI JASHWANTH,A,2,A9009,Engineering Chemistry,75.81,47,62,sem2_attendance,ATT_S2_25881A6621_A9009EC,STU_25881A6621,SUB_2_A9009
25881A6621,MADAGANI JASHWANTH,A,2,A9011,English for Skills Enhancement,80.43,37,46,sem2_attendance,ATT_S2_25881A6621_A9011ESE,STU_25881A6621,SUB_2_A9011
25881A6621,MADAGANI JASHWANTH,A,2,A9503,Data Structures,78.12,50,64,sem2_attendance,ATT_S2_25881A6621_A9503DS,STU_25881A6621,SUB_2_A9503
25881A6621,MADAGANI JASHWANTH,A,2,A9402,Digital Electronics,86.44,51,59,sem2_attendance,ATT_S2_25881A6621_A9402DE,STU_25881A6621,SUB_2_A9402
25881A6621,MADAGANI JASHWANTH,A,2,A9010,Engineering Chemistry Laboratory,100.0,42,42,sem2_attendance,ATT_S2_25881A6621_A9010ECL,STU_25881A6621,SUB_2_A9010
25881A6621,MADAGANI JASHWANTH,A,2,A9012,English Language and Communication Skills Laboratory,93.33,42,45,sem2_attendance,ATT_S2_25881A6621_A9012ESEL,STU_25881A6621,SUB_2_A9012
25881A6621,MADAGANI JASHWANTH,A,2,A9504,Data Structures Laboratory,93.1,27,29,sem2_attendance,ATT_S2_25881A6621_A9504DSL,STU_25881A6621,SUB_2_A9504
25881A6621,MADAGANI JASHWANTH,A,2,A9304,Computer Aided Engineering Graphics,68.75,33,48,sem2_attendance,ATT_S2_25881A6621_A9304CAEG,STU_25881A6621,SUB_2_A9304
25881A6621,MADAGANI JASHWANTH,A,2,A9022,Product Design and Development,75.56,34,45,sem2_attendance,ATT_S2_25881A6621_A9022PDD,STU_25881A6621,SUB_2_A9022
25881A6622,PENDYALA JESHWANTH,A,2,A9002,Ordinary Differential Equations and Vector Calculus,58.11,43,74,sem2_attendance,ATT_S2_25881A6622_A9002ODECV,STU_25881A6622,SUB_2_A9002
25881A6622,PENDYALA JESHWANTH,A,2,A9009,Engineering Chemistry,67.74,42,62,sem2_attendance,ATT_S2_25881A6622_A9009EC,STU_25881A6622,SUB_2_A9009
25881A6622,PENDYALA JESHWANTH,A,2,A9011,English for Skills Enhancement,78.26,36,46,sem2_attendance,ATT_S2_25881A6622_A9011ESE,STU_25881A6622,SUB_2_A9011
25881A6622,PENDYALA JESHWANTH,A,2,A9503,Data Structures,65.62,42,64,sem2_attendance,ATT_S2_25881A6622_A9503DS,STU_25881A6622,SUB_2_A9503
25881A6622,PENDYALA JESHWANTH,A,2,A9402,Digital Electronics,71.19,42,59,sem2_attendance,ATT_S2_25881A6622_A9402DE,STU_25881A6622,SUB_2_A9402
25881A6622,PENDYALA JESHWANTH,A,2,A9010,Engineering Chemistry Laboratory,78.57,33,42,sem2_attendance,ATT_S2_25881A6622_A9010ECL,STU_25881A6622,SUB_2_A9010
25881A6622,PENDYALA JESHWANTH,A,2,A9012,English Language and Communication Skills Laboratory,66.67,30,45,sem2_attendance,ATT_S2_25881A6622_A9012ESEL,STU_25881A6622,SUB_2_A9012
25881A6622,PENDYALA JESHWANTH,A,2,A9504,Data Structures Laboratory,72.41,21,29,sem2_attendance,ATT_S2_25881A6622_A9504DSL,STU_25881A6622,SUB_2_A9504
25881A6622,PENDYALA JESHWANTH,A,2,A9304,Computer Aided Engineering Graphics,43.75,21,48,sem2_attendance,ATT_S2_25881A6622_A9304CAEG,STU_25881A6622,SUB_2_A9304
25881A6622,PENDYALA JESHWANTH,A,2,A9022,Product Design and Development,88.89,40,45,sem2_attendance,ATT_S2_25881A6622_A9022PDD,STU_25881A6622,SUB_2_A9022
25881A6623,MANDHA LAKSHMIKAR REDDY,A,2,A9002,Ordinary Differential Equations and Vector Calculus,79.73,59,74,sem2_attendance,ATT_S2_25881A6623_A9002ODECV,STU_25881A6623,SUB_2_A9002
25881A6623,MANDHA LAKSHMIKAR REDDY,A,2,A9009,Engineering Chemistry,82.26,51,62,sem2_attendance,ATT_S2_25881A6623_A9009EC,STU_25881A6623,SUB_2_A9009
25881A6623,MANDHA LAKSHMIKAR REDDY,A,2,A9011,English for Skills Enhancement,80.43,37,46,sem2_attendance,ATT_S2_25881A6623_A9011ESE,STU_25881A6623,SUB_2_A9011
25881A6623,MANDHA LAKSHMIKAR REDDY,A,2,A9503,Data Structures,76.56,49,64,sem2_attendance,ATT_S2_25881A6623_A9503DS,STU_25881A6623,SUB_2_A9503
25881A6623,MANDHA LAKSHMIKAR REDDY,A,2,A9402,Digital Electronics,83.05,49,59,sem2_attendance,ATT_S2_25881A6623_A9402DE,STU_25881A6623,SUB_2_A9402
25881A6623,MANDHA LAKSHMIKAR REDDY,A,2,A9010,Engineering Chemistry Laboratory,92.86,39,42,sem2_attendance,ATT_S2_25881A6623_A9010ECL,STU_25881A6623,SUB_2_A9010
25881A6623,MANDHA LAKSHMIKAR REDDY,A,2,A9012,English Language and Communication Skills Laboratory,80.0,36,45,sem2_attendance,ATT_S2_25881A6623_A9012ESEL,STU_25881A6623,SUB_2_A9012
25881A6623,MANDHA LAKSHMIKAR REDDY,A,2,A9504,Data Structures Laboratory,86.21,25,29,sem2_attendance,ATT_S2_25881A6623_A9504DSL,STU_25881A6623,SUB_2_A9504
25881A6623,MANDHA LAKSHMIKAR REDDY,A,2,A9304,Computer Aided Engineering Graphics,68.75,33,48,sem2_attendance,ATT_S2_25881A6623_A9304CAEG,STU_25881A6623,SUB_2_A9304
25881A6623,MANDHA LAKSHMIKAR REDDY,A,2,A9022,Product Design and Development,82.22,37,45,sem2_attendance,ATT_S2_25881A6623_A9022PDD,STU_25881A6623,SUB_2_A9022
25881A6624,K LOKESH,A,2,A9002,Ordinary Differential Equations and Vector Calculus,68.92,51,74,sem2_attendance,ATT_S2_25881A6624_A9002ODECV,STU_25881A6624,SUB_2_A9002
25881A6624,K LOKESH,A,2,A9009,Engineering Chemistry,74.19,46,62,sem2_attendance,ATT_S2_25881A6624_A9009EC,STU_25881A6624,SUB_2_A9009
25881A6624,K LOKESH,A,2,A9011,English for Skills Enhancement,84.78,39,46,sem2_attendance,ATT_S2_25881A6624_A9011ESE,STU_25881A6624,SUB_2_A9011
25881A6624,K LOKESH,A,2,A9503,Data Structures,81.25,52,64,sem2_attendance,ATT_S2_25881A6624_A9503DS,STU_25881A6624,SUB_2_A9503
25881A6624,K LOKESH,A,2,A9402,Digital Electronics,81.36,48,59,sem2_attendance,ATT_S2_25881A6624_A9402DE,STU_25881A6624,SUB_2_A9402
25881A6624,K LOKESH,A,2,A9010,Engineering Chemistry Laboratory,78.57,33,42,sem2_attendance,ATT_S2_25881A6624_A9010ECL,STU_25881A6624,SUB_2_A9010
25881A6624,K LOKESH,A,2,A9012,English Language and Communication Skills Laboratory,80.0,36,45,sem2_attendance,ATT_S2_25881A6624_A9012ESEL,STU_25881A6624,SUB_2_A9012
25881A6624,K LOKESH,A,2,A9504,Data Structures Laboratory,86.21,25,29,sem2_attendance,ATT_S2_25881A6624_A9504DSL,STU_25881A6624,SUB_2_A9504
25881A6624,K LOKESH,A,2,A9304,Computer Aided Engineering Graphics,62.5,30,48,sem2_attendance,ATT_S2_25881A6624_A9304CAEG,STU_25881A6624,SUB_2_A9304
25881A6624,K LOKESH,A,2,A9022,Product Design and Development,62.22,28,45,sem2_attendance,ATT_S2_25881A6624_A9022PDD,STU_25881A6624,SUB_2_A9022
25881A6625,MANASA SHARMA K,A,2,A9002,Ordinary Differential Equations and Vector Calculus,72.97,54,74,sem2_attendance,ATT_S2_25881A6625_A9002ODECV,STU_25881A6625,SUB_2_A9002
25881A6625,MANASA SHARMA K,A,2,A9009,Engineering Chemistry,77.42,48,62,sem2_attendance,ATT_S2_25881A6625_A9009EC,STU_25881A6625,SUB_2_A9009
25881A6625,MANASA SHARMA K,A,2,A9011,English for Skills Enhancement,82.61,38,46,sem2_attendance,ATT_S2_25881A6625_A9011ESE,STU_25881A6625,SUB_2_A9011
25881A6625,MANASA SHARMA K,A,2,A9503,Data Structures,73.44,47,64,sem2_attendance,ATT_S2_25881A6625_A9503DS,STU_25881A6625,SUB_2_A9503
25881A6625,MANASA SHARMA K,A,2,A9402,Digital Electronics,83.05,49,59,sem2_attendance,ATT_S2_25881A6625_A9402DE,STU_25881A6625,SUB_2_A9402
25881A6625,MANASA SHARMA K,A,2,A9010,Engineering Chemistry Laboratory,80.95,34,42,sem2_attendance,ATT_S2_25881A6625_A9010ECL,STU_25881A6625,SUB_2_A9010
25881A6625,MANASA SHARMA K,A,2,A9012,English Language and Communication Skills Laboratory,86.67,39,45,sem2_attendance,ATT_S2_25881A6625_A9012ESEL,STU_25881A6625,SUB_2_A9012
25881A6625,MANASA SHARMA K,A,2,A9504,Data Structures Laboratory,79.31,23,29,sem2_attendance,ATT_S2_25881A6625_A9504DSL,STU_25881A6625,SUB_2_A9504
25881A6625,MANASA SHARMA K,A,2,A9304,Computer Aided Engineering Graphics,75.0,36,48,sem2_attendance,ATT_S2_25881A6625_A9304CAEG,STU_25881A6625,SUB_2_A9304
25881A6625,MANASA SHARMA K,A,2,A9022,Product Design and Development,68.89,31,45,sem2_attendance,ATT_S2_25881A6625_A9022PDD,STU_25881A6625,SUB_2_A9022
25881A6626,JUVVANTHULA MANEESH REDDY,A,2,A9002,Ordinary Differential Equations and Vector Calculus,70.27,52,74,sem2_attendance,ATT_S2_25881A6626_A9002ODECV,STU_25881A6626,SUB_2_A9002
25881A6626,JUVVANTHULA MANEESH REDDY,A,2,A9009,Engineering Chemistry,79.03,49,62,sem2_attendance,ATT_S2_25881A6626_A9009EC,STU_25881A6626,SUB_2_A9009
25881A6626,JUVVANTHULA MANEESH REDDY,A,2,A9011,English for Skills Enhancement,78.26,36,46,sem2_attendance,ATT_S2_25881A6626_A9011ESE,STU_25881A6626,SUB_2_A9011
25881A6626,JUVVANTHULA MANEESH REDDY,A,2,A9503,Data Structures,82.81,53,64,sem2_attendance,ATT_S2_25881A6626_A9503DS,STU_25881A6626,SUB_2_A9503
25881A6626,JUVVANTHULA MANEESH REDDY,A,2,A9402,Digital Electronics,94.92,56,59,sem2_attendance,ATT_S2_25881A6626_A9402DE,STU_25881A6626,SUB_2_A9402
25881A6626,JUVVANTHULA MANEESH REDDY,A,2,A9010,Engineering Chemistry Laboratory,78.57,33,42,sem2_attendance,ATT_S2_25881A6626_A9010ECL,STU_25881A6626,SUB_2_A9010
25881A6626,JUVVANTHULA MANEESH REDDY,A,2,A9012,English Language and Communication Skills Laboratory,86.67,39,45,sem2_attendance,ATT_S2_25881A6626_A9012ESEL,STU_25881A6626,SUB_2_A9012
25881A6626,JUVVANTHULA MANEESH REDDY,A,2,A9504,Data Structures Laboratory,93.1,27,29,sem2_attendance,ATT_S2_25881A6626_A9504DSL,STU_25881A6626,SUB_2_A9504
25881A6626,JUVVANTHULA MANEESH REDDY,A,2,A9304,Computer Aided Engineering Graphics,68.75,33,48,sem2_attendance,ATT_S2_25881A6626_A9304CAEG,STU_25881A6626,SUB_2_A9304
25881A6626,JUVVANTHULA MANEESH REDDY,A,2,A9022,Product Design and Development,48.89,22,45,sem2_attendance,ATT_S2_25881A6626_A9022PDD,STU_25881A6626,SUB_2_A9022
25881A6627,POCHABOINA MANISH YADAV,A,2,A9002,Ordinary Differential Equations and Vector Calculus,85.14,63,74,sem2_attendance,ATT_S2_25881A6627_A9002ODECV,STU_25881A6627,SUB_2_A9002
25881A6627,POCHABOINA MANISH YADAV,A,2,A9009,Engineering Chemistry,82.26,51,62,sem2_attendance,ATT_S2_25881A6627_A9009EC,STU_25881A6627,SUB_2_A9009
25881A6627,POCHABOINA MANISH YADAV,A,2,A9011,English for Skills Enhancement,84.78,39,46,sem2_attendance,ATT_S2_25881A6627_A9011ESE,STU_25881A6627,SUB_2_A9011
25881A6627,POCHABOINA MANISH YADAV,A,2,A9503,Data Structures,85.94,55,64,sem2_attendance,ATT_S2_25881A6627_A9503DS,STU_25881A6627,SUB_2_A9503
25881A6627,POCHABOINA MANISH YADAV,A,2,A9402,Digital Electronics,89.83,53,59,sem2_attendance,ATT_S2_25881A6627_A9402DE,STU_25881A6627,SUB_2_A9402
25881A6627,POCHABOINA MANISH YADAV,A,2,A9010,Engineering Chemistry Laboratory,78.57,33,42,sem2_attendance,ATT_S2_25881A6627_A9010ECL,STU_25881A6627,SUB_2_A9010
25881A6627,POCHABOINA MANISH YADAV,A,2,A9012,English Language and Communication Skills Laboratory,86.67,39,45,sem2_attendance,ATT_S2_25881A6627_A9012ESEL,STU_25881A6627,SUB_2_A9012
25881A6627,POCHABOINA MANISH YADAV,A,2,A9504,Data Structures Laboratory,93.1,27,29,sem2_attendance,ATT_S2_25881A6627_A9504DSL,STU_25881A6627,SUB_2_A9504
25881A6627,POCHABOINA MANISH YADAV,A,2,A9304,Computer Aided Engineering Graphics,68.75,33,48,sem2_attendance,ATT_S2_25881A6627_A9304CAEG,STU_25881A6627,SUB_2_A9304
25881A6627,POCHABOINA MANISH YADAV,A,2,A9022,Product Design and Development,62.22,28,45,sem2_attendance,ATT_S2_25881A6627_A9022PDD,STU_25881A6627,SUB_2_A9022
25881A6628,JERIPOTHULA MOKSHA,A,2,A9002,Ordinary Differential Equations and Vector Calculus,71.62,53,74,sem2_attendance,ATT_S2_25881A6628_A9002ODECV,STU_25881A6628,SUB_2_A9002
25881A6628,JERIPOTHULA MOKSHA,A,2,A9009,Engineering Chemistry,80.65,50,62,sem2_attendance,ATT_S2_25881A6628_A9009EC,STU_25881A6628,SUB_2_A9009
25881A6628,JERIPOTHULA MOKSHA,A,2,A9011,English for Skills Enhancement,73.91,34,46,sem2_attendance,ATT_S2_25881A6628_A9011ESE,STU_25881A6628,SUB_2_A9011
25881A6628,JERIPOTHULA MOKSHA,A,2,A9503,Data Structures,89.06,57,64,sem2_attendance,ATT_S2_25881A6628_A9503DS,STU_25881A6628,SUB_2_A9503
25881A6628,JERIPOTHULA MOKSHA,A,2,A9402,Digital Electronics,77.97,46,59,sem2_attendance,ATT_S2_25881A6628_A9402DE,STU_25881A6628,SUB_2_A9402
25881A6628,JERIPOTHULA MOKSHA,A,2,A9010,Engineering Chemistry Laboratory,92.86,39,42,sem2_attendance,ATT_S2_25881A6628_A9010ECL,STU_25881A6628,SUB_2_A9010
25881A6628,JERIPOTHULA MOKSHA,A,2,A9012,English Language and Communication Skills Laboratory,91.11,41,45,sem2_attendance,ATT_S2_25881A6628_A9012ESEL,STU_25881A6628,SUB_2_A9012
25881A6628,JERIPOTHULA MOKSHA,A,2,A9504,Data Structures Laboratory,86.21,25,29,sem2_attendance,ATT_S2_25881A6628_A9504DSL,STU_25881A6628,SUB_2_A9504
25881A6628,JERIPOTHULA MOKSHA,A,2,A9304,Computer Aided Engineering Graphics,81.25,39,48,sem2_attendance,ATT_S2_25881A6628_A9304CAEG,STU_25881A6628,SUB_2_A9304
25881A6628,JERIPOTHULA MOKSHA,A,2,A9022,Product Design and Development,82.22,37,45,sem2_attendance,ATT_S2_25881A6628_A9022PDD,STU_25881A6628,SUB_2_A9022
25881A6629,MOHAMMED MUDDABIR AHMED,A,2,A9002,Ordinary Differential Equations and Vector Calculus,62.16,46,74,sem2_attendance,ATT_S2_25881A6629_A9002ODECV,STU_25881A6629,SUB_2_A9002
25881A6629,MOHAMMED MUDDABIR AHMED,A,2,A9009,Engineering Chemistry,75.81,47,62,sem2_attendance,ATT_S2_25881A6629_A9009EC,STU_25881A6629,SUB_2_A9009
25881A6629,MOHAMMED MUDDABIR AHMED,A,2,A9011,English for Skills Enhancement,76.09,35,46,sem2_attendance,ATT_S2_25881A6629_A9011ESE,STU_25881A6629,SUB_2_A9011
25881A6629,MOHAMMED MUDDABIR AHMED,A,2,A9503,Data Structures,81.25,52,64,sem2_attendance,ATT_S2_25881A6629_A9503DS,STU_25881A6629,SUB_2_A9503
25881A6629,MOHAMMED MUDDABIR AHMED,A,2,A9402,Digital Electronics,84.75,50,59,sem2_attendance,ATT_S2_25881A6629_A9402DE,STU_25881A6629,SUB_2_A9402
25881A6629,MOHAMMED MUDDABIR AHMED,A,2,A9010,Engineering Chemistry Laboratory,92.86,39,42,sem2_attendance,ATT_S2_25881A6629_A9010ECL,STU_25881A6629,SUB_2_A9010
25881A6629,MOHAMMED MUDDABIR AHMED,A,2,A9012,English Language and Communication Skills Laboratory,80.0,36,45,sem2_attendance,ATT_S2_25881A6629_A9012ESEL,STU_25881A6629,SUB_2_A9012
25881A6629,MOHAMMED MUDDABIR AHMED,A,2,A9504,Data Structures Laboratory,86.21,25,29,sem2_attendance,ATT_S2_25881A6629_A9504DSL,STU_25881A6629,SUB_2_A9504
25881A6629,MOHAMMED MUDDABIR AHMED,A,2,A9304,Computer Aided Engineering Graphics,75.0,36,48,sem2_attendance,ATT_S2_25881A6629_A9304CAEG,STU_25881A6629,SUB_2_A9304
25881A6629,MOHAMMED MUDDABIR AHMED,A,2,A9022,Product Design and Development,88.89,40,45,sem2_attendance,ATT_S2_25881A6629_A9022PDD,STU_25881A6629,SUB_2_A9022
25881A6630,MOHAMMED NAJEEB AHMED,A,2,A9002,Ordinary Differential Equations and Vector Calculus,74.32,55,74,sem2_attendance,ATT_S2_25881A6630_A9002ODECV,STU_25881A6630,SUB_2_A9002
25881A6630,MOHAMMED NAJEEB AHMED,A,2,A9009,Engineering Chemistry,75.81,47,62,sem2_attendance,ATT_S2_25881A6630_A9009EC,STU_25881A6630,SUB_2_A9009
25881A6630,MOHAMMED NAJEEB AHMED,A,2,A9011,English for Skills Enhancement,80.43,37,46,sem2_attendance,ATT_S2_25881A6630_A9011ESE,STU_25881A6630,SUB_2_A9011
25881A6630,MOHAMMED NAJEEB AHMED,A,2,A9503,Data Structures,89.06,57,64,sem2_attendance,ATT_S2_25881A6630_A9503DS,STU_25881A6630,SUB_2_A9503
25881A6630,MOHAMMED NAJEEB AHMED,A,2,A9402,Digital Electronics,88.14,52,59,sem2_attendance,ATT_S2_25881A6630_A9402DE,STU_25881A6630,SUB_2_A9402
25881A6630,MOHAMMED NAJEEB AHMED,A,2,A9010,Engineering Chemistry Laboratory,100.0,42,42,sem2_attendance,ATT_S2_25881A6630_A9010ECL,STU_25881A6630,SUB_2_A9010
25881A6630,MOHAMMED NAJEEB AHMED,A,2,A9012,English Language and Communication Skills Laboratory,80.0,36,45,sem2_attendance,ATT_S2_25881A6630_A9012ESEL,STU_25881A6630,SUB_2_A9012
25881A6630,MOHAMMED NAJEEB AHMED,A,2,A9504,Data Structures Laboratory,93.1,27,29,sem2_attendance,ATT_S2_25881A6630_A9504DSL,STU_25881A6630,SUB_2_A9504
25881A6630,MOHAMMED NAJEEB AHMED,A,2,A9304,Computer Aided Engineering Graphics,81.25,39,48,sem2_attendance,ATT_S2_25881A6630_A9304CAEG,STU_25881A6630,SUB_2_A9304
25881A6630,MOHAMMED NAJEEB AHMED,A,2,A9022,Product Design and Development,68.89,31,45,sem2_attendance,ATT_S2_25881A6630_A9022PDD,STU_25881A6630,SUB_2_A9022
25881A6631,ITTABOYINA NIKHIL,A,2,A9002,Ordinary Differential Equations and Vector Calculus,81.08,60,74,sem2_attendance,ATT_S2_25881A6631_A9002ODECV,STU_25881A6631,SUB_2_A9002
25881A6631,ITTABOYINA NIKHIL,A,2,A9009,Engineering Chemistry,79.03,49,62,sem2_attendance,ATT_S2_25881A6631_A9009EC,STU_25881A6631,SUB_2_A9009
25881A6631,ITTABOYINA NIKHIL,A,2,A9011,English for Skills Enhancement,86.96,40,46,sem2_attendance,ATT_S2_25881A6631_A9011ESE,STU_25881A6631,SUB_2_A9011
25881A6631,ITTABOYINA NIKHIL,A,2,A9503,Data Structures,87.5,56,64,sem2_attendance,ATT_S2_25881A6631_A9503DS,STU_25881A6631,SUB_2_A9503
25881A6631,ITTABOYINA NIKHIL,A,2,A9402,Digital Electronics,83.05,49,59,sem2_attendance,ATT_S2_25881A6631_A9402DE,STU_25881A6631,SUB_2_A9402
25881A6631,ITTABOYINA NIKHIL,A,2,A9010,Engineering Chemistry Laboratory,85.71,36,42,sem2_attendance,ATT_S2_25881A6631_A9010ECL,STU_25881A6631,SUB_2_A9010
25881A6631,ITTABOYINA NIKHIL,A,2,A9012,English Language and Communication Skills Laboratory,93.33,42,45,sem2_attendance,ATT_S2_25881A6631_A9012ESEL,STU_25881A6631,SUB_2_A9012
25881A6631,ITTABOYINA NIKHIL,A,2,A9504,Data Structures Laboratory,93.1,27,29,sem2_attendance,ATT_S2_25881A6631_A9504DSL,STU_25881A6631,SUB_2_A9504
25881A6631,ITTABOYINA NIKHIL,A,2,A9304,Computer Aided Engineering Graphics,93.75,45,48,sem2_attendance,ATT_S2_25881A6631_A9304CAEG,STU_25881A6631,SUB_2_A9304
25881A6631,ITTABOYINA NIKHIL,A,2,A9022,Product Design and Development,75.56,34,45,sem2_attendance,ATT_S2_25881A6631_A9022PDD,STU_25881A6631,SUB_2_A9022
25881A6632,PARVATHA NISHANTH KUMAR,A,2,A9002,Ordinary Differential Equations and Vector Calculus,94.59,70,74,sem2_attendance,ATT_S2_25881A6632_A9002ODECV,STU_25881A6632,SUB_2_A9002
25881A6632,PARVATHA NISHANTH KUMAR,A,2,A9009,Engineering Chemistry,93.55,58,62,sem2_attendance,ATT_S2_25881A6632_A9009EC,STU_25881A6632,SUB_2_A9009
25881A6632,PARVATHA NISHANTH KUMAR,A,2,A9011,English for Skills Enhancement,93.48,43,46,sem2_attendance,ATT_S2_25881A6632_A9011ESE,STU_25881A6632,SUB_2_A9011
25881A6632,PARVATHA NISHANTH KUMAR,A,2,A9503,Data Structures,87.5,56,64,sem2_attendance,ATT_S2_25881A6632_A9503DS,STU_25881A6632,SUB_2_A9503
25881A6632,PARVATHA NISHANTH KUMAR,A,2,A9402,Digital Electronics,89.83,53,59,sem2_attendance,ATT_S2_25881A6632_A9402DE,STU_25881A6632,SUB_2_A9402
25881A6632,PARVATHA NISHANTH KUMAR,A,2,A9010,Engineering Chemistry Laboratory,100.0,42,42,sem2_attendance,ATT_S2_25881A6632_A9010ECL,STU_25881A6632,SUB_2_A9010
25881A6632,PARVATHA NISHANTH KUMAR,A,2,A9012,English Language and Communication Skills Laboratory,86.67,39,45,sem2_attendance,ATT_S2_25881A6632_A9012ESEL,STU_25881A6632,SUB_2_A9012
25881A6632,PARVATHA NISHANTH KUMAR,A,2,A9504,Data Structures Laboratory,93.1,27,29,sem2_attendance,ATT_S2_25881A6632_A9504DSL,STU_25881A6632,SUB_2_A9504
25881A6632,PARVATHA NISHANTH KUMAR,A,2,A9304,Computer Aided Engineering Graphics,87.5,42,48,sem2_attendance,ATT_S2_25881A6632_A9304CAEG,STU_25881A6632,SUB_2_A9304
25881A6632,PARVATHA NISHANTH KUMAR,A,2,A9022,Product Design and Development,88.89,40,45,sem2_attendance,ATT_S2_25881A6632_A9022PDD,STU_25881A6632,SUB_2_A9022
25881A6633,MEESALA NITHISH KUMAR,A,2,A9002,Ordinary Differential Equations and Vector Calculus,85.14,63,74,sem2_attendance,ATT_S2_25881A6633_A9002ODECV,STU_25881A6633,SUB_2_A9002
25881A6633,MEESALA NITHISH KUMAR,A,2,A9009,Engineering Chemistry,80.65,50,62,sem2_attendance,ATT_S2_25881A6633_A9009EC,STU_25881A6633,SUB_2_A9009
25881A6633,MEESALA NITHISH KUMAR,A,2,A9011,English for Skills Enhancement,86.96,40,46,sem2_attendance,ATT_S2_25881A6633_A9011ESE,STU_25881A6633,SUB_2_A9011
25881A6633,MEESALA NITHISH KUMAR,A,2,A9503,Data Structures,89.06,57,64,sem2_attendance,ATT_S2_25881A6633_A9503DS,STU_25881A6633,SUB_2_A9503
25881A6633,MEESALA NITHISH KUMAR,A,2,A9402,Digital Electronics,84.75,50,59,sem2_attendance,ATT_S2_25881A6633_A9402DE,STU_25881A6633,SUB_2_A9402
25881A6633,MEESALA NITHISH KUMAR,A,2,A9010,Engineering Chemistry Laboratory,85.71,36,42,sem2_attendance,ATT_S2_25881A6633_A9010ECL,STU_25881A6633,SUB_2_A9010
25881A6633,MEESALA NITHISH KUMAR,A,2,A9012,English Language and Communication Skills Laboratory,75.56,34,45,sem2_attendance,ATT_S2_25881A6633_A9012ESEL,STU_25881A6633,SUB_2_A9012
25881A6633,MEESALA NITHISH KUMAR,A,2,A9504,Data Structures Laboratory,93.1,27,29,sem2_attendance,ATT_S2_25881A6633_A9504DSL,STU_25881A6633,SUB_2_A9504
25881A6633,MEESALA NITHISH KUMAR,A,2,A9304,Computer Aided Engineering Graphics,87.5,42,48,sem2_attendance,ATT_S2_25881A6633_A9304CAEG,STU_25881A6633,SUB_2_A9304
25881A6633,MEESALA NITHISH KUMAR,A,2,A9022,Product Design and Development,73.33,33,45,sem2_attendance,ATT_S2_25881A6633_A9022PDD,STU_25881A6633,SUB_2_A9022
25881A6634,THOTA PRANEETH REDDY,A,2,A9002,Ordinary Differential Equations and Vector Calculus,72.97,54,74,sem2_attendance,ATT_S2_25881A6634_A9002ODECV,STU_25881A6634,SUB_2_A9002
25881A6634,THOTA PRANEETH REDDY,A,2,A9009,Engineering Chemistry,77.42,48,62,sem2_attendance,ATT_S2_25881A6634_A9009EC,STU_25881A6634,SUB_2_A9009
25881A6634,THOTA PRANEETH REDDY,A,2,A9011,English for Skills Enhancement,80.43,37,46,sem2_attendance,ATT_S2_25881A6634_A9011ESE,STU_25881A6634,SUB_2_A9011
25881A6634,THOTA PRANEETH REDDY,A,2,A9503,Data Structures,87.5,56,64,sem2_attendance,ATT_S2_25881A6634_A9503DS,STU_25881A6634,SUB_2_A9503
25881A6634,THOTA PRANEETH REDDY,A,2,A9402,Digital Electronics,81.36,48,59,sem2_attendance,ATT_S2_25881A6634_A9402DE,STU_25881A6634,SUB_2_A9402
25881A6634,THOTA PRANEETH REDDY,A,2,A9010,Engineering Chemistry Laboratory,92.86,39,42,sem2_attendance,ATT_S2_25881A6634_A9010ECL,STU_25881A6634,SUB_2_A9010
25881A6634,THOTA PRANEETH REDDY,A,2,A9012,English Language and Communication Skills Laboratory,80.0,36,45,sem2_attendance,ATT_S2_25881A6634_A9012ESEL,STU_25881A6634,SUB_2_A9012
25881A6634,THOTA PRANEETH REDDY,A,2,A9504,Data Structures Laboratory,89.66,26,29,sem2_attendance,ATT_S2_25881A6634_A9504DSL,STU_25881A6634,SUB_2_A9504
25881A6634,THOTA PRANEETH REDDY,A,2,A9304,Computer Aided Engineering Graphics,80.0,36,45,sem2_attendance,ATT_S2_25881A6634_A9304CAEG,STU_25881A6634,SUB_2_A9304
25881A6634,THOTA PRANEETH REDDY,A,2,A9022,Product Design and Development,81.25,39,48,sem2_attendance,ATT_S2_25881A6634_A9022PDD,STU_25881A6634,SUB_2_A9022
25881A6635,KALLURI RAM CHARAN,A,2,A9002,Ordinary Differential Equations and Vector Calculus,70.27,52,74,sem2_attendance,ATT_S2_25881A6635_A9002ODECV,STU_25881A6635,SUB_2_A9002
25881A6635,KALLURI RAM CHARAN,A,2,A9009,Engineering Chemistry,70.97,44,62,sem2_attendance,ATT_S2_25881A6635_A9009EC,STU_25881A6635,SUB_2_A9009
25881A6635,KALLURI RAM CHARAN,A,2,A9011,English for Skills Enhancement,78.26,36,46,sem2_attendance,ATT_S2_25881A6635_A9011ESE,STU_25881A6635,SUB_2_A9011
25881A6635,KALLURI RAM CHARAN,A,2,A9503,Data Structures,71.88,46,64,sem2_attendance,ATT_S2_25881A6635_A9503DS,STU_25881A6635,SUB_2_A9503
25881A6635,KALLURI RAM CHARAN,A,2,A9402,Digital Electronics,79.66,47,59,sem2_attendance,ATT_S2_25881A6635_A9402DE,STU_25881A6635,SUB_2_A9402
25881A6635,KALLURI RAM CHARAN,A,2,A9010,Engineering Chemistry Laboratory,85.71,36,42,sem2_attendance,ATT_S2_25881A6635_A9010ECL,STU_25881A6635,SUB_2_A9010
25881A6635,KALLURI RAM CHARAN,A,2,A9012,English Language and Communication Skills Laboratory,86.67,39,45,sem2_attendance,ATT_S2_25881A6635_A9012ESEL,STU_25881A6635,SUB_2_A9012
25881A6635,KALLURI RAM CHARAN,A,2,A9504,Data Structures Laboratory,79.31,23,29,sem2_attendance,ATT_S2_25881A6635_A9504DSL,STU_25881A6635,SUB_2_A9504
25881A6635,KALLURI RAM CHARAN,A,2,A9304,Computer Aided Engineering Graphics,86.67,39,45,sem2_attendance,ATT_S2_25881A6635_A9304CAEG,STU_25881A6635,SUB_2_A9304
25881A6635,KALLURI RAM CHARAN,A,2,A9022,Product Design and Development,100.0,48,48,sem2_attendance,ATT_S2_25881A6635_A9022PDD,STU_25881A6635,SUB_2_A9022
25881A6636,RAMAVATH RAM CHARAN,A,2,A9002,Ordinary Differential Equations and Vector Calculus,77.03,57,74,sem2_attendance,ATT_S2_25881A6636_A9002ODECV,STU_25881A6636,SUB_2_A9002
25881A6636,RAMAVATH RAM CHARAN,A,2,A9009,Engineering Chemistry,80.65,50,62,sem2_attendance,ATT_S2_25881A6636_A9009EC,STU_25881A6636,SUB_2_A9009
25881A6636,RAMAVATH RAM CHARAN,A,2,A9011,English for Skills Enhancement,82.61,38,46,sem2_attendance,ATT_S2_25881A6636_A9011ESE,STU_25881A6636,SUB_2_A9011
25881A6636,RAMAVATH RAM CHARAN,A,2,A9503,Data Structures,79.69,51,64,sem2_attendance,ATT_S2_25881A6636_A9503DS,STU_25881A6636,SUB_2_A9503
25881A6636,RAMAVATH RAM CHARAN,A,2,A9402,Digital Electronics,81.36,48,59,sem2_attendance,ATT_S2_25881A6636_A9402DE,STU_25881A6636,SUB_2_A9402
25881A6636,RAMAVATH RAM CHARAN,A,2,A9010,Engineering Chemistry Laboratory,85.71,36,42,sem2_attendance,ATT_S2_25881A6636_A9010ECL,STU_25881A6636,SUB_2_A9010
25881A6636,RAMAVATH RAM CHARAN,A,2,A9012,English Language and Communication Skills Laboratory,53.33,24,45,sem2_attendance,ATT_S2_25881A6636_A9012ESEL,STU_25881A6636,SUB_2_A9012
25881A6636,RAMAVATH RAM CHARAN,A,2,A9504,Data Structures Laboratory,79.31,23,29,sem2_attendance,ATT_S2_25881A6636_A9504DSL,STU_25881A6636,SUB_2_A9504
25881A6636,RAMAVATH RAM CHARAN,A,2,A9304,Computer Aided Engineering Graphics,46.67,21,45,sem2_attendance,ATT_S2_25881A6636_A9304CAEG,STU_25881A6636,SUB_2_A9304
25881A6636,RAMAVATH RAM CHARAN,A,2,A9022,Product Design and Development,81.25,39,48,sem2_attendance,ATT_S2_25881A6636_A9022PDD,STU_25881A6636,SUB_2_A9022
25881A6637,SIRIPELLY RAMAKRISHNA,A,2,A9002,Ordinary Differential Equations and Vector Calculus,67.57,50,74,sem2_attendance,ATT_S2_25881A6637_A9002ODECV,STU_25881A6637,SUB_2_A9002
25881A6637,SIRIPELLY RAMAKRISHNA,A,2,A9009,Engineering Chemistry,59.68,37,62,sem2_attendance,ATT_S2_25881A6637_A9009EC,STU_25881A6637,SUB_2_A9009
25881A6637,SIRIPELLY RAMAKRISHNA,A,2,A9011,English for Skills Enhancement,73.91,34,46,sem2_attendance,ATT_S2_25881A6637_A9011ESE,STU_25881A6637,SUB_2_A9011
25881A6637,SIRIPELLY RAMAKRISHNA,A,2,A9503,Data Structures,75.0,48,64,sem2_attendance,ATT_S2_25881A6637_A9503DS,STU_25881A6637,SUB_2_A9503
25881A6637,SIRIPELLY RAMAKRISHNA,A,2,A9402,Digital Electronics,72.88,43,59,sem2_attendance,ATT_S2_25881A6637_A9402DE,STU_25881A6637,SUB_2_A9402
25881A6637,SIRIPELLY RAMAKRISHNA,A,2,A9010,Engineering Chemistry Laboratory,71.43,30,42,sem2_attendance,ATT_S2_25881A6637_A9010ECL,STU_25881A6637,SUB_2_A9010
25881A6637,SIRIPELLY RAMAKRISHNA,A,2,A9012,English Language and Communication Skills Laboratory,60.0,27,45,sem2_attendance,ATT_S2_25881A6637_A9012ESEL,STU_25881A6637,SUB_2_A9012
25881A6637,SIRIPELLY RAMAKRISHNA,A,2,A9504,Data Structures Laboratory,86.21,25,29,sem2_attendance,ATT_S2_25881A6637_A9504DSL,STU_25881A6637,SUB_2_A9504
25881A6637,SIRIPELLY RAMAKRISHNA,A,2,A9304,Computer Aided Engineering Graphics,66.67,30,45,sem2_attendance,ATT_S2_25881A6637_A9304CAEG,STU_25881A6637,SUB_2_A9304
25881A6637,SIRIPELLY RAMAKRISHNA,A,2,A9022,Product Design and Development,87.5,42,48,sem2_attendance,ATT_S2_25881A6637_A9022PDD,STU_25881A6637,SUB_2_A9022
25881A6638,BANDI RAMCHARAN,A,2,A9002,Ordinary Differential Equations and Vector Calculus,64.86,48,74,sem2_attendance,ATT_S2_25881A6638_A9002ODECV,STU_25881A6638,SUB_2_A9002
25881A6638,BANDI RAMCHARAN,A,2,A9009,Engineering Chemistry,74.19,46,62,sem2_attendance,ATT_S2_25881A6638_A9009EC,STU_25881A6638,SUB_2_A9009
25881A6638,BANDI RAMCHARAN,A,2,A9011,English for Skills Enhancement,78.26,36,46,sem2_attendance,ATT_S2_25881A6638_A9011ESE,STU_25881A6638,SUB_2_A9011
25881A6638,BANDI RAMCHARAN,A,2,A9503,Data Structures,76.56,49,64,sem2_attendance,ATT_S2_25881A6638_A9503DS,STU_25881A6638,SUB_2_A9503
25881A6638,BANDI RAMCHARAN,A,2,A9402,Digital Electronics,79.66,47,59,sem2_attendance,ATT_S2_25881A6638_A9402DE,STU_25881A6638,SUB_2_A9402
25881A6638,BANDI RAMCHARAN,A,2,A9010,Engineering Chemistry Laboratory,78.57,33,42,sem2_attendance,ATT_S2_25881A6638_A9010ECL,STU_25881A6638,SUB_2_A9010
25881A6638,BANDI RAMCHARAN,A,2,A9012,English Language and Communication Skills Laboratory,80.0,36,45,sem2_attendance,ATT_S2_25881A6638_A9012ESEL,STU_25881A6638,SUB_2_A9012
25881A6638,BANDI RAMCHARAN,A,2,A9504,Data Structures Laboratory,93.1,27,29,sem2_attendance,ATT_S2_25881A6638_A9504DSL,STU_25881A6638,SUB_2_A9504
25881A6638,BANDI RAMCHARAN,A,2,A9304,Computer Aided Engineering Graphics,100.0,45,45,sem2_attendance,ATT_S2_25881A6638_A9304CAEG,STU_25881A6638,SUB_2_A9304
25881A6638,BANDI RAMCHARAN,A,2,A9022,Product Design and Development,81.25,39,48,sem2_attendance,ATT_S2_25881A6638_A9022PDD,STU_25881A6638,SUB_2_A9022
25881A6639,ANKAM RISHITHA,A,2,A9002,Ordinary Differential Equations and Vector Calculus,89.19,66,74,sem2_attendance,ATT_S2_25881A6639_A9002ODECV,STU_25881A6639,SUB_2_A9002
25881A6639,ANKAM RISHITHA,A,2,A9009,Engineering Chemistry,82.26,51,62,sem2_attendance,ATT_S2_25881A6639_A9009EC,STU_25881A6639,SUB_2_A9009
25881A6639,ANKAM RISHITHA,A,2,A9011,English for Skills Enhancement,86.96,40,46,sem2_attendance,ATT_S2_25881A6639_A9011ESE,STU_25881A6639,SUB_2_A9011
25881A6639,ANKAM RISHITHA,A,2,A9503,Data Structures,79.69,51,64,sem2_attendance,ATT_S2_25881A6639_A9503DS,STU_25881A6639,SUB_2_A9503
25881A6639,ANKAM RISHITHA,A,2,A9402,Digital Electronics,93.22,55,59,sem2_attendance,ATT_S2_25881A6639_A9402DE,STU_25881A6639,SUB_2_A9402
25881A6639,ANKAM RISHITHA,A,2,A9010,Engineering Chemistry Laboratory,85.71,36,42,sem2_attendance,ATT_S2_25881A6639_A9010ECL,STU_25881A6639,SUB_2_A9010
25881A6639,ANKAM RISHITHA,A,2,A9012,English Language and Communication Skills Laboratory,93.33,42,45,sem2_attendance,ATT_S2_25881A6639_A9012ESEL,STU_25881A6639,SUB_2_A9012
25881A6639,ANKAM RISHITHA,A,2,A9504,Data Structures Laboratory,93.1,27,29,sem2_attendance,ATT_S2_25881A6639_A9504DSL,STU_25881A6639,SUB_2_A9504
25881A6639,ANKAM RISHITHA,A,2,A9304,Computer Aided Engineering Graphics,82.22,37,45,sem2_attendance,ATT_S2_25881A6639_A9304CAEG,STU_25881A6639,SUB_2_A9304
25881A6639,ANKAM RISHITHA,A,2,A9022,Product Design and Development,87.5,42,48,sem2_attendance,ATT_S2_25881A6639_A9022PDD,STU_25881A6639,SUB_2_A9022
25881A6640,PALVAI SAHAN REDDY,A,2,A9002,Ordinary Differential Equations and Vector Calculus,70.27,52,74,sem2_attendance,ATT_S2_25881A6640_A9002ODECV,STU_25881A6640,SUB_2_A9002
25881A6640,PALVAI SAHAN REDDY,A,2,A9009,Engineering Chemistry,77.42,48,62,sem2_attendance,ATT_S2_25881A6640_A9009EC,STU_25881A6640,SUB_2_A9009
25881A6640,PALVAI SAHAN REDDY,A,2,A9011,English for Skills Enhancement,80.43,37,46,sem2_attendance,ATT_S2_25881A6640_A9011ESE,STU_25881A6640,SUB_2_A9011
25881A6640,PALVAI SAHAN REDDY,A,2,A9503,Data Structures,75.0,48,64,sem2_attendance,ATT_S2_25881A6640_A9503DS,STU_25881A6640,SUB_2_A9503
25881A6640,PALVAI SAHAN REDDY,A,2,A9402,Digital Electronics,79.66,47,59,sem2_attendance,ATT_S2_25881A6640_A9402DE,STU_25881A6640,SUB_2_A9402
25881A6640,PALVAI SAHAN REDDY,A,2,A9010,Engineering Chemistry Laboratory,85.71,36,42,sem2_attendance,ATT_S2_25881A6640_A9010ECL,STU_25881A6640,SUB_2_A9010
25881A6640,PALVAI SAHAN REDDY,A,2,A9012,English Language and Communication Skills Laboratory,86.67,39,45,sem2_attendance,ATT_S2_25881A6640_A9012ESEL,STU_25881A6640,SUB_2_A9012
25881A6640,PALVAI SAHAN REDDY,A,2,A9504,Data Structures Laboratory,93.1,27,29,sem2_attendance,ATT_S2_25881A6640_A9504DSL,STU_25881A6640,SUB_2_A9504
25881A6640,PALVAI SAHAN REDDY,A,2,A9304,Computer Aided Engineering Graphics,93.33,42,45,sem2_attendance,ATT_S2_25881A6640_A9304CAEG,STU_25881A6640,SUB_2_A9304
25881A6640,PALVAI SAHAN REDDY,A,2,A9022,Product Design and Development,87.5,42,48,sem2_attendance,ATT_S2_25881A6640_A9022PDD,STU_25881A6640,SUB_2_A9022
25881A6641,GATTU SAI NATH,A,2,A9002,Ordinary Differential Equations and Vector Calculus,71.62,53,74,sem2_attendance,ATT_S2_25881A6641_A9002ODECV,STU_25881A6641,SUB_2_A9002
25881A6641,GATTU SAI NATH,A,2,A9009,Engineering Chemistry,77.42,48,62,sem2_attendance,ATT_S2_25881A6641_A9009EC,STU_25881A6641,SUB_2_A9009
25881A6641,GATTU SAI NATH,A,2,A9011,English for Skills Enhancement,80.43,37,46,sem2_attendance,ATT_S2_25881A6641_A9011ESE,STU_25881A6641,SUB_2_A9011
25881A6641,GATTU SAI NATH,A,2,A9503,Data Structures,76.56,49,64,sem2_attendance,ATT_S2_25881A6641_A9503DS,STU_25881A6641,SUB_2_A9503
25881A6641,GATTU SAI NATH,A,2,A9402,Digital Electronics,71.19,42,59,sem2_attendance,ATT_S2_25881A6641_A9402DE,STU_25881A6641,SUB_2_A9402
25881A6641,GATTU SAI NATH,A,2,A9010,Engineering Chemistry Laboratory,85.71,36,42,sem2_attendance,ATT_S2_25881A6641_A9010ECL,STU_25881A6641,SUB_2_A9010
25881A6641,GATTU SAI NATH,A,2,A9012,English Language and Communication Skills Laboratory,66.67,30,45,sem2_attendance,ATT_S2_25881A6641_A9012ESEL,STU_25881A6641,SUB_2_A9012
25881A6641,GATTU SAI NATH,A,2,A9504,Data Structures Laboratory,79.31,23,29,sem2_attendance,ATT_S2_25881A6641_A9504DSL,STU_25881A6641,SUB_2_A9504
25881A6641,GATTU SAI NATH,A,2,A9304,Computer Aided Engineering Graphics,73.33,33,45,sem2_attendance,ATT_S2_25881A6641_A9304CAEG,STU_25881A6641,SUB_2_A9304
25881A6641,GATTU SAI NATH,A,2,A9022,Product Design and Development,87.5,42,48,sem2_attendance,ATT_S2_25881A6641_A9022PDD,STU_25881A6641,SUB_2_A9022
25881A6642,SIDDAMSETTI SAI VAISHNAVI,A,2,A9002,Ordinary Differential Equations and Vector Calculus,93.24,69,74,sem2_attendance,ATT_S2_25881A6642_A9002ODECV,STU_25881A6642,SUB_2_A9002
25881A6642,SIDDAMSETTI SAI VAISHNAVI,A,2,A9009,Engineering Chemistry,90.32,56,62,sem2_attendance,ATT_S2_25881A6642_A9009EC,STU_25881A6642,SUB_2_A9009
25881A6642,SIDDAMSETTI SAI VAISHNAVI,A,2,A9011,English for Skills Enhancement,91.3,42,46,sem2_attendance,ATT_S2_25881A6642_A9011ESE,STU_25881A6642,SUB_2_A9011
25881A6642,SIDDAMSETTI SAI VAISHNAVI,A,2,A9503,Data Structures,96.88,62,64,sem2_attendance,ATT_S2_25881A6642_A9503DS,STU_25881A6642,SUB_2_A9503
25881A6642,SIDDAMSETTI SAI VAISHNAVI,A,2,A9402,Digital Electronics,94.92,56,59,sem2_attendance,ATT_S2_25881A6642_A9402DE,STU_25881A6642,SUB_2_A9402
25881A6642,SIDDAMSETTI SAI VAISHNAVI,A,2,A9010,Engineering Chemistry Laboratory,92.86,39,42,sem2_attendance,ATT_S2_25881A6642_A9010ECL,STU_25881A6642,SUB_2_A9010
25881A6642,SIDDAMSETTI SAI VAISHNAVI,A,2,A9012,English Language and Communication Skills Laboratory,86.67,39,45,sem2_attendance,ATT_S2_25881A6642_A9012ESEL,STU_25881A6642,SUB_2_A9012
25881A6642,SIDDAMSETTI SAI VAISHNAVI,A,2,A9504,Data Structures Laboratory,100.0,29,29,sem2_attendance,ATT_S2_25881A6642_A9504DSL,STU_25881A6642,SUB_2_A9504
25881A6642,SIDDAMSETTI SAI VAISHNAVI,A,2,A9304,Computer Aided Engineering Graphics,93.33,42,45,sem2_attendance,ATT_S2_25881A6642_A9304CAEG,STU_25881A6642,SUB_2_A9304
25881A6642,SIDDAMSETTI SAI VAISHNAVI,A,2,A9022,Product Design and Development,87.5,42,48,sem2_attendance,ATT_S2_25881A6642_A9022PDD,STU_25881A6642,SUB_2_A9022
25881A6643,SAICHARAN REDDY KARNATI,A,2,A9002,Ordinary Differential Equations and Vector Calculus,89.19,66,74,sem2_attendance,ATT_S2_25881A6643_A9002ODECV,STU_25881A6643,SUB_2_A9002
25881A6643,SAICHARAN REDDY KARNATI,A,2,A9009,Engineering Chemistry,83.87,52,62,sem2_attendance,ATT_S2_25881A6643_A9009EC,STU_25881A6643,SUB_2_A9009
25881A6643,SAICHARAN REDDY KARNATI,A,2,A9011,English for Skills Enhancement,84.78,39,46,sem2_attendance,ATT_S2_25881A6643_A9011ESE,STU_25881A6643,SUB_2_A9011
25881A6643,SAICHARAN REDDY KARNATI,A,2,A9503,Data Structures,85.94,55,64,sem2_attendance,ATT_S2_25881A6643_A9503DS,STU_25881A6643,SUB_2_A9503
25881A6643,SAICHARAN REDDY KARNATI,A,2,A9402,Digital Electronics,96.61,57,59,sem2_attendance,ATT_S2_25881A6643_A9402DE,STU_25881A6643,SUB_2_A9402
25881A6643,SAICHARAN REDDY KARNATI,A,2,A9010,Engineering Chemistry Laboratory,100.0,42,42,sem2_attendance,ATT_S2_25881A6643_A9010ECL,STU_25881A6643,SUB_2_A9010
25881A6643,SAICHARAN REDDY KARNATI,A,2,A9012,English Language and Communication Skills Laboratory,80.0,36,45,sem2_attendance,ATT_S2_25881A6643_A9012ESEL,STU_25881A6643,SUB_2_A9012
25881A6643,SAICHARAN REDDY KARNATI,A,2,A9504,Data Structures Laboratory,86.21,25,29,sem2_attendance,ATT_S2_25881A6643_A9504DSL,STU_25881A6643,SUB_2_A9504
25881A6643,SAICHARAN REDDY KARNATI,A,2,A9304,Computer Aided Engineering Graphics,73.33,33,45,sem2_attendance,ATT_S2_25881A6643_A9304CAEG,STU_25881A6643,SUB_2_A9304
25881A6643,SAICHARAN REDDY KARNATI,A,2,A9022,Product Design and Development,93.75,45,48,sem2_attendance,ATT_S2_25881A6643_A9022PDD,STU_25881A6643,SUB_2_A9022
25881A6644,MEKALA SAISRI,A,2,A9002,Ordinary Differential Equations and Vector Calculus,74.32,55,74,sem2_attendance,ATT_S2_25881A6644_A9002ODECV,STU_25881A6644,SUB_2_A9002
25881A6644,MEKALA SAISRI,A,2,A9009,Engineering Chemistry,79.03,49,62,sem2_attendance,ATT_S2_25881A6644_A9009EC,STU_25881A6644,SUB_2_A9009
25881A6644,MEKALA SAISRI,A,2,A9011,English for Skills Enhancement,86.96,40,46,sem2_attendance,ATT_S2_25881A6644_A9011ESE,STU_25881A6644,SUB_2_A9011
25881A6644,MEKALA SAISRI,A,2,A9503,Data Structures,76.56,49,64,sem2_attendance,ATT_S2_25881A6644_A9503DS,STU_25881A6644,SUB_2_A9503
25881A6644,MEKALA SAISRI,A,2,A9402,Digital Electronics,76.27,45,59,sem2_attendance,ATT_S2_25881A6644_A9402DE,STU_25881A6644,SUB_2_A9402
25881A6644,MEKALA SAISRI,A,2,A9010,Engineering Chemistry Laboratory,92.86,39,42,sem2_attendance,ATT_S2_25881A6644_A9010ECL,STU_25881A6644,SUB_2_A9010
25881A6644,MEKALA SAISRI,A,2,A9012,English Language and Communication Skills Laboratory,86.67,39,45,sem2_attendance,ATT_S2_25881A6644_A9012ESEL,STU_25881A6644,SUB_2_A9012
25881A6644,MEKALA SAISRI,A,2,A9504,Data Structures Laboratory,86.21,25,29,sem2_attendance,ATT_S2_25881A6644_A9504DSL,STU_25881A6644,SUB_2_A9504
25881A6644,MEKALA SAISRI,A,2,A9304,Computer Aided Engineering Graphics,80.0,36,45,sem2_attendance,ATT_S2_25881A6644_A9304CAEG,STU_25881A6644,SUB_2_A9304
25881A6644,MEKALA SAISRI,A,2,A9022,Product Design and Development,81.25,39,48,sem2_attendance,ATT_S2_25881A6644_A9022PDD,STU_25881A6644,SUB_2_A9022
25881A6645,SYED SHAHNAWAZ,A,2,A9002,Ordinary Differential Equations and Vector Calculus,78.38,58,74,sem2_attendance,ATT_S2_25881A6645_A9002ODECV,STU_25881A6645,SUB_2_A9002
25881A6645,SYED SHAHNAWAZ,A,2,A9009,Engineering Chemistry,66.13,41,62,sem2_attendance,ATT_S2_25881A6645_A9009EC,STU_25881A6645,SUB_2_A9009
25881A6645,SYED SHAHNAWAZ,A,2,A9011,English for Skills Enhancement,71.74,33,46,sem2_attendance,ATT_S2_25881A6645_A9011ESE,STU_25881A6645,SUB_2_A9011
25881A6645,SYED SHAHNAWAZ,A,2,A9503,Data Structures,67.19,43,64,sem2_attendance,ATT_S2_25881A6645_A9503DS,STU_25881A6645,SUB_2_A9503
25881A6645,SYED SHAHNAWAZ,A,2,A9402,Digital Electronics,79.66,47,59,sem2_attendance,ATT_S2_25881A6645_A9402DE,STU_25881A6645,SUB_2_A9402
25881A6645,SYED SHAHNAWAZ,A,2,A9010,Engineering Chemistry Laboratory,78.57,33,42,sem2_attendance,ATT_S2_25881A6645_A9010ECL,STU_25881A6645,SUB_2_A9010
25881A6645,SYED SHAHNAWAZ,A,2,A9012,English Language and Communication Skills Laboratory,86.67,39,45,sem2_attendance,ATT_S2_25881A6645_A9012ESEL,STU_25881A6645,SUB_2_A9012
25881A6645,SYED SHAHNAWAZ,A,2,A9504,Data Structures Laboratory,79.31,23,29,sem2_attendance,ATT_S2_25881A6645_A9504DSL,STU_25881A6645,SUB_2_A9504
25881A6645,SYED SHAHNAWAZ,A,2,A9304,Computer Aided Engineering Graphics,100.0,45,45,sem2_attendance,ATT_S2_25881A6645_A9304CAEG,STU_25881A6645,SUB_2_A9304
25881A6645,SYED SHAHNAWAZ,A,2,A9022,Product Design and Development,93.75,45,48,sem2_attendance,ATT_S2_25881A6645_A9022PDD,STU_25881A6645,SUB_2_A9022
25881A6646,DHARAVATH SHARATH KUMAR,A,2,A9002,Ordinary Differential Equations and Vector Calculus,72.97,54,74,sem2_attendance,ATT_S2_25881A6646_A9002ODECV,STU_25881A6646,SUB_2_A9002
25881A6646,DHARAVATH SHARATH KUMAR,A,2,A9009,Engineering Chemistry,79.03,49,62,sem2_attendance,ATT_S2_25881A6646_A9009EC,STU_25881A6646,SUB_2_A9009
25881A6646,DHARAVATH SHARATH KUMAR,A,2,A9011,English for Skills Enhancement,80.43,37,46,sem2_attendance,ATT_S2_25881A6646_A9011ESE,STU_25881A6646,SUB_2_A9011
25881A6646,DHARAVATH SHARATH KUMAR,A,2,A9503,Data Structures,82.81,53,64,sem2_attendance,ATT_S2_25881A6646_A9503DS,STU_25881A6646,SUB_2_A9503
25881A6646,DHARAVATH SHARATH KUMAR,A,2,A9402,Digital Electronics,83.05,49,59,sem2_attendance,ATT_S2_25881A6646_A9402DE,STU_25881A6646,SUB_2_A9402
25881A6646,DHARAVATH SHARATH KUMAR,A,2,A9010,Engineering Chemistry Laboratory,78.57,33,42,sem2_attendance,ATT_S2_25881A6646_A9010ECL,STU_25881A6646,SUB_2_A9010
25881A6646,DHARAVATH SHARATH KUMAR,A,2,A9012,English Language and Communication Skills Laboratory,80.0,36,45,sem2_attendance,ATT_S2_25881A6646_A9012ESEL,STU_25881A6646,SUB_2_A9012
25881A6646,DHARAVATH SHARATH KUMAR,A,2,A9504,Data Structures Laboratory,100.0,29,29,sem2_attendance,ATT_S2_25881A6646_A9504DSL,STU_25881A6646,SUB_2_A9504
25881A6646,DHARAVATH SHARATH KUMAR,A,2,A9304,Computer Aided Engineering Graphics,95.56,43,45,sem2_attendance,ATT_S2_25881A6646_A9304CAEG,STU_25881A6646,SUB_2_A9304
25881A6646,DHARAVATH SHARATH KUMAR,A,2,A9022,Product Design and Development,93.75,45,48,sem2_attendance,ATT_S2_25881A6646_A9022PDD,STU_25881A6646,SUB_2_A9022
25881A6647,CH SHREYAS,A,2,A9002,Ordinary Differential Equations and Vector Calculus,71.62,53,74,sem2_attendance,ATT_S2_25881A6647_A9002ODECV,STU_25881A6647,SUB_2_A9002
25881A6647,CH SHREYAS,A,2,A9009,Engineering Chemistry,75.81,47,62,sem2_attendance,ATT_S2_25881A6647_A9009EC,STU_25881A6647,SUB_2_A9009
25881A6647,CH SHREYAS,A,2,A9011,English for Skills Enhancement,71.74,33,46,sem2_attendance,ATT_S2_25881A6647_A9011ESE,STU_25881A6647,SUB_2_A9011
25881A6647,CH SHREYAS,A,2,A9503,Data Structures,70.31,45,64,sem2_attendance,ATT_S2_25881A6647_A9503DS,STU_25881A6647,SUB_2_A9503
25881A6647,CH SHREYAS,A,2,A9402,Digital Electronics,83.05,49,59,sem2_attendance,ATT_S2_25881A6647_A9402DE,STU_25881A6647,SUB_2_A9402
25881A6647,CH SHREYAS,A,2,A9010,Engineering Chemistry Laboratory,92.86,39,42,sem2_attendance,ATT_S2_25881A6647_A9010ECL,STU_25881A6647,SUB_2_A9010
25881A6647,CH SHREYAS,A,2,A9012,English Language and Communication Skills Laboratory,93.33,42,45,sem2_attendance,ATT_S2_25881A6647_A9012ESEL,STU_25881A6647,SUB_2_A9012
25881A6647,CH SHREYAS,A,2,A9504,Data Structures Laboratory,79.31,23,29,sem2_attendance,ATT_S2_25881A6647_A9504DSL,STU_25881A6647,SUB_2_A9504
25881A6647,CH SHREYAS,A,2,A9304,Computer Aided Engineering Graphics,86.67,39,45,sem2_attendance,ATT_S2_25881A6647_A9304CAEG,STU_25881A6647,SUB_2_A9304
25881A6647,CH SHREYAS,A,2,A9022,Product Design and Development,93.75,45,48,sem2_attendance,ATT_S2_25881A6647_A9022PDD,STU_25881A6647,SUB_2_A9022
25881A6648,THALLA SHRINIDHI,A,2,A9002,Ordinary Differential Equations and Vector Calculus,75.68,56,74,sem2_attendance,ATT_S2_25881A6648_A9002ODECV,STU_25881A6648,SUB_2_A9002
25881A6648,THALLA SHRINIDHI,A,2,A9009,Engineering Chemistry,82.26,51,62,sem2_attendance,ATT_S2_25881A6648_A9009EC,STU_25881A6648,SUB_2_A9009
25881A6648,THALLA SHRINIDHI,A,2,A9011,English for Skills Enhancement,80.43,37,46,sem2_attendance,ATT_S2_25881A6648_A9011ESE,STU_25881A6648,SUB_2_A9011
25881A6648,THALLA SHRINIDHI,A,2,A9503,Data Structures,79.69,51,64,sem2_attendance,ATT_S2_25881A6648_A9503DS,STU_25881A6648,SUB_2_A9503
25881A6648,THALLA SHRINIDHI,A,2,A9402,Digital Electronics,91.53,54,59,sem2_attendance,ATT_S2_25881A6648_A9402DE,STU_25881A6648,SUB_2_A9402
25881A6648,THALLA SHRINIDHI,A,2,A9010,Engineering Chemistry Laboratory,100.0,42,42,sem2_attendance,ATT_S2_25881A6648_A9010ECL,STU_25881A6648,SUB_2_A9010
25881A6648,THALLA SHRINIDHI,A,2,A9012,English Language and Communication Skills Laboratory,93.33,42,45,sem2_attendance,ATT_S2_25881A6648_A9012ESEL,STU_25881A6648,SUB_2_A9012
25881A6648,THALLA SHRINIDHI,A,2,A9504,Data Structures Laboratory,79.31,23,29,sem2_attendance,ATT_S2_25881A6648_A9504DSL,STU_25881A6648,SUB_2_A9504
25881A6648,THALLA SHRINIDHI,A,2,A9304,Computer Aided Engineering Graphics,86.67,39,45,sem2_attendance,ATT_S2_25881A6648_A9304CAEG,STU_25881A6648,SUB_2_A9304
25881A6648,THALLA SHRINIDHI,A,2,A9022,Product Design and Development,81.25,39,48,sem2_attendance,ATT_S2_25881A6648_A9022PDD,STU_25881A6648,SUB_2_A9022
25881A6649,KARPE SIRIVALLI,A,2,A9002,Ordinary Differential Equations and Vector Calculus,94.59,70,74,sem2_attendance,ATT_S2_25881A6649_A9002ODECV,STU_25881A6649,SUB_2_A9002
25881A6649,KARPE SIRIVALLI,A,2,A9009,Engineering Chemistry,95.16,59,62,sem2_attendance,ATT_S2_25881A6649_A9009EC,STU_25881A6649,SUB_2_A9009
25881A6649,KARPE SIRIVALLI,A,2,A9011,English for Skills Enhancement,93.48,43,46,sem2_attendance,ATT_S2_25881A6649_A9011ESE,STU_25881A6649,SUB_2_A9011
25881A6649,KARPE SIRIVALLI,A,2,A9503,Data Structures,92.19,59,64,sem2_attendance,ATT_S2_25881A6649_A9503DS,STU_25881A6649,SUB_2_A9503
25881A6649,KARPE SIRIVALLI,A,2,A9402,Digital Electronics,94.92,56,59,sem2_attendance,ATT_S2_25881A6649_A9402DE,STU_25881A6649,SUB_2_A9402
25881A6649,KARPE SIRIVALLI,A,2,A9010,Engineering Chemistry Laboratory,92.86,39,42,sem2_attendance,ATT_S2_25881A6649_A9010ECL,STU_25881A6649,SUB_2_A9010
25881A6649,KARPE SIRIVALLI,A,2,A9012,English Language and Communication Skills Laboratory,93.33,42,45,sem2_attendance,ATT_S2_25881A6649_A9012ESEL,STU_25881A6649,SUB_2_A9012
25881A6649,KARPE SIRIVALLI,A,2,A9504,Data Structures Laboratory,96.55,28,29,sem2_attendance,ATT_S2_25881A6649_A9504DSL,STU_25881A6649,SUB_2_A9504
25881A6649,KARPE SIRIVALLI,A,2,A9304,Computer Aided Engineering Graphics,80.0,36,45,sem2_attendance,ATT_S2_25881A6649_A9304CAEG,STU_25881A6649,SUB_2_A9304
25881A6649,KARPE SIRIVALLI,A,2,A9022,Product Design and Development,93.75,45,48,sem2_attendance,ATT_S2_25881A6649_A9022PDD,STU_25881A6649,SUB_2_A9022
25881A6650,APPANA SOWMYA SRI,A,2,A9002,Ordinary Differential Equations and Vector Calculus,47.3,35,74,sem2_attendance,ATT_S2_25881A6650_A9002ODECV,STU_25881A6650,SUB_2_A9002
25881A6650,APPANA SOWMYA SRI,A,2,A9009,Engineering Chemistry,61.29,38,62,sem2_attendance,ATT_S2_25881A6650_A9009EC,STU_25881A6650,SUB_2_A9009
25881A6650,APPANA SOWMYA SRI,A,2,A9011,English for Skills Enhancement,73.91,34,46,sem2_attendance,ATT_S2_25881A6650_A9011ESE,STU_25881A6650,SUB_2_A9011
25881A6650,APPANA SOWMYA SRI,A,2,A9503,Data Structures,62.5,40,64,sem2_attendance,ATT_S2_25881A6650_A9503DS,STU_25881A6650,SUB_2_A9503
25881A6650,APPANA SOWMYA SRI,A,2,A9402,Digital Electronics,67.8,40,59,sem2_attendance,ATT_S2_25881A6650_A9402DE,STU_25881A6650,SUB_2_A9402
25881A6650,APPANA SOWMYA SRI,A,2,A9010,Engineering Chemistry Laboratory,71.43,30,42,sem2_attendance,ATT_S2_25881A6650_A9010ECL,STU_25881A6650,SUB_2_A9010
25881A6650,APPANA SOWMYA SRI,A,2,A9012,English Language and Communication Skills Laboratory,66.67,30,45,sem2_attendance,ATT_S2_25881A6650_A9012ESEL,STU_25881A6650,SUB_2_A9012
25881A6650,APPANA SOWMYA SRI,A,2,A9504,Data Structures Laboratory,82.76,24,29,sem2_attendance,ATT_S2_25881A6650_A9504DSL,STU_25881A6650,SUB_2_A9504
25881A6650,APPANA SOWMYA SRI,A,2,A9304,Computer Aided Engineering Graphics,66.67,30,45,sem2_attendance,ATT_S2_25881A6650_A9304CAEG,STU_25881A6650,SUB_2_A9304
25881A6650,APPANA SOWMYA SRI,A,2,A9022,Product Design and Development,75.0,36,48,sem2_attendance,ATT_S2_25881A6650_A9022PDD,STU_25881A6650,SUB_2_A9022
25881A6651,SANGANI SRI CHANDANA,A,2,A9002,Ordinary Differential Equations and Vector Calculus,72.97,54,74,sem2_attendance,ATT_S2_25881A6651_A9002ODECV,STU_25881A6651,SUB_2_A9002
25881A6651,SANGANI SRI CHANDANA,A,2,A9009,Engineering Chemistry,82.26,51,62,sem2_attendance,ATT_S2_25881A6651_A9009EC,STU_25881A6651,SUB_2_A9009
25881A6651,SANGANI SRI CHANDANA,A,2,A9011,English for Skills Enhancement,86.96,40,46,sem2_attendance,ATT_S2_25881A6651_A9011ESE,STU_25881A6651,SUB_2_A9011
25881A6651,SANGANI SRI CHANDANA,A,2,A9503,Data Structures,82.81,53,64,sem2_attendance,ATT_S2_25881A6651_A9503DS,STU_25881A6651,SUB_2_A9503
25881A6651,SANGANI SRI CHANDANA,A,2,A9402,Digital Electronics,77.97,46,59,sem2_attendance,ATT_S2_25881A6651_A9402DE,STU_25881A6651,SUB_2_A9402
25881A6651,SANGANI SRI CHANDANA,A,2,A9010,Engineering Chemistry Laboratory,85.71,36,42,sem2_attendance,ATT_S2_25881A6651_A9010ECL,STU_25881A6651,SUB_2_A9010
25881A6651,SANGANI SRI CHANDANA,A,2,A9012,English Language and Communication Skills Laboratory,86.67,39,45,sem2_attendance,ATT_S2_25881A6651_A9012ESEL,STU_25881A6651,SUB_2_A9012
25881A6651,SANGANI SRI CHANDANA,A,2,A9504,Data Structures Laboratory,93.1,27,29,sem2_attendance,ATT_S2_25881A6651_A9504DSL,STU_25881A6651,SUB_2_A9504
25881A6651,SANGANI SRI CHANDANA,A,2,A9304,Computer Aided Engineering Graphics,86.67,39,45,sem2_attendance,ATT_S2_25881A6651_A9304CAEG,STU_25881A6651,SUB_2_A9304
25881A6651,SANGANI SRI CHANDANA,A,2,A9022,Product Design and Development,87.5,42,48,sem2_attendance,ATT_S2_25881A6651_A9022PDD,STU_25881A6651,SUB_2_A9022
25881A6652,PEDDI SRICHARAN,A,2,A9002,Ordinary Differential Equations and Vector Calculus,71.62,53,74,sem2_attendance,ATT_S2_25881A6652_A9002ODECV,STU_25881A6652,SUB_2_A9002
25881A6652,PEDDI SRICHARAN,A,2,A9009,Engineering Chemistry,69.35,43,62,sem2_attendance,ATT_S2_25881A6652_A9009EC,STU_25881A6652,SUB_2_A9009
25881A6652,PEDDI SRICHARAN,A,2,A9011,English for Skills Enhancement,73.91,34,46,sem2_attendance,ATT_S2_25881A6652_A9011ESE,STU_25881A6652,SUB_2_A9011
25881A6652,PEDDI SRICHARAN,A,2,A9503,Data Structures,70.31,45,64,sem2_attendance,ATT_S2_25881A6652_A9503DS,STU_25881A6652,SUB_2_A9503
25881A6652,PEDDI SRICHARAN,A,2,A9402,Digital Electronics,77.97,46,59,sem2_attendance,ATT_S2_25881A6652_A9402DE,STU_25881A6652,SUB_2_A9402
25881A6652,PEDDI SRICHARAN,A,2,A9010,Engineering Chemistry Laboratory,78.57,33,42,sem2_attendance,ATT_S2_25881A6652_A9010ECL,STU_25881A6652,SUB_2_A9010
25881A6652,PEDDI SRICHARAN,A,2,A9012,English Language and Communication Skills Laboratory,86.67,39,45,sem2_attendance,ATT_S2_25881A6652_A9012ESEL,STU_25881A6652,SUB_2_A9012
25881A6652,PEDDI SRICHARAN,A,2,A9504,Data Structures Laboratory,72.41,21,29,sem2_attendance,ATT_S2_25881A6652_A9504DSL,STU_25881A6652,SUB_2_A9504
25881A6652,PEDDI SRICHARAN,A,2,A9304,Computer Aided Engineering Graphics,80.0,36,45,sem2_attendance,ATT_S2_25881A6652_A9304CAEG,STU_25881A6652,SUB_2_A9304
25881A6652,PEDDI SRICHARAN,A,2,A9022,Product Design and Development,87.5,42,48,sem2_attendance,ATT_S2_25881A6652_A9022PDD,STU_25881A6652,SUB_2_A9022
25881A6653,JAVVAJI SRIJITH,A,2,A9002,Ordinary Differential Equations and Vector Calculus,77.03,57,74,sem2_attendance,ATT_S2_25881A6653_A9002ODECV,STU_25881A6653,SUB_2_A9002
25881A6653,JAVVAJI SRIJITH,A,2,A9009,Engineering Chemistry,85.48,53,62,sem2_attendance,ATT_S2_25881A6653_A9009EC,STU_25881A6653,SUB_2_A9009
25881A6653,JAVVAJI SRIJITH,A,2,A9011,English for Skills Enhancement,86.96,40,46,sem2_attendance,ATT_S2_25881A6653_A9011ESE,STU_25881A6653,SUB_2_A9011
25881A6653,JAVVAJI SRIJITH,A,2,A9503,Data Structures,82.81,53,64,sem2_attendance,ATT_S2_25881A6653_A9503DS,STU_25881A6653,SUB_2_A9503
25881A6653,JAVVAJI SRIJITH,A,2,A9402,Digital Electronics,84.75,50,59,sem2_attendance,ATT_S2_25881A6653_A9402DE,STU_25881A6653,SUB_2_A9402
25881A6653,JAVVAJI SRIJITH,A,2,A9010,Engineering Chemistry Laboratory,92.86,39,42,sem2_attendance,ATT_S2_25881A6653_A9010ECL,STU_25881A6653,SUB_2_A9010
25881A6653,JAVVAJI SRIJITH,A,2,A9012,English Language and Communication Skills Laboratory,86.67,39,45,sem2_attendance,ATT_S2_25881A6653_A9012ESEL,STU_25881A6653,SUB_2_A9012
25881A6653,JAVVAJI SRIJITH,A,2,A9504,Data Structures Laboratory,86.21,25,29,sem2_attendance,ATT_S2_25881A6653_A9504DSL,STU_25881A6653,SUB_2_A9504
25881A6653,JAVVAJI SRIJITH,A,2,A9304,Computer Aided Engineering Graphics,86.67,39,45,sem2_attendance,ATT_S2_25881A6653_A9304CAEG,STU_25881A6653,SUB_2_A9304
25881A6653,JAVVAJI SRIJITH,A,2,A9022,Product Design and Development,87.5,42,48,sem2_attendance,ATT_S2_25881A6653_A9022PDD,STU_25881A6653,SUB_2_A9022
25881A6654,MORTHAD SRINIDHI,A,2,A9002,Ordinary Differential Equations and Vector Calculus,78.38,58,74,sem2_attendance,ATT_S2_25881A6654_A9002ODECV,STU_25881A6654,SUB_2_A9002
25881A6654,MORTHAD SRINIDHI,A,2,A9009,Engineering Chemistry,75.81,47,62,sem2_attendance,ATT_S2_25881A6654_A9009EC,STU_25881A6654,SUB_2_A9009
25881A6654,MORTHAD SRINIDHI,A,2,A9011,English for Skills Enhancement,80.43,37,46,sem2_attendance,ATT_S2_25881A6654_A9011ESE,STU_25881A6654,SUB_2_A9011
25881A6654,MORTHAD SRINIDHI,A,2,A9503,Data Structures,82.81,53,64,sem2_attendance,ATT_S2_25881A6654_A9503DS,STU_25881A6654,SUB_2_A9503
25881A6654,MORTHAD SRINIDHI,A,2,A9402,Digital Electronics,86.44,51,59,sem2_attendance,ATT_S2_25881A6654_A9402DE,STU_25881A6654,SUB_2_A9402
25881A6654,MORTHAD SRINIDHI,A,2,A9010,Engineering Chemistry Laboratory,92.86,39,42,sem2_attendance,ATT_S2_25881A6654_A9010ECL,STU_25881A6654,SUB_2_A9010
25881A6654,MORTHAD SRINIDHI,A,2,A9012,English Language and Communication Skills Laboratory,93.33,42,45,sem2_attendance,ATT_S2_25881A6654_A9012ESEL,STU_25881A6654,SUB_2_A9012
25881A6654,MORTHAD SRINIDHI,A,2,A9504,Data Structures Laboratory,100.0,29,29,sem2_attendance,ATT_S2_25881A6654_A9504DSL,STU_25881A6654,SUB_2_A9504
25881A6654,MORTHAD SRINIDHI,A,2,A9304,Computer Aided Engineering Graphics,93.33,42,45,sem2_attendance,ATT_S2_25881A6654_A9304CAEG,STU_25881A6654,SUB_2_A9304
25881A6654,MORTHAD SRINIDHI,A,2,A9022,Product Design and Development,87.5,42,48,sem2_attendance,ATT_S2_25881A6654_A9022PDD,STU_25881A6654,SUB_2_A9022
25881A6655,CHANDA SRINIVASA SHAILESH GUPTA,A,2,A9002,Ordinary Differential Equations and Vector Calculus,91.89,68,74,sem2_attendance,ATT_S2_25881A6655_A9002ODECV,STU_25881A6655,SUB_2_A9002
25881A6655,CHANDA SRINIVASA SHAILESH GUPTA,A,2,A9009,Engineering Chemistry,88.71,55,62,sem2_attendance,ATT_S2_25881A6655_A9009EC,STU_25881A6655,SUB_2_A9009
25881A6655,CHANDA SRINIVASA SHAILESH GUPTA,A,2,A9011,English for Skills Enhancement,86.96,40,46,sem2_attendance,ATT_S2_25881A6655_A9011ESE,STU_25881A6655,SUB_2_A9011
25881A6655,CHANDA SRINIVASA SHAILESH GUPTA,A,2,A9503,Data Structures,96.88,62,64,sem2_attendance,ATT_S2_25881A6655_A9503DS,STU_25881A6655,SUB_2_A9503
25881A6655,CHANDA SRINIVASA SHAILESH GUPTA,A,2,A9402,Digital Electronics,100.0,59,59,sem2_attendance,ATT_S2_25881A6655_A9402DE,STU_25881A6655,SUB_2_A9402
25881A6655,CHANDA SRINIVASA SHAILESH GUPTA,A,2,A9010,Engineering Chemistry Laboratory,100.0,42,42,sem2_attendance,ATT_S2_25881A6655_A9010ECL,STU_25881A6655,SUB_2_A9010
25881A6655,CHANDA SRINIVASA SHAILESH GUPTA,A,2,A9012,English Language and Communication Skills Laboratory,86.67,39,45,sem2_attendance,ATT_S2_25881A6655_A9012ESEL,STU_25881A6655,SUB_2_A9012
25881A6655,CHANDA SRINIVASA SHAILESH GUPTA,A,2,A9504,Data Structures Laboratory,100.0,29,29,sem2_attendance,ATT_S2_25881A6655_A9504DSL,STU_25881A6655,SUB_2_A9504
25881A6655,CHANDA SRINIVASA SHAILESH GUPTA,A,2,A9304,Computer Aided Engineering Graphics,86.67,39,45,sem2_attendance,ATT_S2_25881A6655_A9304CAEG,STU_25881A6655,SUB_2_A9304
25881A6655,CHANDA SRINIVASA SHAILESH GUPTA,A,2,A9022,Product Design and Development,93.75,45,48,sem2_attendance,ATT_S2_25881A6655_A9022PDD,STU_25881A6655,SUB_2_A9022
25881A6656,Y SRIRAM,A,2,A9002,Ordinary Differential Equations and Vector Calculus,75.68,56,74,sem2_attendance,ATT_S2_25881A6656_A9002ODECV,STU_25881A6656,SUB_2_A9002
25881A6656,Y SRIRAM,A,2,A9009,Engineering Chemistry,61.29,38,62,sem2_attendance,ATT_S2_25881A6656_A9009EC,STU_25881A6656,SUB_2_A9009
25881A6656,Y SRIRAM,A,2,A9011,English for Skills Enhancement,69.57,32,46,sem2_attendance,ATT_S2_25881A6656_A9011ESE,STU_25881A6656,SUB_2_A9011
25881A6656,Y SRIRAM,A,2,A9503,Data Structures,67.19,43,64,sem2_attendance,ATT_S2_25881A6656_A9503DS,STU_25881A6656,SUB_2_A9503
25881A6656,Y SRIRAM,A,2,A9402,Digital Electronics,83.05,49,59,sem2_attendance,ATT_S2_25881A6656_A9402DE,STU_25881A6656,SUB_2_A9402
25881A6656,Y SRIRAM,A,2,A9010,Engineering Chemistry Laboratory,85.71,36,42,sem2_attendance,ATT_S2_25881A6656_A9010ECL,STU_25881A6656,SUB_2_A9010
25881A6656,Y SRIRAM,A,2,A9012,English Language and Communication Skills Laboratory,80.0,36,45,sem2_attendance,ATT_S2_25881A6656_A9012ESEL,STU_25881A6656,SUB_2_A9012
25881A6656,Y SRIRAM,A,2,A9504,Data Structures Laboratory,86.21,25,29,sem2_attendance,ATT_S2_25881A6656_A9504DSL,STU_25881A6656,SUB_2_A9504
25881A6656,Y SRIRAM,A,2,A9304,Computer Aided Engineering Graphics,100.0,45,45,sem2_attendance,ATT_S2_25881A6656_A9304CAEG,STU_25881A6656,SUB_2_A9304
25881A6656,Y SRIRAM,A,2,A9022,Product Design and Development,87.5,42,48,sem2_attendance,ATT_S2_25881A6656_A9022PDD,STU_25881A6656,SUB_2_A9022
25881A6657,THIPPANI SUDEEKSHA REDDY,A,2,A9002,Ordinary Differential Equations and Vector Calculus,48.65,36,74,sem2_attendance,ATT_S2_25881A6657_A9002ODECV,STU_25881A6657,SUB_2_A9002
25881A6657,THIPPANI SUDEEKSHA REDDY,A,2,A9009,Engineering Chemistry,70.97,44,62,sem2_attendance,ATT_S2_25881A6657_A9009EC,STU_25881A6657,SUB_2_A9009
25881A6657,THIPPANI SUDEEKSHA REDDY,A,2,A9011,English for Skills Enhancement,63.04,29,46,sem2_attendance,ATT_S2_25881A6657_A9011ESE,STU_25881A6657,SUB_2_A9011
25881A6657,THIPPANI SUDEEKSHA REDDY,A,2,A9503,Data Structures,59.38,38,64,sem2_attendance,ATT_S2_25881A6657_A9503DS,STU_25881A6657,SUB_2_A9503
25881A6657,THIPPANI SUDEEKSHA REDDY,A,2,A9402,Digital Electronics,64.41,38,59,sem2_attendance,ATT_S2_25881A6657_A9402DE,STU_25881A6657,SUB_2_A9402
25881A6657,THIPPANI SUDEEKSHA REDDY,A,2,A9010,Engineering Chemistry Laboratory,71.43,30,42,sem2_attendance,ATT_S2_25881A6657_A9010ECL,STU_25881A6657,SUB_2_A9010
25881A6657,THIPPANI SUDEEKSHA REDDY,A,2,A9012,English Language and Communication Skills Laboratory,66.67,30,45,sem2_attendance,ATT_S2_25881A6657_A9012ESEL,STU_25881A6657,SUB_2_A9012
25881A6657,THIPPANI SUDEEKSHA REDDY,A,2,A9504,Data Structures Laboratory,82.76,24,29,sem2_attendance,ATT_S2_25881A6657_A9504DSL,STU_25881A6657,SUB_2_A9504
25881A6657,THIPPANI SUDEEKSHA REDDY,A,2,A9304,Computer Aided Engineering Graphics,66.67,30,45,sem2_attendance,ATT_S2_25881A6657_A9304CAEG,STU_25881A6657,SUB_2_A9304
25881A6657,THIPPANI SUDEEKSHA REDDY,A,2,A9022,Product Design and Development,75.0,36,48,sem2_attendance,ATT_S2_25881A6657_A9022PDD,STU_25881A6657,SUB_2_A9022
25881A6658,MOHAMMED SUFIYAN,A,2,A9002,Ordinary Differential Equations and Vector Calculus,72.97,54,74,sem2_attendance,ATT_S2_25881A6658_A9002ODECV,STU_25881A6658,SUB_2_A9002
25881A6658,MOHAMMED SUFIYAN,A,2,A9009,Engineering Chemistry,85.48,53,62,sem2_attendance,ATT_S2_25881A6658_A9009EC,STU_25881A6658,SUB_2_A9009
25881A6658,MOHAMMED SUFIYAN,A,2,A9011,English for Skills Enhancement,86.96,40,46,sem2_attendance,ATT_S2_25881A6658_A9011ESE,STU_25881A6658,SUB_2_A9011
25881A6658,MOHAMMED SUFIYAN,A,2,A9503,Data Structures,89.06,57,64,sem2_attendance,ATT_S2_25881A6658_A9503DS,STU_25881A6658,SUB_2_A9503
25881A6658,MOHAMMED SUFIYAN,A,2,A9402,Digital Electronics,88.14,52,59,sem2_attendance,ATT_S2_25881A6658_A9402DE,STU_25881A6658,SUB_2_A9402
25881A6658,MOHAMMED SUFIYAN,A,2,A9010,Engineering Chemistry Laboratory,92.86,39,42,sem2_attendance,ATT_S2_25881A6658_A9010ECL,STU_25881A6658,SUB_2_A9010
25881A6658,MOHAMMED SUFIYAN,A,2,A9012,English Language and Communication Skills Laboratory,86.67,39,45,sem2_attendance,ATT_S2_25881A6658_A9012ESEL,STU_25881A6658,SUB_2_A9012
25881A6658,MOHAMMED SUFIYAN,A,2,A9504,Data Structures Laboratory,100.0,29,29,sem2_attendance,ATT_S2_25881A6658_A9504DSL,STU_25881A6658,SUB_2_A9504
25881A6658,MOHAMMED SUFIYAN,A,2,A9304,Computer Aided Engineering Graphics,93.33,42,45,sem2_attendance,ATT_S2_25881A6658_A9304CAEG,STU_25881A6658,SUB_2_A9304
25881A6658,MOHAMMED SUFIYAN,A,2,A9022,Product Design and Development,81.25,39,48,sem2_attendance,ATT_S2_25881A6658_A9022PDD,STU_25881A6658,SUB_2_A9022
25881A6659,MANDLA VAISHALI,A,2,A9002,Ordinary Differential Equations and Vector Calculus,78.38,58,74,sem2_attendance,ATT_S2_25881A6659_A9002ODECV,STU_25881A6659,SUB_2_A9002
25881A6659,MANDLA VAISHALI,A,2,A9009,Engineering Chemistry,85.48,53,62,sem2_attendance,ATT_S2_25881A6659_A9009EC,STU_25881A6659,SUB_2_A9009
25881A6659,MANDLA VAISHALI,A,2,A9011,English for Skills Enhancement,84.78,39,46,sem2_attendance,ATT_S2_25881A6659_A9011ESE,STU_25881A6659,SUB_2_A9011
25881A6659,MANDLA VAISHALI,A,2,A9503,Data Structures,92.19,59,64,sem2_attendance,ATT_S2_25881A6659_A9503DS,STU_25881A6659,SUB_2_A9503
25881A6659,MANDLA VAISHALI,A,2,A9402,Digital Electronics,91.53,54,59,sem2_attendance,ATT_S2_25881A6659_A9402DE,STU_25881A6659,SUB_2_A9402
25881A6659,MANDLA VAISHALI,A,2,A9010,Engineering Chemistry Laboratory,100.0,42,42,sem2_attendance,ATT_S2_25881A6659_A9010ECL,STU_25881A6659,SUB_2_A9010
25881A6659,MANDLA VAISHALI,A,2,A9012,English Language and Communication Skills Laboratory,80.0,36,45,sem2_attendance,ATT_S2_25881A6659_A9012ESEL,STU_25881A6659,SUB_2_A9012
25881A6659,MANDLA VAISHALI,A,2,A9504,Data Structures Laboratory,93.1,27,29,sem2_attendance,ATT_S2_25881A6659_A9504DSL,STU_25881A6659,SUB_2_A9504
25881A6659,MANDLA VAISHALI,A,2,A9304,Computer Aided Engineering Graphics,93.33,42,45,sem2_attendance,ATT_S2_25881A6659_A9304CAEG,STU_25881A6659,SUB_2_A9304
25881A6659,MANDLA VAISHALI,A,2,A9022,Product Design and Development,93.75,45,48,sem2_attendance,ATT_S2_25881A6659_A9022PDD,STU_25881A6659,SUB_2_A9022
25881A6660,NAGABANDI VAISHNAVI,A,2,A9002,Ordinary Differential Equations and Vector Calculus,72.97,54,74,sem2_attendance,ATT_S2_25881A6660_A9002ODECV,STU_25881A6660,SUB_2_A9002
25881A6660,NAGABANDI VAISHNAVI,A,2,A9009,Engineering Chemistry,74.19,46,62,sem2_attendance,ATT_S2_25881A6660_A9009EC,STU_25881A6660,SUB_2_A9009
25881A6660,NAGABANDI VAISHNAVI,A,2,A9011,English for Skills Enhancement,80.43,37,46,sem2_attendance,ATT_S2_25881A6660_A9011ESE,STU_25881A6660,SUB_2_A9011
25881A6660,NAGABANDI VAISHNAVI,A,2,A9503,Data Structures,85.94,55,64,sem2_attendance,ATT_S2_25881A6660_A9503DS,STU_25881A6660,SUB_2_A9503
25881A6660,NAGABANDI VAISHNAVI,A,2,A9402,Digital Electronics,88.14,52,59,sem2_attendance,ATT_S2_25881A6660_A9402DE,STU_25881A6660,SUB_2_A9402
25881A6660,NAGABANDI VAISHNAVI,A,2,A9010,Engineering Chemistry Laboratory,92.86,39,42,sem2_attendance,ATT_S2_25881A6660_A9010ECL,STU_25881A6660,SUB_2_A9010
25881A6660,NAGABANDI VAISHNAVI,A,2,A9012,English Language and Communication Skills Laboratory,86.67,39,45,sem2_attendance,ATT_S2_25881A6660_A9012ESEL,STU_25881A6660,SUB_2_A9012
25881A6660,NAGABANDI VAISHNAVI,A,2,A9504,Data Structures Laboratory,100.0,29,29,sem2_attendance,ATT_S2_25881A6660_A9504DSL,STU_25881A6660,SUB_2_A9504
25881A6660,NAGABANDI VAISHNAVI,A,2,A9304,Computer Aided Engineering Graphics,93.33,42,45,sem2_attendance,ATT_S2_25881A6660_A9304CAEG,STU_25881A6660,SUB_2_A9304
25881A6660,NAGABANDI VAISHNAVI,A,2,A9022,Product Design and Development,75.0,36,48,sem2_attendance,ATT_S2_25881A6660_A9022PDD,STU_25881A6660,SUB_2_A9022
25881A6661,SATU VAMSHI KRISHNA,A,2,A9002,Ordinary Differential Equations and Vector Calculus,71.62,53,74,sem2_attendance,ATT_S2_25881A6661_A9002ODECV,STU_25881A6661,SUB_2_A9002
25881A6661,SATU VAMSHI KRISHNA,A,2,A9009,Engineering Chemistry,74.19,46,62,sem2_attendance,ATT_S2_25881A6661_A9009EC,STU_25881A6661,SUB_2_A9009
25881A6661,SATU VAMSHI KRISHNA,A,2,A9011,English for Skills Enhancement,76.09,35,46,sem2_attendance,ATT_S2_25881A6661_A9011ESE,STU_25881A6661,SUB_2_A9011
25881A6661,SATU VAMSHI KRISHNA,A,2,A9503,Data Structures,82.81,53,64,sem2_attendance,ATT_S2_25881A6661_A9503DS,STU_25881A6661,SUB_2_A9503
25881A6661,SATU VAMSHI KRISHNA,A,2,A9402,Digital Electronics,81.36,48,59,sem2_attendance,ATT_S2_25881A6661_A9402DE,STU_25881A6661,SUB_2_A9402
25881A6661,SATU VAMSHI KRISHNA,A,2,A9010,Engineering Chemistry Laboratory,92.86,39,42,sem2_attendance,ATT_S2_25881A6661_A9010ECL,STU_25881A6661,SUB_2_A9010
25881A6661,SATU VAMSHI KRISHNA,A,2,A9012,English Language and Communication Skills Laboratory,73.33,33,45,sem2_attendance,ATT_S2_25881A6661_A9012ESEL,STU_25881A6661,SUB_2_A9012
25881A6661,SATU VAMSHI KRISHNA,A,2,A9504,Data Structures Laboratory,79.31,23,29,sem2_attendance,ATT_S2_25881A6661_A9504DSL,STU_25881A6661,SUB_2_A9504
25881A6661,SATU VAMSHI KRISHNA,A,2,A9304,Computer Aided Engineering Graphics,80.0,36,45,sem2_attendance,ATT_S2_25881A6661_A9304CAEG,STU_25881A6661,SUB_2_A9304
25881A6661,SATU VAMSHI KRISHNA,A,2,A9022,Product Design and Development,87.5,42,48,sem2_attendance,ATT_S2_25881A6661_A9022PDD,STU_25881A6661,SUB_2_A9022
25881A6662,P VEERA SHANKAR REDDY,A,2,A9002,Ordinary Differential Equations and Vector Calculus,79.73,59,74,sem2_attendance,ATT_S2_25881A6662_A9002ODECV,STU_25881A6662,SUB_2_A9002
25881A6662,P VEERA SHANKAR REDDY,A,2,A9009,Engineering Chemistry,83.87,52,62,sem2_attendance,ATT_S2_25881A6662_A9009EC,STU_25881A6662,SUB_2_A9009
25881A6662,P VEERA SHANKAR REDDY,A,2,A9011,English for Skills Enhancement,86.96,40,46,sem2_attendance,ATT_S2_25881A6662_A9011ESE,STU_25881A6662,SUB_2_A9011
25881A6662,P VEERA SHANKAR REDDY,A,2,A9503,Data Structures,92.19,59,64,sem2_attendance,ATT_S2_25881A6662_A9503DS,STU_25881A6662,SUB_2_A9503
25881A6662,P VEERA SHANKAR REDDY,A,2,A9402,Digital Electronics,91.53,54,59,sem2_attendance,ATT_S2_25881A6662_A9402DE,STU_25881A6662,SUB_2_A9402
25881A6662,P VEERA SHANKAR REDDY,A,2,A9010,Engineering Chemistry Laboratory,100.0,42,42,sem2_attendance,ATT_S2_25881A6662_A9010ECL,STU_25881A6662,SUB_2_A9010
25881A6662,P VEERA SHANKAR REDDY,A,2,A9012,English Language and Communication Skills Laboratory,73.33,33,45,sem2_attendance,ATT_S2_25881A6662_A9012ESEL,STU_25881A6662,SUB_2_A9012
25881A6662,P VEERA SHANKAR REDDY,A,2,A9504,Data Structures Laboratory,100.0,29,29,sem2_attendance,ATT_S2_25881A6662_A9504DSL,STU_25881A6662,SUB_2_A9504
25881A6662,P VEERA SHANKAR REDDY,A,2,A9304,Computer Aided Engineering Graphics,86.67,39,45,sem2_attendance,ATT_S2_25881A6662_A9304CAEG,STU_25881A6662,SUB_2_A9304
25881A6662,P VEERA SHANKAR REDDY,A,2,A9022,Product Design and Development,93.75,45,48,sem2_attendance,ATT_S2_25881A6662_A9022PDD,STU_25881A6662,SUB_2_A9022
25881A6663,BURAM VIASHNAVI,A,2,A9002,Ordinary Differential Equations and Vector Calculus,81.08,60,74,sem2_attendance,ATT_S2_25881A6663_A9002ODECV,STU_25881A6663,SUB_2_A9002
25881A6663,BURAM VIASHNAVI,A,2,A9009,Engineering Chemistry,83.87,52,62,sem2_attendance,ATT_S2_25881A6663_A9009EC,STU_25881A6663,SUB_2_A9009
25881A6663,BURAM VIASHNAVI,A,2,A9011,English for Skills Enhancement,86.96,40,46,sem2_attendance,ATT_S2_25881A6663_A9011ESE,STU_25881A6663,SUB_2_A9011
25881A6663,BURAM VIASHNAVI,A,2,A9503,Data Structures,93.75,60,64,sem2_attendance,ATT_S2_25881A6663_A9503DS,STU_25881A6663,SUB_2_A9503
25881A6663,BURAM VIASHNAVI,A,2,A9402,Digital Electronics,88.14,52,59,sem2_attendance,ATT_S2_25881A6663_A9402DE,STU_25881A6663,SUB_2_A9402
25881A6663,BURAM VIASHNAVI,A,2,A9010,Engineering Chemistry Laboratory,92.86,39,42,sem2_attendance,ATT_S2_25881A6663_A9010ECL,STU_25881A6663,SUB_2_A9010
25881A6663,BURAM VIASHNAVI,A,2,A9012,English Language and Communication Skills Laboratory,86.67,39,45,sem2_attendance,ATT_S2_25881A6663_A9012ESEL,STU_25881A6663,SUB_2_A9012
25881A6663,BURAM VIASHNAVI,A,2,A9504,Data Structures Laboratory,100.0,29,29,sem2_attendance,ATT_S2_25881A6663_A9504DSL,STU_25881A6663,SUB_2_A9504
25881A6663,BURAM VIASHNAVI,A,2,A9304,Computer Aided Engineering Graphics,100.0,45,45,sem2_attendance,ATT_S2_25881A6663_A9304CAEG,STU_25881A6663,SUB_2_A9304
25881A6663,BURAM VIASHNAVI,A,2,A9022,Product Design and Development,93.75,45,48,sem2_attendance,ATT_S2_25881A6663_A9022PDD,STU_25881A6663,SUB_2_A9022
25881A6664,NEERUDU VIVEK,A,2,A9002,Ordinary Differential Equations and Vector Calculus,74.32,55,74,sem2_attendance,ATT_S2_25881A6664_A9002ODECV,STU_25881A6664,SUB_2_A9002
25881A6664,NEERUDU VIVEK,A,2,A9009,Engineering Chemistry,80.65,50,62,sem2_attendance,ATT_S2_25881A6664_A9009EC,STU_25881A6664,SUB_2_A9009
25881A6664,NEERUDU VIVEK,A,2,A9011,English for Skills Enhancement,78.26,36,46,sem2_attendance,ATT_S2_25881A6664_A9011ESE,STU_25881A6664,SUB_2_A9011
25881A6664,NEERUDU VIVEK,A,2,A9503,Data Structures,79.69,51,64,sem2_attendance,ATT_S2_25881A6664_A9503DS,STU_25881A6664,SUB_2_A9503
25881A6664,NEERUDU VIVEK,A,2,A9402,Digital Electronics,88.14,52,59,sem2_attendance,ATT_S2_25881A6664_A9402DE,STU_25881A6664,SUB_2_A9402
25881A6664,NEERUDU VIVEK,A,2,A9010,Engineering Chemistry Laboratory,92.86,39,42,sem2_attendance,ATT_S2_25881A6664_A9010ECL,STU_25881A6664,SUB_2_A9010
25881A6664,NEERUDU VIVEK,A,2,A9012,English Language and Communication Skills Laboratory,86.67,39,45,sem2_attendance,ATT_S2_25881A6664_A9012ESEL,STU_25881A6664,SUB_2_A9012
25881A6664,NEERUDU VIVEK,A,2,A9504,Data Structures Laboratory,86.21,25,29,sem2_attendance,ATT_S2_25881A6664_A9504DSL,STU_25881A6664,SUB_2_A9504
25881A6664,NEERUDU VIVEK,A,2,A9304,Computer Aided Engineering Graphics,86.67,39,45,sem2_attendance,ATT_S2_25881A6664_A9304CAEG,STU_25881A6664,SUB_2_A9304
25881A6664,NEERUDU VIVEK,A,2,A9022,Product Design and Development,81.25,39,48,sem2_attendance,ATT_S2_25881A6664_A9022PDD,STU_25881A6664,SUB_2_A9022
25881A6665,KAMATHAM YASHWANTH,A,2,A9002,Ordinary Differential Equations and Vector Calculus,62.16,46,74,sem2_attendance,ATT_S2_25881A6665_A9002ODECV,STU_25881A6665,SUB_2_A9002
25881A6665,KAMATHAM YASHWANTH,A,2,A9009,Engineering Chemistry,70.97,44,62,sem2_attendance,ATT_S2_25881A6665_A9009EC,STU_25881A6665,SUB_2_A9009
25881A6665,KAMATHAM YASHWANTH,A,2,A9011,English for Skills Enhancement,78.26,36,46,sem2_attendance,ATT_S2_25881A6665_A9011ESE,STU_25881A6665,SUB_2_A9011
25881A6665,KAMATHAM YASHWANTH,A,2,A9503,Data Structures,67.19,43,64,sem2_attendance,ATT_S2_25881A6665_A9503DS,STU_25881A6665,SUB_2_A9503
25881A6665,KAMATHAM YASHWANTH,A,2,A9402,Digital Electronics,77.97,46,59,sem2_attendance,ATT_S2_25881A6665_A9402DE,STU_25881A6665,SUB_2_A9402
25881A6665,KAMATHAM YASHWANTH,A,2,A9010,Engineering Chemistry Laboratory,100.0,42,42,sem2_attendance,ATT_S2_25881A6665_A9010ECL,STU_25881A6665,SUB_2_A9010
25881A6665,KAMATHAM YASHWANTH,A,2,A9012,English Language and Communication Skills Laboratory,66.67,30,45,sem2_attendance,ATT_S2_25881A6665_A9012ESEL,STU_25881A6665,SUB_2_A9012
25881A6665,KAMATHAM YASHWANTH,A,2,A9504,Data Structures Laboratory,79.31,23,29,sem2_attendance,ATT_S2_25881A6665_A9504DSL,STU_25881A6665,SUB_2_A9504
25881A6665,KAMATHAM YASHWANTH,A,2,A9304,Computer Aided Engineering Graphics,80.0,36,45,sem2_attendance,ATT_S2_25881A6665_A9304CAEG,STU_25881A6665,SUB_2_A9304
25881A6665,KAMATHAM YASHWANTH,A,2,A9022,Product Design and Development,93.75,45,48,sem2_attendance,ATT_S2_25881A6665_A9022PDD,STU_25881A6665,SUB_2_A9022
25881A6666,GUDA ADHI YADAV,B,2,A9002,Ordinary Differential Equations and Vector Calculus,81.58,62,76,sem2_attendance,ATT_S2_25881A6666_A9002ODECV,STU_25881A6666,SUB_2_A9002
25881A6666,GUDA ADHI YADAV,B,2,A9009,Engineering Chemistry,75.0,45,60,sem2_attendance,ATT_S2_25881A6666_A9009EC,STU_25881A6666,SUB_2_A9009
25881A6666,GUDA ADHI YADAV,B,2,A9011,English for Skills Enhancement,93.48,43,46,sem2_attendance,ATT_S2_25881A6666_A9011ESE,STU_25881A6666,SUB_2_A9011
25881A6666,GUDA ADHI YADAV,B,2,A9503,Data Structures,88.71,55,62,sem2_attendance,ATT_S2_25881A6666_A9503DS,STU_25881A6666,SUB_2_A9503
25881A6666,GUDA ADHI YADAV,B,2,A9402,Digital Electronics,88.33,53,60,sem2_attendance,ATT_S2_25881A6666_A9402DE,STU_25881A6666,SUB_2_A9402
25881A6666,GUDA ADHI YADAV,B,2,A9010,Engineering Chemistry Laboratory,80.0,36,45,sem2_attendance,ATT_S2_25881A6666_A9010ECL,STU_25881A6666,SUB_2_A9010
25881A6666,GUDA ADHI YADAV,B,2,A9012,English Language and Communication Skills Laboratory,75.0,36,48,sem2_attendance,ATT_S2_25881A6666_A9012ESEL,STU_25881A6666,SUB_2_A9012
25881A6666,GUDA ADHI YADAV,B,2,A9504,Data Structures Laboratory,87.1,27,31,sem2_attendance,ATT_S2_25881A6666_A9504DSL,STU_25881A6666,SUB_2_A9504
25881A6666,GUDA ADHI YADAV,B,2,A9304,Computer Aided Engineering Graphics,93.33,42,45,sem2_attendance,ATT_S2_25881A6666_A9304CAEG,STU_25881A6666,SUB_2_A9304
25881A6666,GUDA ADHI YADAV,B,2,A9022,Product Design and Development,64.29,27,42,sem2_attendance,ATT_S2_25881A6666_A9022PDD,STU_25881A6666,SUB_2_A9022
25881A6667,PALAMOOR ADITHYA GOUD,B,2,A9002,Ordinary Differential Equations and Vector Calculus,77.63,59,76,sem2_attendance,ATT_S2_25881A6667_A9002ODECV,STU_25881A6667,SUB_2_A9002
25881A6667,PALAMOOR ADITHYA GOUD,B,2,A9009,Engineering Chemistry,68.33,41,60,sem2_attendance,ATT_S2_25881A6667_A9009EC,STU_25881A6667,SUB_2_A9009
25881A6667,PALAMOOR ADITHYA GOUD,B,2,A9011,English for Skills Enhancement,78.26,36,46,sem2_attendance,ATT_S2_25881A6667_A9011ESE,STU_25881A6667,SUB_2_A9011
25881A6667,PALAMOOR ADITHYA GOUD,B,2,A9503,Data Structures,74.19,46,62,sem2_attendance,ATT_S2_25881A6667_A9503DS,STU_25881A6667,SUB_2_A9503
25881A6667,PALAMOOR ADITHYA GOUD,B,2,A9402,Digital Electronics,58.33,35,60,sem2_attendance,ATT_S2_25881A6667_A9402DE,STU_25881A6667,SUB_2_A9402
25881A6667,PALAMOOR ADITHYA GOUD,B,2,A9010,Engineering Chemistry Laboratory,73.33,33,45,sem2_attendance,ATT_S2_25881A6667_A9010ECL,STU_25881A6667,SUB_2_A9010
25881A6667,PALAMOOR ADITHYA GOUD,B,2,A9012,English Language and Communication Skills Laboratory,75.0,36,48,sem2_attendance,ATT_S2_25881A6667_A9012ESEL,STU_25881A6667,SUB_2_A9012
25881A6667,PALAMOOR ADITHYA GOUD,B,2,A9504,Data Structures Laboratory,93.55,29,31,sem2_attendance,ATT_S2_25881A6667_A9504DSL,STU_25881A6667,SUB_2_A9504
25881A6667,PALAMOOR ADITHYA GOUD,B,2,A9304,Computer Aided Engineering Graphics,93.33,42,45,sem2_attendance,ATT_S2_25881A6667_A9304CAEG,STU_25881A6667,SUB_2_A9304
25881A6667,PALAMOOR ADITHYA GOUD,B,2,A9022,Product Design and Development,71.43,30,42,sem2_attendance,ATT_S2_25881A6667_A9022PDD,STU_25881A6667,SUB_2_A9022
25881A6668,SHAHBAZ AHMED KHAN,B,2,A9002,Ordinary Differential Equations and Vector Calculus,81.58,62,76,sem2_attendance,ATT_S2_25881A6668_A9002ODECV,STU_25881A6668,SUB_2_A9002
25881A6668,SHAHBAZ AHMED KHAN,B,2,A9009,Engineering Chemistry,83.33,50,60,sem2_attendance,ATT_S2_25881A6668_A9009EC,STU_25881A6668,SUB_2_A9009
25881A6668,SHAHBAZ AHMED KHAN,B,2,A9011,English for Skills Enhancement,82.61,38,46,sem2_attendance,ATT_S2_25881A6668_A9011ESE,STU_25881A6668,SUB_2_A9011
25881A6668,SHAHBAZ AHMED KHAN,B,2,A9503,Data Structures,85.48,53,62,sem2_attendance,ATT_S2_25881A6668_A9503DS,STU_25881A6668,SUB_2_A9503
25881A6668,SHAHBAZ AHMED KHAN,B,2,A9402,Digital Electronics,81.67,49,60,sem2_attendance,ATT_S2_25881A6668_A9402DE,STU_25881A6668,SUB_2_A9402
25881A6668,SHAHBAZ AHMED KHAN,B,2,A9010,Engineering Chemistry Laboratory,86.67,39,45,sem2_attendance,ATT_S2_25881A6668_A9010ECL,STU_25881A6668,SUB_2_A9010
25881A6668,SHAHBAZ AHMED KHAN,B,2,A9012,English Language and Communication Skills Laboratory,83.33,40,48,sem2_attendance,ATT_S2_25881A6668_A9012ESEL,STU_25881A6668,SUB_2_A9012
25881A6668,SHAHBAZ AHMED KHAN,B,2,A9504,Data Structures Laboratory,93.55,29,31,sem2_attendance,ATT_S2_25881A6668_A9504DSL,STU_25881A6668,SUB_2_A9504
25881A6668,SHAHBAZ AHMED KHAN,B,2,A9304,Computer Aided Engineering Graphics,93.33,42,45,sem2_attendance,ATT_S2_25881A6668_A9304CAEG,STU_25881A6668,SUB_2_A9304
25881A6668,SHAHBAZ AHMED KHAN,B,2,A9022,Product Design and Development,28.57,12,42,sem2_attendance,ATT_S2_25881A6668_A9022PDD,STU_25881A6668,SUB_2_A9022
25881A6669,KARLA AKSHYA REDDY,B,2,A9002,Ordinary Differential Equations and Vector Calculus,80.26,61,76,sem2_attendance,ATT_S2_25881A6669_A9002ODECV,STU_25881A6669,SUB_2_A9002
25881A6669,KARLA AKSHYA REDDY,B,2,A9009,Engineering Chemistry,80.0,48,60,sem2_attendance,ATT_S2_25881A6669_A9009EC,STU_25881A6669,SUB_2_A9009
25881A6669,KARLA AKSHYA REDDY,B,2,A9011,English for Skills Enhancement,82.61,38,46,sem2_attendance,ATT_S2_25881A6669_A9011ESE,STU_25881A6669,SUB_2_A9011
25881A6669,KARLA AKSHYA REDDY,B,2,A9503,Data Structures,82.26,51,62,sem2_attendance,ATT_S2_25881A6669_A9503DS,STU_25881A6669,SUB_2_A9503
25881A6669,KARLA AKSHYA REDDY,B,2,A9402,Digital Electronics,86.67,52,60,sem2_attendance,ATT_S2_25881A6669_A9402DE,STU_25881A6669,SUB_2_A9402
25881A6669,KARLA AKSHYA REDDY,B,2,A9010,Engineering Chemistry Laboratory,93.33,42,45,sem2_attendance,ATT_S2_25881A6669_A9010ECL,STU_25881A6669,SUB_2_A9010
25881A6669,KARLA AKSHYA REDDY,B,2,A9012,English Language and Communication Skills Laboratory,68.75,33,48,sem2_attendance,ATT_S2_25881A6669_A9012ESEL,STU_25881A6669,SUB_2_A9012
25881A6669,KARLA AKSHYA REDDY,B,2,A9504,Data Structures Laboratory,87.1,27,31,sem2_attendance,ATT_S2_25881A6669_A9504DSL,STU_25881A6669,SUB_2_A9504
25881A6669,KARLA AKSHYA REDDY,B,2,A9304,Computer Aided Engineering Graphics,86.67,39,45,sem2_attendance,ATT_S2_25881A6669_A9304CAEG,STU_25881A6669,SUB_2_A9304
25881A6669,KARLA AKSHYA REDDY,B,2,A9022,Product Design and Development,78.57,33,42,sem2_attendance,ATT_S2_25881A6669_A9022PDD,STU_25881A6669,SUB_2_A9022
25881A6670,PADAMATI ASHWITHA REDDY,B,2,A9002,Ordinary Differential Equations and Vector Calculus,81.58,62,76,sem2_attendance,ATT_S2_25881A6670_A9002ODECV,STU_25881A6670,SUB_2_A9002
25881A6670,PADAMATI ASHWITHA REDDY,B,2,A9009,Engineering Chemistry,75.0,45,60,sem2_attendance,ATT_S2_25881A6670_A9009EC,STU_25881A6670,SUB_2_A9009
25881A6670,PADAMATI ASHWITHA REDDY,B,2,A9011,English for Skills Enhancement,86.96,40,46,sem2_attendance,ATT_S2_25881A6670_A9011ESE,STU_25881A6670,SUB_2_A9011
25881A6670,PADAMATI ASHWITHA REDDY,B,2,A9503,Data Structures,88.71,55,62,sem2_attendance,ATT_S2_25881A6670_A9503DS,STU_25881A6670,SUB_2_A9503
25881A6670,PADAMATI ASHWITHA REDDY,B,2,A9402,Digital Electronics,80.0,48,60,sem2_attendance,ATT_S2_25881A6670_A9402DE,STU_25881A6670,SUB_2_A9402
25881A6670,PADAMATI ASHWITHA REDDY,B,2,A9010,Engineering Chemistry Laboratory,80.0,36,45,sem2_attendance,ATT_S2_25881A6670_A9010ECL,STU_25881A6670,SUB_2_A9010
25881A6670,PADAMATI ASHWITHA REDDY,B,2,A9012,English Language and Communication Skills Laboratory,68.75,33,48,sem2_attendance,ATT_S2_25881A6670_A9012ESEL,STU_25881A6670,SUB_2_A9012
25881A6670,PADAMATI ASHWITHA REDDY,B,2,A9504,Data Structures Laboratory,87.1,27,31,sem2_attendance,ATT_S2_25881A6670_A9504DSL,STU_25881A6670,SUB_2_A9504
25881A6670,PADAMATI ASHWITHA REDDY,B,2,A9304,Computer Aided Engineering Graphics,86.67,39,45,sem2_attendance,ATT_S2_25881A6670_A9304CAEG,STU_25881A6670,SUB_2_A9304
25881A6670,PADAMATI ASHWITHA REDDY,B,2,A9022,Product Design and Development,71.43,30,42,sem2_attendance,ATT_S2_25881A6670_A9022PDD,STU_25881A6670,SUB_2_A9022
25881A6671,PUSULURI BIPIN,B,2,A9002,Ordinary Differential Equations and Vector Calculus,85.53,65,76,sem2_attendance,ATT_S2_25881A6671_A9002ODECV,STU_25881A6671,SUB_2_A9002
25881A6671,PUSULURI BIPIN,B,2,A9009,Engineering Chemistry,80.0,48,60,sem2_attendance,ATT_S2_25881A6671_A9009EC,STU_25881A6671,SUB_2_A9009
25881A6671,PUSULURI BIPIN,B,2,A9011,English for Skills Enhancement,80.43,37,46,sem2_attendance,ATT_S2_25881A6671_A9011ESE,STU_25881A6671,SUB_2_A9011
25881A6671,PUSULURI BIPIN,B,2,A9503,Data Structures,88.71,55,62,sem2_attendance,ATT_S2_25881A6671_A9503DS,STU_25881A6671,SUB_2_A9503
25881A6671,PUSULURI BIPIN,B,2,A9402,Digital Electronics,78.33,47,60,sem2_attendance,ATT_S2_25881A6671_A9402DE,STU_25881A6671,SUB_2_A9402
25881A6671,PUSULURI BIPIN,B,2,A9010,Engineering Chemistry Laboratory,86.67,39,45,sem2_attendance,ATT_S2_25881A6671_A9010ECL,STU_25881A6671,SUB_2_A9010
25881A6671,PUSULURI BIPIN,B,2,A9012,English Language and Communication Skills Laboratory,93.75,45,48,sem2_attendance,ATT_S2_25881A6671_A9012ESEL,STU_25881A6671,SUB_2_A9012
25881A6671,PUSULURI BIPIN,B,2,A9504,Data Structures Laboratory,100.0,31,31,sem2_attendance,ATT_S2_25881A6671_A9504DSL,STU_25881A6671,SUB_2_A9504
25881A6671,PUSULURI BIPIN,B,2,A9304,Computer Aided Engineering Graphics,100.0,45,45,sem2_attendance,ATT_S2_25881A6671_A9304CAEG,STU_25881A6671,SUB_2_A9304
25881A6671,PUSULURI BIPIN,B,2,A9022,Product Design and Development,78.57,33,42,sem2_attendance,ATT_S2_25881A6671_A9022PDD,STU_25881A6671,SUB_2_A9022
25881A6672,PUNNA CHARAN TEJ,B,2,A9002,Ordinary Differential Equations and Vector Calculus,73.68,56,76,sem2_attendance,ATT_S2_25881A6672_A9002ODECV,STU_25881A6672,SUB_2_A9002
25881A6672,PUNNA CHARAN TEJ,B,2,A9009,Engineering Chemistry,75.0,45,60,sem2_attendance,ATT_S2_25881A6672_A9009EC,STU_25881A6672,SUB_2_A9009
25881A6672,PUNNA CHARAN TEJ,B,2,A9011,English for Skills Enhancement,84.78,39,46,sem2_attendance,ATT_S2_25881A6672_A9011ESE,STU_25881A6672,SUB_2_A9011
25881A6672,PUNNA CHARAN TEJ,B,2,A9503,Data Structures,77.42,48,62,sem2_attendance,ATT_S2_25881A6672_A9503DS,STU_25881A6672,SUB_2_A9503
25881A6672,PUNNA CHARAN TEJ,B,2,A9402,Digital Electronics,78.33,47,60,sem2_attendance,ATT_S2_25881A6672_A9402DE,STU_25881A6672,SUB_2_A9402
25881A6672,PUNNA CHARAN TEJ,B,2,A9010,Engineering Chemistry Laboratory,86.67,39,45,sem2_attendance,ATT_S2_25881A6672_A9010ECL,STU_25881A6672,SUB_2_A9010
25881A6672,PUNNA CHARAN TEJ,B,2,A9012,English Language and Communication Skills Laboratory,81.25,39,48,sem2_attendance,ATT_S2_25881A6672_A9012ESEL,STU_25881A6672,SUB_2_A9012
25881A6672,PUNNA CHARAN TEJ,B,2,A9504,Data Structures Laboratory,80.65,25,31,sem2_attendance,ATT_S2_25881A6672_A9504DSL,STU_25881A6672,SUB_2_A9504
25881A6672,PUNNA CHARAN TEJ,B,2,A9304,Computer Aided Engineering Graphics,73.33,33,45,sem2_attendance,ATT_S2_25881A6672_A9304CAEG,STU_25881A6672,SUB_2_A9304
25881A6672,PUNNA CHARAN TEJ,B,2,A9022,Product Design and Development,57.14,24,42,sem2_attendance,ATT_S2_25881A6672_A9022PDD,STU_25881A6672,SUB_2_A9022
25881A6673,BODDU DAVID RAJ,B,2,A9002,Ordinary Differential Equations and Vector Calculus,84.21,64,76,sem2_attendance,ATT_S2_25881A6673_A9002ODECV,STU_25881A6673,SUB_2_A9002
25881A6673,BODDU DAVID RAJ,B,2,A9009,Engineering Chemistry,68.33,41,60,sem2_attendance,ATT_S2_25881A6673_A9009EC,STU_25881A6673,SUB_2_A9009
25881A6673,BODDU DAVID RAJ,B,2,A9011,English for Skills Enhancement,73.91,34,46,sem2_attendance,ATT_S2_25881A6673_A9011ESE,STU_25881A6673,SUB_2_A9011
25881A6673,BODDU DAVID RAJ,B,2,A9503,Data Structures,85.48,53,62,sem2_attendance,ATT_S2_25881A6673_A9503DS,STU_25881A6673,SUB_2_A9503
25881A6673,BODDU DAVID RAJ,B,2,A9402,Digital Electronics,71.67,43,60,sem2_attendance,ATT_S2_25881A6673_A9402DE,STU_25881A6673,SUB_2_A9402
25881A6673,BODDU DAVID RAJ,B,2,A9010,Engineering Chemistry Laboratory,86.67,39,45,sem2_attendance,ATT_S2_25881A6673_A9010ECL,STU_25881A6673,SUB_2_A9010
25881A6673,BODDU DAVID RAJ,B,2,A9012,English Language and Communication Skills Laboratory,87.5,42,48,sem2_attendance,ATT_S2_25881A6673_A9012ESEL,STU_25881A6673,SUB_2_A9012
25881A6673,BODDU DAVID RAJ,B,2,A9504,Data Structures Laboratory,93.55,29,31,sem2_attendance,ATT_S2_25881A6673_A9504DSL,STU_25881A6673,SUB_2_A9504
25881A6673,BODDU DAVID RAJ,B,2,A9304,Computer Aided Engineering Graphics,93.33,42,45,sem2_attendance,ATT_S2_25881A6673_A9304CAEG,STU_25881A6673,SUB_2_A9304
25881A6673,BODDU DAVID RAJ,B,2,A9022,Product Design and Development,71.43,30,42,sem2_attendance,ATT_S2_25881A6673_A9022PDD,STU_25881A6673,SUB_2_A9022
25881A6674,ARASANI DEEPIKA,B,2,A9002,Ordinary Differential Equations and Vector Calculus,80.26,61,76,sem2_attendance,ATT_S2_25881A6674_A9002ODECV,STU_25881A6674,SUB_2_A9002
25881A6674,ARASANI DEEPIKA,B,2,A9009,Engineering Chemistry,75.0,45,60,sem2_attendance,ATT_S2_25881A6674_A9009EC,STU_25881A6674,SUB_2_A9009
25881A6674,ARASANI DEEPIKA,B,2,A9011,English for Skills Enhancement,67.39,31,46,sem2_attendance,ATT_S2_25881A6674_A9011ESE,STU_25881A6674,SUB_2_A9011
25881A6674,ARASANI DEEPIKA,B,2,A9503,Data Structures,79.03,49,62,sem2_attendance,ATT_S2_25881A6674_A9503DS,STU_25881A6674,SUB_2_A9503
25881A6674,ARASANI DEEPIKA,B,2,A9402,Digital Electronics,75.0,45,60,sem2_attendance,ATT_S2_25881A6674_A9402DE,STU_25881A6674,SUB_2_A9402
25881A6674,ARASANI DEEPIKA,B,2,A9010,Engineering Chemistry Laboratory,80.0,36,45,sem2_attendance,ATT_S2_25881A6674_A9010ECL,STU_25881A6674,SUB_2_A9010
25881A6674,ARASANI DEEPIKA,B,2,A9012,English Language and Communication Skills Laboratory,81.25,39,48,sem2_attendance,ATT_S2_25881A6674_A9012ESEL,STU_25881A6674,SUB_2_A9012
25881A6674,ARASANI DEEPIKA,B,2,A9504,Data Structures Laboratory,87.1,27,31,sem2_attendance,ATT_S2_25881A6674_A9504DSL,STU_25881A6674,SUB_2_A9504
25881A6674,ARASANI DEEPIKA,B,2,A9304,Computer Aided Engineering Graphics,80.0,36,45,sem2_attendance,ATT_S2_25881A6674_A9304CAEG,STU_25881A6674,SUB_2_A9304
25881A6674,ARASANI DEEPIKA,B,2,A9022,Product Design and Development,64.29,27,42,sem2_attendance,ATT_S2_25881A6674_A9022PDD,STU_25881A6674,SUB_2_A9022
25881A6675,DUNNA DURGA VENKATA SAI,B,2,A9002,Ordinary Differential Equations and Vector Calculus,77.63,59,76,sem2_attendance,ATT_S2_25881A6675_A9002ODECV,STU_25881A6675,SUB_2_A9002
25881A6675,DUNNA DURGA VENKATA SAI,B,2,A9009,Engineering Chemistry,75.0,45,60,sem2_attendance,ATT_S2_25881A6675_A9009EC,STU_25881A6675,SUB_2_A9009
25881A6675,DUNNA DURGA VENKATA SAI,B,2,A9011,English for Skills Enhancement,71.74,33,46,sem2_attendance,ATT_S2_25881A6675_A9011ESE,STU_25881A6675,SUB_2_A9011
25881A6675,DUNNA DURGA VENKATA SAI,B,2,A9503,Data Structures,82.26,51,62,sem2_attendance,ATT_S2_25881A6675_A9503DS,STU_25881A6675,SUB_2_A9503
25881A6675,DUNNA DURGA VENKATA SAI,B,2,A9402,Digital Electronics,83.33,50,60,sem2_attendance,ATT_S2_25881A6675_A9402DE,STU_25881A6675,SUB_2_A9402
25881A6675,DUNNA DURGA VENKATA SAI,B,2,A9010,Engineering Chemistry Laboratory,80.0,36,45,sem2_attendance,ATT_S2_25881A6675_A9010ECL,STU_25881A6675,SUB_2_A9010
25881A6675,DUNNA DURGA VENKATA SAI,B,2,A9012,English Language and Communication Skills Laboratory,60.42,29,48,sem2_attendance,ATT_S2_25881A6675_A9012ESEL,STU_25881A6675,SUB_2_A9012
25881A6675,DUNNA DURGA VENKATA SAI,B,2,A9504,Data Structures Laboratory,80.65,25,31,sem2_attendance,ATT_S2_25881A6675_A9504DSL,STU_25881A6675,SUB_2_A9504
25881A6675,DUNNA DURGA VENKATA SAI,B,2,A9304,Computer Aided Engineering Graphics,93.33,42,45,sem2_attendance,ATT_S2_25881A6675_A9304CAEG,STU_25881A6675,SUB_2_A9304
25881A6675,DUNNA DURGA VENKATA SAI,B,2,A9022,Product Design and Development,50.0,21,42,sem2_attendance,ATT_S2_25881A6675_A9022PDD,STU_25881A6675,SUB_2_A9022
25881A6676,B GOKUL SAI REDDY,B,2,A9002,Ordinary Differential Equations and Vector Calculus,77.63,59,76,sem2_attendance,ATT_S2_25881A6676_A9002ODECV,STU_25881A6676,SUB_2_A9002
25881A6676,B GOKUL SAI REDDY,B,2,A9009,Engineering Chemistry,56.67,34,60,sem2_attendance,ATT_S2_25881A6676_A9009EC,STU_25881A6676,SUB_2_A9009
25881A6676,B GOKUL SAI REDDY,B,2,A9011,English for Skills Enhancement,89.13,41,46,sem2_attendance,ATT_S2_25881A6676_A9011ESE,STU_25881A6676,SUB_2_A9011
25881A6676,B GOKUL SAI REDDY,B,2,A9503,Data Structures,88.71,55,62,sem2_attendance,ATT_S2_25881A6676_A9503DS,STU_25881A6676,SUB_2_A9503
25881A6676,B GOKUL SAI REDDY,B,2,A9402,Digital Electronics,81.67,49,60,sem2_attendance,ATT_S2_25881A6676_A9402DE,STU_25881A6676,SUB_2_A9402
25881A6676,B GOKUL SAI REDDY,B,2,A9010,Engineering Chemistry Laboratory,93.33,42,45,sem2_attendance,ATT_S2_25881A6676_A9010ECL,STU_25881A6676,SUB_2_A9010
25881A6676,B GOKUL SAI REDDY,B,2,A9012,English Language and Communication Skills Laboratory,81.25,39,48,sem2_attendance,ATT_S2_25881A6676_A9012ESEL,STU_25881A6676,SUB_2_A9012
25881A6676,B GOKUL SAI REDDY,B,2,A9504,Data Structures Laboratory,100.0,31,31,sem2_attendance,ATT_S2_25881A6676_A9504DSL,STU_25881A6676,SUB_2_A9504
25881A6676,B GOKUL SAI REDDY,B,2,A9304,Computer Aided Engineering Graphics,93.33,42,45,sem2_attendance,ATT_S2_25881A6676_A9304CAEG,STU_25881A6676,SUB_2_A9304
25881A6676,B GOKUL SAI REDDY,B,2,A9022,Product Design and Development,78.57,33,42,sem2_attendance,ATT_S2_25881A6676_A9022PDD,STU_25881A6676,SUB_2_A9022
25881A6677,NITI GOYAL,B,2,A9002,Ordinary Differential Equations and Vector Calculus,78.95,60,76,sem2_attendance,ATT_S2_25881A6677_A9002ODECV,STU_25881A6677,SUB_2_A9002
25881A6677,NITI GOYAL,B,2,A9009,Engineering Chemistry,85.0,51,60,sem2_attendance,ATT_S2_25881A6677_A9009EC,STU_25881A6677,SUB_2_A9009
25881A6677,NITI GOYAL,B,2,A9011,English for Skills Enhancement,82.61,38,46,sem2_attendance,ATT_S2_25881A6677_A9011ESE,STU_25881A6677,SUB_2_A9011
25881A6677,NITI GOYAL,B,2,A9503,Data Structures,82.26,51,62,sem2_attendance,ATT_S2_25881A6677_A9503DS,STU_25881A6677,SUB_2_A9503
25881A6677,NITI GOYAL,B,2,A9402,Digital Electronics,90.0,54,60,sem2_attendance,ATT_S2_25881A6677_A9402DE,STU_25881A6677,SUB_2_A9402
25881A6677,NITI GOYAL,B,2,A9010,Engineering Chemistry Laboratory,80.0,36,45,sem2_attendance,ATT_S2_25881A6677_A9010ECL,STU_25881A6677,SUB_2_A9010
25881A6677,NITI GOYAL,B,2,A9012,English Language and Communication Skills Laboratory,68.75,33,48,sem2_attendance,ATT_S2_25881A6677_A9012ESEL,STU_25881A6677,SUB_2_A9012
25881A6677,NITI GOYAL,B,2,A9504,Data Structures Laboratory,93.55,29,31,sem2_attendance,ATT_S2_25881A6677_A9504DSL,STU_25881A6677,SUB_2_A9504
25881A6677,NITI GOYAL,B,2,A9304,Computer Aided Engineering Graphics,93.33,42,45,sem2_attendance,ATT_S2_25881A6677_A9304CAEG,STU_25881A6677,SUB_2_A9304
25881A6677,NITI GOYAL,B,2,A9022,Product Design and Development,85.71,36,42,sem2_attendance,ATT_S2_25881A6677_A9022PDD,STU_25881A6677,SUB_2_A9022
25881A6678,GUDALA GRACE PAUL,B,2,A9002,Ordinary Differential Equations and Vector Calculus,75.0,57,76,sem2_attendance,ATT_S2_25881A6678_A9002ODECV,STU_25881A6678,SUB_2_A9002
25881A6678,GUDALA GRACE PAUL,B,2,A9009,Engineering Chemistry,80.0,48,60,sem2_attendance,ATT_S2_25881A6678_A9009EC,STU_25881A6678,SUB_2_A9009
25881A6678,GUDALA GRACE PAUL,B,2,A9011,English for Skills Enhancement,80.43,37,46,sem2_attendance,ATT_S2_25881A6678_A9011ESE,STU_25881A6678,SUB_2_A9011
25881A6678,GUDALA GRACE PAUL,B,2,A9503,Data Structures,80.65,50,62,sem2_attendance,ATT_S2_25881A6678_A9503DS,STU_25881A6678,SUB_2_A9503
25881A6678,GUDALA GRACE PAUL,B,2,A9402,Digital Electronics,78.33,47,60,sem2_attendance,ATT_S2_25881A6678_A9402DE,STU_25881A6678,SUB_2_A9402
25881A6678,GUDALA GRACE PAUL,B,2,A9010,Engineering Chemistry Laboratory,86.67,39,45,sem2_attendance,ATT_S2_25881A6678_A9010ECL,STU_25881A6678,SUB_2_A9010
25881A6678,GUDALA GRACE PAUL,B,2,A9012,English Language and Communication Skills Laboratory,81.25,39,48,sem2_attendance,ATT_S2_25881A6678_A9012ESEL,STU_25881A6678,SUB_2_A9012
25881A6678,GUDALA GRACE PAUL,B,2,A9504,Data Structures Laboratory,74.19,23,31,sem2_attendance,ATT_S2_25881A6678_A9504DSL,STU_25881A6678,SUB_2_A9504
25881A6678,GUDALA GRACE PAUL,B,2,A9304,Computer Aided Engineering Graphics,66.67,30,45,sem2_attendance,ATT_S2_25881A6678_A9304CAEG,STU_25881A6678,SUB_2_A9304
25881A6678,GUDALA GRACE PAUL,B,2,A9022,Product Design and Development,57.14,24,42,sem2_attendance,ATT_S2_25881A6678_A9022PDD,STU_25881A6678,SUB_2_A9022
25881A6679,DAMIREDDY HARSHA VARDHAN REDDY,B,2,A9002,Ordinary Differential Equations and Vector Calculus,53.95,41,76,sem2_attendance,ATT_S2_25881A6679_A9002ODECV,STU_25881A6679,SUB_2_A9002
25881A6679,DAMIREDDY HARSHA VARDHAN REDDY,B,2,A9009,Engineering Chemistry,66.67,40,60,sem2_attendance,ATT_S2_25881A6679_A9009EC,STU_25881A6679,SUB_2_A9009
25881A6679,DAMIREDDY HARSHA VARDHAN REDDY,B,2,A9011,English for Skills Enhancement,54.35,25,46,sem2_attendance,ATT_S2_25881A6679_A9011ESE,STU_25881A6679,SUB_2_A9011
25881A6679,DAMIREDDY HARSHA VARDHAN REDDY,B,2,A9503,Data Structures,70.97,44,62,sem2_attendance,ATT_S2_25881A6679_A9503DS,STU_25881A6679,SUB_2_A9503
25881A6679,DAMIREDDY HARSHA VARDHAN REDDY,B,2,A9402,Digital Electronics,75.0,45,60,sem2_attendance,ATT_S2_25881A6679_A9402DE,STU_25881A6679,SUB_2_A9402
25881A6679,DAMIREDDY HARSHA VARDHAN REDDY,B,2,A9010,Engineering Chemistry Laboratory,62.22,28,45,sem2_attendance,ATT_S2_25881A6679_A9010ECL,STU_25881A6679,SUB_2_A9010
25881A6679,DAMIREDDY HARSHA VARDHAN REDDY,B,2,A9012,English Language and Communication Skills Laboratory,56.25,27,48,sem2_attendance,ATT_S2_25881A6679_A9012ESEL,STU_25881A6679,SUB_2_A9012
25881A6679,DAMIREDDY HARSHA VARDHAN REDDY,B,2,A9504,Data Structures Laboratory,87.1,27,31,sem2_attendance,ATT_S2_25881A6679_A9504DSL,STU_25881A6679,SUB_2_A9504
25881A6679,DAMIREDDY HARSHA VARDHAN REDDY,B,2,A9304,Computer Aided Engineering Graphics,80.0,36,45,sem2_attendance,ATT_S2_25881A6679_A9304CAEG,STU_25881A6679,SUB_2_A9304
25881A6679,DAMIREDDY HARSHA VARDHAN REDDY,B,2,A9022,Product Design and Development,57.14,24,42,sem2_attendance,ATT_S2_25881A6679_A9022PDD,STU_25881A6679,SUB_2_A9022
25881A6680,KUNDARAPU HARSHAVARDHAN,B,2,A9002,Ordinary Differential Equations and Vector Calculus,76.32,58,76,sem2_attendance,ATT_S2_25881A6680_A9002ODECV,STU_25881A6680,SUB_2_A9002
25881A6680,KUNDARAPU HARSHAVARDHAN,B,2,A9009,Engineering Chemistry,76.67,46,60,sem2_attendance,ATT_S2_25881A6680_A9009EC,STU_25881A6680,SUB_2_A9009
25881A6680,KUNDARAPU HARSHAVARDHAN,B,2,A9011,English for Skills Enhancement,69.57,32,46,sem2_attendance,ATT_S2_25881A6680_A9011ESE,STU_25881A6680,SUB_2_A9011
25881A6680,KUNDARAPU HARSHAVARDHAN,B,2,A9503,Data Structures,74.19,46,62,sem2_attendance,ATT_S2_25881A6680_A9503DS,STU_25881A6680,SUB_2_A9503
25881A6680,KUNDARAPU HARSHAVARDHAN,B,2,A9402,Digital Electronics,76.67,46,60,sem2_attendance,ATT_S2_25881A6680_A9402DE,STU_25881A6680,SUB_2_A9402
25881A6680,KUNDARAPU HARSHAVARDHAN,B,2,A9010,Engineering Chemistry Laboratory,80.0,36,45,sem2_attendance,ATT_S2_25881A6680_A9010ECL,STU_25881A6680,SUB_2_A9010
25881A6680,KUNDARAPU HARSHAVARDHAN,B,2,A9012,English Language and Communication Skills Laboratory,81.25,39,48,sem2_attendance,ATT_S2_25881A6680_A9012ESEL,STU_25881A6680,SUB_2_A9012
25881A6680,KUNDARAPU HARSHAVARDHAN,B,2,A9504,Data Structures Laboratory,93.55,29,31,sem2_attendance,ATT_S2_25881A6680_A9504DSL,STU_25881A6680,SUB_2_A9504
25881A6680,KUNDARAPU HARSHAVARDHAN,B,2,A9304,Computer Aided Engineering Graphics,93.33,42,45,sem2_attendance,ATT_S2_25881A6680_A9304CAEG,STU_25881A6680,SUB_2_A9304
25881A6680,KUNDARAPU HARSHAVARDHAN,B,2,A9022,Product Design and Development,64.29,27,42,sem2_attendance,ATT_S2_25881A6680_A9022PDD,STU_25881A6680,SUB_2_A9022
25881A6681,TUMU HASINI,B,2,A9002,Ordinary Differential Equations and Vector Calculus,81.58,62,76,sem2_attendance,ATT_S2_25881A6681_A9002ODECV,STU_25881A6681,SUB_2_A9002
25881A6681,TUMU HASINI,B,2,A9009,Engineering Chemistry,80.0,48,60,sem2_attendance,ATT_S2_25881A6681_A9009EC,STU_25881A6681,SUB_2_A9009
25881A6681,TUMU HASINI,B,2,A9011,English for Skills Enhancement,89.13,41,46,sem2_attendance,ATT_S2_25881A6681_A9011ESE,STU_25881A6681,SUB_2_A9011
25881A6681,TUMU HASINI,B,2,A9503,Data Structures,82.26,51,62,sem2_attendance,ATT_S2_25881A6681_A9503DS,STU_25881A6681,SUB_2_A9503
25881A6681,TUMU HASINI,B,2,A9402,Digital Electronics,95.0,57,60,sem2_attendance,ATT_S2_25881A6681_A9402DE,STU_25881A6681,SUB_2_A9402
25881A6681,TUMU HASINI,B,2,A9010,Engineering Chemistry Laboratory,80.0,36,45,sem2_attendance,ATT_S2_25881A6681_A9010ECL,STU_25881A6681,SUB_2_A9010
25881A6681,TUMU HASINI,B,2,A9012,English Language and Communication Skills Laboratory,68.75,33,48,sem2_attendance,ATT_S2_25881A6681_A9012ESEL,STU_25881A6681,SUB_2_A9012
25881A6681,TUMU HASINI,B,2,A9504,Data Structures Laboratory,93.55,29,31,sem2_attendance,ATT_S2_25881A6681_A9504DSL,STU_25881A6681,SUB_2_A9504
25881A6681,TUMU HASINI,B,2,A9304,Computer Aided Engineering Graphics,93.33,42,45,sem2_attendance,ATT_S2_25881A6681_A9304CAEG,STU_25881A6681,SUB_2_A9304
25881A6681,TUMU HASINI,B,2,A9022,Product Design and Development,85.71,36,42,sem2_attendance,ATT_S2_25881A6681_A9022PDD,STU_25881A6681,SUB_2_A9022
25881A6682,TANGELLA KALYAN RAJU,B,2,A9002,Ordinary Differential Equations and Vector Calculus,81.58,62,76,sem2_attendance,ATT_S2_25881A6682_A9002ODECV,STU_25881A6682,SUB_2_A9002
25881A6682,TANGELLA KALYAN RAJU,B,2,A9009,Engineering Chemistry,71.67,43,60,sem2_attendance,ATT_S2_25881A6682_A9009EC,STU_25881A6682,SUB_2_A9009
25881A6682,TANGELLA KALYAN RAJU,B,2,A9011,English for Skills Enhancement,84.78,39,46,sem2_attendance,ATT_S2_25881A6682_A9011ESE,STU_25881A6682,SUB_2_A9011
25881A6682,TANGELLA KALYAN RAJU,B,2,A9503,Data Structures,85.48,53,62,sem2_attendance,ATT_S2_25881A6682_A9503DS,STU_25881A6682,SUB_2_A9503
25881A6682,TANGELLA KALYAN RAJU,B,2,A9402,Digital Electronics,90.0,54,60,sem2_attendance,ATT_S2_25881A6682_A9402DE,STU_25881A6682,SUB_2_A9402
25881A6682,TANGELLA KALYAN RAJU,B,2,A9010,Engineering Chemistry Laboratory,80.0,36,45,sem2_attendance,ATT_S2_25881A6682_A9010ECL,STU_25881A6682,SUB_2_A9010
25881A6682,TANGELLA KALYAN RAJU,B,2,A9012,English Language and Communication Skills Laboratory,75.0,36,48,sem2_attendance,ATT_S2_25881A6682_A9012ESEL,STU_25881A6682,SUB_2_A9012
25881A6682,TANGELLA KALYAN RAJU,B,2,A9504,Data Structures Laboratory,87.1,27,31,sem2_attendance,ATT_S2_25881A6682_A9504DSL,STU_25881A6682,SUB_2_A9504
25881A6682,TANGELLA KALYAN RAJU,B,2,A9304,Computer Aided Engineering Graphics,86.67,39,45,sem2_attendance,ATT_S2_25881A6682_A9304CAEG,STU_25881A6682,SUB_2_A9304
25881A6682,TANGELLA KALYAN RAJU,B,2,A9022,Product Design and Development,57.14,24,42,sem2_attendance,ATT_S2_25881A6682_A9022PDD,STU_25881A6682,SUB_2_A9022
25881A6683,POTURAJU KALYANI,B,2,A9002,Ordinary Differential Equations and Vector Calculus,78.95,60,76,sem2_attendance,ATT_S2_25881A6683_A9002ODECV,STU_25881A6683,SUB_2_A9002
25881A6683,POTURAJU KALYANI,B,2,A9009,Engineering Chemistry,85.0,51,60,sem2_attendance,ATT_S2_25881A6683_A9009EC,STU_25881A6683,SUB_2_A9009
25881A6683,POTURAJU KALYANI,B,2,A9011,English for Skills Enhancement,76.09,35,46,sem2_attendance,ATT_S2_25881A6683_A9011ESE,STU_25881A6683,SUB_2_A9011
25881A6683,POTURAJU KALYANI,B,2,A9503,Data Structures,79.03,49,62,sem2_attendance,ATT_S2_25881A6683_A9503DS,STU_25881A6683,SUB_2_A9503
25881A6683,POTURAJU KALYANI,B,2,A9402,Digital Electronics,76.67,46,60,sem2_attendance,ATT_S2_25881A6683_A9402DE,STU_25881A6683,SUB_2_A9402
25881A6683,POTURAJU KALYANI,B,2,A9010,Engineering Chemistry Laboratory,86.67,39,45,sem2_attendance,ATT_S2_25881A6683_A9010ECL,STU_25881A6683,SUB_2_A9010
25881A6683,POTURAJU KALYANI,B,2,A9012,English Language and Communication Skills Laboratory,81.25,39,48,sem2_attendance,ATT_S2_25881A6683_A9012ESEL,STU_25881A6683,SUB_2_A9012
25881A6683,POTURAJU KALYANI,B,2,A9504,Data Structures Laboratory,93.55,29,31,sem2_attendance,ATT_S2_25881A6683_A9504DSL,STU_25881A6683,SUB_2_A9504
25881A6683,POTURAJU KALYANI,B,2,A9304,Computer Aided Engineering Graphics,93.33,42,45,sem2_attendance,ATT_S2_25881A6683_A9304CAEG,STU_25881A6683,SUB_2_A9304
25881A6683,POTURAJU KALYANI,B,2,A9022,Product Design and Development,78.57,33,42,sem2_attendance,ATT_S2_25881A6683_A9022PDD,STU_25881A6683,SUB_2_A9022
25881A6684,KURA KAUSHIK RAJ,B,2,A9002,Ordinary Differential Equations and Vector Calculus,78.95,60,76,sem2_attendance,ATT_S2_25881A6684_A9002ODECV,STU_25881A6684,SUB_2_A9002
25881A6684,KURA KAUSHIK RAJ,B,2,A9009,Engineering Chemistry,78.33,47,60,sem2_attendance,ATT_S2_25881A6684_A9009EC,STU_25881A6684,SUB_2_A9009
25881A6684,KURA KAUSHIK RAJ,B,2,A9011,English for Skills Enhancement,71.74,33,46,sem2_attendance,ATT_S2_25881A6684_A9011ESE,STU_25881A6684,SUB_2_A9011
25881A6684,KURA KAUSHIK RAJ,B,2,A9503,Data Structures,77.42,48,62,sem2_attendance,ATT_S2_25881A6684_A9503DS,STU_25881A6684,SUB_2_A9503
25881A6684,KURA KAUSHIK RAJ,B,2,A9402,Digital Electronics,68.33,41,60,sem2_attendance,ATT_S2_25881A6684_A9402DE,STU_25881A6684,SUB_2_A9402
25881A6684,KURA KAUSHIK RAJ,B,2,A9010,Engineering Chemistry Laboratory,73.33,33,45,sem2_attendance,ATT_S2_25881A6684_A9010ECL,STU_25881A6684,SUB_2_A9010
25881A6684,KURA KAUSHIK RAJ,B,2,A9012,English Language and Communication Skills Laboratory,81.25,39,48,sem2_attendance,ATT_S2_25881A6684_A9012ESEL,STU_25881A6684,SUB_2_A9012
25881A6684,KURA KAUSHIK RAJ,B,2,A9504,Data Structures Laboratory,100.0,31,31,sem2_attendance,ATT_S2_25881A6684_A9504DSL,STU_25881A6684,SUB_2_A9504
25881A6684,KURA KAUSHIK RAJ,B,2,A9304,Computer Aided Engineering Graphics,93.33,42,45,sem2_attendance,ATT_S2_25881A6684_A9304CAEG,STU_25881A6684,SUB_2_A9304
25881A6684,KURA KAUSHIK RAJ,B,2,A9022,Product Design and Development,57.14,24,42,sem2_attendance,ATT_S2_25881A6684_A9022PDD,STU_25881A6684,SUB_2_A9022
25881A6685,KUNAL SINGH,B,2,A9002,Ordinary Differential Equations and Vector Calculus,77.63,59,76,sem2_attendance,ATT_S2_25881A6685_A9002ODECV,STU_25881A6685,SUB_2_A9002
25881A6685,KUNAL SINGH,B,2,A9009,Engineering Chemistry,80.0,48,60,sem2_attendance,ATT_S2_25881A6685_A9009EC,STU_25881A6685,SUB_2_A9009
25881A6685,KUNAL SINGH,B,2,A9011,English for Skills Enhancement,69.57,32,46,sem2_attendance,ATT_S2_25881A6685_A9011ESE,STU_25881A6685,SUB_2_A9011
25881A6685,KUNAL SINGH,B,2,A9503,Data Structures,80.65,50,62,sem2_attendance,ATT_S2_25881A6685_A9503DS,STU_25881A6685,SUB_2_A9503
25881A6685,KUNAL SINGH,B,2,A9402,Digital Electronics,73.33,44,60,sem2_attendance,ATT_S2_25881A6685_A9402DE,STU_25881A6685,SUB_2_A9402
25881A6685,KUNAL SINGH,B,2,A9010,Engineering Chemistry Laboratory,80.0,36,45,sem2_attendance,ATT_S2_25881A6685_A9010ECL,STU_25881A6685,SUB_2_A9010
25881A6685,KUNAL SINGH,B,2,A9012,English Language and Communication Skills Laboratory,75.0,36,48,sem2_attendance,ATT_S2_25881A6685_A9012ESEL,STU_25881A6685,SUB_2_A9012
25881A6685,KUNAL SINGH,B,2,A9504,Data Structures Laboratory,87.1,27,31,sem2_attendance,ATT_S2_25881A6685_A9504DSL,STU_25881A6685,SUB_2_A9504
25881A6685,KUNAL SINGH,B,2,A9304,Computer Aided Engineering Graphics,80.0,36,45,sem2_attendance,ATT_S2_25881A6685_A9304CAEG,STU_25881A6685,SUB_2_A9304
25881A6685,KUNAL SINGH,B,2,A9022,Product Design and Development,64.29,27,42,sem2_attendance,ATT_S2_25881A6685_A9022PDD,STU_25881A6685,SUB_2_A9022
25881A6686,PEDDAGOLLA LEELA BHAVANI,B,2,A9002,Ordinary Differential Equations and Vector Calculus,81.58,62,76,sem2_attendance,ATT_S2_25881A6686_A9002ODECV,STU_25881A6686,SUB_2_A9002
25881A6686,PEDDAGOLLA LEELA BHAVANI,B,2,A9009,Engineering Chemistry,93.33,56,60,sem2_attendance,ATT_S2_25881A6686_A9009EC,STU_25881A6686,SUB_2_A9009
25881A6686,PEDDAGOLLA LEELA BHAVANI,B,2,A9011,English for Skills Enhancement,71.74,33,46,sem2_attendance,ATT_S2_25881A6686_A9011ESE,STU_25881A6686,SUB_2_A9011
25881A6686,PEDDAGOLLA LEELA BHAVANI,B,2,A9503,Data Structures,87.1,54,62,sem2_attendance,ATT_S2_25881A6686_A9503DS,STU_25881A6686,SUB_2_A9503
25881A6686,PEDDAGOLLA LEELA BHAVANI,B,2,A9402,Digital Electronics,76.67,46,60,sem2_attendance,ATT_S2_25881A6686_A9402DE,STU_25881A6686,SUB_2_A9402
25881A6686,PEDDAGOLLA LEELA BHAVANI,B,2,A9010,Engineering Chemistry Laboratory,73.33,33,45,sem2_attendance,ATT_S2_25881A6686_A9010ECL,STU_25881A6686,SUB_2_A9010
25881A6686,PEDDAGOLLA LEELA BHAVANI,B,2,A9012,English Language and Communication Skills Laboratory,87.5,42,48,sem2_attendance,ATT_S2_25881A6686_A9012ESEL,STU_25881A6686,SUB_2_A9012
25881A6686,PEDDAGOLLA LEELA BHAVANI,B,2,A9504,Data Structures Laboratory,100.0,31,31,sem2_attendance,ATT_S2_25881A6686_A9504DSL,STU_25881A6686,SUB_2_A9504
25881A6686,PEDDAGOLLA LEELA BHAVANI,B,2,A9304,Computer Aided Engineering Graphics,93.33,42,45,sem2_attendance,ATT_S2_25881A6686_A9304CAEG,STU_25881A6686,SUB_2_A9304
25881A6686,PEDDAGOLLA LEELA BHAVANI,B,2,A9022,Product Design and Development,64.29,27,42,sem2_attendance,ATT_S2_25881A6686_A9022PDD,STU_25881A6686,SUB_2_A9022
25881A6687,VANKADARI LOKESH,B,2,A9002,Ordinary Differential Equations and Vector Calculus,80.26,61,76,sem2_attendance,ATT_S2_25881A6687_A9002ODECV,STU_25881A6687,SUB_2_A9002
25881A6687,VANKADARI LOKESH,B,2,A9009,Engineering Chemistry,73.33,44,60,sem2_attendance,ATT_S2_25881A6687_A9009EC,STU_25881A6687,SUB_2_A9009
25881A6687,VANKADARI LOKESH,B,2,A9011,English for Skills Enhancement,84.78,39,46,sem2_attendance,ATT_S2_25881A6687_A9011ESE,STU_25881A6687,SUB_2_A9011
25881A6687,VANKADARI LOKESH,B,2,A9503,Data Structures,85.48,53,62,sem2_attendance,ATT_S2_25881A6687_A9503DS,STU_25881A6687,SUB_2_A9503
25881A6687,VANKADARI LOKESH,B,2,A9402,Digital Electronics,80.0,48,60,sem2_attendance,ATT_S2_25881A6687_A9402DE,STU_25881A6687,SUB_2_A9402
25881A6687,VANKADARI LOKESH,B,2,A9010,Engineering Chemistry Laboratory,93.33,42,45,sem2_attendance,ATT_S2_25881A6687_A9010ECL,STU_25881A6687,SUB_2_A9010
25881A6687,VANKADARI LOKESH,B,2,A9012,English Language and Communication Skills Laboratory,75.0,36,48,sem2_attendance,ATT_S2_25881A6687_A9012ESEL,STU_25881A6687,SUB_2_A9012
25881A6687,VANKADARI LOKESH,B,2,A9504,Data Structures Laboratory,87.1,27,31,sem2_attendance,ATT_S2_25881A6687_A9504DSL,STU_25881A6687,SUB_2_A9504
25881A6687,VANKADARI LOKESH,B,2,A9304,Computer Aided Engineering Graphics,86.67,39,45,sem2_attendance,ATT_S2_25881A6687_A9304CAEG,STU_25881A6687,SUB_2_A9304
25881A6687,VANKADARI LOKESH,B,2,A9022,Product Design and Development,64.29,27,42,sem2_attendance,ATT_S2_25881A6687_A9022PDD,STU_25881A6687,SUB_2_A9022
25881A6688,RAPARTHI MAHATHI,B,2,A9002,Ordinary Differential Equations and Vector Calculus,88.16,67,76,sem2_attendance,ATT_S2_25881A6688_A9002ODECV,STU_25881A6688,SUB_2_A9002
25881A6688,RAPARTHI MAHATHI,B,2,A9009,Engineering Chemistry,90.0,54,60,sem2_attendance,ATT_S2_25881A6688_A9009EC,STU_25881A6688,SUB_2_A9009
25881A6688,RAPARTHI MAHATHI,B,2,A9011,English for Skills Enhancement,86.96,40,46,sem2_attendance,ATT_S2_25881A6688_A9011ESE,STU_25881A6688,SUB_2_A9011
25881A6688,RAPARTHI MAHATHI,B,2,A9503,Data Structures,93.55,58,62,sem2_attendance,ATT_S2_25881A6688_A9503DS,STU_25881A6688,SUB_2_A9503
25881A6688,RAPARTHI MAHATHI,B,2,A9402,Digital Electronics,88.33,53,60,sem2_attendance,ATT_S2_25881A6688_A9402DE,STU_25881A6688,SUB_2_A9402
25881A6688,RAPARTHI MAHATHI,B,2,A9010,Engineering Chemistry Laboratory,93.33,42,45,sem2_attendance,ATT_S2_25881A6688_A9010ECL,STU_25881A6688,SUB_2_A9010
25881A6688,RAPARTHI MAHATHI,B,2,A9012,English Language and Communication Skills Laboratory,93.75,45,48,sem2_attendance,ATT_S2_25881A6688_A9012ESEL,STU_25881A6688,SUB_2_A9012
25881A6688,RAPARTHI MAHATHI,B,2,A9504,Data Structures Laboratory,93.55,29,31,sem2_attendance,ATT_S2_25881A6688_A9504DSL,STU_25881A6688,SUB_2_A9504
25881A6688,RAPARTHI MAHATHI,B,2,A9304,Computer Aided Engineering Graphics,86.67,39,45,sem2_attendance,ATT_S2_25881A6688_A9304CAEG,STU_25881A6688,SUB_2_A9304
25881A6688,RAPARTHI MAHATHI,B,2,A9022,Product Design and Development,85.71,36,42,sem2_attendance,ATT_S2_25881A6688_A9022PDD,STU_25881A6688,SUB_2_A9022
25881A6689,KOMMARAJULA MANI,B,2,A9002,Ordinary Differential Equations and Vector Calculus,80.26,61,76,sem2_attendance,ATT_S2_25881A6689_A9002ODECV,STU_25881A6689,SUB_2_A9002
25881A6689,KOMMARAJULA MANI,B,2,A9009,Engineering Chemistry,66.67,40,60,sem2_attendance,ATT_S2_25881A6689_A9009EC,STU_25881A6689,SUB_2_A9009
25881A6689,KOMMARAJULA MANI,B,2,A9011,English for Skills Enhancement,82.61,38,46,sem2_attendance,ATT_S2_25881A6689_A9011ESE,STU_25881A6689,SUB_2_A9011
25881A6689,KOMMARAJULA MANI,B,2,A9503,Data Structures,87.1,54,62,sem2_attendance,ATT_S2_25881A6689_A9503DS,STU_25881A6689,SUB_2_A9503
25881A6689,KOMMARAJULA MANI,B,2,A9402,Digital Electronics,83.33,50,60,sem2_attendance,ATT_S2_25881A6689_A9402DE,STU_25881A6689,SUB_2_A9402
25881A6689,KOMMARAJULA MANI,B,2,A9010,Engineering Chemistry Laboratory,86.67,39,45,sem2_attendance,ATT_S2_25881A6689_A9010ECL,STU_25881A6689,SUB_2_A9010
25881A6689,KOMMARAJULA MANI,B,2,A9012,English Language and Communication Skills Laboratory,83.33,40,48,sem2_attendance,ATT_S2_25881A6689_A9012ESEL,STU_25881A6689,SUB_2_A9012
25881A6689,KOMMARAJULA MANI,B,2,A9504,Data Structures Laboratory,77.42,24,31,sem2_attendance,ATT_S2_25881A6689_A9504DSL,STU_25881A6689,SUB_2_A9504
25881A6689,KOMMARAJULA MANI,B,2,A9304,Computer Aided Engineering Graphics,80.0,36,45,sem2_attendance,ATT_S2_25881A6689_A9304CAEG,STU_25881A6689,SUB_2_A9304
25881A6689,KOMMARAJULA MANI,B,2,A9022,Product Design and Development,50.0,21,42,sem2_attendance,ATT_S2_25881A6689_A9022PDD,STU_25881A6689,SUB_2_A9022
25881A6690,SADALA MANISH REDDY,B,2,A9002,Ordinary Differential Equations and Vector Calculus,86.84,66,76,sem2_attendance,ATT_S2_25881A6690_A9002ODECV,STU_25881A6690,SUB_2_A9002
25881A6690,SADALA MANISH REDDY,B,2,A9009,Engineering Chemistry,81.67,49,60,sem2_attendance,ATT_S2_25881A6690_A9009EC,STU_25881A6690,SUB_2_A9009
25881A6690,SADALA MANISH REDDY,B,2,A9011,English for Skills Enhancement,95.65,44,46,sem2_attendance,ATT_S2_25881A6690_A9011ESE,STU_25881A6690,SUB_2_A9011
25881A6690,SADALA MANISH REDDY,B,2,A9503,Data Structures,88.71,55,62,sem2_attendance,ATT_S2_25881A6690_A9503DS,STU_25881A6690,SUB_2_A9503
25881A6690,SADALA MANISH REDDY,B,2,A9402,Digital Electronics,90.0,54,60,sem2_attendance,ATT_S2_25881A6690_A9402DE,STU_25881A6690,SUB_2_A9402
25881A6690,SADALA MANISH REDDY,B,2,A9010,Engineering Chemistry Laboratory,93.33,42,45,sem2_attendance,ATT_S2_25881A6690_A9010ECL,STU_25881A6690,SUB_2_A9010
25881A6690,SADALA MANISH REDDY,B,2,A9012,English Language and Communication Skills Laboratory,87.5,42,48,sem2_attendance,ATT_S2_25881A6690_A9012ESEL,STU_25881A6690,SUB_2_A9012
25881A6690,SADALA MANISH REDDY,B,2,A9504,Data Structures Laboratory,93.55,29,31,sem2_attendance,ATT_S2_25881A6690_A9504DSL,STU_25881A6690,SUB_2_A9504
25881A6690,SADALA MANISH REDDY,B,2,A9304,Computer Aided Engineering Graphics,93.33,42,45,sem2_attendance,ATT_S2_25881A6690_A9304CAEG,STU_25881A6690,SUB_2_A9304
25881A6690,SADALA MANISH REDDY,B,2,A9022,Product Design and Development,85.71,36,42,sem2_attendance,ATT_S2_25881A6690_A9022PDD,STU_25881A6690,SUB_2_A9022
25881A6691,MENDE MEGHANA,B,2,A9002,Ordinary Differential Equations and Vector Calculus,86.84,66,76,sem2_attendance,ATT_S2_25881A6691_A9002ODECV,STU_25881A6691,SUB_2_A9002
25881A6691,MENDE MEGHANA,B,2,A9009,Engineering Chemistry,88.33,53,60,sem2_attendance,ATT_S2_25881A6691_A9009EC,STU_25881A6691,SUB_2_A9009
25881A6691,MENDE MEGHANA,B,2,A9011,English for Skills Enhancement,91.3,42,46,sem2_attendance,ATT_S2_25881A6691_A9011ESE,STU_25881A6691,SUB_2_A9011
25881A6691,MENDE MEGHANA,B,2,A9503,Data Structures,91.94,57,62,sem2_attendance,ATT_S2_25881A6691_A9503DS,STU_25881A6691,SUB_2_A9503
25881A6691,MENDE MEGHANA,B,2,A9402,Digital Electronics,90.0,54,60,sem2_attendance,ATT_S2_25881A6691_A9402DE,STU_25881A6691,SUB_2_A9402
25881A6691,MENDE MEGHANA,B,2,A9010,Engineering Chemistry Laboratory,86.67,39,45,sem2_attendance,ATT_S2_25881A6691_A9010ECL,STU_25881A6691,SUB_2_A9010
25881A6691,MENDE MEGHANA,B,2,A9012,English Language and Communication Skills Laboratory,87.5,42,48,sem2_attendance,ATT_S2_25881A6691_A9012ESEL,STU_25881A6691,SUB_2_A9012
25881A6691,MENDE MEGHANA,B,2,A9504,Data Structures Laboratory,93.55,29,31,sem2_attendance,ATT_S2_25881A6691_A9504DSL,STU_25881A6691,SUB_2_A9504
25881A6691,MENDE MEGHANA,B,2,A9304,Computer Aided Engineering Graphics,86.67,39,45,sem2_attendance,ATT_S2_25881A6691_A9304CAEG,STU_25881A6691,SUB_2_A9304
25881A6691,MENDE MEGHANA,B,2,A9022,Product Design and Development,78.57,33,42,sem2_attendance,ATT_S2_25881A6691_A9022PDD,STU_25881A6691,SUB_2_A9022
25881A6692,NADIKATTU NAGA SHIVANI,B,2,A9002,Ordinary Differential Equations and Vector Calculus,82.89,63,76,sem2_attendance,ATT_S2_25881A6692_A9002ODECV,STU_25881A6692,SUB_2_A9002
25881A6692,NADIKATTU NAGA SHIVANI,B,2,A9009,Engineering Chemistry,83.33,50,60,sem2_attendance,ATT_S2_25881A6692_A9009EC,STU_25881A6692,SUB_2_A9009
25881A6692,NADIKATTU NAGA SHIVANI,B,2,A9011,English for Skills Enhancement,93.48,43,46,sem2_attendance,ATT_S2_25881A6692_A9011ESE,STU_25881A6692,SUB_2_A9011
25881A6692,NADIKATTU NAGA SHIVANI,B,2,A9503,Data Structures,88.71,55,62,sem2_attendance,ATT_S2_25881A6692_A9503DS,STU_25881A6692,SUB_2_A9503
25881A6692,NADIKATTU NAGA SHIVANI,B,2,A9402,Digital Electronics,91.67,55,60,sem2_attendance,ATT_S2_25881A6692_A9402DE,STU_25881A6692,SUB_2_A9402
25881A6692,NADIKATTU NAGA SHIVANI,B,2,A9010,Engineering Chemistry Laboratory,93.33,42,45,sem2_attendance,ATT_S2_25881A6692_A9010ECL,STU_25881A6692,SUB_2_A9010
25881A6692,NADIKATTU NAGA SHIVANI,B,2,A9012,English Language and Communication Skills Laboratory,93.75,45,48,sem2_attendance,ATT_S2_25881A6692_A9012ESEL,STU_25881A6692,SUB_2_A9012
25881A6692,NADIKATTU NAGA SHIVANI,B,2,A9504,Data Structures Laboratory,100.0,31,31,sem2_attendance,ATT_S2_25881A6692_A9504DSL,STU_25881A6692,SUB_2_A9504
25881A6692,NADIKATTU NAGA SHIVANI,B,2,A9304,Computer Aided Engineering Graphics,66.67,30,45,sem2_attendance,ATT_S2_25881A6692_A9304CAEG,STU_25881A6692,SUB_2_A9304
25881A6692,NADIKATTU NAGA SHIVANI,B,2,A9022,Product Design and Development,85.71,36,42,sem2_attendance,ATT_S2_25881A6692_A9022PDD,STU_25881A6692,SUB_2_A9022
25881A6693,BATHULA NIHARIKA,B,2,A9002,Ordinary Differential Equations and Vector Calculus,94.74,72,76,sem2_attendance,ATT_S2_25881A6693_A9002ODECV,STU_25881A6693,SUB_2_A9002
25881A6693,BATHULA NIHARIKA,B,2,A9009,Engineering Chemistry,90.0,54,60,sem2_attendance,ATT_S2_25881A6693_A9009EC,STU_25881A6693,SUB_2_A9009
25881A6693,BATHULA NIHARIKA,B,2,A9011,English for Skills Enhancement,95.65,44,46,sem2_attendance,ATT_S2_25881A6693_A9011ESE,STU_25881A6693,SUB_2_A9011
25881A6693,BATHULA NIHARIKA,B,2,A9503,Data Structures,96.77,60,62,sem2_attendance,ATT_S2_25881A6693_A9503DS,STU_25881A6693,SUB_2_A9503
25881A6693,BATHULA NIHARIKA,B,2,A9402,Digital Electronics,96.67,58,60,sem2_attendance,ATT_S2_25881A6693_A9402DE,STU_25881A6693,SUB_2_A9402
25881A6693,BATHULA NIHARIKA,B,2,A9010,Engineering Chemistry Laboratory,93.33,42,45,sem2_attendance,ATT_S2_25881A6693_A9010ECL,STU_25881A6693,SUB_2_A9010
25881A6693,BATHULA NIHARIKA,B,2,A9012,English Language and Communication Skills Laboratory,100.0,48,48,sem2_attendance,ATT_S2_25881A6693_A9012ESEL,STU_25881A6693,SUB_2_A9012
25881A6693,BATHULA NIHARIKA,B,2,A9504,Data Structures Laboratory,93.55,29,31,sem2_attendance,ATT_S2_25881A6693_A9504DSL,STU_25881A6693,SUB_2_A9504
25881A6693,BATHULA NIHARIKA,B,2,A9304,Computer Aided Engineering Graphics,86.67,39,45,sem2_attendance,ATT_S2_25881A6693_A9304CAEG,STU_25881A6693,SUB_2_A9304
25881A6693,BATHULA NIHARIKA,B,2,A9022,Product Design and Development,92.86,39,42,sem2_attendance,ATT_S2_25881A6693_A9022PDD,STU_25881A6693,SUB_2_A9022
25881A6694,GOGGA PRADEEP,B,2,A9002,Ordinary Differential Equations and Vector Calculus,82.89,63,76,sem2_attendance,ATT_S2_25881A6694_A9002ODECV,STU_25881A6694,SUB_2_A9002
25881A6694,GOGGA PRADEEP,B,2,A9009,Engineering Chemistry,80.0,48,60,sem2_attendance,ATT_S2_25881A6694_A9009EC,STU_25881A6694,SUB_2_A9009
25881A6694,GOGGA PRADEEP,B,2,A9011,English for Skills Enhancement,89.13,41,46,sem2_attendance,ATT_S2_25881A6694_A9011ESE,STU_25881A6694,SUB_2_A9011
25881A6694,GOGGA PRADEEP,B,2,A9503,Data Structures,91.94,57,62,sem2_attendance,ATT_S2_25881A6694_A9503DS,STU_25881A6694,SUB_2_A9503
25881A6694,GOGGA PRADEEP,B,2,A9402,Digital Electronics,76.67,46,60,sem2_attendance,ATT_S2_25881A6694_A9402DE,STU_25881A6694,SUB_2_A9402
25881A6694,GOGGA PRADEEP,B,2,A9010,Engineering Chemistry Laboratory,100.0,45,45,sem2_attendance,ATT_S2_25881A6694_A9010ECL,STU_25881A6694,SUB_2_A9010
25881A6694,GOGGA PRADEEP,B,2,A9012,English Language and Communication Skills Laboratory,81.25,39,48,sem2_attendance,ATT_S2_25881A6694_A9012ESEL,STU_25881A6694,SUB_2_A9012
25881A6694,GOGGA PRADEEP,B,2,A9504,Data Structures Laboratory,87.1,27,31,sem2_attendance,ATT_S2_25881A6694_A9504DSL,STU_25881A6694,SUB_2_A9504
25881A6694,GOGGA PRADEEP,B,2,A9304,Computer Aided Engineering Graphics,86.67,39,45,sem2_attendance,ATT_S2_25881A6694_A9304CAEG,STU_25881A6694,SUB_2_A9304
25881A6694,GOGGA PRADEEP,B,2,A9022,Product Design and Development,64.29,27,42,sem2_attendance,ATT_S2_25881A6694_A9022PDD,STU_25881A6694,SUB_2_A9022
25881A6695,CHINNAPAGA PRASHANH KUMAR,B,2,A9002,Ordinary Differential Equations and Vector Calculus,72.37,55,76,sem2_attendance,ATT_S2_25881A6695_A9002ODECV,STU_25881A6695,SUB_2_A9002
25881A6695,CHINNAPAGA PRASHANH KUMAR,B,2,A9009,Engineering Chemistry,76.67,46,60,sem2_attendance,ATT_S2_25881A6695_A9009EC,STU_25881A6695,SUB_2_A9009
25881A6695,CHINNAPAGA PRASHANH KUMAR,B,2,A9011,English for Skills Enhancement,54.35,25,46,sem2_attendance,ATT_S2_25881A6695_A9011ESE,STU_25881A6695,SUB_2_A9011
25881A6695,CHINNAPAGA PRASHANH KUMAR,B,2,A9503,Data Structures,77.42,48,62,sem2_attendance,ATT_S2_25881A6695_A9503DS,STU_25881A6695,SUB_2_A9503
25881A6695,CHINNAPAGA PRASHANH KUMAR,B,2,A9402,Digital Electronics,66.67,40,60,sem2_attendance,ATT_S2_25881A6695_A9402DE,STU_25881A6695,SUB_2_A9402
25881A6695,CHINNAPAGA PRASHANH KUMAR,B,2,A9010,Engineering Chemistry Laboratory,86.67,39,45,sem2_attendance,ATT_S2_25881A6695_A9010ECL,STU_25881A6695,SUB_2_A9010
25881A6695,CHINNAPAGA PRASHANH KUMAR,B,2,A9012,English Language and Communication Skills Laboratory,75.0,36,48,sem2_attendance,ATT_S2_25881A6695_A9012ESEL,STU_25881A6695,SUB_2_A9012
25881A6695,CHINNAPAGA PRASHANH KUMAR,B,2,A9504,Data Structures Laboratory,93.55,29,31,sem2_attendance,ATT_S2_25881A6695_A9504DSL,STU_25881A6695,SUB_2_A9504
25881A6695,CHINNAPAGA PRASHANH KUMAR,B,2,A9304,Computer Aided Engineering Graphics,80.0,36,45,sem2_attendance,ATT_S2_25881A6695_A9304CAEG,STU_25881A6695,SUB_2_A9304
25881A6695,CHINNAPAGA PRASHANH KUMAR,B,2,A9022,Product Design and Development,78.57,33,42,sem2_attendance,ATT_S2_25881A6695_A9022PDD,STU_25881A6695,SUB_2_A9022
25881A6696,BUKYA PRAVEEN KUMAR,B,2,A9002,Ordinary Differential Equations and Vector Calculus,85.53,65,76,sem2_attendance,ATT_S2_25881A6696_A9002ODECV,STU_25881A6696,SUB_2_A9002
25881A6696,BUKYA PRAVEEN KUMAR,B,2,A9009,Engineering Chemistry,80.0,48,60,sem2_attendance,ATT_S2_25881A6696_A9009EC,STU_25881A6696,SUB_2_A9009
25881A6696,BUKYA PRAVEEN KUMAR,B,2,A9011,English for Skills Enhancement,80.43,37,46,sem2_attendance,ATT_S2_25881A6696_A9011ESE,STU_25881A6696,SUB_2_A9011
25881A6696,BUKYA PRAVEEN KUMAR,B,2,A9503,Data Structures,83.87,52,62,sem2_attendance,ATT_S2_25881A6696_A9503DS,STU_25881A6696,SUB_2_A9503
25881A6696,BUKYA PRAVEEN KUMAR,B,2,A9402,Digital Electronics,76.67,46,60,sem2_attendance,ATT_S2_25881A6696_A9402DE,STU_25881A6696,SUB_2_A9402
25881A6696,BUKYA PRAVEEN KUMAR,B,2,A9010,Engineering Chemistry Laboratory,93.33,42,45,sem2_attendance,ATT_S2_25881A6696_A9010ECL,STU_25881A6696,SUB_2_A9010
25881A6696,BUKYA PRAVEEN KUMAR,B,2,A9012,English Language and Communication Skills Laboratory,87.5,42,48,sem2_attendance,ATT_S2_25881A6696_A9012ESEL,STU_25881A6696,SUB_2_A9012
25881A6696,BUKYA PRAVEEN KUMAR,B,2,A9504,Data Structures Laboratory,93.55,29,31,sem2_attendance,ATT_S2_25881A6696_A9504DSL,STU_25881A6696,SUB_2_A9504
25881A6696,BUKYA PRAVEEN KUMAR,B,2,A9304,Computer Aided Engineering Graphics,93.33,42,45,sem2_attendance,ATT_S2_25881A6696_A9304CAEG,STU_25881A6696,SUB_2_A9304
25881A6696,BUKYA PRAVEEN KUMAR,B,2,A9022,Product Design and Development,78.57,33,42,sem2_attendance,ATT_S2_25881A6696_A9022PDD,STU_25881A6696,SUB_2_A9022
25881A6697,K RAGHAVENDRA,B,2,A9002,Ordinary Differential Equations and Vector Calculus,86.84,66,76,sem2_attendance,ATT_S2_25881A6697_A9002ODECV,STU_25881A6697,SUB_2_A9002
25881A6697,K RAGHAVENDRA,B,2,A9009,Engineering Chemistry,90.0,54,60,sem2_attendance,ATT_S2_25881A6697_A9009EC,STU_25881A6697,SUB_2_A9009
25881A6697,K RAGHAVENDRA,B,2,A9011,English for Skills Enhancement,84.78,39,46,sem2_attendance,ATT_S2_25881A6697_A9011ESE,STU_25881A6697,SUB_2_A9011
25881A6697,K RAGHAVENDRA,B,2,A9503,Data Structures,87.1,54,62,sem2_attendance,ATT_S2_25881A6697_A9503DS,STU_25881A6697,SUB_2_A9503
25881A6697,K RAGHAVENDRA,B,2,A9402,Digital Electronics,83.33,50,60,sem2_attendance,ATT_S2_25881A6697_A9402DE,STU_25881A6697,SUB_2_A9402
25881A6697,K RAGHAVENDRA,B,2,A9010,Engineering Chemistry Laboratory,86.67,39,45,sem2_attendance,ATT_S2_25881A6697_A9010ECL,STU_25881A6697,SUB_2_A9010
25881A6697,K RAGHAVENDRA,B,2,A9012,English Language and Communication Skills Laboratory,93.75,45,48,sem2_attendance,ATT_S2_25881A6697_A9012ESEL,STU_25881A6697,SUB_2_A9012
25881A6697,K RAGHAVENDRA,B,2,A9504,Data Structures Laboratory,100.0,31,31,sem2_attendance,ATT_S2_25881A6697_A9504DSL,STU_25881A6697,SUB_2_A9504
25881A6697,K RAGHAVENDRA,B,2,A9304,Computer Aided Engineering Graphics,93.33,42,45,sem2_attendance,ATT_S2_25881A6697_A9304CAEG,STU_25881A6697,SUB_2_A9304
25881A6697,K RAGHAVENDRA,B,2,A9022,Product Design and Development,78.57,33,42,sem2_attendance,ATT_S2_25881A6697_A9022PDD,STU_25881A6697,SUB_2_A9022
25881A6698,YELLAREDDY RAGHAVENDRA REDDY,B,2,A9002,Ordinary Differential Equations and Vector Calculus,80.26,61,76,sem2_attendance,ATT_S2_25881A6698_A9002ODECV,STU_25881A6698,SUB_2_A9002
25881A6698,YELLAREDDY RAGHAVENDRA REDDY,B,2,A9009,Engineering Chemistry,80.0,48,60,sem2_attendance,ATT_S2_25881A6698_A9009EC,STU_25881A6698,SUB_2_A9009
25881A6698,YELLAREDDY RAGHAVENDRA REDDY,B,2,A9011,English for Skills Enhancement,84.78,39,46,sem2_attendance,ATT_S2_25881A6698_A9011ESE,STU_25881A6698,SUB_2_A9011
25881A6698,YELLAREDDY RAGHAVENDRA REDDY,B,2,A9503,Data Structures,87.1,54,62,sem2_attendance,ATT_S2_25881A6698_A9503DS,STU_25881A6698,SUB_2_A9503
25881A6698,YELLAREDDY RAGHAVENDRA REDDY,B,2,A9402,Digital Electronics,83.33,50,60,sem2_attendance,ATT_S2_25881A6698_A9402DE,STU_25881A6698,SUB_2_A9402
25881A6698,YELLAREDDY RAGHAVENDRA REDDY,B,2,A9010,Engineering Chemistry Laboratory,93.33,42,45,sem2_attendance,ATT_S2_25881A6698_A9010ECL,STU_25881A6698,SUB_2_A9010
25881A6698,YELLAREDDY RAGHAVENDRA REDDY,B,2,A9012,English Language and Communication Skills Laboratory,78.57,33,42,sem2_attendance,ATT_S2_25881A6698_A9012ESEL,STU_25881A6698,SUB_2_A9012
25881A6698,YELLAREDDY RAGHAVENDRA REDDY,B,2,A9504,Data Structures Laboratory,87.1,27,31,sem2_attendance,ATT_S2_25881A6698_A9504DSL,STU_25881A6698,SUB_2_A9504
25881A6698,YELLAREDDY RAGHAVENDRA REDDY,B,2,A9304,Computer Aided Engineering Graphics,87.5,42,48,sem2_attendance,ATT_S2_25881A6698_A9304CAEG,STU_25881A6698,SUB_2_A9304
25881A6698,YELLAREDDY RAGHAVENDRA REDDY,B,2,A9022,Product Design and Development,86.67,39,45,sem2_attendance,ATT_S2_25881A6698_A9022PDD,STU_25881A6698,SUB_2_A9022
25881A6699,RAJEEV KUMAR SINGH,B,2,A9002,Ordinary Differential Equations and Vector Calculus,78.95,60,76,sem2_attendance,ATT_S2_25881A6699_A9002ODECV,STU_25881A6699,SUB_2_A9002
25881A6699,RAJEEV KUMAR SINGH,B,2,A9009,Engineering Chemistry,78.33,47,60,sem2_attendance,ATT_S2_25881A6699_A9009EC,STU_25881A6699,SUB_2_A9009
25881A6699,RAJEEV KUMAR SINGH,B,2,A9011,English for Skills Enhancement,82.61,38,46,sem2_attendance,ATT_S2_25881A6699_A9011ESE,STU_25881A6699,SUB_2_A9011
25881A6699,RAJEEV KUMAR SINGH,B,2,A9503,Data Structures,87.1,54,62,sem2_attendance,ATT_S2_25881A6699_A9503DS,STU_25881A6699,SUB_2_A9503
25881A6699,RAJEEV KUMAR SINGH,B,2,A9402,Digital Electronics,83.33,50,60,sem2_attendance,ATT_S2_25881A6699_A9402DE,STU_25881A6699,SUB_2_A9402
25881A6699,RAJEEV KUMAR SINGH,B,2,A9010,Engineering Chemistry Laboratory,80.0,36,45,sem2_attendance,ATT_S2_25881A6699_A9010ECL,STU_25881A6699,SUB_2_A9010
25881A6699,RAJEEV KUMAR SINGH,B,2,A9012,English Language and Communication Skills Laboratory,78.57,33,42,sem2_attendance,ATT_S2_25881A6699_A9012ESEL,STU_25881A6699,SUB_2_A9012
25881A6699,RAJEEV KUMAR SINGH,B,2,A9504,Data Structures Laboratory,83.87,26,31,sem2_attendance,ATT_S2_25881A6699_A9504DSL,STU_25881A6699,SUB_2_A9504
25881A6699,RAJEEV KUMAR SINGH,B,2,A9304,Computer Aided Engineering Graphics,87.5,42,48,sem2_attendance,ATT_S2_25881A6699_A9304CAEG,STU_25881A6699,SUB_2_A9304
25881A6699,RAJEEV KUMAR SINGH,B,2,A9022,Product Design and Development,80.0,36,45,sem2_attendance,ATT_S2_25881A6699_A9022PDD,STU_25881A6699,SUB_2_A9022
25881A66A0,SATTOOR RITESH GOUD,B,2,A9002,Ordinary Differential Equations and Vector Calculus,77.63,59,76,sem2_attendance,ATT_S2_25881A66A0_A9002ODECV,STU_25881A66A0,SUB_2_A9002
25881A66A0,SATTOOR RITESH GOUD,B,2,A9009,Engineering Chemistry,75.0,45,60,sem2_attendance,ATT_S2_25881A66A0_A9009EC,STU_25881A66A0,SUB_2_A9009
25881A66A0,SATTOOR RITESH GOUD,B,2,A9011,English for Skills Enhancement,91.3,42,46,sem2_attendance,ATT_S2_25881A66A0_A9011ESE,STU_25881A66A0,SUB_2_A9011
25881A66A0,SATTOOR RITESH GOUD,B,2,A9503,Data Structures,88.71,55,62,sem2_attendance,ATT_S2_25881A66A0_A9503DS,STU_25881A66A0,SUB_2_A9503
25881A66A0,SATTOOR RITESH GOUD,B,2,A9402,Digital Electronics,86.67,52,60,sem2_attendance,ATT_S2_25881A66A0_A9402DE,STU_25881A66A0,SUB_2_A9402
25881A66A0,SATTOOR RITESH GOUD,B,2,A9010,Engineering Chemistry Laboratory,80.0,36,45,sem2_attendance,ATT_S2_25881A66A0_A9010ECL,STU_25881A66A0,SUB_2_A9010
25881A66A0,SATTOOR RITESH GOUD,B,2,A9012,English Language and Communication Skills Laboratory,92.86,39,42,sem2_attendance,ATT_S2_25881A66A0_A9012ESEL,STU_25881A66A0,SUB_2_A9012
25881A66A0,SATTOOR RITESH GOUD,B,2,A9504,Data Structures Laboratory,93.55,29,31,sem2_attendance,ATT_S2_25881A66A0_A9504DSL,STU_25881A66A0,SUB_2_A9504
25881A66A0,SATTOOR RITESH GOUD,B,2,A9304,Computer Aided Engineering Graphics,93.75,45,48,sem2_attendance,ATT_S2_25881A66A0_A9304CAEG,STU_25881A66A0,SUB_2_A9304
25881A66A0,SATTOOR RITESH GOUD,B,2,A9022,Product Design and Development,100.0,45,45,sem2_attendance,ATT_S2_25881A66A0_A9022PDD,STU_25881A66A0,SUB_2_A9022
25881A66A1,GURRALA RITHWICK REDDY,B,2,A9002,Ordinary Differential Equations and Vector Calculus,73.68,56,76,sem2_attendance,ATT_S2_25881A66A1_A9002ODECV,STU_25881A66A1,SUB_2_A9002
25881A66A1,GURRALA RITHWICK REDDY,B,2,A9009,Engineering Chemistry,70.0,42,60,sem2_attendance,ATT_S2_25881A66A1_A9009EC,STU_25881A66A1,SUB_2_A9009
25881A66A1,GURRALA RITHWICK REDDY,B,2,A9011,English for Skills Enhancement,63.04,29,46,sem2_attendance,ATT_S2_25881A66A1_A9011ESE,STU_25881A66A1,SUB_2_A9011
25881A66A1,GURRALA RITHWICK REDDY,B,2,A9503,Data Structures,83.87,52,62,sem2_attendance,ATT_S2_25881A66A1_A9503DS,STU_25881A66A1,SUB_2_A9503
25881A66A1,GURRALA RITHWICK REDDY,B,2,A9402,Digital Electronics,70.0,42,60,sem2_attendance,ATT_S2_25881A66A1_A9402DE,STU_25881A66A1,SUB_2_A9402
25881A66A1,GURRALA RITHWICK REDDY,B,2,A9010,Engineering Chemistry Laboratory,80.0,36,45,sem2_attendance,ATT_S2_25881A66A1_A9010ECL,STU_25881A66A1,SUB_2_A9010
25881A66A1,GURRALA RITHWICK REDDY,B,2,A9012,English Language and Communication Skills Laboratory,78.57,33,42,sem2_attendance,ATT_S2_25881A66A1_A9012ESEL,STU_25881A66A1,SUB_2_A9012
25881A66A1,GURRALA RITHWICK REDDY,B,2,A9504,Data Structures Laboratory,74.19,23,31,sem2_attendance,ATT_S2_25881A66A1_A9504DSL,STU_25881A66A1,SUB_2_A9504
25881A66A1,GURRALA RITHWICK REDDY,B,2,A9304,Computer Aided Engineering Graphics,87.5,42,48,sem2_attendance,ATT_S2_25881A66A1_A9304CAEG,STU_25881A66A1,SUB_2_A9304
25881A66A1,GURRALA RITHWICK REDDY,B,2,A9022,Product Design and Development,73.33,33,45,sem2_attendance,ATT_S2_25881A66A1_A9022PDD,STU_25881A66A1,SUB_2_A9022
25881A66A2,CHUNCHU ROHITH SRINIVAS,B,2,A9002,Ordinary Differential Equations and Vector Calculus,75.0,57,76,sem2_attendance,ATT_S2_25881A66A2_A9002ODECV,STU_25881A66A2,SUB_2_A9002
25881A66A2,CHUNCHU ROHITH SRINIVAS,B,2,A9009,Engineering Chemistry,80.0,48,60,sem2_attendance,ATT_S2_25881A66A2_A9009EC,STU_25881A66A2,SUB_2_A9009
25881A66A2,CHUNCHU ROHITH SRINIVAS,B,2,A9011,English for Skills Enhancement,63.04,29,46,sem2_attendance,ATT_S2_25881A66A2_A9011ESE,STU_25881A66A2,SUB_2_A9011
25881A66A2,CHUNCHU ROHITH SRINIVAS,B,2,A9503,Data Structures,82.26,51,62,sem2_attendance,ATT_S2_25881A66A2_A9503DS,STU_25881A66A2,SUB_2_A9503
25881A66A2,CHUNCHU ROHITH SRINIVAS,B,2,A9402,Digital Electronics,66.67,40,60,sem2_attendance,ATT_S2_25881A66A2_A9402DE,STU_25881A66A2,SUB_2_A9402
25881A66A2,CHUNCHU ROHITH SRINIVAS,B,2,A9010,Engineering Chemistry Laboratory,86.67,39,45,sem2_attendance,ATT_S2_25881A66A2_A9010ECL,STU_25881A66A2,SUB_2_A9010
25881A66A2,CHUNCHU ROHITH SRINIVAS,B,2,A9012,English Language and Communication Skills Laboratory,71.43,30,42,sem2_attendance,ATT_S2_25881A66A2_A9012ESEL,STU_25881A66A2,SUB_2_A9012
25881A66A2,CHUNCHU ROHITH SRINIVAS,B,2,A9504,Data Structures Laboratory,87.1,27,31,sem2_attendance,ATT_S2_25881A66A2_A9504DSL,STU_25881A66A2,SUB_2_A9504
25881A66A2,CHUNCHU ROHITH SRINIVAS,B,2,A9304,Computer Aided Engineering Graphics,81.25,39,48,sem2_attendance,ATT_S2_25881A66A2_A9304CAEG,STU_25881A66A2,SUB_2_A9304
25881A66A2,CHUNCHU ROHITH SRINIVAS,B,2,A9022,Product Design and Development,86.67,39,45,sem2_attendance,ATT_S2_25881A66A2_A9022PDD,STU_25881A66A2,SUB_2_A9022
25881A66A3,RUDHRATEJA CHITHARU,B,2,A9002,Ordinary Differential Equations and Vector Calculus,81.58,62,76,sem2_attendance,ATT_S2_25881A66A3_A9002ODECV,STU_25881A66A3,SUB_2_A9002
25881A66A3,RUDHRATEJA CHITHARU,B,2,A9009,Engineering Chemistry,88.33,53,60,sem2_attendance,ATT_S2_25881A66A3_A9009EC,STU_25881A66A3,SUB_2_A9009
25881A66A3,RUDHRATEJA CHITHARU,B,2,A9011,English for Skills Enhancement,71.74,33,46,sem2_attendance,ATT_S2_25881A66A3_A9011ESE,STU_25881A66A3,SUB_2_A9011
25881A66A3,RUDHRATEJA CHITHARU,B,2,A9503,Data Structures,82.26,51,62,sem2_attendance,ATT_S2_25881A66A3_A9503DS,STU_25881A66A3,SUB_2_A9503
25881A66A3,RUDHRATEJA CHITHARU,B,2,A9402,Digital Electronics,73.33,44,60,sem2_attendance,ATT_S2_25881A66A3_A9402DE,STU_25881A66A3,SUB_2_A9402
25881A66A3,RUDHRATEJA CHITHARU,B,2,A9010,Engineering Chemistry Laboratory,73.33,33,45,sem2_attendance,ATT_S2_25881A66A3_A9010ECL,STU_25881A66A3,SUB_2_A9010
25881A66A3,RUDHRATEJA CHITHARU,B,2,A9012,English Language and Communication Skills Laboratory,78.57,33,42,sem2_attendance,ATT_S2_25881A66A3_A9012ESEL,STU_25881A66A3,SUB_2_A9012
25881A66A3,RUDHRATEJA CHITHARU,B,2,A9504,Data Structures Laboratory,87.1,27,31,sem2_attendance,ATT_S2_25881A66A3_A9504DSL,STU_25881A66A3,SUB_2_A9504
25881A66A3,RUDHRATEJA CHITHARU,B,2,A9304,Computer Aided Engineering Graphics,93.75,45,48,sem2_attendance,ATT_S2_25881A66A3_A9304CAEG,STU_25881A66A3,SUB_2_A9304
25881A66A3,RUDHRATEJA CHITHARU,B,2,A9022,Product Design and Development,86.67,39,45,sem2_attendance,ATT_S2_25881A66A3_A9022PDD,STU_25881A66A3,SUB_2_A9022
25881A66A4,TUSAMBAD RUTHIKA,B,2,A9002,Ordinary Differential Equations and Vector Calculus,82.89,63,76,sem2_attendance,ATT_S2_25881A66A4_A9002ODECV,STU_25881A66A4,SUB_2_A9002
25881A66A4,TUSAMBAD RUTHIKA,B,2,A9009,Engineering Chemistry,73.33,44,60,sem2_attendance,ATT_S2_25881A66A4_A9009EC,STU_25881A66A4,SUB_2_A9009
25881A66A4,TUSAMBAD RUTHIKA,B,2,A9011,English for Skills Enhancement,76.09,35,46,sem2_attendance,ATT_S2_25881A66A4_A9011ESE,STU_25881A66A4,SUB_2_A9011
25881A66A4,TUSAMBAD RUTHIKA,B,2,A9503,Data Structures,82.26,51,62,sem2_attendance,ATT_S2_25881A66A4_A9503DS,STU_25881A66A4,SUB_2_A9503
25881A66A4,TUSAMBAD RUTHIKA,B,2,A9402,Digital Electronics,81.67,49,60,sem2_attendance,ATT_S2_25881A66A4_A9402DE,STU_25881A66A4,SUB_2_A9402
25881A66A4,TUSAMBAD RUTHIKA,B,2,A9010,Engineering Chemistry Laboratory,73.33,33,45,sem2_attendance,ATT_S2_25881A66A4_A9010ECL,STU_25881A66A4,SUB_2_A9010
25881A66A4,TUSAMBAD RUTHIKA,B,2,A9012,English Language and Communication Skills Laboratory,64.29,27,42,sem2_attendance,ATT_S2_25881A66A4_A9012ESEL,STU_25881A66A4,SUB_2_A9012
25881A66A4,TUSAMBAD RUTHIKA,B,2,A9504,Data Structures Laboratory,93.55,29,31,sem2_attendance,ATT_S2_25881A66A4_A9504DSL,STU_25881A66A4,SUB_2_A9504
25881A66A4,TUSAMBAD RUTHIKA,B,2,A9304,Computer Aided Engineering Graphics,87.5,42,48,sem2_attendance,ATT_S2_25881A66A4_A9304CAEG,STU_25881A66A4,SUB_2_A9304
25881A66A4,TUSAMBAD RUTHIKA,B,2,A9022,Product Design and Development,86.67,39,45,sem2_attendance,ATT_S2_25881A66A4_A9022PDD,STU_25881A66A4,SUB_2_A9022
25881A66A5,DONALA SAHASRA,B,2,A9002,Ordinary Differential Equations and Vector Calculus,76.32,58,76,sem2_attendance,ATT_S2_25881A66A5_A9002ODECV,STU_25881A66A5,SUB_2_A9002
25881A66A5,DONALA SAHASRA,B,2,A9009,Engineering Chemistry,75.0,45,60,sem2_attendance,ATT_S2_25881A66A5_A9009EC,STU_25881A66A5,SUB_2_A9009
25881A66A5,DONALA SAHASRA,B,2,A9011,English for Skills Enhancement,80.43,37,46,sem2_attendance,ATT_S2_25881A66A5_A9011ESE,STU_25881A66A5,SUB_2_A9011
25881A66A5,DONALA SAHASRA,B,2,A9503,Data Structures,77.42,48,62,sem2_attendance,ATT_S2_25881A66A5_A9503DS,STU_25881A66A5,SUB_2_A9503
25881A66A5,DONALA SAHASRA,B,2,A9402,Digital Electronics,75.0,45,60,sem2_attendance,ATT_S2_25881A66A5_A9402DE,STU_25881A66A5,SUB_2_A9402
25881A66A5,DONALA SAHASRA,B,2,A9010,Engineering Chemistry Laboratory,80.0,36,45,sem2_attendance,ATT_S2_25881A66A5_A9010ECL,STU_25881A66A5,SUB_2_A9010
25881A66A5,DONALA SAHASRA,B,2,A9012,English Language and Communication Skills Laboratory,85.71,36,42,sem2_attendance,ATT_S2_25881A66A5_A9012ESEL,STU_25881A66A5,SUB_2_A9012
25881A66A5,DONALA SAHASRA,B,2,A9504,Data Structures Laboratory,93.55,29,31,sem2_attendance,ATT_S2_25881A66A5_A9504DSL,STU_25881A66A5,SUB_2_A9504
25881A66A5,DONALA SAHASRA,B,2,A9304,Computer Aided Engineering Graphics,89.58,43,48,sem2_attendance,ATT_S2_25881A66A5_A9304CAEG,STU_25881A66A5,SUB_2_A9304
25881A66A5,DONALA SAHASRA,B,2,A9022,Product Design and Development,100.0,45,45,sem2_attendance,ATT_S2_25881A66A5_A9022PDD,STU_25881A66A5,SUB_2_A9022
25881A66A6,AKKAPELLI SAI SUSHANTH,B,2,A9002,Ordinary Differential Equations and Vector Calculus,76.32,58,76,sem2_attendance,ATT_S2_25881A66A6_A9002ODECV,STU_25881A66A6,SUB_2_A9002
25881A66A6,AKKAPELLI SAI SUSHANTH,B,2,A9009,Engineering Chemistry,78.33,47,60,sem2_attendance,ATT_S2_25881A66A6_A9009EC,STU_25881A66A6,SUB_2_A9009
25881A66A6,AKKAPELLI SAI SUSHANTH,B,2,A9011,English for Skills Enhancement,65.22,30,46,sem2_attendance,ATT_S2_25881A66A6_A9011ESE,STU_25881A66A6,SUB_2_A9011
25881A66A6,AKKAPELLI SAI SUSHANTH,B,2,A9503,Data Structures,77.42,48,62,sem2_attendance,ATT_S2_25881A66A6_A9503DS,STU_25881A66A6,SUB_2_A9503
25881A66A6,AKKAPELLI SAI SUSHANTH,B,2,A9402,Digital Electronics,71.67,43,60,sem2_attendance,ATT_S2_25881A66A6_A9402DE,STU_25881A66A6,SUB_2_A9402
25881A66A6,AKKAPELLI SAI SUSHANTH,B,2,A9010,Engineering Chemistry Laboratory,80.0,36,45,sem2_attendance,ATT_S2_25881A66A6_A9010ECL,STU_25881A66A6,SUB_2_A9010
25881A66A6,AKKAPELLI SAI SUSHANTH,B,2,A9012,English Language and Communication Skills Laboratory,64.29,27,42,sem2_attendance,ATT_S2_25881A66A6_A9012ESEL,STU_25881A66A6,SUB_2_A9012
25881A66A6,AKKAPELLI SAI SUSHANTH,B,2,A9504,Data Structures Laboratory,77.42,24,31,sem2_attendance,ATT_S2_25881A66A6_A9504DSL,STU_25881A66A6,SUB_2_A9504
25881A66A6,AKKAPELLI SAI SUSHANTH,B,2,A9304,Computer Aided Engineering Graphics,81.25,39,48,sem2_attendance,ATT_S2_25881A66A6_A9304CAEG,STU_25881A66A6,SUB_2_A9304
25881A66A6,AKKAPELLI SAI SUSHANTH,B,2,A9022,Product Design and Development,80.0,36,45,sem2_attendance,ATT_S2_25881A66A6_A9022PDD,STU_25881A66A6,SUB_2_A9022
25881A66A7,BHEEMA SAI RINISH REDDY,B,2,A9002,Ordinary Differential Equations and Vector Calculus,81.58,62,76,sem2_attendance,ATT_S2_25881A66A7_A9002ODECV,STU_25881A66A7,SUB_2_A9002
25881A66A7,BHEEMA SAI RINISH REDDY,B,2,A9009,Engineering Chemistry,76.67,46,60,sem2_attendance,ATT_S2_25881A66A7_A9009EC,STU_25881A66A7,SUB_2_A9009
25881A66A7,BHEEMA SAI RINISH REDDY,B,2,A9011,English for Skills Enhancement,82.61,38,46,sem2_attendance,ATT_S2_25881A66A7_A9011ESE,STU_25881A66A7,SUB_2_A9011
25881A66A7,BHEEMA SAI RINISH REDDY,B,2,A9503,Data Structures,87.1,54,62,sem2_attendance,ATT_S2_25881A66A7_A9503DS,STU_25881A66A7,SUB_2_A9503
25881A66A7,BHEEMA SAI RINISH REDDY,B,2,A9402,Digital Electronics,86.67,52,60,sem2_attendance,ATT_S2_25881A66A7_A9402DE,STU_25881A66A7,SUB_2_A9402
25881A66A7,BHEEMA SAI RINISH REDDY,B,2,A9010,Engineering Chemistry Laboratory,86.67,39,45,sem2_attendance,ATT_S2_25881A66A7_A9010ECL,STU_25881A66A7,SUB_2_A9010
25881A66A7,BHEEMA SAI RINISH REDDY,B,2,A9012,English Language and Communication Skills Laboratory,80.95,34,42,sem2_attendance,ATT_S2_25881A66A7_A9012ESEL,STU_25881A66A7,SUB_2_A9012
25881A66A7,BHEEMA SAI RINISH REDDY,B,2,A9504,Data Structures Laboratory,74.19,23,31,sem2_attendance,ATT_S2_25881A66A7_A9504DSL,STU_25881A66A7,SUB_2_A9504
25881A66A7,BHEEMA SAI RINISH REDDY,B,2,A9304,Computer Aided Engineering Graphics,93.75,45,48,sem2_attendance,ATT_S2_25881A66A7_A9304CAEG,STU_25881A66A7,SUB_2_A9304
25881A66A7,BHEEMA SAI RINISH REDDY,B,2,A9022,Product Design and Development,100.0,45,45,sem2_attendance,ATT_S2_25881A66A7_A9022PDD,STU_25881A66A7,SUB_2_A9022
25881A66A8,KOMATIREDDY SAI VARSHITHA,B,2,A9002,Ordinary Differential Equations and Vector Calculus,86.84,66,76,sem2_attendance,ATT_S2_25881A66A8_A9002ODECV,STU_25881A66A8,SUB_2_A9002
25881A66A8,KOMATIREDDY SAI VARSHITHA,B,2,A9009,Engineering Chemistry,83.33,50,60,sem2_attendance,ATT_S2_25881A66A8_A9009EC,STU_25881A66A8,SUB_2_A9009
25881A66A8,KOMATIREDDY SAI VARSHITHA,B,2,A9011,English for Skills Enhancement,82.61,38,46,sem2_attendance,ATT_S2_25881A66A8_A9011ESE,STU_25881A66A8,SUB_2_A9011
25881A66A8,KOMATIREDDY SAI VARSHITHA,B,2,A9503,Data Structures,87.1,54,62,sem2_attendance,ATT_S2_25881A66A8_A9503DS,STU_25881A66A8,SUB_2_A9503
25881A66A8,KOMATIREDDY SAI VARSHITHA,B,2,A9402,Digital Electronics,86.67,52,60,sem2_attendance,ATT_S2_25881A66A8_A9402DE,STU_25881A66A8,SUB_2_A9402
25881A66A8,KOMATIREDDY SAI VARSHITHA,B,2,A9010,Engineering Chemistry Laboratory,80.0,36,45,sem2_attendance,ATT_S2_25881A66A8_A9010ECL,STU_25881A66A8,SUB_2_A9010
25881A66A8,KOMATIREDDY SAI VARSHITHA,B,2,A9012,English Language and Communication Skills Laboratory,71.43,30,42,sem2_attendance,ATT_S2_25881A66A8_A9012ESEL,STU_25881A66A8,SUB_2_A9012
25881A66A8,KOMATIREDDY SAI VARSHITHA,B,2,A9504,Data Structures Laboratory,87.1,27,31,sem2_attendance,ATT_S2_25881A66A8_A9504DSL,STU_25881A66A8,SUB_2_A9504
25881A66A8,KOMATIREDDY SAI VARSHITHA,B,2,A9304,Computer Aided Engineering Graphics,93.75,45,48,sem2_attendance,ATT_S2_25881A66A8_A9304CAEG,STU_25881A66A8,SUB_2_A9304
25881A66A8,KOMATIREDDY SAI VARSHITHA,B,2,A9022,Product Design and Development,80.0,36,45,sem2_attendance,ATT_S2_25881A66A8_A9022PDD,STU_25881A66A8,SUB_2_A9022
25881A66A9,MUNIGALA SAI RAJ,B,2,A9002,Ordinary Differential Equations and Vector Calculus,80.26,61,76,sem2_attendance,ATT_S2_25881A66A9_A9002ODECV,STU_25881A66A9,SUB_2_A9002
25881A66A9,MUNIGALA SAI RAJ,B,2,A9009,Engineering Chemistry,85.0,51,60,sem2_attendance,ATT_S2_25881A66A9_A9009EC,STU_25881A66A9,SUB_2_A9009
25881A66A9,MUNIGALA SAI RAJ,B,2,A9011,English for Skills Enhancement,84.78,39,46,sem2_attendance,ATT_S2_25881A66A9_A9011ESE,STU_25881A66A9,SUB_2_A9011
25881A66A9,MUNIGALA SAI RAJ,B,2,A9503,Data Structures,87.1,54,62,sem2_attendance,ATT_S2_25881A66A9_A9503DS,STU_25881A66A9,SUB_2_A9503
25881A66A9,MUNIGALA SAI RAJ,B,2,A9402,Digital Electronics,83.33,50,60,sem2_attendance,ATT_S2_25881A66A9_A9402DE,STU_25881A66A9,SUB_2_A9402
25881A66A9,MUNIGALA SAI RAJ,B,2,A9010,Engineering Chemistry Laboratory,80.0,36,45,sem2_attendance,ATT_S2_25881A66A9_A9010ECL,STU_25881A66A9,SUB_2_A9010
25881A66A9,MUNIGALA SAI RAJ,B,2,A9012,English Language and Communication Skills Laboratory,85.71,36,42,sem2_attendance,ATT_S2_25881A66A9_A9012ESEL,STU_25881A66A9,SUB_2_A9012
25881A66A9,MUNIGALA SAI RAJ,B,2,A9504,Data Structures Laboratory,87.1,27,31,sem2_attendance,ATT_S2_25881A66A9_A9504DSL,STU_25881A66A9,SUB_2_A9504
25881A66A9,MUNIGALA SAI RAJ,B,2,A9304,Computer Aided Engineering Graphics,87.5,42,48,sem2_attendance,ATT_S2_25881A66A9_A9304CAEG,STU_25881A66A9,SUB_2_A9304
25881A66A9,MUNIGALA SAI RAJ,B,2,A9022,Product Design and Development,86.67,39,45,sem2_attendance,ATT_S2_25881A66A9_A9022PDD,STU_25881A66A9,SUB_2_A9022
25881A66B0,PATLOLLA SAI JASHWANTH REDDY,B,2,A9002,Ordinary Differential Equations and Vector Calculus,75.0,57,76,sem2_attendance,ATT_S2_25881A66B0_A9002ODECV,STU_25881A66B0,SUB_2_A9002
25881A66B0,PATLOLLA SAI JASHWANTH REDDY,B,2,A9009,Engineering Chemistry,76.67,46,60,sem2_attendance,ATT_S2_25881A66B0_A9009EC,STU_25881A66B0,SUB_2_A9009
25881A66B0,PATLOLLA SAI JASHWANTH REDDY,B,2,A9011,English for Skills Enhancement,78.26,36,46,sem2_attendance,ATT_S2_25881A66B0_A9011ESE,STU_25881A66B0,SUB_2_A9011
25881A66B0,PATLOLLA SAI JASHWANTH REDDY,B,2,A9503,Data Structures,85.48,53,62,sem2_attendance,ATT_S2_25881A66B0_A9503DS,STU_25881A66B0,SUB_2_A9503
25881A66B0,PATLOLLA SAI JASHWANTH REDDY,B,2,A9402,Digital Electronics,80.0,48,60,sem2_attendance,ATT_S2_25881A66B0_A9402DE,STU_25881A66B0,SUB_2_A9402
25881A66B0,PATLOLLA SAI JASHWANTH REDDY,B,2,A9010,Engineering Chemistry Laboratory,86.67,39,45,sem2_attendance,ATT_S2_25881A66B0_A9010ECL,STU_25881A66B0,SUB_2_A9010
25881A66B0,PATLOLLA SAI JASHWANTH REDDY,B,2,A9012,English Language and Communication Skills Laboratory,64.29,27,42,sem2_attendance,ATT_S2_25881A66B0_A9012ESEL,STU_25881A66B0,SUB_2_A9012
25881A66B0,PATLOLLA SAI JASHWANTH REDDY,B,2,A9504,Data Structures Laboratory,87.1,27,31,sem2_attendance,ATT_S2_25881A66B0_A9504DSL,STU_25881A66B0,SUB_2_A9504
25881A66B0,PATLOLLA SAI JASHWANTH REDDY,B,2,A9304,Computer Aided Engineering Graphics,87.5,42,48,sem2_attendance,ATT_S2_25881A66B0_A9304CAEG,STU_25881A66B0,SUB_2_A9304
25881A66B0,PATLOLLA SAI JASHWANTH REDDY,B,2,A9022,Product Design and Development,100.0,45,45,sem2_attendance,ATT_S2_25881A66B0_A9022PDD,STU_25881A66B0,SUB_2_A9022
25881A66B1,THUMU SAI KARTHIK,B,2,A9002,Ordinary Differential Equations and Vector Calculus,77.63,59,76,sem2_attendance,ATT_S2_25881A66B1_A9002ODECV,STU_25881A66B1,SUB_2_A9002
25881A66B1,THUMU SAI KARTHIK,B,2,A9009,Engineering Chemistry,63.33,38,60,sem2_attendance,ATT_S2_25881A66B1_A9009EC,STU_25881A66B1,SUB_2_A9009
25881A66B1,THUMU SAI KARTHIK,B,2,A9011,English for Skills Enhancement,78.26,36,46,sem2_attendance,ATT_S2_25881A66B1_A9011ESE,STU_25881A66B1,SUB_2_A9011
25881A66B1,THUMU SAI KARTHIK,B,2,A9503,Data Structures,87.1,54,62,sem2_attendance,ATT_S2_25881A66B1_A9503DS,STU_25881A66B1,SUB_2_A9503
25881A66B1,THUMU SAI KARTHIK,B,2,A9402,Digital Electronics,75.0,45,60,sem2_attendance,ATT_S2_25881A66B1_A9402DE,STU_25881A66B1,SUB_2_A9402
25881A66B1,THUMU SAI KARTHIK,B,2,A9010,Engineering Chemistry Laboratory,66.67,30,45,sem2_attendance,ATT_S2_25881A66B1_A9010ECL,STU_25881A66B1,SUB_2_A9010
25881A66B1,THUMU SAI KARTHIK,B,2,A9012,English Language and Communication Skills Laboratory,71.43,30,42,sem2_attendance,ATT_S2_25881A66B1_A9012ESEL,STU_25881A66B1,SUB_2_A9012
25881A66B1,THUMU SAI KARTHIK,B,2,A9504,Data Structures Laboratory,93.55,29,31,sem2_attendance,ATT_S2_25881A66B1_A9504DSL,STU_25881A66B1,SUB_2_A9504
25881A66B1,THUMU SAI KARTHIK,B,2,A9304,Computer Aided Engineering Graphics,81.25,39,48,sem2_attendance,ATT_S2_25881A66B1_A9304CAEG,STU_25881A66B1,SUB_2_A9304
25881A66B1,THUMU SAI KARTHIK,B,2,A9022,Product Design and Development,86.67,39,45,sem2_attendance,ATT_S2_25881A66B1_A9022PDD,STU_25881A66B1,SUB_2_A9022
25881A66B2,KARNATI SAINITHIN,B,2,A9002,Ordinary Differential Equations and Vector Calculus,76.32,58,76,sem2_attendance,ATT_S2_25881A66B2_A9002ODECV,STU_25881A66B2,SUB_2_A9002
25881A66B2,KARNATI SAINITHIN,B,2,A9009,Engineering Chemistry,73.33,44,60,sem2_attendance,ATT_S2_25881A66B2_A9009EC,STU_25881A66B2,SUB_2_A9009
25881A66B2,KARNATI SAINITHIN,B,2,A9011,English for Skills Enhancement,76.09,35,46,sem2_attendance,ATT_S2_25881A66B2_A9011ESE,STU_25881A66B2,SUB_2_A9011
25881A66B2,KARNATI SAINITHIN,B,2,A9503,Data Structures,87.1,54,62,sem2_attendance,ATT_S2_25881A66B2_A9503DS,STU_25881A66B2,SUB_2_A9503
25881A66B2,KARNATI SAINITHIN,B,2,A9402,Digital Electronics,73.33,44,60,sem2_attendance,ATT_S2_25881A66B2_A9402DE,STU_25881A66B2,SUB_2_A9402
25881A66B2,KARNATI SAINITHIN,B,2,A9010,Engineering Chemistry Laboratory,93.33,42,45,sem2_attendance,ATT_S2_25881A66B2_A9010ECL,STU_25881A66B2,SUB_2_A9010
25881A66B2,KARNATI SAINITHIN,B,2,A9012,English Language and Communication Skills Laboratory,71.43,30,42,sem2_attendance,ATT_S2_25881A66B2_A9012ESEL,STU_25881A66B2,SUB_2_A9012
25881A66B2,KARNATI SAINITHIN,B,2,A9504,Data Structures Laboratory,93.55,29,31,sem2_attendance,ATT_S2_25881A66B2_A9504DSL,STU_25881A66B2,SUB_2_A9504
25881A66B2,KARNATI SAINITHIN,B,2,A9304,Computer Aided Engineering Graphics,87.5,42,48,sem2_attendance,ATT_S2_25881A66B2_A9304CAEG,STU_25881A66B2,SUB_2_A9304
25881A66B2,KARNATI SAINITHIN,B,2,A9022,Product Design and Development,80.0,36,45,sem2_attendance,ATT_S2_25881A66B2_A9022PDD,STU_25881A66B2,SUB_2_A9022
25881A66B3,INDLA SAKETHA RAM,B,2,A9002,Ordinary Differential Equations and Vector Calculus,77.63,59,76,sem2_attendance,ATT_S2_25881A66B3_A9002ODECV,STU_25881A66B3,SUB_2_A9002
25881A66B3,INDLA SAKETHA RAM,B,2,A9009,Engineering Chemistry,80.0,48,60,sem2_attendance,ATT_S2_25881A66B3_A9009EC,STU_25881A66B3,SUB_2_A9009
25881A66B3,INDLA SAKETHA RAM,B,2,A9011,English for Skills Enhancement,80.43,37,46,sem2_attendance,ATT_S2_25881A66B3_A9011ESE,STU_25881A66B3,SUB_2_A9011
25881A66B3,INDLA SAKETHA RAM,B,2,A9503,Data Structures,88.71,55,62,sem2_attendance,ATT_S2_25881A66B3_A9503DS,STU_25881A66B3,SUB_2_A9503
25881A66B3,INDLA SAKETHA RAM,B,2,A9402,Digital Electronics,80.0,48,60,sem2_attendance,ATT_S2_25881A66B3_A9402DE,STU_25881A66B3,SUB_2_A9402
25881A66B3,INDLA SAKETHA RAM,B,2,A9010,Engineering Chemistry Laboratory,93.33,42,45,sem2_attendance,ATT_S2_25881A66B3_A9010ECL,STU_25881A66B3,SUB_2_A9010
25881A66B3,INDLA SAKETHA RAM,B,2,A9012,English Language and Communication Skills Laboratory,73.81,31,42,sem2_attendance,ATT_S2_25881A66B3_A9012ESEL,STU_25881A66B3,SUB_2_A9012
25881A66B3,INDLA SAKETHA RAM,B,2,A9504,Data Structures Laboratory,93.55,29,31,sem2_attendance,ATT_S2_25881A66B3_A9504DSL,STU_25881A66B3,SUB_2_A9504
25881A66B3,INDLA SAKETHA RAM,B,2,A9304,Computer Aided Engineering Graphics,93.75,45,48,sem2_attendance,ATT_S2_25881A66B3_A9304CAEG,STU_25881A66B3,SUB_2_A9304
25881A66B3,INDLA SAKETHA RAM,B,2,A9022,Product Design and Development,86.67,39,45,sem2_attendance,ATT_S2_25881A66B3_A9022PDD,STU_25881A66B3,SUB_2_A9022
25881A66B4,MOHAMMAD SAMI,B,2,A9002,Ordinary Differential Equations and Vector Calculus,76.32,58,76,sem2_attendance,ATT_S2_25881A66B4_A9002ODECV,STU_25881A66B4,SUB_2_A9002
25881A66B4,MOHAMMAD SAMI,B,2,A9009,Engineering Chemistry,75.0,45,60,sem2_attendance,ATT_S2_25881A66B4_A9009EC,STU_25881A66B4,SUB_2_A9009
25881A66B4,MOHAMMAD SAMI,B,2,A9011,English for Skills Enhancement,69.57,32,46,sem2_attendance,ATT_S2_25881A66B4_A9011ESE,STU_25881A66B4,SUB_2_A9011
25881A66B4,MOHAMMAD SAMI,B,2,A9503,Data Structures,77.42,48,62,sem2_attendance,ATT_S2_25881A66B4_A9503DS,STU_25881A66B4,SUB_2_A9503
25881A66B4,MOHAMMAD SAMI,B,2,A9402,Digital Electronics,73.33,44,60,sem2_attendance,ATT_S2_25881A66B4_A9402DE,STU_25881A66B4,SUB_2_A9402
25881A66B4,MOHAMMAD SAMI,B,2,A9010,Engineering Chemistry Laboratory,80.0,36,45,sem2_attendance,ATT_S2_25881A66B4_A9010ECL,STU_25881A66B4,SUB_2_A9010
25881A66B4,MOHAMMAD SAMI,B,2,A9012,English Language and Communication Skills Laboratory,64.29,27,42,sem2_attendance,ATT_S2_25881A66B4_A9012ESEL,STU_25881A66B4,SUB_2_A9012
25881A66B4,MOHAMMAD SAMI,B,2,A9504,Data Structures Laboratory,87.1,27,31,sem2_attendance,ATT_S2_25881A66B4_A9504DSL,STU_25881A66B4,SUB_2_A9504
25881A66B4,MOHAMMAD SAMI,B,2,A9304,Computer Aided Engineering Graphics,81.25,39,48,sem2_attendance,ATT_S2_25881A66B4_A9304CAEG,STU_25881A66B4,SUB_2_A9304
25881A66B4,MOHAMMAD SAMI,B,2,A9022,Product Design and Development,73.33,33,45,sem2_attendance,ATT_S2_25881A66B4_A9022PDD,STU_25881A66B4,SUB_2_A9022
25881A66B5,KORRA SANJAY CHOUHAN,B,2,A9002,Ordinary Differential Equations and Vector Calculus,18.42,14,76,sem2_attendance,ATT_S2_25881A66B5_A9002ODECV,STU_25881A66B5,SUB_2_A9002
25881A66B5,KORRA SANJAY CHOUHAN,B,2,A9009,Engineering Chemistry,28.33,17,60,sem2_attendance,ATT_S2_25881A66B5_A9009EC,STU_25881A66B5,SUB_2_A9009
25881A66B5,KORRA SANJAY CHOUHAN,B,2,A9011,English for Skills Enhancement,30.43,14,46,sem2_attendance,ATT_S2_25881A66B5_A9011ESE,STU_25881A66B5,SUB_2_A9011
25881A66B5,KORRA SANJAY CHOUHAN,B,2,A9503,Data Structures,43.55,27,62,sem2_attendance,ATT_S2_25881A66B5_A9503DS,STU_25881A66B5,SUB_2_A9503
25881A66B5,KORRA SANJAY CHOUHAN,B,2,A9402,Digital Electronics,30.0,18,60,sem2_attendance,ATT_S2_25881A66B5_A9402DE,STU_25881A66B5,SUB_2_A9402
25881A66B5,KORRA SANJAY CHOUHAN,B,2,A9010,Engineering Chemistry Laboratory,40.0,18,45,sem2_attendance,ATT_S2_25881A66B5_A9010ECL,STU_25881A66B5,SUB_2_A9010
25881A66B5,KORRA SANJAY CHOUHAN,B,2,A9012,English Language and Communication Skills Laboratory,42.86,18,42,sem2_attendance,ATT_S2_25881A66B5_A9012ESEL,STU_25881A66B5,SUB_2_A9012
25881A66B5,KORRA SANJAY CHOUHAN,B,2,A9504,Data Structures Laboratory,45.16,14,31,sem2_attendance,ATT_S2_25881A66B5_A9504DSL,STU_25881A66B5,SUB_2_A9504
25881A66B5,KORRA SANJAY CHOUHAN,B,2,A9304,Computer Aided Engineering Graphics,58.33,28,48,sem2_attendance,ATT_S2_25881A66B5_A9304CAEG,STU_25881A66B5,SUB_2_A9304
25881A66B5,KORRA SANJAY CHOUHAN,B,2,A9022,Product Design and Development,40.0,18,45,sem2_attendance,ATT_S2_25881A66B5_A9022PDD,STU_25881A66B5,SUB_2_A9022
25881A66B6,THASHAMSHETTY SATHWIK,B,2,A9002,Ordinary Differential Equations and Vector Calculus,75.0,57,76,sem2_attendance,ATT_S2_25881A66B6_A9002ODECV,STU_25881A66B6,SUB_2_A9002
25881A66B6,THASHAMSHETTY SATHWIK,B,2,A9009,Engineering Chemistry,85.0,51,60,sem2_attendance,ATT_S2_25881A66B6_A9009EC,STU_25881A66B6,SUB_2_A9009
25881A66B6,THASHAMSHETTY SATHWIK,B,2,A9011,English for Skills Enhancement,78.26,36,46,sem2_attendance,ATT_S2_25881A66B6_A9011ESE,STU_25881A66B6,SUB_2_A9011
25881A66B6,THASHAMSHETTY SATHWIK,B,2,A9503,Data Structures,79.03,49,62,sem2_attendance,ATT_S2_25881A66B6_A9503DS,STU_25881A66B6,SUB_2_A9503
25881A66B6,THASHAMSHETTY SATHWIK,B,2,A9402,Digital Electronics,78.33,47,60,sem2_attendance,ATT_S2_25881A66B6_A9402DE,STU_25881A66B6,SUB_2_A9402
25881A66B6,THASHAMSHETTY SATHWIK,B,2,A9010,Engineering Chemistry Laboratory,60.0,27,45,sem2_attendance,ATT_S2_25881A66B6_A9010ECL,STU_25881A66B6,SUB_2_A9010
25881A66B6,THASHAMSHETTY SATHWIK,B,2,A9012,English Language and Communication Skills Laboratory,64.29,27,42,sem2_attendance,ATT_S2_25881A66B6_A9012ESEL,STU_25881A66B6,SUB_2_A9012
25881A66B6,THASHAMSHETTY SATHWIK,B,2,A9504,Data Structures Laboratory,87.1,27,31,sem2_attendance,ATT_S2_25881A66B6_A9504DSL,STU_25881A66B6,SUB_2_A9504
25881A66B6,THASHAMSHETTY SATHWIK,B,2,A9304,Computer Aided Engineering Graphics,75.0,36,48,sem2_attendance,ATT_S2_25881A66B6_A9304CAEG,STU_25881A66B6,SUB_2_A9304
25881A66B6,THASHAMSHETTY SATHWIK,B,2,A9022,Product Design and Development,73.33,33,45,sem2_attendance,ATT_S2_25881A66B6_A9022PDD,STU_25881A66B6,SUB_2_A9022
25881A66B7,NENAVATH SAVITHA,B,2,A9002,Ordinary Differential Equations and Vector Calculus,76.32,58,76,sem2_attendance,ATT_S2_25881A66B7_A9002ODECV,STU_25881A66B7,SUB_2_A9002
25881A66B7,NENAVATH SAVITHA,B,2,A9009,Engineering Chemistry,70.0,42,60,sem2_attendance,ATT_S2_25881A66B7_A9009EC,STU_25881A66B7,SUB_2_A9009
25881A66B7,NENAVATH SAVITHA,B,2,A9011,English for Skills Enhancement,93.48,43,46,sem2_attendance,ATT_S2_25881A66B7_A9011ESE,STU_25881A66B7,SUB_2_A9011
25881A66B7,NENAVATH SAVITHA,B,2,A9503,Data Structures,90.32,56,62,sem2_attendance,ATT_S2_25881A66B7_A9503DS,STU_25881A66B7,SUB_2_A9503
25881A66B7,NENAVATH SAVITHA,B,2,A9402,Digital Electronics,93.33,56,60,sem2_attendance,ATT_S2_25881A66B7_A9402DE,STU_25881A66B7,SUB_2_A9402
25881A66B7,NENAVATH SAVITHA,B,2,A9010,Engineering Chemistry Laboratory,86.67,39,45,sem2_attendance,ATT_S2_25881A66B7_A9010ECL,STU_25881A66B7,SUB_2_A9010
25881A66B7,NENAVATH SAVITHA,B,2,A9012,English Language and Communication Skills Laboratory,85.71,36,42,sem2_attendance,ATT_S2_25881A66B7_A9012ESEL,STU_25881A66B7,SUB_2_A9012
25881A66B7,NENAVATH SAVITHA,B,2,A9504,Data Structures Laboratory,93.55,29,31,sem2_attendance,ATT_S2_25881A66B7_A9504DSL,STU_25881A66B7,SUB_2_A9504
25881A66B7,NENAVATH SAVITHA,B,2,A9304,Computer Aided Engineering Graphics,89.58,43,48,sem2_attendance,ATT_S2_25881A66B7_A9304CAEG,STU_25881A66B7,SUB_2_A9304
25881A66B7,NENAVATH SAVITHA,B,2,A9022,Product Design and Development,100.0,45,45,sem2_attendance,ATT_S2_25881A66B7_A9022PDD,STU_25881A66B7,SUB_2_A9022
25881A66B8,KOLAN SHARNIKA,B,2,A9002,Ordinary Differential Equations and Vector Calculus,80.26,61,76,sem2_attendance,ATT_S2_25881A66B8_A9002ODECV,STU_25881A66B8,SUB_2_A9002
25881A66B8,KOLAN SHARNIKA,B,2,A9009,Engineering Chemistry,80.0,48,60,sem2_attendance,ATT_S2_25881A66B8_A9009EC,STU_25881A66B8,SUB_2_A9009
25881A66B8,KOLAN SHARNIKA,B,2,A9011,English for Skills Enhancement,78.26,36,46,sem2_attendance,ATT_S2_25881A66B8_A9011ESE,STU_25881A66B8,SUB_2_A9011
25881A66B8,KOLAN SHARNIKA,B,2,A9503,Data Structures,90.32,56,62,sem2_attendance,ATT_S2_25881A66B8_A9503DS,STU_25881A66B8,SUB_2_A9503
25881A66B8,KOLAN SHARNIKA,B,2,A9402,Digital Electronics,73.33,44,60,sem2_attendance,ATT_S2_25881A66B8_A9402DE,STU_25881A66B8,SUB_2_A9402
25881A66B8,KOLAN SHARNIKA,B,2,A9010,Engineering Chemistry Laboratory,93.33,42,45,sem2_attendance,ATT_S2_25881A66B8_A9010ECL,STU_25881A66B8,SUB_2_A9010
25881A66B8,KOLAN SHARNIKA,B,2,A9012,English Language and Communication Skills Laboratory,71.43,30,42,sem2_attendance,ATT_S2_25881A66B8_A9012ESEL,STU_25881A66B8,SUB_2_A9012
25881A66B8,KOLAN SHARNIKA,B,2,A9504,Data Structures Laboratory,83.87,26,31,sem2_attendance,ATT_S2_25881A66B8_A9504DSL,STU_25881A66B8,SUB_2_A9504
25881A66B8,KOLAN SHARNIKA,B,2,A9304,Computer Aided Engineering Graphics,100.0,48,48,sem2_attendance,ATT_S2_25881A66B8_A9304CAEG,STU_25881A66B8,SUB_2_A9304
25881A66B8,KOLAN SHARNIKA,B,2,A9022,Product Design and Development,100.0,45,45,sem2_attendance,ATT_S2_25881A66B8_A9022PDD,STU_25881A66B8,SUB_2_A9022
25881A66B9,NALLELA SHIVA,B,2,A9002,Ordinary Differential Equations and Vector Calculus,81.58,62,76,sem2_attendance,ATT_S2_25881A66B9_A9002ODECV,STU_25881A66B9,SUB_2_A9002
25881A66B9,NALLELA SHIVA,B,2,A9009,Engineering Chemistry,73.33,44,60,sem2_attendance,ATT_S2_25881A66B9_A9009EC,STU_25881A66B9,SUB_2_A9009
25881A66B9,NALLELA SHIVA,B,2,A9011,English for Skills Enhancement,82.61,38,46,sem2_attendance,ATT_S2_25881A66B9_A9011ESE,STU_25881A66B9,SUB_2_A9011
25881A66B9,NALLELA SHIVA,B,2,A9503,Data Structures,79.03,49,62,sem2_attendance,ATT_S2_25881A66B9_A9503DS,STU_25881A66B9,SUB_2_A9503
25881A66B9,NALLELA SHIVA,B,2,A9402,Digital Electronics,73.33,44,60,sem2_attendance,ATT_S2_25881A66B9_A9402DE,STU_25881A66B9,SUB_2_A9402
25881A66B9,NALLELA SHIVA,B,2,A9010,Engineering Chemistry Laboratory,80.0,36,45,sem2_attendance,ATT_S2_25881A66B9_A9010ECL,STU_25881A66B9,SUB_2_A9010
25881A66B9,NALLELA SHIVA,B,2,A9012,English Language and Communication Skills Laboratory,85.71,36,42,sem2_attendance,ATT_S2_25881A66B9_A9012ESEL,STU_25881A66B9,SUB_2_A9012
25881A66B9,NALLELA SHIVA,B,2,A9504,Data Structures Laboratory,87.1,27,31,sem2_attendance,ATT_S2_25881A66B9_A9504DSL,STU_25881A66B9,SUB_2_A9504
25881A66B9,NALLELA SHIVA,B,2,A9304,Computer Aided Engineering Graphics,87.5,42,48,sem2_attendance,ATT_S2_25881A66B9_A9304CAEG,STU_25881A66B9,SUB_2_A9304
25881A66B9,NALLELA SHIVA,B,2,A9022,Product Design and Development,86.67,39,45,sem2_attendance,ATT_S2_25881A66B9_A9022PDD,STU_25881A66B9,SUB_2_A9022
25881A66C0,BUDDULA SHRIVALLI,B,2,A9002,Ordinary Differential Equations and Vector Calculus,80.26,61,76,sem2_attendance,ATT_S2_25881A66C0_A9002ODECV,STU_25881A66C0,SUB_2_A9002
25881A66C0,BUDDULA SHRIVALLI,B,2,A9009,Engineering Chemistry,75.0,45,60,sem2_attendance,ATT_S2_25881A66C0_A9009EC,STU_25881A66C0,SUB_2_A9009
25881A66C0,BUDDULA SHRIVALLI,B,2,A9011,English for Skills Enhancement,82.61,38,46,sem2_attendance,ATT_S2_25881A66C0_A9011ESE,STU_25881A66C0,SUB_2_A9011
25881A66C0,BUDDULA SHRIVALLI,B,2,A9503,Data Structures,88.71,55,62,sem2_attendance,ATT_S2_25881A66C0_A9503DS,STU_25881A66C0,SUB_2_A9503
25881A66C0,BUDDULA SHRIVALLI,B,2,A9402,Digital Electronics,80.0,48,60,sem2_attendance,ATT_S2_25881A66C0_A9402DE,STU_25881A66C0,SUB_2_A9402
25881A66C0,BUDDULA SHRIVALLI,B,2,A9010,Engineering Chemistry Laboratory,86.67,39,45,sem2_attendance,ATT_S2_25881A66C0_A9010ECL,STU_25881A66C0,SUB_2_A9010
25881A66C0,BUDDULA SHRIVALLI,B,2,A9012,English Language and Communication Skills Laboratory,64.29,27,42,sem2_attendance,ATT_S2_25881A66C0_A9012ESEL,STU_25881A66C0,SUB_2_A9012
25881A66C0,BUDDULA SHRIVALLI,B,2,A9504,Data Structures Laboratory,80.65,25,31,sem2_attendance,ATT_S2_25881A66C0_A9504DSL,STU_25881A66C0,SUB_2_A9504
25881A66C0,BUDDULA SHRIVALLI,B,2,A9304,Computer Aided Engineering Graphics,68.75,33,48,sem2_attendance,ATT_S2_25881A66C0_A9304CAEG,STU_25881A66C0,SUB_2_A9304
25881A66C0,BUDDULA SHRIVALLI,B,2,A9022,Product Design and Development,73.33,33,45,sem2_attendance,ATT_S2_25881A66C0_A9022PDD,STU_25881A66C0,SUB_2_A9022
25881A66C1,K SHRUTHI,B,2,A9002,Ordinary Differential Equations and Vector Calculus,90.79,69,76,sem2_attendance,ATT_S2_25881A66C1_A9002ODECV,STU_25881A66C1,SUB_2_A9002
25881A66C1,K SHRUTHI,B,2,A9009,Engineering Chemistry,96.67,58,60,sem2_attendance,ATT_S2_25881A66C1_A9009EC,STU_25881A66C1,SUB_2_A9009
25881A66C1,K SHRUTHI,B,2,A9011,English for Skills Enhancement,89.13,41,46,sem2_attendance,ATT_S2_25881A66C1_A9011ESE,STU_25881A66C1,SUB_2_A9011
25881A66C1,K SHRUTHI,B,2,A9503,Data Structures,91.94,57,62,sem2_attendance,ATT_S2_25881A66C1_A9503DS,STU_25881A66C1,SUB_2_A9503
25881A66C1,K SHRUTHI,B,2,A9402,Digital Electronics,86.67,52,60,sem2_attendance,ATT_S2_25881A66C1_A9402DE,STU_25881A66C1,SUB_2_A9402
25881A66C1,K SHRUTHI,B,2,A9010,Engineering Chemistry Laboratory,86.67,39,45,sem2_attendance,ATT_S2_25881A66C1_A9010ECL,STU_25881A66C1,SUB_2_A9010
25881A66C1,K SHRUTHI,B,2,A9012,English Language and Communication Skills Laboratory,92.86,39,42,sem2_attendance,ATT_S2_25881A66C1_A9012ESEL,STU_25881A66C1,SUB_2_A9012
25881A66C1,K SHRUTHI,B,2,A9504,Data Structures Laboratory,93.55,29,31,sem2_attendance,ATT_S2_25881A66C1_A9504DSL,STU_25881A66C1,SUB_2_A9504
25881A66C1,K SHRUTHI,B,2,A9304,Computer Aided Engineering Graphics,100.0,48,48,sem2_attendance,ATT_S2_25881A66C1_A9304CAEG,STU_25881A66C1,SUB_2_A9304
25881A66C1,K SHRUTHI,B,2,A9022,Product Design and Development,93.33,42,45,sem2_attendance,ATT_S2_25881A66C1_A9022PDD,STU_25881A66C1,SUB_2_A9022
25881A66C2,NELLURI SMARAN,B,2,A9002,Ordinary Differential Equations and Vector Calculus,65.79,50,76,sem2_attendance,ATT_S2_25881A66C2_A9002ODECV,STU_25881A66C2,SUB_2_A9002
25881A66C2,NELLURI SMARAN,B,2,A9009,Engineering Chemistry,58.33,35,60,sem2_attendance,ATT_S2_25881A66C2_A9009EC,STU_25881A66C2,SUB_2_A9009
25881A66C2,NELLURI SMARAN,B,2,A9011,English for Skills Enhancement,54.35,25,46,sem2_attendance,ATT_S2_25881A66C2_A9011ESE,STU_25881A66C2,SUB_2_A9011
25881A66C2,NELLURI SMARAN,B,2,A9503,Data Structures,74.19,46,62,sem2_attendance,ATT_S2_25881A66C2_A9503DS,STU_25881A66C2,SUB_2_A9503
25881A66C2,NELLURI SMARAN,B,2,A9402,Digital Electronics,56.67,34,60,sem2_attendance,ATT_S2_25881A66C2_A9402DE,STU_25881A66C2,SUB_2_A9402
25881A66C2,NELLURI SMARAN,B,2,A9010,Engineering Chemistry Laboratory,68.89,31,45,sem2_attendance,ATT_S2_25881A66C2_A9010ECL,STU_25881A66C2,SUB_2_A9010
25881A66C2,NELLURI SMARAN,B,2,A9012,English Language and Communication Skills Laboratory,64.29,27,42,sem2_attendance,ATT_S2_25881A66C2_A9012ESEL,STU_25881A66C2,SUB_2_A9012
25881A66C2,NELLURI SMARAN,B,2,A9504,Data Structures Laboratory,80.65,25,31,sem2_attendance,ATT_S2_25881A66C2_A9504DSL,STU_25881A66C2,SUB_2_A9504
25881A66C2,NELLURI SMARAN,B,2,A9304,Computer Aided Engineering Graphics,75.0,36,48,sem2_attendance,ATT_S2_25881A66C2_A9304CAEG,STU_25881A66C2,SUB_2_A9304
25881A66C2,NELLURI SMARAN,B,2,A9022,Product Design and Development,60.0,27,45,sem2_attendance,ATT_S2_25881A66C2_A9022PDD,STU_25881A66C2,SUB_2_A9022
25881A66C3,MARAVENI SPURTHI,B,2,A9002,Ordinary Differential Equations and Vector Calculus,84.21,64,76,sem2_attendance,ATT_S2_25881A66C3_A9002ODECV,STU_25881A66C3,SUB_2_A9002
25881A66C3,MARAVENI SPURTHI,B,2,A9009,Engineering Chemistry,91.67,55,60,sem2_attendance,ATT_S2_25881A66C3_A9009EC,STU_25881A66C3,SUB_2_A9009
25881A66C3,MARAVENI SPURTHI,B,2,A9011,English for Skills Enhancement,67.39,31,46,sem2_attendance,ATT_S2_25881A66C3_A9011ESE,STU_25881A66C3,SUB_2_A9011
25881A66C3,MARAVENI SPURTHI,B,2,A9503,Data Structures,90.32,56,62,sem2_attendance,ATT_S2_25881A66C3_A9503DS,STU_25881A66C3,SUB_2_A9503
25881A66C3,MARAVENI SPURTHI,B,2,A9402,Digital Electronics,78.33,47,60,sem2_attendance,ATT_S2_25881A66C3_A9402DE,STU_25881A66C3,SUB_2_A9402
25881A66C3,MARAVENI SPURTHI,B,2,A9010,Engineering Chemistry Laboratory,86.67,39,45,sem2_attendance,ATT_S2_25881A66C3_A9010ECL,STU_25881A66C3,SUB_2_A9010
25881A66C3,MARAVENI SPURTHI,B,2,A9012,English Language and Communication Skills Laboratory,64.29,27,42,sem2_attendance,ATT_S2_25881A66C3_A9012ESEL,STU_25881A66C3,SUB_2_A9012
25881A66C3,MARAVENI SPURTHI,B,2,A9504,Data Structures Laboratory,80.65,25,31,sem2_attendance,ATT_S2_25881A66C3_A9504DSL,STU_25881A66C3,SUB_2_A9504
25881A66C3,MARAVENI SPURTHI,B,2,A9304,Computer Aided Engineering Graphics,93.75,45,48,sem2_attendance,ATT_S2_25881A66C3_A9304CAEG,STU_25881A66C3,SUB_2_A9304
25881A66C3,MARAVENI SPURTHI,B,2,A9022,Product Design and Development,93.33,42,45,sem2_attendance,ATT_S2_25881A66C3_A9022PDD,STU_25881A66C3,SUB_2_A9022
25881A66C4,BANTU TANU SRI,B,2,A9002,Ordinary Differential Equations and Vector Calculus,81.58,62,76,sem2_attendance,ATT_S2_25881A66C4_A9002ODECV,STU_25881A66C4,SUB_2_A9002
25881A66C4,BANTU TANU SRI,B,2,A9009,Engineering Chemistry,83.33,50,60,sem2_attendance,ATT_S2_25881A66C4_A9009EC,STU_25881A66C4,SUB_2_A9009
25881A66C4,BANTU TANU SRI,B,2,A9011,English for Skills Enhancement,80.43,37,46,sem2_attendance,ATT_S2_25881A66C4_A9011ESE,STU_25881A66C4,SUB_2_A9011
25881A66C4,BANTU TANU SRI,B,2,A9503,Data Structures,85.48,53,62,sem2_attendance,ATT_S2_25881A66C4_A9503DS,STU_25881A66C4,SUB_2_A9503
25881A66C4,BANTU TANU SRI,B,2,A9402,Digital Electronics,83.33,50,60,sem2_attendance,ATT_S2_25881A66C4_A9402DE,STU_25881A66C4,SUB_2_A9402
25881A66C4,BANTU TANU SRI,B,2,A9010,Engineering Chemistry Laboratory,93.33,42,45,sem2_attendance,ATT_S2_25881A66C4_A9010ECL,STU_25881A66C4,SUB_2_A9010
25881A66C4,BANTU TANU SRI,B,2,A9012,English Language and Communication Skills Laboratory,78.57,33,42,sem2_attendance,ATT_S2_25881A66C4_A9012ESEL,STU_25881A66C4,SUB_2_A9012
25881A66C4,BANTU TANU SRI,B,2,A9504,Data Structures Laboratory,100.0,31,31,sem2_attendance,ATT_S2_25881A66C4_A9504DSL,STU_25881A66C4,SUB_2_A9504
25881A66C4,BANTU TANU SRI,B,2,A9304,Computer Aided Engineering Graphics,93.75,45,48,sem2_attendance,ATT_S2_25881A66C4_A9304CAEG,STU_25881A66C4,SUB_2_A9304
25881A66C4,BANTU TANU SRI,B,2,A9022,Product Design and Development,93.33,42,45,sem2_attendance,ATT_S2_25881A66C4_A9022PDD,STU_25881A66C4,SUB_2_A9022
25881A66C5,BHUKYA THARUN,B,2,A9002,Ordinary Differential Equations and Vector Calculus,77.63,59,76,sem2_attendance,ATT_S2_25881A66C5_A9002ODECV,STU_25881A66C5,SUB_2_A9002
25881A66C5,BHUKYA THARUN,B,2,A9009,Engineering Chemistry,76.67,46,60,sem2_attendance,ATT_S2_25881A66C5_A9009EC,STU_25881A66C5,SUB_2_A9009
25881A66C5,BHUKYA THARUN,B,2,A9011,English for Skills Enhancement,84.78,39,46,sem2_attendance,ATT_S2_25881A66C5_A9011ESE,STU_25881A66C5,SUB_2_A9011
25881A66C5,BHUKYA THARUN,B,2,A9503,Data Structures,75.81,47,62,sem2_attendance,ATT_S2_25881A66C5_A9503DS,STU_25881A66C5,SUB_2_A9503
25881A66C5,BHUKYA THARUN,B,2,A9402,Digital Electronics,78.33,47,60,sem2_attendance,ATT_S2_25881A66C5_A9402DE,STU_25881A66C5,SUB_2_A9402
25881A66C5,BHUKYA THARUN,B,2,A9010,Engineering Chemistry Laboratory,60.0,27,45,sem2_attendance,ATT_S2_25881A66C5_A9010ECL,STU_25881A66C5,SUB_2_A9010
25881A66C5,BHUKYA THARUN,B,2,A9012,English Language and Communication Skills Laboratory,78.57,33,42,sem2_attendance,ATT_S2_25881A66C5_A9012ESEL,STU_25881A66C5,SUB_2_A9012
25881A66C5,BHUKYA THARUN,B,2,A9504,Data Structures Laboratory,74.19,23,31,sem2_attendance,ATT_S2_25881A66C5_A9504DSL,STU_25881A66C5,SUB_2_A9504
25881A66C5,BHUKYA THARUN,B,2,A9304,Computer Aided Engineering Graphics,68.75,33,48,sem2_attendance,ATT_S2_25881A66C5_A9304CAEG,STU_25881A66C5,SUB_2_A9304
25881A66C5,BHUKYA THARUN,B,2,A9022,Product Design and Development,73.33,33,45,sem2_attendance,ATT_S2_25881A66C5_A9022PDD,STU_25881A66C5,SUB_2_A9022
25881A66C6,MACHARLA VAGDEVI,B,2,A9002,Ordinary Differential Equations and Vector Calculus,75.0,57,76,sem2_attendance,ATT_S2_25881A66C6_A9002ODECV,STU_25881A66C6,SUB_2_A9002
25881A66C6,MACHARLA VAGDEVI,B,2,A9009,Engineering Chemistry,75.0,45,60,sem2_attendance,ATT_S2_25881A66C6_A9009EC,STU_25881A66C6,SUB_2_A9009
25881A66C6,MACHARLA VAGDEVI,B,2,A9011,English for Skills Enhancement,76.09,35,46,sem2_attendance,ATT_S2_25881A66C6_A9011ESE,STU_25881A66C6,SUB_2_A9011
25881A66C6,MACHARLA VAGDEVI,B,2,A9503,Data Structures,77.42,48,62,sem2_attendance,ATT_S2_25881A66C6_A9503DS,STU_25881A66C6,SUB_2_A9503
25881A66C6,MACHARLA VAGDEVI,B,2,A9402,Digital Electronics,70.0,42,60,sem2_attendance,ATT_S2_25881A66C6_A9402DE,STU_25881A66C6,SUB_2_A9402
25881A66C6,MACHARLA VAGDEVI,B,2,A9010,Engineering Chemistry Laboratory,86.67,39,45,sem2_attendance,ATT_S2_25881A66C6_A9010ECL,STU_25881A66C6,SUB_2_A9010
25881A66C6,MACHARLA VAGDEVI,B,2,A9012,English Language and Communication Skills Laboratory,85.71,36,42,sem2_attendance,ATT_S2_25881A66C6_A9012ESEL,STU_25881A66C6,SUB_2_A9012
25881A66C6,MACHARLA VAGDEVI,B,2,A9504,Data Structures Laboratory,87.1,27,31,sem2_attendance,ATT_S2_25881A66C6_A9504DSL,STU_25881A66C6,SUB_2_A9504
25881A66C6,MACHARLA VAGDEVI,B,2,A9304,Computer Aided Engineering Graphics,70.83,34,48,sem2_attendance,ATT_S2_25881A66C6_A9304CAEG,STU_25881A66C6,SUB_2_A9304
25881A66C6,MACHARLA VAGDEVI,B,2,A9022,Product Design and Development,86.67,39,45,sem2_attendance,ATT_S2_25881A66C6_A9022PDD,STU_25881A66C6,SUB_2_A9022
25881A66C7,NAKKA VENU,B,2,A9002,Ordinary Differential Equations and Vector Calculus,76.32,58,76,sem2_attendance,ATT_S2_25881A66C7_A9002ODECV,STU_25881A66C7,SUB_2_A9002
25881A66C7,NAKKA VENU,B,2,A9009,Engineering Chemistry,73.33,44,60,sem2_attendance,ATT_S2_25881A66C7_A9009EC,STU_25881A66C7,SUB_2_A9009
25881A66C7,NAKKA VENU,B,2,A9011,English for Skills Enhancement,93.48,43,46,sem2_attendance,ATT_S2_25881A66C7_A9011ESE,STU_25881A66C7,SUB_2_A9011
25881A66C7,NAKKA VENU,B,2,A9503,Data Structures,85.48,53,62,sem2_attendance,ATT_S2_25881A66C7_A9503DS,STU_25881A66C7,SUB_2_A9503
25881A66C7,NAKKA VENU,B,2,A9402,Digital Electronics,83.33,50,60,sem2_attendance,ATT_S2_25881A66C7_A9402DE,STU_25881A66C7,SUB_2_A9402
25881A66C7,NAKKA VENU,B,2,A9010,Engineering Chemistry Laboratory,86.67,39,45,sem2_attendance,ATT_S2_25881A66C7_A9010ECL,STU_25881A66C7,SUB_2_A9010
25881A66C7,NAKKA VENU,B,2,A9012,English Language and Communication Skills Laboratory,85.71,36,42,sem2_attendance,ATT_S2_25881A66C7_A9012ESEL,STU_25881A66C7,SUB_2_A9012
25881A66C7,NAKKA VENU,B,2,A9504,Data Structures Laboratory,87.1,27,31,sem2_attendance,ATT_S2_25881A66C7_A9504DSL,STU_25881A66C7,SUB_2_A9504
25881A66C7,NAKKA VENU,B,2,A9304,Computer Aided Engineering Graphics,87.5,42,48,sem2_attendance,ATT_S2_25881A66C7_A9304CAEG,STU_25881A66C7,SUB_2_A9304
25881A66C7,NAKKA VENU,B,2,A9022,Product Design and Development,93.33,42,45,sem2_attendance,ATT_S2_25881A66C7_A9022PDD,STU_25881A66C7,SUB_2_A9022
25881A66C8,BANOTH VIGNESWAR,B,2,A9002,Ordinary Differential Equations and Vector Calculus,82.89,63,76,sem2_attendance,ATT_S2_25881A66C8_A9002ODECV,STU_25881A66C8,SUB_2_A9002
25881A66C8,BANOTH VIGNESWAR,B,2,A9009,Engineering Chemistry,85.0,51,60,sem2_attendance,ATT_S2_25881A66C8_A9009EC,STU_25881A66C8,SUB_2_A9009
25881A66C8,BANOTH VIGNESWAR,B,2,A9011,English for Skills Enhancement,63.04,29,46,sem2_attendance,ATT_S2_25881A66C8_A9011ESE,STU_25881A66C8,SUB_2_A9011
25881A66C8,BANOTH VIGNESWAR,B,2,A9503,Data Structures,87.1,54,62,sem2_attendance,ATT_S2_25881A66C8_A9503DS,STU_25881A66C8,SUB_2_A9503
25881A66C8,BANOTH VIGNESWAR,B,2,A9402,Digital Electronics,75.0,45,60,sem2_attendance,ATT_S2_25881A66C8_A9402DE,STU_25881A66C8,SUB_2_A9402
25881A66C8,BANOTH VIGNESWAR,B,2,A9010,Engineering Chemistry Laboratory,93.33,42,45,sem2_attendance,ATT_S2_25881A66C8_A9010ECL,STU_25881A66C8,SUB_2_A9010
25881A66C8,BANOTH VIGNESWAR,B,2,A9012,English Language and Communication Skills Laboratory,64.29,27,42,sem2_attendance,ATT_S2_25881A66C8_A9012ESEL,STU_25881A66C8,SUB_2_A9012
25881A66C8,BANOTH VIGNESWAR,B,2,A9504,Data Structures Laboratory,87.1,27,31,sem2_attendance,ATT_S2_25881A66C8_A9504DSL,STU_25881A66C8,SUB_2_A9504
25881A66C8,BANOTH VIGNESWAR,B,2,A9304,Computer Aided Engineering Graphics,81.25,39,48,sem2_attendance,ATT_S2_25881A66C8_A9304CAEG,STU_25881A66C8,SUB_2_A9304
25881A66C8,BANOTH VIGNESWAR,B,2,A9022,Product Design and Development,80.0,36,45,sem2_attendance,ATT_S2_25881A66C8_A9022PDD,STU_25881A66C8,SUB_2_A9022
25881A66C9,SHAIK YASAR ARAFATH,B,2,A9002,Ordinary Differential Equations and Vector Calculus,84.21,64,76,sem2_attendance,ATT_S2_25881A66C9_A9002ODECV,STU_25881A66C9,SUB_2_A9002
25881A66C9,SHAIK YASAR ARAFATH,B,2,A9009,Engineering Chemistry,80.0,48,60,sem2_attendance,ATT_S2_25881A66C9_A9009EC,STU_25881A66C9,SUB_2_A9009
25881A66C9,SHAIK YASAR ARAFATH,B,2,A9011,English for Skills Enhancement,82.61,38,46,sem2_attendance,ATT_S2_25881A66C9_A9011ESE,STU_25881A66C9,SUB_2_A9011
25881A66C9,SHAIK YASAR ARAFATH,B,2,A9503,Data Structures,88.71,55,62,sem2_attendance,ATT_S2_25881A66C9_A9503DS,STU_25881A66C9,SUB_2_A9503
25881A66C9,SHAIK YASAR ARAFATH,B,2,A9402,Digital Electronics,80.0,48,60,sem2_attendance,ATT_S2_25881A66C9_A9402DE,STU_25881A66C9,SUB_2_A9402
25881A66C9,SHAIK YASAR ARAFATH,B,2,A9010,Engineering Chemistry Laboratory,73.33,33,45,sem2_attendance,ATT_S2_25881A66C9_A9010ECL,STU_25881A66C9,SUB_2_A9010
25881A66C9,SHAIK YASAR ARAFATH,B,2,A9012,English Language and Communication Skills Laboratory,78.57,33,42,sem2_attendance,ATT_S2_25881A66C9_A9012ESEL,STU_25881A66C9,SUB_2_A9012
25881A66C9,SHAIK YASAR ARAFATH,B,2,A9504,Data Structures Laboratory,93.55,29,31,sem2_attendance,ATT_S2_25881A66C9_A9504DSL,STU_25881A66C9,SUB_2_A9504
25881A66C9,SHAIK YASAR ARAFATH,B,2,A9304,Computer Aided Engineering Graphics,100.0,48,48,sem2_attendance,ATT_S2_25881A66C9_A9304CAEG,STU_25881A66C9,SUB_2_A9304
25881A66C9,SHAIK YASAR ARAFATH,B,2,A9022,Product Design and Development,93.33,42,45,sem2_attendance,ATT_S2_25881A66C9_A9022PDD,STU_25881A66C9,SUB_2_A9022
25881A66D0,BOJJA ADITHYA,C,2,A9002,Ordinary Differential Equations and Vector Calculus,73.33,55,75,sem2_attendance,ATT_S2_25881A66D0_A9002ODECV,STU_25881A66D0,SUB_2_A9002
25881A66D0,BOJJA ADITHYA,C,2,A9009,Engineering Chemistry,67.8,40,59,sem2_attendance,ATT_S2_25881A66D0_A9009EC,STU_25881A66D0,SUB_2_A9009
25881A66D0,BOJJA ADITHYA,C,2,A9011,English for Skills Enhancement,77.55,38,49,sem2_attendance,ATT_S2_25881A66D0_A9011ESE,STU_25881A66D0,SUB_2_A9011
25881A66D0,BOJJA ADITHYA,C,2,A9503,Data Structures,67.74,42,62,sem2_attendance,ATT_S2_25881A66D0_A9503DS,STU_25881A66D0,SUB_2_A9503
25881A66D0,BOJJA ADITHYA,C,2,A9402,Digital Electronics,83.61,51,61,sem2_attendance,ATT_S2_25881A66D0_A9402DE,STU_25881A66D0,SUB_2_A9402
25881A66D0,BOJJA ADITHYA,C,2,A9010,Engineering Chemistry Laboratory,80.0,36,45,sem2_attendance,ATT_S2_25881A66D0_A9010ECL,STU_25881A66D0,SUB_2_A9010
25881A66D0,BOJJA ADITHYA,C,2,A9012,English Language and Communication Skills Laboratory,86.67,39,45,sem2_attendance,ATT_S2_25881A66D0_A9012ESEL,STU_25881A66D0,SUB_2_A9012
25881A66D0,BOJJA ADITHYA,C,2,A9504,Data Structures Laboratory,72.41,21,29,sem2_attendance,ATT_S2_25881A66D0_A9504DSL,STU_25881A66D0,SUB_2_A9504
25881A66D0,BOJJA ADITHYA,C,2,A9304,Computer Aided Engineering Graphics,64.29,27,42,sem2_attendance,ATT_S2_25881A66D0_A9304CAEG,STU_25881A66D0,SUB_2_A9304
25881A66D0,BOJJA ADITHYA,C,2,A9022,Product Design and Development,93.75,45,48,sem2_attendance,ATT_S2_25881A66D0_A9022PDD,STU_25881A66D0,SUB_2_A9022
25881A66D1,AKKANGARI AKSHITHA,C,2,A9002,Ordinary Differential Equations and Vector Calculus,82.67,62,75,sem2_attendance,ATT_S2_25881A66D1_A9002ODECV,STU_25881A66D1,SUB_2_A9002
25881A66D1,AKKANGARI AKSHITHA,C,2,A9009,Engineering Chemistry,86.44,51,59,sem2_attendance,ATT_S2_25881A66D1_A9009EC,STU_25881A66D1,SUB_2_A9009
25881A66D1,AKKANGARI AKSHITHA,C,2,A9011,English for Skills Enhancement,81.63,40,49,sem2_attendance,ATT_S2_25881A66D1_A9011ESE,STU_25881A66D1,SUB_2_A9011
25881A66D1,AKKANGARI AKSHITHA,C,2,A9503,Data Structures,75.81,47,62,sem2_attendance,ATT_S2_25881A66D1_A9503DS,STU_25881A66D1,SUB_2_A9503
25881A66D1,AKKANGARI AKSHITHA,C,2,A9402,Digital Electronics,88.52,54,61,sem2_attendance,ATT_S2_25881A66D1_A9402DE,STU_25881A66D1,SUB_2_A9402
25881A66D1,AKKANGARI AKSHITHA,C,2,A9010,Engineering Chemistry Laboratory,93.33,42,45,sem2_attendance,ATT_S2_25881A66D1_A9010ECL,STU_25881A66D1,SUB_2_A9010
25881A66D1,AKKANGARI AKSHITHA,C,2,A9012,English Language and Communication Skills Laboratory,100.0,45,45,sem2_attendance,ATT_S2_25881A66D1_A9012ESEL,STU_25881A66D1,SUB_2_A9012
25881A66D1,AKKANGARI AKSHITHA,C,2,A9504,Data Structures Laboratory,100.0,29,29,sem2_attendance,ATT_S2_25881A66D1_A9504DSL,STU_25881A66D1,SUB_2_A9504
25881A66D1,AKKANGARI AKSHITHA,C,2,A9304,Computer Aided Engineering Graphics,78.57,33,42,sem2_attendance,ATT_S2_25881A66D1_A9304CAEG,STU_25881A66D1,SUB_2_A9304
25881A66D1,AKKANGARI AKSHITHA,C,2,A9022,Product Design and Development,93.75,45,48,sem2_attendance,ATT_S2_25881A66D1_A9022PDD,STU_25881A66D1,SUB_2_A9022
25881A66D2,KASARAVENI AKSHITHA,C,2,A9002,Ordinary Differential Equations and Vector Calculus,89.33,67,75,sem2_attendance,ATT_S2_25881A66D2_A9002ODECV,STU_25881A66D2,SUB_2_A9002
25881A66D2,KASARAVENI AKSHITHA,C,2,A9009,Engineering Chemistry,94.92,56,59,sem2_attendance,ATT_S2_25881A66D2_A9009EC,STU_25881A66D2,SUB_2_A9009
25881A66D2,KASARAVENI AKSHITHA,C,2,A9011,English for Skills Enhancement,85.71,42,49,sem2_attendance,ATT_S2_25881A66D2_A9011ESE,STU_25881A66D2,SUB_2_A9011
25881A66D2,KASARAVENI AKSHITHA,C,2,A9503,Data Structures,88.71,55,62,sem2_attendance,ATT_S2_25881A66D2_A9503DS,STU_25881A66D2,SUB_2_A9503
25881A66D2,KASARAVENI AKSHITHA,C,2,A9402,Digital Electronics,98.36,60,61,sem2_attendance,ATT_S2_25881A66D2_A9402DE,STU_25881A66D2,SUB_2_A9402
25881A66D2,KASARAVENI AKSHITHA,C,2,A9010,Engineering Chemistry Laboratory,93.33,42,45,sem2_attendance,ATT_S2_25881A66D2_A9010ECL,STU_25881A66D2,SUB_2_A9010
25881A66D2,KASARAVENI AKSHITHA,C,2,A9012,English Language and Communication Skills Laboratory,100.0,45,45,sem2_attendance,ATT_S2_25881A66D2_A9012ESEL,STU_25881A66D2,SUB_2_A9012
25881A66D2,KASARAVENI AKSHITHA,C,2,A9504,Data Structures Laboratory,93.1,27,29,sem2_attendance,ATT_S2_25881A66D2_A9504DSL,STU_25881A66D2,SUB_2_A9504
25881A66D2,KASARAVENI AKSHITHA,C,2,A9304,Computer Aided Engineering Graphics,78.57,33,42,sem2_attendance,ATT_S2_25881A66D2_A9304CAEG,STU_25881A66D2,SUB_2_A9304
25881A66D2,KASARAVENI AKSHITHA,C,2,A9022,Product Design and Development,93.75,45,48,sem2_attendance,ATT_S2_25881A66D2_A9022PDD,STU_25881A66D2,SUB_2_A9022
25881A66D3,POTU AMULYA,C,2,A9002,Ordinary Differential Equations and Vector Calculus,88.0,66,75,sem2_attendance,ATT_S2_25881A66D3_A9002ODECV,STU_25881A66D3,SUB_2_A9002
25881A66D3,POTU AMULYA,C,2,A9009,Engineering Chemistry,93.22,55,59,sem2_attendance,ATT_S2_25881A66D3_A9009EC,STU_25881A66D3,SUB_2_A9009
25881A66D3,POTU AMULYA,C,2,A9011,English for Skills Enhancement,85.71,42,49,sem2_attendance,ATT_S2_25881A66D3_A9011ESE,STU_25881A66D3,SUB_2_A9011
25881A66D3,POTU AMULYA,C,2,A9503,Data Structures,87.1,54,62,sem2_attendance,ATT_S2_25881A66D3_A9503DS,STU_25881A66D3,SUB_2_A9503
25881A66D3,POTU AMULYA,C,2,A9402,Digital Electronics,96.72,59,61,sem2_attendance,ATT_S2_25881A66D3_A9402DE,STU_25881A66D3,SUB_2_A9402
25881A66D3,POTU AMULYA,C,2,A9010,Engineering Chemistry Laboratory,93.33,42,45,sem2_attendance,ATT_S2_25881A66D3_A9010ECL,STU_25881A66D3,SUB_2_A9010
25881A66D3,POTU AMULYA,C,2,A9012,English Language and Communication Skills Laboratory,100.0,45,45,sem2_attendance,ATT_S2_25881A66D3_A9012ESEL,STU_25881A66D3,SUB_2_A9012
25881A66D3,POTU AMULYA,C,2,A9504,Data Structures Laboratory,93.1,27,29,sem2_attendance,ATT_S2_25881A66D3_A9504DSL,STU_25881A66D3,SUB_2_A9504
25881A66D3,POTU AMULYA,C,2,A9304,Computer Aided Engineering Graphics,85.71,36,42,sem2_attendance,ATT_S2_25881A66D3_A9304CAEG,STU_25881A66D3,SUB_2_A9304
25881A66D3,POTU AMULYA,C,2,A9022,Product Design and Development,81.25,39,48,sem2_attendance,ATT_S2_25881A66D3_A9022PDD,STU_25881A66D3,SUB_2_A9022
25881A66D4,MOHD ANAS,C,2,A9002,Ordinary Differential Equations and Vector Calculus,70.67,53,75,sem2_attendance,ATT_S2_25881A66D4_A9002ODECV,STU_25881A66D4,SUB_2_A9002
25881A66D4,MOHD ANAS,C,2,A9009,Engineering Chemistry,86.44,51,59,sem2_attendance,ATT_S2_25881A66D4_A9009EC,STU_25881A66D4,SUB_2_A9009
25881A66D4,MOHD ANAS,C,2,A9011,English for Skills Enhancement,69.39,34,49,sem2_attendance,ATT_S2_25881A66D4_A9011ESE,STU_25881A66D4,SUB_2_A9011
25881A66D4,MOHD ANAS,C,2,A9503,Data Structures,59.68,37,62,sem2_attendance,ATT_S2_25881A66D4_A9503DS,STU_25881A66D4,SUB_2_A9503
25881A66D4,MOHD ANAS,C,2,A9402,Digital Electronics,80.33,49,61,sem2_attendance,ATT_S2_25881A66D4_A9402DE,STU_25881A66D4,SUB_2_A9402
25881A66D4,MOHD ANAS,C,2,A9010,Engineering Chemistry Laboratory,73.33,33,45,sem2_attendance,ATT_S2_25881A66D4_A9010ECL,STU_25881A66D4,SUB_2_A9010
25881A66D4,MOHD ANAS,C,2,A9012,English Language and Communication Skills Laboratory,86.67,39,45,sem2_attendance,ATT_S2_25881A66D4_A9012ESEL,STU_25881A66D4,SUB_2_A9012
25881A66D4,MOHD ANAS,C,2,A9504,Data Structures Laboratory,86.21,25,29,sem2_attendance,ATT_S2_25881A66D4_A9504DSL,STU_25881A66D4,SUB_2_A9504
25881A66D4,MOHD ANAS,C,2,A9304,Computer Aided Engineering Graphics,85.71,36,42,sem2_attendance,ATT_S2_25881A66D4_A9304CAEG,STU_25881A66D4,SUB_2_A9304
25881A66D4,MOHD ANAS,C,2,A9022,Product Design and Development,81.25,39,48,sem2_attendance,ATT_S2_25881A66D4_A9022PDD,STU_25881A66D4,SUB_2_A9022
25881A66D5,SAFA AQEEL,C,2,A9002,Ordinary Differential Equations and Vector Calculus,73.33,55,75,sem2_attendance,ATT_S2_25881A66D5_A9002ODECV,STU_25881A66D5,SUB_2_A9002
25881A66D5,SAFA AQEEL,C,2,A9009,Engineering Chemistry,81.36,48,59,sem2_attendance,ATT_S2_25881A66D5_A9009EC,STU_25881A66D5,SUB_2_A9009
25881A66D5,SAFA AQEEL,C,2,A9011,English for Skills Enhancement,77.55,38,49,sem2_attendance,ATT_S2_25881A66D5_A9011ESE,STU_25881A66D5,SUB_2_A9011
25881A66D5,SAFA AQEEL,C,2,A9503,Data Structures,67.74,42,62,sem2_attendance,ATT_S2_25881A66D5_A9503DS,STU_25881A66D5,SUB_2_A9503
25881A66D5,SAFA AQEEL,C,2,A9402,Digital Electronics,81.97,50,61,sem2_attendance,ATT_S2_25881A66D5_A9402DE,STU_25881A66D5,SUB_2_A9402
25881A66D5,SAFA AQEEL,C,2,A9010,Engineering Chemistry Laboratory,80.0,36,45,sem2_attendance,ATT_S2_25881A66D5_A9010ECL,STU_25881A66D5,SUB_2_A9010
25881A66D5,SAFA AQEEL,C,2,A9012,English Language and Communication Skills Laboratory,86.67,39,45,sem2_attendance,ATT_S2_25881A66D5_A9012ESEL,STU_25881A66D5,SUB_2_A9012
25881A66D5,SAFA AQEEL,C,2,A9504,Data Structures Laboratory,86.21,25,29,sem2_attendance,ATT_S2_25881A66D5_A9504DSL,STU_25881A66D5,SUB_2_A9504
25881A66D5,SAFA AQEEL,C,2,A9304,Computer Aided Engineering Graphics,71.43,30,42,sem2_attendance,ATT_S2_25881A66D5_A9304CAEG,STU_25881A66D5,SUB_2_A9304
25881A66D5,SAFA AQEEL,C,2,A9022,Product Design and Development,87.5,42,48,sem2_attendance,ATT_S2_25881A66D5_A9022PDD,STU_25881A66D5,SUB_2_A9022
25881A66D6,NAROJU ARAVIND,C,2,A9002,Ordinary Differential Equations and Vector Calculus,78.67,59,75,sem2_attendance,ATT_S2_25881A66D6_A9002ODECV,STU_25881A66D6,SUB_2_A9002
25881A66D6,NAROJU ARAVIND,C,2,A9009,Engineering Chemistry,79.66,47,59,sem2_attendance,ATT_S2_25881A66D6_A9009EC,STU_25881A66D6,SUB_2_A9009
25881A66D6,NAROJU ARAVIND,C,2,A9011,English for Skills Enhancement,71.43,35,49,sem2_attendance,ATT_S2_25881A66D6_A9011ESE,STU_25881A66D6,SUB_2_A9011
25881A66D6,NAROJU ARAVIND,C,2,A9503,Data Structures,79.03,49,62,sem2_attendance,ATT_S2_25881A66D6_A9503DS,STU_25881A66D6,SUB_2_A9503
25881A66D6,NAROJU ARAVIND,C,2,A9402,Digital Electronics,86.89,53,61,sem2_attendance,ATT_S2_25881A66D6_A9402DE,STU_25881A66D6,SUB_2_A9402
25881A66D6,NAROJU ARAVIND,C,2,A9010,Engineering Chemistry Laboratory,93.33,42,45,sem2_attendance,ATT_S2_25881A66D6_A9010ECL,STU_25881A66D6,SUB_2_A9010
25881A66D6,NAROJU ARAVIND,C,2,A9012,English Language and Communication Skills Laboratory,66.67,30,45,sem2_attendance,ATT_S2_25881A66D6_A9012ESEL,STU_25881A66D6,SUB_2_A9012
25881A66D6,NAROJU ARAVIND,C,2,A9504,Data Structures Laboratory,79.31,23,29,sem2_attendance,ATT_S2_25881A66D6_A9504DSL,STU_25881A66D6,SUB_2_A9504
25881A66D6,NAROJU ARAVIND,C,2,A9304,Computer Aided Engineering Graphics,71.43,30,42,sem2_attendance,ATT_S2_25881A66D6_A9304CAEG,STU_25881A66D6,SUB_2_A9304
25881A66D6,NAROJU ARAVIND,C,2,A9022,Product Design and Development,81.25,39,48,sem2_attendance,ATT_S2_25881A66D6_A9022PDD,STU_25881A66D6,SUB_2_A9022
25881A66D7,BHUKYA ASMITHA,C,2,A9002,Ordinary Differential Equations and Vector Calculus,82.67,62,75,sem2_attendance,ATT_S2_25881A66D7_A9002ODECV,STU_25881A66D7,SUB_2_A9002
25881A66D7,BHUKYA ASMITHA,C,2,A9009,Engineering Chemistry,91.53,54,59,sem2_attendance,ATT_S2_25881A66D7_A9009EC,STU_25881A66D7,SUB_2_A9009
25881A66D7,BHUKYA ASMITHA,C,2,A9011,English for Skills Enhancement,87.76,43,49,sem2_attendance,ATT_S2_25881A66D7_A9011ESE,STU_25881A66D7,SUB_2_A9011
25881A66D7,BHUKYA ASMITHA,C,2,A9503,Data Structures,82.26,51,62,sem2_attendance,ATT_S2_25881A66D7_A9503DS,STU_25881A66D7,SUB_2_A9503
25881A66D7,BHUKYA ASMITHA,C,2,A9402,Digital Electronics,91.8,56,61,sem2_attendance,ATT_S2_25881A66D7_A9402DE,STU_25881A66D7,SUB_2_A9402
25881A66D7,BHUKYA ASMITHA,C,2,A9010,Engineering Chemistry Laboratory,86.67,39,45,sem2_attendance,ATT_S2_25881A66D7_A9010ECL,STU_25881A66D7,SUB_2_A9010
25881A66D7,BHUKYA ASMITHA,C,2,A9012,English Language and Communication Skills Laboratory,86.67,39,45,sem2_attendance,ATT_S2_25881A66D7_A9012ESEL,STU_25881A66D7,SUB_2_A9012
25881A66D7,BHUKYA ASMITHA,C,2,A9504,Data Structures Laboratory,86.21,25,29,sem2_attendance,ATT_S2_25881A66D7_A9504DSL,STU_25881A66D7,SUB_2_A9504
25881A66D7,BHUKYA ASMITHA,C,2,A9304,Computer Aided Engineering Graphics,92.86,39,42,sem2_attendance,ATT_S2_25881A66D7_A9304CAEG,STU_25881A66D7,SUB_2_A9304
25881A66D7,BHUKYA ASMITHA,C,2,A9022,Product Design and Development,87.5,42,48,sem2_attendance,ATT_S2_25881A66D7_A9022PDD,STU_25881A66D7,SUB_2_A9022
25881A66D8,DONTHIREDDY BHAVESH,C,2,A9002,Ordinary Differential Equations and Vector Calculus,77.33,58,75,sem2_attendance,ATT_S2_25881A66D8_A9002ODECV,STU_25881A66D8,SUB_2_A9002
25881A66D8,DONTHIREDDY BHAVESH,C,2,A9009,Engineering Chemistry,72.88,43,59,sem2_attendance,ATT_S2_25881A66D8_A9009EC,STU_25881A66D8,SUB_2_A9009
25881A66D8,DONTHIREDDY BHAVESH,C,2,A9011,English for Skills Enhancement,75.51,37,49,sem2_attendance,ATT_S2_25881A66D8_A9011ESE,STU_25881A66D8,SUB_2_A9011
25881A66D8,DONTHIREDDY BHAVESH,C,2,A9503,Data Structures,74.19,46,62,sem2_attendance,ATT_S2_25881A66D8_A9503DS,STU_25881A66D8,SUB_2_A9503
25881A66D8,DONTHIREDDY BHAVESH,C,2,A9402,Digital Electronics,83.61,51,61,sem2_attendance,ATT_S2_25881A66D8_A9402DE,STU_25881A66D8,SUB_2_A9402
25881A66D8,DONTHIREDDY BHAVESH,C,2,A9010,Engineering Chemistry Laboratory,93.33,42,45,sem2_attendance,ATT_S2_25881A66D8_A9010ECL,STU_25881A66D8,SUB_2_A9010
25881A66D8,DONTHIREDDY BHAVESH,C,2,A9012,English Language and Communication Skills Laboratory,66.67,30,45,sem2_attendance,ATT_S2_25881A66D8_A9012ESEL,STU_25881A66D8,SUB_2_A9012
25881A66D8,DONTHIREDDY BHAVESH,C,2,A9504,Data Structures Laboratory,79.31,23,29,sem2_attendance,ATT_S2_25881A66D8_A9504DSL,STU_25881A66D8,SUB_2_A9504
25881A66D8,DONTHIREDDY BHAVESH,C,2,A9304,Computer Aided Engineering Graphics,92.86,39,42,sem2_attendance,ATT_S2_25881A66D8_A9304CAEG,STU_25881A66D8,SUB_2_A9304
25881A66D8,DONTHIREDDY BHAVESH,C,2,A9022,Product Design and Development,93.75,45,48,sem2_attendance,ATT_S2_25881A66D8_A9022PDD,STU_25881A66D8,SUB_2_A9022
25881A66D9,THOTAKURI BHAVYA,C,2,A9002,Ordinary Differential Equations and Vector Calculus,80.0,60,75,sem2_attendance,ATT_S2_25881A66D9_A9002ODECV,STU_25881A66D9,SUB_2_A9002
25881A66D9,THOTAKURI BHAVYA,C,2,A9009,Engineering Chemistry,83.05,49,59,sem2_attendance,ATT_S2_25881A66D9_A9009EC,STU_25881A66D9,SUB_2_A9009
25881A66D9,THOTAKURI BHAVYA,C,2,A9011,English for Skills Enhancement,79.59,39,49,sem2_attendance,ATT_S2_25881A66D9_A9011ESE,STU_25881A66D9,SUB_2_A9011
25881A66D9,THOTAKURI BHAVYA,C,2,A9503,Data Structures,72.58,45,62,sem2_attendance,ATT_S2_25881A66D9_A9503DS,STU_25881A66D9,SUB_2_A9503
25881A66D9,THOTAKURI BHAVYA,C,2,A9402,Digital Electronics,90.16,55,61,sem2_attendance,ATT_S2_25881A66D9_A9402DE,STU_25881A66D9,SUB_2_A9402
25881A66D9,THOTAKURI BHAVYA,C,2,A9010,Engineering Chemistry Laboratory,86.67,39,45,sem2_attendance,ATT_S2_25881A66D9_A9010ECL,STU_25881A66D9,SUB_2_A9010
25881A66D9,THOTAKURI BHAVYA,C,2,A9012,English Language and Communication Skills Laboratory,73.33,33,45,sem2_attendance,ATT_S2_25881A66D9_A9012ESEL,STU_25881A66D9,SUB_2_A9012
25881A66D9,THOTAKURI BHAVYA,C,2,A9504,Data Structures Laboratory,86.21,25,29,sem2_attendance,ATT_S2_25881A66D9_A9504DSL,STU_25881A66D9,SUB_2_A9504
25881A66D9,THOTAKURI BHAVYA,C,2,A9304,Computer Aided Engineering Graphics,71.43,30,42,sem2_attendance,ATT_S2_25881A66D9_A9304CAEG,STU_25881A66D9,SUB_2_A9304
25881A66D9,THOTAKURI BHAVYA,C,2,A9022,Product Design and Development,87.5,42,48,sem2_attendance,ATT_S2_25881A66D9_A9022PDD,STU_25881A66D9,SUB_2_A9022
25881A66E0,CHERUKUPALLY CHAITANYA AKSHITH,C,2,A9002,Ordinary Differential Equations and Vector Calculus,81.33,61,75,sem2_attendance,ATT_S2_25881A66E0_A9002ODECV,STU_25881A66E0,SUB_2_A9002
25881A66E0,CHERUKUPALLY CHAITANYA AKSHITH,C,2,A9009,Engineering Chemistry,81.36,48,59,sem2_attendance,ATT_S2_25881A66E0_A9009EC,STU_25881A66E0,SUB_2_A9009
25881A66E0,CHERUKUPALLY CHAITANYA AKSHITH,C,2,A9011,English for Skills Enhancement,79.59,39,49,sem2_attendance,ATT_S2_25881A66E0_A9011ESE,STU_25881A66E0,SUB_2_A9011
25881A66E0,CHERUKUPALLY CHAITANYA AKSHITH,C,2,A9503,Data Structures,80.65,50,62,sem2_attendance,ATT_S2_25881A66E0_A9503DS,STU_25881A66E0,SUB_2_A9503
25881A66E0,CHERUKUPALLY CHAITANYA AKSHITH,C,2,A9402,Digital Electronics,78.69,48,61,sem2_attendance,ATT_S2_25881A66E0_A9402DE,STU_25881A66E0,SUB_2_A9402
25881A66E0,CHERUKUPALLY CHAITANYA AKSHITH,C,2,A9010,Engineering Chemistry Laboratory,93.33,42,45,sem2_attendance,ATT_S2_25881A66E0_A9010ECL,STU_25881A66E0,SUB_2_A9010
25881A66E0,CHERUKUPALLY CHAITANYA AKSHITH,C,2,A9012,English Language and Communication Skills Laboratory,66.67,30,45,sem2_attendance,ATT_S2_25881A66E0_A9012ESEL,STU_25881A66E0,SUB_2_A9012
25881A66E0,CHERUKUPALLY CHAITANYA AKSHITH,C,2,A9504,Data Structures Laboratory,86.21,25,29,sem2_attendance,ATT_S2_25881A66E0_A9504DSL,STU_25881A66E0,SUB_2_A9504
25881A66E0,CHERUKUPALLY CHAITANYA AKSHITH,C,2,A9304,Computer Aided Engineering Graphics,85.71,36,42,sem2_attendance,ATT_S2_25881A66E0_A9304CAEG,STU_25881A66E0,SUB_2_A9304
25881A66E0,CHERUKUPALLY CHAITANYA AKSHITH,C,2,A9022,Product Design and Development,93.75,45,48,sem2_attendance,ATT_S2_25881A66E0_A9022PDD,STU_25881A66E0,SUB_2_A9022
25881A66E1,ALETI CHARAN,C,2,A9002,Ordinary Differential Equations and Vector Calculus,81.33,61,75,sem2_attendance,ATT_S2_25881A66E1_A9002ODECV,STU_25881A66E1,SUB_2_A9002
25881A66E1,ALETI CHARAN,C,2,A9009,Engineering Chemistry,64.41,38,59,sem2_attendance,ATT_S2_25881A66E1_A9009EC,STU_25881A66E1,SUB_2_A9009
25881A66E1,ALETI CHARAN,C,2,A9011,English for Skills Enhancement,67.35,33,49,sem2_attendance,ATT_S2_25881A66E1_A9011ESE,STU_25881A66E1,SUB_2_A9011
25881A66E1,ALETI CHARAN,C,2,A9503,Data Structures,83.87,52,62,sem2_attendance,ATT_S2_25881A66E1_A9503DS,STU_25881A66E1,SUB_2_A9503
25881A66E1,ALETI CHARAN,C,2,A9402,Digital Electronics,80.33,49,61,sem2_attendance,ATT_S2_25881A66E1_A9402DE,STU_25881A66E1,SUB_2_A9402
25881A66E1,ALETI CHARAN,C,2,A9010,Engineering Chemistry Laboratory,86.67,39,45,sem2_attendance,ATT_S2_25881A66E1_A9010ECL,STU_25881A66E1,SUB_2_A9010
25881A66E1,ALETI CHARAN,C,2,A9012,English Language and Communication Skills Laboratory,73.33,33,45,sem2_attendance,ATT_S2_25881A66E1_A9012ESEL,STU_25881A66E1,SUB_2_A9012
25881A66E1,ALETI CHARAN,C,2,A9504,Data Structures Laboratory,72.41,21,29,sem2_attendance,ATT_S2_25881A66E1_A9504DSL,STU_25881A66E1,SUB_2_A9504
25881A66E1,ALETI CHARAN,C,2,A9304,Computer Aided Engineering Graphics,64.29,27,42,sem2_attendance,ATT_S2_25881A66E1_A9304CAEG,STU_25881A66E1,SUB_2_A9304
25881A66E1,ALETI CHARAN,C,2,A9022,Product Design and Development,93.75,45,48,sem2_attendance,ATT_S2_25881A66E1_A9022PDD,STU_25881A66E1,SUB_2_A9022
25881A66E2,BOMMANABOINA CHETAN,C,2,A9002,Ordinary Differential Equations and Vector Calculus,73.33,55,75,sem2_attendance,ATT_S2_25881A66E2_A9002ODECV,STU_25881A66E2,SUB_2_A9002
25881A66E2,BOMMANABOINA CHETAN,C,2,A9009,Engineering Chemistry,74.58,44,59,sem2_attendance,ATT_S2_25881A66E2_A9009EC,STU_25881A66E2,SUB_2_A9009
25881A66E2,BOMMANABOINA CHETAN,C,2,A9011,English for Skills Enhancement,73.47,36,49,sem2_attendance,ATT_S2_25881A66E2_A9011ESE,STU_25881A66E2,SUB_2_A9011
25881A66E2,BOMMANABOINA CHETAN,C,2,A9503,Data Structures,69.35,43,62,sem2_attendance,ATT_S2_25881A66E2_A9503DS,STU_25881A66E2,SUB_2_A9503
25881A66E2,BOMMANABOINA CHETAN,C,2,A9402,Digital Electronics,81.97,50,61,sem2_attendance,ATT_S2_25881A66E2_A9402DE,STU_25881A66E2,SUB_2_A9402
25881A66E2,BOMMANABOINA CHETAN,C,2,A9010,Engineering Chemistry Laboratory,86.67,39,45,sem2_attendance,ATT_S2_25881A66E2_A9010ECL,STU_25881A66E2,SUB_2_A9010
25881A66E2,BOMMANABOINA CHETAN,C,2,A9012,English Language and Communication Skills Laboratory,73.33,33,45,sem2_attendance,ATT_S2_25881A66E2_A9012ESEL,STU_25881A66E2,SUB_2_A9012
25881A66E2,BOMMANABOINA CHETAN,C,2,A9504,Data Structures Laboratory,79.31,23,29,sem2_attendance,ATT_S2_25881A66E2_A9504DSL,STU_25881A66E2,SUB_2_A9504
25881A66E2,BOMMANABOINA CHETAN,C,2,A9304,Computer Aided Engineering Graphics,71.43,30,42,sem2_attendance,ATT_S2_25881A66E2_A9304CAEG,STU_25881A66E2,SUB_2_A9304
25881A66E2,BOMMANABOINA CHETAN,C,2,A9022,Product Design and Development,87.5,42,48,sem2_attendance,ATT_S2_25881A66E2_A9022PDD,STU_25881A66E2,SUB_2_A9022
25881A66E3,TALLA DINESH GOUD,C,2,A9002,Ordinary Differential Equations and Vector Calculus,68.0,51,75,sem2_attendance,ATT_S2_25881A66E3_A9002ODECV,STU_25881A66E3,SUB_2_A9002
25881A66E3,TALLA DINESH GOUD,C,2,A9009,Engineering Chemistry,71.19,42,59,sem2_attendance,ATT_S2_25881A66E3_A9009EC,STU_25881A66E3,SUB_2_A9009
25881A66E3,TALLA DINESH GOUD,C,2,A9011,English for Skills Enhancement,65.31,32,49,sem2_attendance,ATT_S2_25881A66E3_A9011ESE,STU_25881A66E3,SUB_2_A9011
25881A66E3,TALLA DINESH GOUD,C,2,A9503,Data Structures,61.29,38,62,sem2_attendance,ATT_S2_25881A66E3_A9503DS,STU_25881A66E3,SUB_2_A9503
25881A66E3,TALLA DINESH GOUD,C,2,A9402,Digital Electronics,80.33,49,61,sem2_attendance,ATT_S2_25881A66E3_A9402DE,STU_25881A66E3,SUB_2_A9402
25881A66E3,TALLA DINESH GOUD,C,2,A9010,Engineering Chemistry Laboratory,100.0,45,45,sem2_attendance,ATT_S2_25881A66E3_A9010ECL,STU_25881A66E3,SUB_2_A9010
25881A66E3,TALLA DINESH GOUD,C,2,A9012,English Language and Communication Skills Laboratory,80.0,36,45,sem2_attendance,ATT_S2_25881A66E3_A9012ESEL,STU_25881A66E3,SUB_2_A9012
25881A66E3,TALLA DINESH GOUD,C,2,A9504,Data Structures Laboratory,79.31,23,29,sem2_attendance,ATT_S2_25881A66E3_A9504DSL,STU_25881A66E3,SUB_2_A9504
25881A66E3,TALLA DINESH GOUD,C,2,A9304,Computer Aided Engineering Graphics,85.71,36,42,sem2_attendance,ATT_S2_25881A66E3_A9304CAEG,STU_25881A66E3,SUB_2_A9304
25881A66E3,TALLA DINESH GOUD,C,2,A9022,Product Design and Development,93.75,45,48,sem2_attendance,ATT_S2_25881A66E3_A9022PDD,STU_25881A66E3,SUB_2_A9022
25881A66E4,GANESH SAINI,C,2,A9002,Ordinary Differential Equations and Vector Calculus,89.33,67,75,sem2_attendance,ATT_S2_25881A66E4_A9002ODECV,STU_25881A66E4,SUB_2_A9002
25881A66E4,GANESH SAINI,C,2,A9009,Engineering Chemistry,91.53,54,59,sem2_attendance,ATT_S2_25881A66E4_A9009EC,STU_25881A66E4,SUB_2_A9009
25881A66E4,GANESH SAINI,C,2,A9011,English for Skills Enhancement,89.8,44,49,sem2_attendance,ATT_S2_25881A66E4_A9011ESE,STU_25881A66E4,SUB_2_A9011
25881A66E4,GANESH SAINI,C,2,A9503,Data Structures,83.87,52,62,sem2_attendance,ATT_S2_25881A66E4_A9503DS,STU_25881A66E4,SUB_2_A9503
25881A66E4,GANESH SAINI,C,2,A9402,Digital Electronics,88.52,54,61,sem2_attendance,ATT_S2_25881A66E4_A9402DE,STU_25881A66E4,SUB_2_A9402
25881A66E4,GANESH SAINI,C,2,A9010,Engineering Chemistry Laboratory,100.0,45,45,sem2_attendance,ATT_S2_25881A66E4_A9010ECL,STU_25881A66E4,SUB_2_A9010
25881A66E4,GANESH SAINI,C,2,A9012,English Language and Communication Skills Laboratory,91.11,41,45,sem2_attendance,ATT_S2_25881A66E4_A9012ESEL,STU_25881A66E4,SUB_2_A9012
25881A66E4,GANESH SAINI,C,2,A9504,Data Structures Laboratory,93.1,27,29,sem2_attendance,ATT_S2_25881A66E4_A9504DSL,STU_25881A66E4,SUB_2_A9504
25881A66E4,GANESH SAINI,C,2,A9304,Computer Aided Engineering Graphics,85.71,36,42,sem2_attendance,ATT_S2_25881A66E4_A9304CAEG,STU_25881A66E4,SUB_2_A9304
25881A66E4,GANESH SAINI,C,2,A9022,Product Design and Development,93.75,45,48,sem2_attendance,ATT_S2_25881A66E4_A9022PDD,STU_25881A66E4,SUB_2_A9022
25881A66E5,NENAVATH HANMANTHU,C,2,A9002,Ordinary Differential Equations and Vector Calculus,64.0,48,75,sem2_attendance,ATT_S2_25881A66E5_A9002ODECV,STU_25881A66E5,SUB_2_A9002
25881A66E5,NENAVATH HANMANTHU,C,2,A9009,Engineering Chemistry,81.36,48,59,sem2_attendance,ATT_S2_25881A66E5_A9009EC,STU_25881A66E5,SUB_2_A9009
25881A66E5,NENAVATH HANMANTHU,C,2,A9011,English for Skills Enhancement,77.55,38,49,sem2_attendance,ATT_S2_25881A66E5_A9011ESE,STU_25881A66E5,SUB_2_A9011
25881A66E5,NENAVATH HANMANTHU,C,2,A9503,Data Structures,62.9,39,62,sem2_attendance,ATT_S2_25881A66E5_A9503DS,STU_25881A66E5,SUB_2_A9503
25881A66E5,NENAVATH HANMANTHU,C,2,A9402,Digital Electronics,78.69,48,61,sem2_attendance,ATT_S2_25881A66E5_A9402DE,STU_25881A66E5,SUB_2_A9402
25881A66E5,NENAVATH HANMANTHU,C,2,A9010,Engineering Chemistry Laboratory,68.89,31,45,sem2_attendance,ATT_S2_25881A66E5_A9010ECL,STU_25881A66E5,SUB_2_A9010
25881A66E5,NENAVATH HANMANTHU,C,2,A9012,English Language and Communication Skills Laboratory,86.67,39,45,sem2_attendance,ATT_S2_25881A66E5_A9012ESEL,STU_25881A66E5,SUB_2_A9012
25881A66E5,NENAVATH HANMANTHU,C,2,A9504,Data Structures Laboratory,93.1,27,29,sem2_attendance,ATT_S2_25881A66E5_A9504DSL,STU_25881A66E5,SUB_2_A9504
25881A66E5,NENAVATH HANMANTHU,C,2,A9304,Computer Aided Engineering Graphics,85.71,36,42,sem2_attendance,ATT_S2_25881A66E5_A9304CAEG,STU_25881A66E5,SUB_2_A9304
25881A66E5,NENAVATH HANMANTHU,C,2,A9022,Product Design and Development,87.5,42,48,sem2_attendance,ATT_S2_25881A66E5_A9022PDD,STU_25881A66E5,SUB_2_A9022
25881A66E6,ABBANBOINA HARIKA,C,2,A9002,Ordinary Differential Equations and Vector Calculus,80.0,60,75,sem2_attendance,ATT_S2_25881A66E6_A9002ODECV,STU_25881A66E6,SUB_2_A9002
25881A66E6,ABBANBOINA HARIKA,C,2,A9009,Engineering Chemistry,91.53,54,59,sem2_attendance,ATT_S2_25881A66E6_A9009EC,STU_25881A66E6,SUB_2_A9009
25881A66E6,ABBANBOINA HARIKA,C,2,A9011,English for Skills Enhancement,77.55,38,49,sem2_attendance,ATT_S2_25881A66E6_A9011ESE,STU_25881A66E6,SUB_2_A9011
25881A66E6,ABBANBOINA HARIKA,C,2,A9503,Data Structures,80.65,50,62,sem2_attendance,ATT_S2_25881A66E6_A9503DS,STU_25881A66E6,SUB_2_A9503
25881A66E6,ABBANBOINA HARIKA,C,2,A9402,Digital Electronics,90.16,55,61,sem2_attendance,ATT_S2_25881A66E6_A9402DE,STU_25881A66E6,SUB_2_A9402
25881A66E6,ABBANBOINA HARIKA,C,2,A9010,Engineering Chemistry Laboratory,93.33,42,45,sem2_attendance,ATT_S2_25881A66E6_A9010ECL,STU_25881A66E6,SUB_2_A9010
25881A66E6,ABBANBOINA HARIKA,C,2,A9012,English Language and Communication Skills Laboratory,75.56,34,45,sem2_attendance,ATT_S2_25881A66E6_A9012ESEL,STU_25881A66E6,SUB_2_A9012
25881A66E6,ABBANBOINA HARIKA,C,2,A9504,Data Structures Laboratory,79.31,23,29,sem2_attendance,ATT_S2_25881A66E6_A9504DSL,STU_25881A66E6,SUB_2_A9504
25881A66E6,ABBANBOINA HARIKA,C,2,A9304,Computer Aided Engineering Graphics,85.71,36,42,sem2_attendance,ATT_S2_25881A66E6_A9304CAEG,STU_25881A66E6,SUB_2_A9304
25881A66E6,ABBANBOINA HARIKA,C,2,A9022,Product Design and Development,87.5,42,48,sem2_attendance,ATT_S2_25881A66E6_A9022PDD,STU_25881A66E6,SUB_2_A9022
25881A66E7,SUNKOJU HARSHITH,C,2,A9002,Ordinary Differential Equations and Vector Calculus,77.33,58,75,sem2_attendance,ATT_S2_25881A66E7_A9002ODECV,STU_25881A66E7,SUB_2_A9002
25881A66E7,SUNKOJU HARSHITH,C,2,A9009,Engineering Chemistry,77.97,46,59,sem2_attendance,ATT_S2_25881A66E7_A9009EC,STU_25881A66E7,SUB_2_A9009
25881A66E7,SUNKOJU HARSHITH,C,2,A9011,English for Skills Enhancement,77.55,38,49,sem2_attendance,ATT_S2_25881A66E7_A9011ESE,STU_25881A66E7,SUB_2_A9011
25881A66E7,SUNKOJU HARSHITH,C,2,A9503,Data Structures,77.42,48,62,sem2_attendance,ATT_S2_25881A66E7_A9503DS,STU_25881A66E7,SUB_2_A9503
25881A66E7,SUNKOJU HARSHITH,C,2,A9402,Digital Electronics,75.41,46,61,sem2_attendance,ATT_S2_25881A66E7_A9402DE,STU_25881A66E7,SUB_2_A9402
25881A66E7,SUNKOJU HARSHITH,C,2,A9010,Engineering Chemistry Laboratory,80.0,36,45,sem2_attendance,ATT_S2_25881A66E7_A9010ECL,STU_25881A66E7,SUB_2_A9010
25881A66E7,SUNKOJU HARSHITH,C,2,A9012,English Language and Communication Skills Laboratory,64.44,29,45,sem2_attendance,ATT_S2_25881A66E7_A9012ESEL,STU_25881A66E7,SUB_2_A9012
25881A66E7,SUNKOJU HARSHITH,C,2,A9504,Data Structures Laboratory,68.97,20,29,sem2_attendance,ATT_S2_25881A66E7_A9504DSL,STU_25881A66E7,SUB_2_A9504
25881A66E7,SUNKOJU HARSHITH,C,2,A9304,Computer Aided Engineering Graphics,64.29,27,42,sem2_attendance,ATT_S2_25881A66E7_A9304CAEG,STU_25881A66E7,SUB_2_A9304
25881A66E7,SUNKOJU HARSHITH,C,2,A9022,Product Design and Development,87.5,42,48,sem2_attendance,ATT_S2_25881A66E7_A9022PDD,STU_25881A66E7,SUB_2_A9022
25881A66E8,HARSHITH JHAJHRY,C,2,A9002,Ordinary Differential Equations and Vector Calculus,81.33,61,75,sem2_attendance,ATT_S2_25881A66E8_A9002ODECV,STU_25881A66E8,SUB_2_A9002
25881A66E8,HARSHITH JHAJHRY,C,2,A9009,Engineering Chemistry,83.05,49,59,sem2_attendance,ATT_S2_25881A66E8_A9009EC,STU_25881A66E8,SUB_2_A9009
25881A66E8,HARSHITH JHAJHRY,C,2,A9011,English for Skills Enhancement,79.59,39,49,sem2_attendance,ATT_S2_25881A66E8_A9011ESE,STU_25881A66E8,SUB_2_A9011
25881A66E8,HARSHITH JHAJHRY,C,2,A9503,Data Structures,79.03,49,62,sem2_attendance,ATT_S2_25881A66E8_A9503DS,STU_25881A66E8,SUB_2_A9503
25881A66E8,HARSHITH JHAJHRY,C,2,A9402,Digital Electronics,88.52,54,61,sem2_attendance,ATT_S2_25881A66E8_A9402DE,STU_25881A66E8,SUB_2_A9402
25881A66E8,HARSHITH JHAJHRY,C,2,A9010,Engineering Chemistry Laboratory,93.33,42,45,sem2_attendance,ATT_S2_25881A66E8_A9010ECL,STU_25881A66E8,SUB_2_A9010
25881A66E8,HARSHITH JHAJHRY,C,2,A9012,English Language and Communication Skills Laboratory,100.0,45,45,sem2_attendance,ATT_S2_25881A66E8_A9012ESEL,STU_25881A66E8,SUB_2_A9012
25881A66E8,HARSHITH JHAJHRY,C,2,A9504,Data Structures Laboratory,93.1,27,29,sem2_attendance,ATT_S2_25881A66E8_A9504DSL,STU_25881A66E8,SUB_2_A9504
25881A66E8,HARSHITH JHAJHRY,C,2,A9304,Computer Aided Engineering Graphics,85.71,36,42,sem2_attendance,ATT_S2_25881A66E8_A9304CAEG,STU_25881A66E8,SUB_2_A9304
25881A66E8,HARSHITH JHAJHRY,C,2,A9022,Product Design and Development,87.5,42,48,sem2_attendance,ATT_S2_25881A66E8_A9022PDD,STU_25881A66E8,SUB_2_A9022
25881A66E9,DEVULAPALLY HASINI REDDY,C,2,A9002,Ordinary Differential Equations and Vector Calculus,81.33,61,75,sem2_attendance,ATT_S2_25881A66E9_A9002ODECV,STU_25881A66E9,SUB_2_A9002
25881A66E9,DEVULAPALLY HASINI REDDY,C,2,A9009,Engineering Chemistry,86.44,51,59,sem2_attendance,ATT_S2_25881A66E9_A9009EC,STU_25881A66E9,SUB_2_A9009
25881A66E9,DEVULAPALLY HASINI REDDY,C,2,A9011,English for Skills Enhancement,77.55,38,49,sem2_attendance,ATT_S2_25881A66E9_A9011ESE,STU_25881A66E9,SUB_2_A9011
25881A66E9,DEVULAPALLY HASINI REDDY,C,2,A9503,Data Structures,79.03,49,62,sem2_attendance,ATT_S2_25881A66E9_A9503DS,STU_25881A66E9,SUB_2_A9503
25881A66E9,DEVULAPALLY HASINI REDDY,C,2,A9402,Digital Electronics,86.89,53,61,sem2_attendance,ATT_S2_25881A66E9_A9402DE,STU_25881A66E9,SUB_2_A9402
25881A66E9,DEVULAPALLY HASINI REDDY,C,2,A9010,Engineering Chemistry Laboratory,88.89,40,45,sem2_attendance,ATT_S2_25881A66E9_A9010ECL,STU_25881A66E9,SUB_2_A9010
25881A66E9,DEVULAPALLY HASINI REDDY,C,2,A9012,English Language and Communication Skills Laboratory,80.0,36,45,sem2_attendance,ATT_S2_25881A66E9_A9012ESEL,STU_25881A66E9,SUB_2_A9012
25881A66E9,DEVULAPALLY HASINI REDDY,C,2,A9504,Data Structures Laboratory,86.21,25,29,sem2_attendance,ATT_S2_25881A66E9_A9504DSL,STU_25881A66E9,SUB_2_A9504
25881A66E9,DEVULAPALLY HASINI REDDY,C,2,A9304,Computer Aided Engineering Graphics,85.71,36,42,sem2_attendance,ATT_S2_25881A66E9_A9304CAEG,STU_25881A66E9,SUB_2_A9304
25881A66E9,DEVULAPALLY HASINI REDDY,C,2,A9022,Product Design and Development,87.5,42,48,sem2_attendance,ATT_S2_25881A66E9_A9022PDD,STU_25881A66E9,SUB_2_A9022
25881A66F0,G HEMANATHA REDDY,C,2,A9002,Ordinary Differential Equations and Vector Calculus,82.67,62,75,sem2_attendance,ATT_S2_25881A66F0_A9002ODECV,STU_25881A66F0,SUB_2_A9002
25881A66F0,G HEMANATHA REDDY,C,2,A9009,Engineering Chemistry,79.66,47,59,sem2_attendance,ATT_S2_25881A66F0_A9009EC,STU_25881A66F0,SUB_2_A9009
25881A66F0,G HEMANATHA REDDY,C,2,A9011,English for Skills Enhancement,85.71,42,49,sem2_attendance,ATT_S2_25881A66F0_A9011ESE,STU_25881A66F0,SUB_2_A9011
25881A66F0,G HEMANATHA REDDY,C,2,A9503,Data Structures,77.42,48,62,sem2_attendance,ATT_S2_25881A66F0_A9503DS,STU_25881A66F0,SUB_2_A9503
25881A66F0,G HEMANATHA REDDY,C,2,A9402,Digital Electronics,85.25,52,61,sem2_attendance,ATT_S2_25881A66F0_A9402DE,STU_25881A66F0,SUB_2_A9402
25881A66F0,G HEMANATHA REDDY,C,2,A9010,Engineering Chemistry Laboratory,80.0,36,45,sem2_attendance,ATT_S2_25881A66F0_A9010ECL,STU_25881A66F0,SUB_2_A9010
25881A66F0,G HEMANATHA REDDY,C,2,A9012,English Language and Communication Skills Laboratory,86.67,39,45,sem2_attendance,ATT_S2_25881A66F0_A9012ESEL,STU_25881A66F0,SUB_2_A9012
25881A66F0,G HEMANATHA REDDY,C,2,A9504,Data Structures Laboratory,86.21,25,29,sem2_attendance,ATT_S2_25881A66F0_A9504DSL,STU_25881A66F0,SUB_2_A9504
25881A66F0,G HEMANATHA REDDY,C,2,A9304,Computer Aided Engineering Graphics,85.71,36,42,sem2_attendance,ATT_S2_25881A66F0_A9304CAEG,STU_25881A66F0,SUB_2_A9304
25881A66F0,G HEMANATHA REDDY,C,2,A9022,Product Design and Development,93.75,45,48,sem2_attendance,ATT_S2_25881A66F0_A9022PDD,STU_25881A66F0,SUB_2_A9022
25881A66F1,BASAVESHA HIREMATH,C,2,A9002,Ordinary Differential Equations and Vector Calculus,73.33,55,75,sem2_attendance,ATT_S2_25881A66F1_A9002ODECV,STU_25881A66F1,SUB_2_A9002
25881A66F1,BASAVESHA HIREMATH,C,2,A9009,Engineering Chemistry,86.44,51,59,sem2_attendance,ATT_S2_25881A66F1_A9009EC,STU_25881A66F1,SUB_2_A9009
25881A66F1,BASAVESHA HIREMATH,C,2,A9011,English for Skills Enhancement,75.51,37,49,sem2_attendance,ATT_S2_25881A66F1_A9011ESE,STU_25881A66F1,SUB_2_A9011
25881A66F1,BASAVESHA HIREMATH,C,2,A9503,Data Structures,62.9,39,62,sem2_attendance,ATT_S2_25881A66F1_A9503DS,STU_25881A66F1,SUB_2_A9503
25881A66F1,BASAVESHA HIREMATH,C,2,A9402,Digital Electronics,83.61,51,61,sem2_attendance,ATT_S2_25881A66F1_A9402DE,STU_25881A66F1,SUB_2_A9402
25881A66F1,BASAVESHA HIREMATH,C,2,A9010,Engineering Chemistry Laboratory,100.0,45,45,sem2_attendance,ATT_S2_25881A66F1_A9010ECL,STU_25881A66F1,SUB_2_A9010
25881A66F1,BASAVESHA HIREMATH,C,2,A9012,English Language and Communication Skills Laboratory,93.33,42,45,sem2_attendance,ATT_S2_25881A66F1_A9012ESEL,STU_25881A66F1,SUB_2_A9012
25881A66F1,BASAVESHA HIREMATH,C,2,A9504,Data Structures Laboratory,79.31,23,29,sem2_attendance,ATT_S2_25881A66F1_A9504DSL,STU_25881A66F1,SUB_2_A9504
25881A66F1,BASAVESHA HIREMATH,C,2,A9304,Computer Aided Engineering Graphics,78.57,33,42,sem2_attendance,ATT_S2_25881A66F1_A9304CAEG,STU_25881A66F1,SUB_2_A9304
25881A66F1,BASAVESHA HIREMATH,C,2,A9022,Product Design and Development,87.5,42,48,sem2_attendance,ATT_S2_25881A66F1_A9022PDD,STU_25881A66F1,SUB_2_A9022
25881A66F2,SARDARNI JASMEET KAUR,C,2,A9002,Ordinary Differential Equations and Vector Calculus,73.33,55,75,sem2_attendance,ATT_S2_25881A66F2_A9002ODECV,STU_25881A66F2,SUB_2_A9002
25881A66F2,SARDARNI JASMEET KAUR,C,2,A9009,Engineering Chemistry,81.36,48,59,sem2_attendance,ATT_S2_25881A66F2_A9009EC,STU_25881A66F2,SUB_2_A9009
25881A66F2,SARDARNI JASMEET KAUR,C,2,A9011,English for Skills Enhancement,77.55,38,49,sem2_attendance,ATT_S2_25881A66F2_A9011ESE,STU_25881A66F2,SUB_2_A9011
25881A66F2,SARDARNI JASMEET KAUR,C,2,A9503,Data Structures,69.35,43,62,sem2_attendance,ATT_S2_25881A66F2_A9503DS,STU_25881A66F2,SUB_2_A9503
25881A66F2,SARDARNI JASMEET KAUR,C,2,A9402,Digital Electronics,85.25,52,61,sem2_attendance,ATT_S2_25881A66F2_A9402DE,STU_25881A66F2,SUB_2_A9402
25881A66F2,SARDARNI JASMEET KAUR,C,2,A9010,Engineering Chemistry Laboratory,86.67,39,45,sem2_attendance,ATT_S2_25881A66F2_A9010ECL,STU_25881A66F2,SUB_2_A9010
25881A66F2,SARDARNI JASMEET KAUR,C,2,A9012,English Language and Communication Skills Laboratory,86.67,39,45,sem2_attendance,ATT_S2_25881A66F2_A9012ESEL,STU_25881A66F2,SUB_2_A9012
25881A66F2,SARDARNI JASMEET KAUR,C,2,A9504,Data Structures Laboratory,86.21,25,29,sem2_attendance,ATT_S2_25881A66F2_A9504DSL,STU_25881A66F2,SUB_2_A9504
25881A66F2,SARDARNI JASMEET KAUR,C,2,A9304,Computer Aided Engineering Graphics,64.29,27,42,sem2_attendance,ATT_S2_25881A66F2_A9304CAEG,STU_25881A66F2,SUB_2_A9304
25881A66F2,SARDARNI JASMEET KAUR,C,2,A9022,Product Design and Development,87.5,42,48,sem2_attendance,ATT_S2_25881A66F2_A9022PDD,STU_25881A66F2,SUB_2_A9022
25881A66F3,PALLEMPATI JATHIN,C,2,A9002,Ordinary Differential Equations and Vector Calculus,77.33,58,75,sem2_attendance,ATT_S2_25881A66F3_A9002ODECV,STU_25881A66F3,SUB_2_A9002
25881A66F3,PALLEMPATI JATHIN,C,2,A9009,Engineering Chemistry,83.05,49,59,sem2_attendance,ATT_S2_25881A66F3_A9009EC,STU_25881A66F3,SUB_2_A9009
25881A66F3,PALLEMPATI JATHIN,C,2,A9011,English for Skills Enhancement,71.43,35,49,sem2_attendance,ATT_S2_25881A66F3_A9011ESE,STU_25881A66F3,SUB_2_A9011
25881A66F3,PALLEMPATI JATHIN,C,2,A9503,Data Structures,77.42,48,62,sem2_attendance,ATT_S2_25881A66F3_A9503DS,STU_25881A66F3,SUB_2_A9503
25881A66F3,PALLEMPATI JATHIN,C,2,A9402,Digital Electronics,86.89,53,61,sem2_attendance,ATT_S2_25881A66F3_A9402DE,STU_25881A66F3,SUB_2_A9402
25881A66F3,PALLEMPATI JATHIN,C,2,A9010,Engineering Chemistry Laboratory,86.67,39,45,sem2_attendance,ATT_S2_25881A66F3_A9010ECL,STU_25881A66F3,SUB_2_A9010
25881A66F3,PALLEMPATI JATHIN,C,2,A9012,English Language and Communication Skills Laboratory,93.33,42,45,sem2_attendance,ATT_S2_25881A66F3_A9012ESEL,STU_25881A66F3,SUB_2_A9012
25881A66F3,PALLEMPATI JATHIN,C,2,A9504,Data Structures Laboratory,93.1,27,29,sem2_attendance,ATT_S2_25881A66F3_A9504DSL,STU_25881A66F3,SUB_2_A9504
25881A66F3,PALLEMPATI JATHIN,C,2,A9304,Computer Aided Engineering Graphics,92.86,39,42,sem2_attendance,ATT_S2_25881A66F3_A9304CAEG,STU_25881A66F3,SUB_2_A9304
25881A66F3,PALLEMPATI JATHIN,C,2,A9022,Product Design and Development,93.75,45,48,sem2_attendance,ATT_S2_25881A66F3_A9022PDD,STU_25881A66F3,SUB_2_A9022
25881A66F4,JARUGUMALLI JOY BENJMEN,C,2,A9002,Ordinary Differential Equations and Vector Calculus,62.67,47,75,sem2_attendance,ATT_S2_25881A66F4_A9002ODECV,STU_25881A66F4,SUB_2_A9002
25881A66F4,JARUGUMALLI JOY BENJMEN,C,2,A9009,Engineering Chemistry,69.49,41,59,sem2_attendance,ATT_S2_25881A66F4_A9009EC,STU_25881A66F4,SUB_2_A9009
25881A66F4,JARUGUMALLI JOY BENJMEN,C,2,A9011,English for Skills Enhancement,69.39,34,49,sem2_attendance,ATT_S2_25881A66F4_A9011ESE,STU_25881A66F4,SUB_2_A9011
25881A66F4,JARUGUMALLI JOY BENJMEN,C,2,A9503,Data Structures,58.06,36,62,sem2_attendance,ATT_S2_25881A66F4_A9503DS,STU_25881A66F4,SUB_2_A9503
25881A66F4,JARUGUMALLI JOY BENJMEN,C,2,A9402,Digital Electronics,72.13,44,61,sem2_attendance,ATT_S2_25881A66F4_A9402DE,STU_25881A66F4,SUB_2_A9402
25881A66F4,JARUGUMALLI JOY BENJMEN,C,2,A9010,Engineering Chemistry Laboratory,73.33,33,45,sem2_attendance,ATT_S2_25881A66F4_A9010ECL,STU_25881A66F4,SUB_2_A9010
25881A66F4,JARUGUMALLI JOY BENJMEN,C,2,A9012,English Language and Communication Skills Laboratory,68.89,31,45,sem2_attendance,ATT_S2_25881A66F4_A9012ESEL,STU_25881A66F4,SUB_2_A9012
25881A66F4,JARUGUMALLI JOY BENJMEN,C,2,A9504,Data Structures Laboratory,51.72,15,29,sem2_attendance,ATT_S2_25881A66F4_A9504DSL,STU_25881A66F4,SUB_2_A9504
25881A66F4,JARUGUMALLI JOY BENJMEN,C,2,A9304,Computer Aided Engineering Graphics,50.0,21,42,sem2_attendance,ATT_S2_25881A66F4_A9304CAEG,STU_25881A66F4,SUB_2_A9304
25881A66F4,JARUGUMALLI JOY BENJMEN,C,2,A9022,Product Design and Development,87.5,42,48,sem2_attendance,ATT_S2_25881A66F4_A9022PDD,STU_25881A66F4,SUB_2_A9022
25881A66F5,CHILAKALA KARTHIKEYA,C,2,A9002,Ordinary Differential Equations and Vector Calculus,64.0,48,75,sem2_attendance,ATT_S2_25881A66F5_A9002ODECV,STU_25881A66F5,SUB_2_A9002
25881A66F5,CHILAKALA KARTHIKEYA,C,2,A9009,Engineering Chemistry,61.02,36,59,sem2_attendance,ATT_S2_25881A66F5_A9009EC,STU_25881A66F5,SUB_2_A9009
25881A66F5,CHILAKALA KARTHIKEYA,C,2,A9011,English for Skills Enhancement,67.35,33,49,sem2_attendance,ATT_S2_25881A66F5_A9011ESE,STU_25881A66F5,SUB_2_A9011
25881A66F5,CHILAKALA KARTHIKEYA,C,2,A9503,Data Structures,64.52,40,62,sem2_attendance,ATT_S2_25881A66F5_A9503DS,STU_25881A66F5,SUB_2_A9503
25881A66F5,CHILAKALA KARTHIKEYA,C,2,A9402,Digital Electronics,68.85,42,61,sem2_attendance,ATT_S2_25881A66F5_A9402DE,STU_25881A66F5,SUB_2_A9402
25881A66F5,CHILAKALA KARTHIKEYA,C,2,A9010,Engineering Chemistry Laboratory,53.33,24,45,sem2_attendance,ATT_S2_25881A66F5_A9010ECL,STU_25881A66F5,SUB_2_A9010
25881A66F5,CHILAKALA KARTHIKEYA,C,2,A9012,English Language and Communication Skills Laboratory,66.67,30,45,sem2_attendance,ATT_S2_25881A66F5_A9012ESEL,STU_25881A66F5,SUB_2_A9012
25881A66F5,CHILAKALA KARTHIKEYA,C,2,A9504,Data Structures Laboratory,72.41,21,29,sem2_attendance,ATT_S2_25881A66F5_A9504DSL,STU_25881A66F5,SUB_2_A9504
25881A66F5,CHILAKALA KARTHIKEYA,C,2,A9304,Computer Aided Engineering Graphics,57.14,24,42,sem2_attendance,ATT_S2_25881A66F5_A9304CAEG,STU_25881A66F5,SUB_2_A9304
25881A66F5,CHILAKALA KARTHIKEYA,C,2,A9022,Product Design and Development,81.25,39,48,sem2_attendance,ATT_S2_25881A66F5_A9022PDD,STU_25881A66F5,SUB_2_A9022
25881A66F6,BALIJA MADHUSHALINI,C,2,A9002,Ordinary Differential Equations and Vector Calculus,80.0,60,75,sem2_attendance,ATT_S2_25881A66F6_A9002ODECV,STU_25881A66F6,SUB_2_A9002
25881A66F6,BALIJA MADHUSHALINI,C,2,A9009,Engineering Chemistry,89.83,53,59,sem2_attendance,ATT_S2_25881A66F6_A9009EC,STU_25881A66F6,SUB_2_A9009
25881A66F6,BALIJA MADHUSHALINI,C,2,A9011,English for Skills Enhancement,77.55,38,49,sem2_attendance,ATT_S2_25881A66F6_A9011ESE,STU_25881A66F6,SUB_2_A9011
25881A66F6,BALIJA MADHUSHALINI,C,2,A9503,Data Structures,80.65,50,62,sem2_attendance,ATT_S2_25881A66F6_A9503DS,STU_25881A66F6,SUB_2_A9503
25881A66F6,BALIJA MADHUSHALINI,C,2,A9402,Digital Electronics,88.52,54,61,sem2_attendance,ATT_S2_25881A66F6_A9402DE,STU_25881A66F6,SUB_2_A9402
25881A66F6,BALIJA MADHUSHALINI,C,2,A9010,Engineering Chemistry Laboratory,86.67,39,45,sem2_attendance,ATT_S2_25881A66F6_A9010ECL,STU_25881A66F6,SUB_2_A9010
25881A66F6,BALIJA MADHUSHALINI,C,2,A9012,English Language and Communication Skills Laboratory,80.0,36,45,sem2_attendance,ATT_S2_25881A66F6_A9012ESEL,STU_25881A66F6,SUB_2_A9012
25881A66F6,BALIJA MADHUSHALINI,C,2,A9504,Data Structures Laboratory,79.31,23,29,sem2_attendance,ATT_S2_25881A66F6_A9504DSL,STU_25881A66F6,SUB_2_A9504
25881A66F6,BALIJA MADHUSHALINI,C,2,A9304,Computer Aided Engineering Graphics,85.71,36,42,sem2_attendance,ATT_S2_25881A66F6_A9304CAEG,STU_25881A66F6,SUB_2_A9304
25881A66F6,BALIJA MADHUSHALINI,C,2,A9022,Product Design and Development,81.25,39,48,sem2_attendance,ATT_S2_25881A66F6_A9022PDD,STU_25881A66F6,SUB_2_A9022
25881A66F7,DEBOJIT MAJUMDAR,C,2,A9002,Ordinary Differential Equations and Vector Calculus,73.33,55,75,sem2_attendance,ATT_S2_25881A66F7_A9002ODECV,STU_25881A66F7,SUB_2_A9002
25881A66F7,DEBOJIT MAJUMDAR,C,2,A9009,Engineering Chemistry,77.97,46,59,sem2_attendance,ATT_S2_25881A66F7_A9009EC,STU_25881A66F7,SUB_2_A9009
25881A66F7,DEBOJIT MAJUMDAR,C,2,A9011,English for Skills Enhancement,77.55,38,49,sem2_attendance,ATT_S2_25881A66F7_A9011ESE,STU_25881A66F7,SUB_2_A9011
25881A66F7,DEBOJIT MAJUMDAR,C,2,A9503,Data Structures,69.35,43,62,sem2_attendance,ATT_S2_25881A66F7_A9503DS,STU_25881A66F7,SUB_2_A9503
25881A66F7,DEBOJIT MAJUMDAR,C,2,A9402,Digital Electronics,83.61,51,61,sem2_attendance,ATT_S2_25881A66F7_A9402DE,STU_25881A66F7,SUB_2_A9402
25881A66F7,DEBOJIT MAJUMDAR,C,2,A9010,Engineering Chemistry Laboratory,80.0,36,45,sem2_attendance,ATT_S2_25881A66F7_A9010ECL,STU_25881A66F7,SUB_2_A9010
25881A66F7,DEBOJIT MAJUMDAR,C,2,A9012,English Language and Communication Skills Laboratory,86.67,39,45,sem2_attendance,ATT_S2_25881A66F7_A9012ESEL,STU_25881A66F7,SUB_2_A9012
25881A66F7,DEBOJIT MAJUMDAR,C,2,A9504,Data Structures Laboratory,65.52,19,29,sem2_attendance,ATT_S2_25881A66F7_A9504DSL,STU_25881A66F7,SUB_2_A9504
25881A66F7,DEBOJIT MAJUMDAR,C,2,A9304,Computer Aided Engineering Graphics,64.29,27,42,sem2_attendance,ATT_S2_25881A66F7_A9304CAEG,STU_25881A66F7,SUB_2_A9304
25881A66F7,DEBOJIT MAJUMDAR,C,2,A9022,Product Design and Development,87.5,42,48,sem2_attendance,ATT_S2_25881A66F7_A9022PDD,STU_25881A66F7,SUB_2_A9022
25881A66F8,BADUGU MANIVARSHITH,C,2,A9002,Ordinary Differential Equations and Vector Calculus,76.0,57,75,sem2_attendance,ATT_S2_25881A66F8_A9002ODECV,STU_25881A66F8,SUB_2_A9002
25881A66F8,BADUGU MANIVARSHITH,C,2,A9009,Engineering Chemistry,86.44,51,59,sem2_attendance,ATT_S2_25881A66F8_A9009EC,STU_25881A66F8,SUB_2_A9009
25881A66F8,BADUGU MANIVARSHITH,C,2,A9011,English for Skills Enhancement,75.51,37,49,sem2_attendance,ATT_S2_25881A66F8_A9011ESE,STU_25881A66F8,SUB_2_A9011
25881A66F8,BADUGU MANIVARSHITH,C,2,A9503,Data Structures,70.97,44,62,sem2_attendance,ATT_S2_25881A66F8_A9503DS,STU_25881A66F8,SUB_2_A9503
25881A66F8,BADUGU MANIVARSHITH,C,2,A9402,Digital Electronics,85.25,52,61,sem2_attendance,ATT_S2_25881A66F8_A9402DE,STU_25881A66F8,SUB_2_A9402
25881A66F8,BADUGU MANIVARSHITH,C,2,A9010,Engineering Chemistry Laboratory,93.33,42,45,sem2_attendance,ATT_S2_25881A66F8_A9010ECL,STU_25881A66F8,SUB_2_A9010
25881A66F8,BADUGU MANIVARSHITH,C,2,A9012,English Language and Communication Skills Laboratory,53.33,24,45,sem2_attendance,ATT_S2_25881A66F8_A9012ESEL,STU_25881A66F8,SUB_2_A9012
25881A66F8,BADUGU MANIVARSHITH,C,2,A9504,Data Structures Laboratory,79.31,23,29,sem2_attendance,ATT_S2_25881A66F8_A9504DSL,STU_25881A66F8,SUB_2_A9504
25881A66F8,BADUGU MANIVARSHITH,C,2,A9304,Computer Aided Engineering Graphics,71.43,30,42,sem2_attendance,ATT_S2_25881A66F8_A9304CAEG,STU_25881A66F8,SUB_2_A9304
25881A66F8,BADUGU MANIVARSHITH,C,2,A9022,Product Design and Development,87.5,42,48,sem2_attendance,ATT_S2_25881A66F8_A9022PDD,STU_25881A66F8,SUB_2_A9022
25881A66F9,MANCHINILLA MANOJ,C,2,A9002,Ordinary Differential Equations and Vector Calculus,69.33,52,75,sem2_attendance,ATT_S2_25881A66F9_A9002ODECV,STU_25881A66F9,SUB_2_A9002
25881A66F9,MANCHINILLA MANOJ,C,2,A9009,Engineering Chemistry,71.19,42,59,sem2_attendance,ATT_S2_25881A66F9_A9009EC,STU_25881A66F9,SUB_2_A9009
25881A66F9,MANCHINILLA MANOJ,C,2,A9011,English for Skills Enhancement,69.39,34,49,sem2_attendance,ATT_S2_25881A66F9_A9011ESE,STU_25881A66F9,SUB_2_A9011
25881A66F9,MANCHINILLA MANOJ,C,2,A9503,Data Structures,61.29,38,62,sem2_attendance,ATT_S2_25881A66F9_A9503DS,STU_25881A66F9,SUB_2_A9503
25881A66F9,MANCHINILLA MANOJ,C,2,A9402,Digital Electronics,80.33,49,61,sem2_attendance,ATT_S2_25881A66F9_A9402DE,STU_25881A66F9,SUB_2_A9402
25881A66F9,MANCHINILLA MANOJ,C,2,A9010,Engineering Chemistry Laboratory,88.89,40,45,sem2_attendance,ATT_S2_25881A66F9_A9010ECL,STU_25881A66F9,SUB_2_A9010
25881A66F9,MANCHINILLA MANOJ,C,2,A9012,English Language and Communication Skills Laboratory,80.0,36,45,sem2_attendance,ATT_S2_25881A66F9_A9012ESEL,STU_25881A66F9,SUB_2_A9012
25881A66F9,MANCHINILLA MANOJ,C,2,A9504,Data Structures Laboratory,86.21,25,29,sem2_attendance,ATT_S2_25881A66F9_A9504DSL,STU_25881A66F9,SUB_2_A9504
25881A66F9,MANCHINILLA MANOJ,C,2,A9304,Computer Aided Engineering Graphics,71.43,30,42,sem2_attendance,ATT_S2_25881A66F9_A9304CAEG,STU_25881A66F9,SUB_2_A9304
25881A66F9,MANCHINILLA MANOJ,C,2,A9022,Product Design and Development,93.75,45,48,sem2_attendance,ATT_S2_25881A66F9_A9022PDD,STU_25881A66F9,SUB_2_A9022
25881A66G0,BACHALWAD MARUTHI,C,2,A9002,Ordinary Differential Equations and Vector Calculus,88.0,66,75,sem2_attendance,ATT_S2_25881A66G0_A9002ODECV,STU_25881A66G0,SUB_2_A9002
25881A66G0,BACHALWAD MARUTHI,C,2,A9009,Engineering Chemistry,88.14,52,59,sem2_attendance,ATT_S2_25881A66G0_A9009EC,STU_25881A66G0,SUB_2_A9009
25881A66G0,BACHALWAD MARUTHI,C,2,A9011,English for Skills Enhancement,87.76,43,49,sem2_attendance,ATT_S2_25881A66G0_A9011ESE,STU_25881A66G0,SUB_2_A9011
25881A66G0,BACHALWAD MARUTHI,C,2,A9503,Data Structures,83.87,52,62,sem2_attendance,ATT_S2_25881A66G0_A9503DS,STU_25881A66G0,SUB_2_A9503
25881A66G0,BACHALWAD MARUTHI,C,2,A9402,Digital Electronics,93.44,57,61,sem2_attendance,ATT_S2_25881A66G0_A9402DE,STU_25881A66G0,SUB_2_A9402
25881A66G0,BACHALWAD MARUTHI,C,2,A9010,Engineering Chemistry Laboratory,86.67,39,45,sem2_attendance,ATT_S2_25881A66G0_A9010ECL,STU_25881A66G0,SUB_2_A9010
25881A66G0,BACHALWAD MARUTHI,C,2,A9012,English Language and Communication Skills Laboratory,93.33,42,45,sem2_attendance,ATT_S2_25881A66G0_A9012ESEL,STU_25881A66G0,SUB_2_A9012
25881A66G0,BACHALWAD MARUTHI,C,2,A9504,Data Structures Laboratory,93.1,27,29,sem2_attendance,ATT_S2_25881A66G0_A9504DSL,STU_25881A66G0,SUB_2_A9504
25881A66G0,BACHALWAD MARUTHI,C,2,A9304,Computer Aided Engineering Graphics,92.86,39,42,sem2_attendance,ATT_S2_25881A66G0_A9304CAEG,STU_25881A66G0,SUB_2_A9304
25881A66G0,BACHALWAD MARUTHI,C,2,A9022,Product Design and Development,87.5,42,48,sem2_attendance,ATT_S2_25881A66G0_A9022PDD,STU_25881A66G0,SUB_2_A9022
25881A66G1,ERUVA MOHITH,C,2,A9002,Ordinary Differential Equations and Vector Calculus,82.67,62,75,sem2_attendance,ATT_S2_25881A66G1_A9002ODECV,STU_25881A66G1,SUB_2_A9002
25881A66G1,ERUVA MOHITH,C,2,A9009,Engineering Chemistry,84.75,50,59,sem2_attendance,ATT_S2_25881A66G1_A9009EC,STU_25881A66G1,SUB_2_A9009
25881A66G1,ERUVA MOHITH,C,2,A9011,English for Skills Enhancement,81.63,40,49,sem2_attendance,ATT_S2_25881A66G1_A9011ESE,STU_25881A66G1,SUB_2_A9011
25881A66G1,ERUVA MOHITH,C,2,A9503,Data Structures,77.42,48,62,sem2_attendance,ATT_S2_25881A66G1_A9503DS,STU_25881A66G1,SUB_2_A9503
25881A66G1,ERUVA MOHITH,C,2,A9402,Digital Electronics,90.16,55,61,sem2_attendance,ATT_S2_25881A66G1_A9402DE,STU_25881A66G1,SUB_2_A9402
25881A66G1,ERUVA MOHITH,C,2,A9010,Engineering Chemistry Laboratory,100.0,45,45,sem2_attendance,ATT_S2_25881A66G1_A9010ECL,STU_25881A66G1,SUB_2_A9010
25881A66G1,ERUVA MOHITH,C,2,A9012,English Language and Communication Skills Laboratory,86.67,39,45,sem2_attendance,ATT_S2_25881A66G1_A9012ESEL,STU_25881A66G1,SUB_2_A9012
25881A66G1,ERUVA MOHITH,C,2,A9504,Data Structures Laboratory,93.1,27,29,sem2_attendance,ATT_S2_25881A66G1_A9504DSL,STU_25881A66G1,SUB_2_A9504
25881A66G1,ERUVA MOHITH,C,2,A9304,Computer Aided Engineering Graphics,92.86,39,42,sem2_attendance,ATT_S2_25881A66G1_A9304CAEG,STU_25881A66G1,SUB_2_A9304
25881A66G1,ERUVA MOHITH,C,2,A9022,Product Design and Development,93.75,45,48,sem2_attendance,ATT_S2_25881A66G1_A9022PDD,STU_25881A66G1,SUB_2_A9022
25881A66G2,MUHAMMAD MUSTAFA,C,2,A9002,Ordinary Differential Equations and Vector Calculus,72.0,54,75,sem2_attendance,ATT_S2_25881A66G2_A9002ODECV,STU_25881A66G2,SUB_2_A9002
25881A66G2,MUHAMMAD MUSTAFA,C,2,A9009,Engineering Chemistry,83.05,49,59,sem2_attendance,ATT_S2_25881A66G2_A9009EC,STU_25881A66G2,SUB_2_A9009
25881A66G2,MUHAMMAD MUSTAFA,C,2,A9011,English for Skills Enhancement,73.47,36,49,sem2_attendance,ATT_S2_25881A66G2_A9011ESE,STU_25881A66G2,SUB_2_A9011
25881A66G2,MUHAMMAD MUSTAFA,C,2,A9503,Data Structures,64.52,40,62,sem2_attendance,ATT_S2_25881A66G2_A9503DS,STU_25881A66G2,SUB_2_A9503
25881A66G2,MUHAMMAD MUSTAFA,C,2,A9402,Digital Electronics,81.97,50,61,sem2_attendance,ATT_S2_25881A66G2_A9402DE,STU_25881A66G2,SUB_2_A9402
25881A66G2,MUHAMMAD MUSTAFA,C,2,A9010,Engineering Chemistry Laboratory,80.0,36,45,sem2_attendance,ATT_S2_25881A66G2_A9010ECL,STU_25881A66G2,SUB_2_A9010
25881A66G2,MUHAMMAD MUSTAFA,C,2,A9012,English Language and Communication Skills Laboratory,75.0,36,48,sem2_attendance,ATT_S2_25881A66G2_A9012ESEL,STU_25881A66G2,SUB_2_A9012
25881A66G2,MUHAMMAD MUSTAFA,C,2,A9504,Data Structures Laboratory,86.21,25,29,sem2_attendance,ATT_S2_25881A66G2_A9504DSL,STU_25881A66G2,SUB_2_A9504
25881A66G2,MUHAMMAD MUSTAFA,C,2,A9304,Computer Aided Engineering Graphics,84.62,44,52,sem2_attendance,ATT_S2_25881A66G2_A9304CAEG,STU_25881A66G2,SUB_2_A9304
25881A66G2,MUHAMMAD MUSTAFA,C,2,A9022,Product Design and Development,100.0,42,42,sem2_attendance,ATT_S2_25881A66G2_A9022PDD,STU_25881A66G2,SUB_2_A9022
25881A66G3,MALINENI NAGA TEJA SRI,C,2,A9002,Ordinary Differential Equations and Vector Calculus,84.0,63,75,sem2_attendance,ATT_S2_25881A66G3_A9002ODECV,STU_25881A66G3,SUB_2_A9002
25881A66G3,MALINENI NAGA TEJA SRI,C,2,A9009,Engineering Chemistry,66.1,39,59,sem2_attendance,ATT_S2_25881A66G3_A9009EC,STU_25881A66G3,SUB_2_A9009
25881A66G3,MALINENI NAGA TEJA SRI,C,2,A9011,English for Skills Enhancement,73.47,36,49,sem2_attendance,ATT_S2_25881A66G3_A9011ESE,STU_25881A66G3,SUB_2_A9011
25881A66G3,MALINENI NAGA TEJA SRI,C,2,A9503,Data Structures,72.58,45,62,sem2_attendance,ATT_S2_25881A66G3_A9503DS,STU_25881A66G3,SUB_2_A9503
25881A66G3,MALINENI NAGA TEJA SRI,C,2,A9402,Digital Electronics,86.89,53,61,sem2_attendance,ATT_S2_25881A66G3_A9402DE,STU_25881A66G3,SUB_2_A9402
25881A66G3,MALINENI NAGA TEJA SRI,C,2,A9010,Engineering Chemistry Laboratory,86.67,39,45,sem2_attendance,ATT_S2_25881A66G3_A9010ECL,STU_25881A66G3,SUB_2_A9010
25881A66G3,MALINENI NAGA TEJA SRI,C,2,A9012,English Language and Communication Skills Laboratory,75.0,36,48,sem2_attendance,ATT_S2_25881A66G3_A9012ESEL,STU_25881A66G3,SUB_2_A9012
25881A66G3,MALINENI NAGA TEJA SRI,C,2,A9504,Data Structures Laboratory,51.72,15,29,sem2_attendance,ATT_S2_25881A66G3_A9504DSL,STU_25881A66G3,SUB_2_A9504
25881A66G3,MALINENI NAGA TEJA SRI,C,2,A9304,Computer Aided Engineering Graphics,63.46,33,52,sem2_attendance,ATT_S2_25881A66G3_A9304CAEG,STU_25881A66G3,SUB_2_A9304
25881A66G3,MALINENI NAGA TEJA SRI,C,2,A9022,Product Design and Development,100.0,42,42,sem2_attendance,ATT_S2_25881A66G3_A9022PDD,STU_25881A66G3,SUB_2_A9022
25881A66G4,MEDIPELLI NANDHINI,C,2,A9002,Ordinary Differential Equations and Vector Calculus,81.33,61,75,sem2_attendance,ATT_S2_25881A66G4_A9002ODECV,STU_25881A66G4,SUB_2_A9002
25881A66G4,MEDIPELLI NANDHINI,C,2,A9009,Engineering Chemistry,89.83,53,59,sem2_attendance,ATT_S2_25881A66G4_A9009EC,STU_25881A66G4,SUB_2_A9009
25881A66G4,MEDIPELLI NANDHINI,C,2,A9011,English for Skills Enhancement,83.67,41,49,sem2_attendance,ATT_S2_25881A66G4_A9011ESE,STU_25881A66G4,SUB_2_A9011
25881A66G4,MEDIPELLI NANDHINI,C,2,A9503,Data Structures,75.81,47,62,sem2_attendance,ATT_S2_25881A66G4_A9503DS,STU_25881A66G4,SUB_2_A9503
25881A66G4,MEDIPELLI NANDHINI,C,2,A9402,Digital Electronics,88.52,54,61,sem2_attendance,ATT_S2_25881A66G4_A9402DE,STU_25881A66G4,SUB_2_A9402
25881A66G4,MEDIPELLI NANDHINI,C,2,A9010,Engineering Chemistry Laboratory,93.33,42,45,sem2_attendance,ATT_S2_25881A66G4_A9010ECL,STU_25881A66G4,SUB_2_A9010
25881A66G4,MEDIPELLI NANDHINI,C,2,A9012,English Language and Communication Skills Laboratory,87.5,42,48,sem2_attendance,ATT_S2_25881A66G4_A9012ESEL,STU_25881A66G4,SUB_2_A9012
25881A66G4,MEDIPELLI NANDHINI,C,2,A9504,Data Structures Laboratory,93.1,27,29,sem2_attendance,ATT_S2_25881A66G4_A9504DSL,STU_25881A66G4,SUB_2_A9504
25881A66G4,MEDIPELLI NANDHINI,C,2,A9304,Computer Aided Engineering Graphics,92.31,48,52,sem2_attendance,ATT_S2_25881A66G4_A9304CAEG,STU_25881A66G4,SUB_2_A9304
25881A66G4,MEDIPELLI NANDHINI,C,2,A9022,Product Design and Development,92.86,39,42,sem2_attendance,ATT_S2_25881A66G4_A9022PDD,STU_25881A66G4,SUB_2_A9022
25881A66G5,PALADI NITEESH,C,2,A9002,Ordinary Differential Equations and Vector Calculus,65.33,49,75,sem2_attendance,ATT_S2_25881A66G5_A9002ODECV,STU_25881A66G5,SUB_2_A9002
25881A66G5,PALADI NITEESH,C,2,A9009,Engineering Chemistry,74.58,44,59,sem2_attendance,ATT_S2_25881A66G5_A9009EC,STU_25881A66G5,SUB_2_A9009
25881A66G5,PALADI NITEESH,C,2,A9011,English for Skills Enhancement,63.27,31,49,sem2_attendance,ATT_S2_25881A66G5_A9011ESE,STU_25881A66G5,SUB_2_A9011
25881A66G5,PALADI NITEESH,C,2,A9503,Data Structures,59.68,37,62,sem2_attendance,ATT_S2_25881A66G5_A9503DS,STU_25881A66G5,SUB_2_A9503
25881A66G5,PALADI NITEESH,C,2,A9402,Digital Electronics,75.41,46,61,sem2_attendance,ATT_S2_25881A66G5_A9402DE,STU_25881A66G5,SUB_2_A9402
25881A66G5,PALADI NITEESH,C,2,A9010,Engineering Chemistry Laboratory,93.33,42,45,sem2_attendance,ATT_S2_25881A66G5_A9010ECL,STU_25881A66G5,SUB_2_A9010
25881A66G5,PALADI NITEESH,C,2,A9012,English Language and Communication Skills Laboratory,64.58,31,48,sem2_attendance,ATT_S2_25881A66G5_A9012ESEL,STU_25881A66G5,SUB_2_A9012
25881A66G5,PALADI NITEESH,C,2,A9504,Data Structures Laboratory,72.41,21,29,sem2_attendance,ATT_S2_25881A66G5_A9504DSL,STU_25881A66G5,SUB_2_A9504
25881A66G5,PALADI NITEESH,C,2,A9304,Computer Aided Engineering Graphics,67.31,35,52,sem2_attendance,ATT_S2_25881A66G5_A9304CAEG,STU_25881A66G5,SUB_2_A9304
25881A66G5,PALADI NITEESH,C,2,A9022,Product Design and Development,92.86,39,42,sem2_attendance,ATT_S2_25881A66G5_A9022PDD,STU_25881A66G5,SUB_2_A9022
25881A66G6,RACHAKONDA POOJITHA,C,2,A9002,Ordinary Differential Equations and Vector Calculus,77.33,58,75,sem2_attendance,ATT_S2_25881A66G6_A9002ODECV,STU_25881A66G6,SUB_2_A9002
25881A66G6,RACHAKONDA POOJITHA,C,2,A9009,Engineering Chemistry,74.58,44,59,sem2_attendance,ATT_S2_25881A66G6_A9009EC,STU_25881A66G6,SUB_2_A9009
25881A66G6,RACHAKONDA POOJITHA,C,2,A9011,English for Skills Enhancement,79.59,39,49,sem2_attendance,ATT_S2_25881A66G6_A9011ESE,STU_25881A66G6,SUB_2_A9011
25881A66G6,RACHAKONDA POOJITHA,C,2,A9503,Data Structures,72.58,45,62,sem2_attendance,ATT_S2_25881A66G6_A9503DS,STU_25881A66G6,SUB_2_A9503
25881A66G6,RACHAKONDA POOJITHA,C,2,A9402,Digital Electronics,81.97,50,61,sem2_attendance,ATT_S2_25881A66G6_A9402DE,STU_25881A66G6,SUB_2_A9402
25881A66G6,RACHAKONDA POOJITHA,C,2,A9010,Engineering Chemistry Laboratory,80.0,36,45,sem2_attendance,ATT_S2_25881A66G6_A9010ECL,STU_25881A66G6,SUB_2_A9010
25881A66G6,RACHAKONDA POOJITHA,C,2,A9012,English Language and Communication Skills Laboratory,64.58,31,48,sem2_attendance,ATT_S2_25881A66G6_A9012ESEL,STU_25881A66G6,SUB_2_A9012
25881A66G6,RACHAKONDA POOJITHA,C,2,A9504,Data Structures Laboratory,89.66,26,29,sem2_attendance,ATT_S2_25881A66G6_A9504DSL,STU_25881A66G6,SUB_2_A9504
25881A66G6,RACHAKONDA POOJITHA,C,2,A9304,Computer Aided Engineering Graphics,80.77,42,52,sem2_attendance,ATT_S2_25881A66G6_A9304CAEG,STU_25881A66G6,SUB_2_A9304
25881A66G6,RACHAKONDA POOJITHA,C,2,A9022,Product Design and Development,92.86,39,42,sem2_attendance,ATT_S2_25881A66G6_A9022PDD,STU_25881A66G6,SUB_2_A9022
25881A66G7,MADAKA PRANATHI LASYA,C,2,A9002,Ordinary Differential Equations and Vector Calculus,57.33,43,75,sem2_attendance,ATT_S2_25881A66G7_A9002ODECV,STU_25881A66G7,SUB_2_A9002
25881A66G7,MADAKA PRANATHI LASYA,C,2,A9009,Engineering Chemistry,69.49,41,59,sem2_attendance,ATT_S2_25881A66G7_A9009EC,STU_25881A66G7,SUB_2_A9009
25881A66G7,MADAKA PRANATHI LASYA,C,2,A9011,English for Skills Enhancement,63.27,31,49,sem2_attendance,ATT_S2_25881A66G7_A9011ESE,STU_25881A66G7,SUB_2_A9011
25881A66G7,MADAKA PRANATHI LASYA,C,2,A9503,Data Structures,51.61,32,62,sem2_attendance,ATT_S2_25881A66G7_A9503DS,STU_25881A66G7,SUB_2_A9503
25881A66G7,MADAKA PRANATHI LASYA,C,2,A9402,Digital Electronics,73.77,45,61,sem2_attendance,ATT_S2_25881A66G7_A9402DE,STU_25881A66G7,SUB_2_A9402
25881A66G7,MADAKA PRANATHI LASYA,C,2,A9010,Engineering Chemistry Laboratory,66.67,30,45,sem2_attendance,ATT_S2_25881A66G7_A9010ECL,STU_25881A66G7,SUB_2_A9010
25881A66G7,MADAKA PRANATHI LASYA,C,2,A9012,English Language and Communication Skills Laboratory,81.25,39,48,sem2_attendance,ATT_S2_25881A66G7_A9012ESEL,STU_25881A66G7,SUB_2_A9012
25881A66G7,MADAKA PRANATHI LASYA,C,2,A9504,Data Structures Laboratory,65.52,19,29,sem2_attendance,ATT_S2_25881A66G7_A9504DSL,STU_25881A66G7,SUB_2_A9504
25881A66G7,MADAKA PRANATHI LASYA,C,2,A9304,Computer Aided Engineering Graphics,67.31,35,52,sem2_attendance,ATT_S2_25881A66G7_A9304CAEG,STU_25881A66G7,SUB_2_A9304
25881A66G7,MADAKA PRANATHI LASYA,C,2,A9022,Product Design and Development,78.57,33,42,sem2_attendance,ATT_S2_25881A66G7_A9022PDD,STU_25881A66G7,SUB_2_A9022
25881A66G8,PULLURI RAGHU CHARAN,C,2,A9002,Ordinary Differential Equations and Vector Calculus,78.67,59,75,sem2_attendance,ATT_S2_25881A66G8_A9002ODECV,STU_25881A66G8,SUB_2_A9002
25881A66G8,PULLURI RAGHU CHARAN,C,2,A9009,Engineering Chemistry,83.05,49,59,sem2_attendance,ATT_S2_25881A66G8_A9009EC,STU_25881A66G8,SUB_2_A9009
25881A66G8,PULLURI RAGHU CHARAN,C,2,A9011,English for Skills Enhancement,67.35,33,49,sem2_attendance,ATT_S2_25881A66G8_A9011ESE,STU_25881A66G8,SUB_2_A9011
25881A66G8,PULLURI RAGHU CHARAN,C,2,A9503,Data Structures,79.03,49,62,sem2_attendance,ATT_S2_25881A66G8_A9503DS,STU_25881A66G8,SUB_2_A9503
25881A66G8,PULLURI RAGHU CHARAN,C,2,A9402,Digital Electronics,85.25,52,61,sem2_attendance,ATT_S2_25881A66G8_A9402DE,STU_25881A66G8,SUB_2_A9402
25881A66G8,PULLURI RAGHU CHARAN,C,2,A9010,Engineering Chemistry Laboratory,93.33,42,45,sem2_attendance,ATT_S2_25881A66G8_A9010ECL,STU_25881A66G8,SUB_2_A9010
25881A66G8,PULLURI RAGHU CHARAN,C,2,A9012,English Language and Communication Skills Laboratory,81.25,39,48,sem2_attendance,ATT_S2_25881A66G8_A9012ESEL,STU_25881A66G8,SUB_2_A9012
25881A66G8,PULLURI RAGHU CHARAN,C,2,A9504,Data Structures Laboratory,86.21,25,29,sem2_attendance,ATT_S2_25881A66G8_A9504DSL,STU_25881A66G8,SUB_2_A9504
25881A66G8,PULLURI RAGHU CHARAN,C,2,A9304,Computer Aided Engineering Graphics,86.54,45,52,sem2_attendance,ATT_S2_25881A66G8_A9304CAEG,STU_25881A66G8,SUB_2_A9304
25881A66G8,PULLURI RAGHU CHARAN,C,2,A9022,Product Design and Development,92.86,39,42,sem2_attendance,ATT_S2_25881A66G8_A9022PDD,STU_25881A66G8,SUB_2_A9022
25881A66G9,PADISHALA RAJEEV KUMAR,C,2,A9002,Ordinary Differential Equations and Vector Calculus,82.67,62,75,sem2_attendance,ATT_S2_25881A66G9_A9002ODECV,STU_25881A66G9,SUB_2_A9002
25881A66G9,PADISHALA RAJEEV KUMAR,C,2,A9009,Engineering Chemistry,83.05,49,59,sem2_attendance,ATT_S2_25881A66G9_A9009EC,STU_25881A66G9,SUB_2_A9009
25881A66G9,PADISHALA RAJEEV KUMAR,C,2,A9011,English for Skills Enhancement,73.47,36,49,sem2_attendance,ATT_S2_25881A66G9_A9011ESE,STU_25881A66G9,SUB_2_A9011
25881A66G9,PADISHALA RAJEEV KUMAR,C,2,A9503,Data Structures,83.87,52,62,sem2_attendance,ATT_S2_25881A66G9_A9503DS,STU_25881A66G9,SUB_2_A9503
25881A66G9,PADISHALA RAJEEV KUMAR,C,2,A9402,Digital Electronics,83.61,51,61,sem2_attendance,ATT_S2_25881A66G9_A9402DE,STU_25881A66G9,SUB_2_A9402
25881A66G9,PADISHALA RAJEEV KUMAR,C,2,A9010,Engineering Chemistry Laboratory,100.0,45,45,sem2_attendance,ATT_S2_25881A66G9_A9010ECL,STU_25881A66G9,SUB_2_A9010
25881A66G9,PADISHALA RAJEEV KUMAR,C,2,A9012,English Language and Communication Skills Laboratory,68.75,33,48,sem2_attendance,ATT_S2_25881A66G9_A9012ESEL,STU_25881A66G9,SUB_2_A9012
25881A66G9,PADISHALA RAJEEV KUMAR,C,2,A9504,Data Structures Laboratory,72.41,21,29,sem2_attendance,ATT_S2_25881A66G9_A9504DSL,STU_25881A66G9,SUB_2_A9504
25881A66G9,PADISHALA RAJEEV KUMAR,C,2,A9304,Computer Aided Engineering Graphics,84.62,44,52,sem2_attendance,ATT_S2_25881A66G9_A9304CAEG,STU_25881A66G9,SUB_2_A9304
25881A66G9,PADISHALA RAJEEV KUMAR,C,2,A9022,Product Design and Development,92.86,39,42,sem2_attendance,ATT_S2_25881A66G9_A9022PDD,STU_25881A66G9,SUB_2_A9022
25881A66H0,RANGA REDDY LAASYA,C,2,A9002,Ordinary Differential Equations and Vector Calculus,81.33,61,75,sem2_attendance,ATT_S2_25881A66H0_A9002ODECV,STU_25881A66H0,SUB_2_A9002
25881A66H0,RANGA REDDY LAASYA,C,2,A9009,Engineering Chemistry,84.75,50,59,sem2_attendance,ATT_S2_25881A66H0_A9009EC,STU_25881A66H0,SUB_2_A9009
25881A66H0,RANGA REDDY LAASYA,C,2,A9011,English for Skills Enhancement,75.51,37,49,sem2_attendance,ATT_S2_25881A66H0_A9011ESE,STU_25881A66H0,SUB_2_A9011
25881A66H0,RANGA REDDY LAASYA,C,2,A9503,Data Structures,80.65,50,62,sem2_attendance,ATT_S2_25881A66H0_A9503DS,STU_25881A66H0,SUB_2_A9503
25881A66H0,RANGA REDDY LAASYA,C,2,A9402,Digital Electronics,88.52,54,61,sem2_attendance,ATT_S2_25881A66H0_A9402DE,STU_25881A66H0,SUB_2_A9402
25881A66H0,RANGA REDDY LAASYA,C,2,A9010,Engineering Chemistry Laboratory,80.0,36,45,sem2_attendance,ATT_S2_25881A66H0_A9010ECL,STU_25881A66H0,SUB_2_A9010
25881A66H0,RANGA REDDY LAASYA,C,2,A9012,English Language and Communication Skills Laboratory,75.0,36,48,sem2_attendance,ATT_S2_25881A66H0_A9012ESEL,STU_25881A66H0,SUB_2_A9012
25881A66H0,RANGA REDDY LAASYA,C,2,A9504,Data Structures Laboratory,75.86,22,29,sem2_attendance,ATT_S2_25881A66H0_A9504DSL,STU_25881A66H0,SUB_2_A9504
25881A66H0,RANGA REDDY LAASYA,C,2,A9304,Computer Aided Engineering Graphics,63.46,33,52,sem2_attendance,ATT_S2_25881A66H0_A9304CAEG,STU_25881A66H0,SUB_2_A9304
25881A66H0,RANGA REDDY LAASYA,C,2,A9022,Product Design and Development,92.86,39,42,sem2_attendance,ATT_S2_25881A66H0_A9022PDD,STU_25881A66H0,SUB_2_A9022
25881A66H1,POOLA REVANTH KUMAR,C,2,A9002,Ordinary Differential Equations and Vector Calculus,77.33,58,75,sem2_attendance,ATT_S2_25881A66H1_A9002ODECV,STU_25881A66H1,SUB_2_A9002
25881A66H1,POOLA REVANTH KUMAR,C,2,A9009,Engineering Chemistry,77.97,46,59,sem2_attendance,ATT_S2_25881A66H1_A9009EC,STU_25881A66H1,SUB_2_A9009
25881A66H1,POOLA REVANTH KUMAR,C,2,A9011,English for Skills Enhancement,59.18,29,49,sem2_attendance,ATT_S2_25881A66H1_A9011ESE,STU_25881A66H1,SUB_2_A9011
25881A66H1,POOLA REVANTH KUMAR,C,2,A9503,Data Structures,66.13,41,62,sem2_attendance,ATT_S2_25881A66H1_A9503DS,STU_25881A66H1,SUB_2_A9503
25881A66H1,POOLA REVANTH KUMAR,C,2,A9402,Digital Electronics,78.69,48,61,sem2_attendance,ATT_S2_25881A66H1_A9402DE,STU_25881A66H1,SUB_2_A9402
25881A66H1,POOLA REVANTH KUMAR,C,2,A9010,Engineering Chemistry Laboratory,93.33,42,45,sem2_attendance,ATT_S2_25881A66H1_A9010ECL,STU_25881A66H1,SUB_2_A9010
25881A66H1,POOLA REVANTH KUMAR,C,2,A9012,English Language and Communication Skills Laboratory,68.75,33,48,sem2_attendance,ATT_S2_25881A66H1_A9012ESEL,STU_25881A66H1,SUB_2_A9012
25881A66H1,POOLA REVANTH KUMAR,C,2,A9504,Data Structures Laboratory,72.41,21,29,sem2_attendance,ATT_S2_25881A66H1_A9504DSL,STU_25881A66H1,SUB_2_A9504
25881A66H1,POOLA REVANTH KUMAR,C,2,A9304,Computer Aided Engineering Graphics,73.08,38,52,sem2_attendance,ATT_S2_25881A66H1_A9304CAEG,STU_25881A66H1,SUB_2_A9304
25881A66H1,POOLA REVANTH KUMAR,C,2,A9022,Product Design and Development,92.86,39,42,sem2_attendance,ATT_S2_25881A66H1_A9022PDD,STU_25881A66H1,SUB_2_A9022
25881A66H2,REDDY RICHITHA REDDY,C,2,A9002,Ordinary Differential Equations and Vector Calculus,85.33,64,75,sem2_attendance,ATT_S2_25881A66H2_A9002ODECV,STU_25881A66H2,SUB_2_A9002
25881A66H2,REDDY RICHITHA REDDY,C,2,A9009,Engineering Chemistry,84.75,50,59,sem2_attendance,ATT_S2_25881A66H2_A9009EC,STU_25881A66H2,SUB_2_A9009
25881A66H2,REDDY RICHITHA REDDY,C,2,A9011,English for Skills Enhancement,83.67,41,49,sem2_attendance,ATT_S2_25881A66H2_A9011ESE,STU_25881A66H2,SUB_2_A9011
25881A66H2,REDDY RICHITHA REDDY,C,2,A9503,Data Structures,82.26,51,62,sem2_attendance,ATT_S2_25881A66H2_A9503DS,STU_25881A66H2,SUB_2_A9503
25881A66H2,REDDY RICHITHA REDDY,C,2,A9402,Digital Electronics,88.52,54,61,sem2_attendance,ATT_S2_25881A66H2_A9402DE,STU_25881A66H2,SUB_2_A9402
25881A66H2,REDDY RICHITHA REDDY,C,2,A9010,Engineering Chemistry Laboratory,86.67,39,45,sem2_attendance,ATT_S2_25881A66H2_A9010ECL,STU_25881A66H2,SUB_2_A9010
25881A66H2,REDDY RICHITHA REDDY,C,2,A9012,English Language and Communication Skills Laboratory,75.0,36,48,sem2_attendance,ATT_S2_25881A66H2_A9012ESEL,STU_25881A66H2,SUB_2_A9012
25881A66H2,REDDY RICHITHA REDDY,C,2,A9504,Data Structures Laboratory,79.31,23,29,sem2_attendance,ATT_S2_25881A66H2_A9504DSL,STU_25881A66H2,SUB_2_A9504
25881A66H2,REDDY RICHITHA REDDY,C,2,A9304,Computer Aided Engineering Graphics,84.62,44,52,sem2_attendance,ATT_S2_25881A66H2_A9304CAEG,STU_25881A66H2,SUB_2_A9304
25881A66H2,REDDY RICHITHA REDDY,C,2,A9022,Product Design and Development,85.71,36,42,sem2_attendance,ATT_S2_25881A66H2_A9022PDD,STU_25881A66H2,SUB_2_A9022
25881A66H3,MUNNANGI RUDRA SAI PRATAP REDDY,C,2,A9002,Ordinary Differential Equations and Vector Calculus,89.33,67,75,sem2_attendance,ATT_S2_25881A66H3_A9002ODECV,STU_25881A66H3,SUB_2_A9002
25881A66H3,MUNNANGI RUDRA SAI PRATAP REDDY,C,2,A9009,Engineering Chemistry,89.83,53,59,sem2_attendance,ATT_S2_25881A66H3_A9009EC,STU_25881A66H3,SUB_2_A9009
25881A66H3,MUNNANGI RUDRA SAI PRATAP REDDY,C,2,A9011,English for Skills Enhancement,81.63,40,49,sem2_attendance,ATT_S2_25881A66H3_A9011ESE,STU_25881A66H3,SUB_2_A9011
25881A66H3,MUNNANGI RUDRA SAI PRATAP REDDY,C,2,A9503,Data Structures,87.1,54,62,sem2_attendance,ATT_S2_25881A66H3_A9503DS,STU_25881A66H3,SUB_2_A9503
25881A66H3,MUNNANGI RUDRA SAI PRATAP REDDY,C,2,A9402,Digital Electronics,93.44,57,61,sem2_attendance,ATT_S2_25881A66H3_A9402DE,STU_25881A66H3,SUB_2_A9402
25881A66H3,MUNNANGI RUDRA SAI PRATAP REDDY,C,2,A9010,Engineering Chemistry Laboratory,93.33,42,45,sem2_attendance,ATT_S2_25881A66H3_A9010ECL,STU_25881A66H3,SUB_2_A9010
25881A66H3,MUNNANGI RUDRA SAI PRATAP REDDY,C,2,A9012,English Language and Communication Skills Laboratory,77.08,37,48,sem2_attendance,ATT_S2_25881A66H3_A9012ESEL,STU_25881A66H3,SUB_2_A9012
25881A66H3,MUNNANGI RUDRA SAI PRATAP REDDY,C,2,A9504,Data Structures Laboratory,86.21,25,29,sem2_attendance,ATT_S2_25881A66H3_A9504DSL,STU_25881A66H3,SUB_2_A9504
25881A66H3,MUNNANGI RUDRA SAI PRATAP REDDY,C,2,A9304,Computer Aided Engineering Graphics,86.54,45,52,sem2_attendance,ATT_S2_25881A66H3_A9304CAEG,STU_25881A66H3,SUB_2_A9304
25881A66H3,MUNNANGI RUDRA SAI PRATAP REDDY,C,2,A9022,Product Design and Development,78.57,33,42,sem2_attendance,ATT_S2_25881A66H3_A9022PDD,STU_25881A66H3,SUB_2_A9022
25881A66H4,PENDEM SADHVIK,C,2,A9002,Ordinary Differential Equations and Vector Calculus,76.0,57,75,sem2_attendance,ATT_S2_25881A66H4_A9002ODECV,STU_25881A66H4,SUB_2_A9002
25881A66H4,PENDEM SADHVIK,C,2,A9009,Engineering Chemistry,89.83,53,59,sem2_attendance,ATT_S2_25881A66H4_A9009EC,STU_25881A66H4,SUB_2_A9009
25881A66H4,PENDEM SADHVIK,C,2,A9011,English for Skills Enhancement,65.31,32,49,sem2_attendance,ATT_S2_25881A66H4_A9011ESE,STU_25881A66H4,SUB_2_A9011
25881A66H4,PENDEM SADHVIK,C,2,A9503,Data Structures,72.58,45,62,sem2_attendance,ATT_S2_25881A66H4_A9503DS,STU_25881A66H4,SUB_2_A9503
25881A66H4,PENDEM SADHVIK,C,2,A9402,Digital Electronics,91.8,56,61,sem2_attendance,ATT_S2_25881A66H4_A9402DE,STU_25881A66H4,SUB_2_A9402
25881A66H4,PENDEM SADHVIK,C,2,A9010,Engineering Chemistry Laboratory,86.67,39,45,sem2_attendance,ATT_S2_25881A66H4_A9010ECL,STU_25881A66H4,SUB_2_A9010
25881A66H4,PENDEM SADHVIK,C,2,A9012,English Language and Communication Skills Laboratory,68.75,33,48,sem2_attendance,ATT_S2_25881A66H4_A9012ESEL,STU_25881A66H4,SUB_2_A9012
25881A66H4,PENDEM SADHVIK,C,2,A9504,Data Structures Laboratory,86.21,25,29,sem2_attendance,ATT_S2_25881A66H4_A9504DSL,STU_25881A66H4,SUB_2_A9504
25881A66H4,PENDEM SADHVIK,C,2,A9304,Computer Aided Engineering Graphics,80.77,42,52,sem2_attendance,ATT_S2_25881A66H4_A9304CAEG,STU_25881A66H4,SUB_2_A9304
25881A66H4,PENDEM SADHVIK,C,2,A9022,Product Design and Development,78.57,33,42,sem2_attendance,ATT_S2_25881A66H4_A9022PDD,STU_25881A66H4,SUB_2_A9022
25881A66H5,MOGILIGIDDA SAHITHI,C,2,A9002,Ordinary Differential Equations and Vector Calculus,88.0,66,75,sem2_attendance,ATT_S2_25881A66H5_A9002ODECV,STU_25881A66H5,SUB_2_A9002
25881A66H5,MOGILIGIDDA SAHITHI,C,2,A9009,Engineering Chemistry,93.22,55,59,sem2_attendance,ATT_S2_25881A66H5_A9009EC,STU_25881A66H5,SUB_2_A9009
25881A66H5,MOGILIGIDDA SAHITHI,C,2,A9011,English for Skills Enhancement,83.67,41,49,sem2_attendance,ATT_S2_25881A66H5_A9011ESE,STU_25881A66H5,SUB_2_A9011
25881A66H5,MOGILIGIDDA SAHITHI,C,2,A9503,Data Structures,85.48,53,62,sem2_attendance,ATT_S2_25881A66H5_A9503DS,STU_25881A66H5,SUB_2_A9503
25881A66H5,MOGILIGIDDA SAHITHI,C,2,A9402,Digital Electronics,95.08,58,61,sem2_attendance,ATT_S2_25881A66H5_A9402DE,STU_25881A66H5,SUB_2_A9402
25881A66H5,MOGILIGIDDA SAHITHI,C,2,A9010,Engineering Chemistry Laboratory,93.33,42,45,sem2_attendance,ATT_S2_25881A66H5_A9010ECL,STU_25881A66H5,SUB_2_A9010
25881A66H5,MOGILIGIDDA SAHITHI,C,2,A9012,English Language and Communication Skills Laboratory,93.75,45,48,sem2_attendance,ATT_S2_25881A66H5_A9012ESEL,STU_25881A66H5,SUB_2_A9012
25881A66H5,MOGILIGIDDA SAHITHI,C,2,A9504,Data Structures Laboratory,93.1,27,29,sem2_attendance,ATT_S2_25881A66H5_A9504DSL,STU_25881A66H5,SUB_2_A9504
25881A66H5,MOGILIGIDDA SAHITHI,C,2,A9304,Computer Aided Engineering Graphics,92.31,48,52,sem2_attendance,ATT_S2_25881A66H5_A9304CAEG,STU_25881A66H5,SUB_2_A9304
25881A66H5,MOGILIGIDDA SAHITHI,C,2,A9022,Product Design and Development,92.86,39,42,sem2_attendance,ATT_S2_25881A66H5_A9022PDD,STU_25881A66H5,SUB_2_A9022
25881A66H6,C SAI NEEHAL,C,2,A9002,Ordinary Differential Equations and Vector Calculus,77.33,58,75,sem2_attendance,ATT_S2_25881A66H6_A9002ODECV,STU_25881A66H6,SUB_2_A9002
25881A66H6,C SAI NEEHAL,C,2,A9009,Engineering Chemistry,67.8,40,59,sem2_attendance,ATT_S2_25881A66H6_A9009EC,STU_25881A66H6,SUB_2_A9009
25881A66H6,C SAI NEEHAL,C,2,A9011,English for Skills Enhancement,71.43,35,49,sem2_attendance,ATT_S2_25881A66H6_A9011ESE,STU_25881A66H6,SUB_2_A9011
25881A66H6,C SAI NEEHAL,C,2,A9503,Data Structures,64.52,40,62,sem2_attendance,ATT_S2_25881A66H6_A9503DS,STU_25881A66H6,SUB_2_A9503
25881A66H6,C SAI NEEHAL,C,2,A9402,Digital Electronics,78.69,48,61,sem2_attendance,ATT_S2_25881A66H6_A9402DE,STU_25881A66H6,SUB_2_A9402
25881A66H6,C SAI NEEHAL,C,2,A9010,Engineering Chemistry Laboratory,86.67,39,45,sem2_attendance,ATT_S2_25881A66H6_A9010ECL,STU_25881A66H6,SUB_2_A9010
25881A66H6,C SAI NEEHAL,C,2,A9012,English Language and Communication Skills Laboratory,68.75,33,48,sem2_attendance,ATT_S2_25881A66H6_A9012ESEL,STU_25881A66H6,SUB_2_A9012
25881A66H6,C SAI NEEHAL,C,2,A9504,Data Structures Laboratory,79.31,23,29,sem2_attendance,ATT_S2_25881A66H6_A9504DSL,STU_25881A66H6,SUB_2_A9504
25881A66H6,C SAI NEEHAL,C,2,A9304,Computer Aided Engineering Graphics,78.85,41,52,sem2_attendance,ATT_S2_25881A66H6_A9304CAEG,STU_25881A66H6,SUB_2_A9304
25881A66H6,C SAI NEEHAL,C,2,A9022,Product Design and Development,92.86,39,42,sem2_attendance,ATT_S2_25881A66H6_A9022PDD,STU_25881A66H6,SUB_2_A9022
25881A66H7,NAGUNURI SAI CHARAN TEJA,C,2,A9002,Ordinary Differential Equations and Vector Calculus,76.0,57,75,sem2_attendance,ATT_S2_25881A66H7_A9002ODECV,STU_25881A66H7,SUB_2_A9002
25881A66H7,NAGUNURI SAI CHARAN TEJA,C,2,A9009,Engineering Chemistry,83.05,49,59,sem2_attendance,ATT_S2_25881A66H7_A9009EC,STU_25881A66H7,SUB_2_A9009
25881A66H7,NAGUNURI SAI CHARAN TEJA,C,2,A9011,English for Skills Enhancement,75.51,37,49,sem2_attendance,ATT_S2_25881A66H7_A9011ESE,STU_25881A66H7,SUB_2_A9011
25881A66H7,NAGUNURI SAI CHARAN TEJA,C,2,A9503,Data Structures,72.58,45,62,sem2_attendance,ATT_S2_25881A66H7_A9503DS,STU_25881A66H7,SUB_2_A9503
25881A66H7,NAGUNURI SAI CHARAN TEJA,C,2,A9402,Digital Electronics,86.89,53,61,sem2_attendance,ATT_S2_25881A66H7_A9402DE,STU_25881A66H7,SUB_2_A9402
25881A66H7,NAGUNURI SAI CHARAN TEJA,C,2,A9010,Engineering Chemistry Laboratory,93.33,42,45,sem2_attendance,ATT_S2_25881A66H7_A9010ECL,STU_25881A66H7,SUB_2_A9010
25881A66H7,NAGUNURI SAI CHARAN TEJA,C,2,A9012,English Language and Communication Skills Laboratory,75.0,36,48,sem2_attendance,ATT_S2_25881A66H7_A9012ESEL,STU_25881A66H7,SUB_2_A9012
25881A66H7,NAGUNURI SAI CHARAN TEJA,C,2,A9504,Data Structures Laboratory,93.1,27,29,sem2_attendance,ATT_S2_25881A66H7_A9504DSL,STU_25881A66H7,SUB_2_A9504
25881A66H7,NAGUNURI SAI CHARAN TEJA,C,2,A9304,Computer Aided Engineering Graphics,86.54,45,52,sem2_attendance,ATT_S2_25881A66H7_A9304CAEG,STU_25881A66H7,SUB_2_A9304
25881A66H7,NAGUNURI SAI CHARAN TEJA,C,2,A9022,Product Design and Development,100.0,42,42,sem2_attendance,ATT_S2_25881A66H7_A9022PDD,STU_25881A66H7,SUB_2_A9022
25881A66H8,MUYYALI SANJAY,C,2,A9002,Ordinary Differential Equations and Vector Calculus,77.33,58,75,sem2_attendance,ATT_S2_25881A66H8_A9002ODECV,STU_25881A66H8,SUB_2_A9002
25881A66H8,MUYYALI SANJAY,C,2,A9009,Engineering Chemistry,62.71,37,59,sem2_attendance,ATT_S2_25881A66H8_A9009EC,STU_25881A66H8,SUB_2_A9009
25881A66H8,MUYYALI SANJAY,C,2,A9011,English for Skills Enhancement,65.31,32,49,sem2_attendance,ATT_S2_25881A66H8_A9011ESE,STU_25881A66H8,SUB_2_A9011
25881A66H8,MUYYALI SANJAY,C,2,A9503,Data Structures,74.19,46,62,sem2_attendance,ATT_S2_25881A66H8_A9503DS,STU_25881A66H8,SUB_2_A9503
25881A66H8,MUYYALI SANJAY,C,2,A9402,Digital Electronics,81.97,50,61,sem2_attendance,ATT_S2_25881A66H8_A9402DE,STU_25881A66H8,SUB_2_A9402
25881A66H8,MUYYALI SANJAY,C,2,A9010,Engineering Chemistry Laboratory,80.0,36,45,sem2_attendance,ATT_S2_25881A66H8_A9010ECL,STU_25881A66H8,SUB_2_A9010
25881A66H8,MUYYALI SANJAY,C,2,A9012,English Language and Communication Skills Laboratory,50.0,24,48,sem2_attendance,ATT_S2_25881A66H8_A9012ESEL,STU_25881A66H8,SUB_2_A9012
25881A66H8,MUYYALI SANJAY,C,2,A9504,Data Structures Laboratory,79.31,23,29,sem2_attendance,ATT_S2_25881A66H8_A9504DSL,STU_25881A66H8,SUB_2_A9504
25881A66H8,MUYYALI SANJAY,C,2,A9304,Computer Aided Engineering Graphics,61.54,32,52,sem2_attendance,ATT_S2_25881A66H8_A9304CAEG,STU_25881A66H8,SUB_2_A9304
25881A66H8,MUYYALI SANJAY,C,2,A9022,Product Design and Development,100.0,42,42,sem2_attendance,ATT_S2_25881A66H8_A9022PDD,STU_25881A66H8,SUB_2_A9022
25881A66H9,JERPULA SANTHOSH,C,2,A9002,Ordinary Differential Equations and Vector Calculus,68.0,51,75,sem2_attendance,ATT_S2_25881A66H9_A9002ODECV,STU_25881A66H9,SUB_2_A9002
25881A66H9,JERPULA SANTHOSH,C,2,A9009,Engineering Chemistry,72.88,43,59,sem2_attendance,ATT_S2_25881A66H9_A9009EC,STU_25881A66H9,SUB_2_A9009
25881A66H9,JERPULA SANTHOSH,C,2,A9011,English for Skills Enhancement,77.55,38,49,sem2_attendance,ATT_S2_25881A66H9_A9011ESE,STU_25881A66H9,SUB_2_A9011
25881A66H9,JERPULA SANTHOSH,C,2,A9503,Data Structures,67.74,42,62,sem2_attendance,ATT_S2_25881A66H9_A9503DS,STU_25881A66H9,SUB_2_A9503
25881A66H9,JERPULA SANTHOSH,C,2,A9402,Digital Electronics,78.69,48,61,sem2_attendance,ATT_S2_25881A66H9_A9402DE,STU_25881A66H9,SUB_2_A9402
25881A66H9,JERPULA SANTHOSH,C,2,A9010,Engineering Chemistry Laboratory,80.0,36,45,sem2_attendance,ATT_S2_25881A66H9_A9010ECL,STU_25881A66H9,SUB_2_A9010
25881A66H9,JERPULA SANTHOSH,C,2,A9012,English Language and Communication Skills Laboratory,87.5,42,48,sem2_attendance,ATT_S2_25881A66H9_A9012ESEL,STU_25881A66H9,SUB_2_A9012
25881A66H9,JERPULA SANTHOSH,C,2,A9504,Data Structures Laboratory,79.31,23,29,sem2_attendance,ATT_S2_25881A66H9_A9504DSL,STU_25881A66H9,SUB_2_A9504
25881A66H9,JERPULA SANTHOSH,C,2,A9304,Computer Aided Engineering Graphics,84.62,44,52,sem2_attendance,ATT_S2_25881A66H9_A9304CAEG,STU_25881A66H9,SUB_2_A9304
25881A66H9,JERPULA SANTHOSH,C,2,A9022,Product Design and Development,85.71,36,42,sem2_attendance,ATT_S2_25881A66H9_A9022PDD,STU_25881A66H9,SUB_2_A9022
25881A66J0,MADIGA SHAILAJA,C,2,A9002,Ordinary Differential Equations and Vector Calculus,85.33,64,75,sem2_attendance,ATT_S2_25881A66J0_A9002ODECV,STU_25881A66J0,SUB_2_A9002
25881A66J0,MADIGA SHAILAJA,C,2,A9009,Engineering Chemistry,91.53,54,59,sem2_attendance,ATT_S2_25881A66J0_A9009EC,STU_25881A66J0,SUB_2_A9009
25881A66J0,MADIGA SHAILAJA,C,2,A9011,English for Skills Enhancement,85.71,42,49,sem2_attendance,ATT_S2_25881A66J0_A9011ESE,STU_25881A66J0,SUB_2_A9011
25881A66J0,MADIGA SHAILAJA,C,2,A9503,Data Structures,88.71,55,62,sem2_attendance,ATT_S2_25881A66J0_A9503DS,STU_25881A66J0,SUB_2_A9503
25881A66J0,MADIGA SHAILAJA,C,2,A9402,Digital Electronics,90.16,55,61,sem2_attendance,ATT_S2_25881A66J0_A9402DE,STU_25881A66J0,SUB_2_A9402
25881A66J0,MADIGA SHAILAJA,C,2,A9010,Engineering Chemistry Laboratory,93.33,42,45,sem2_attendance,ATT_S2_25881A66J0_A9010ECL,STU_25881A66J0,SUB_2_A9010
25881A66J0,MADIGA SHAILAJA,C,2,A9012,English Language and Communication Skills Laboratory,93.75,45,48,sem2_attendance,ATT_S2_25881A66J0_A9012ESEL,STU_25881A66J0,SUB_2_A9012
25881A66J0,MADIGA SHAILAJA,C,2,A9504,Data Structures Laboratory,79.31,23,29,sem2_attendance,ATT_S2_25881A66J0_A9504DSL,STU_25881A66J0,SUB_2_A9504
25881A66J0,MADIGA SHAILAJA,C,2,A9304,Computer Aided Engineering Graphics,86.54,45,52,sem2_attendance,ATT_S2_25881A66J0_A9304CAEG,STU_25881A66J0,SUB_2_A9304
25881A66J0,MADIGA SHAILAJA,C,2,A9022,Product Design and Development,85.71,36,42,sem2_attendance,ATT_S2_25881A66J0_A9022PDD,STU_25881A66J0,SUB_2_A9022
25881A66J1,MUDDALA SHIVADEEPTHI,C,2,A9002,Ordinary Differential Equations and Vector Calculus,88.0,66,75,sem2_attendance,ATT_S2_25881A66J1_A9002ODECV,STU_25881A66J1,SUB_2_A9002
25881A66J1,MUDDALA SHIVADEEPTHI,C,2,A9009,Engineering Chemistry,88.14,52,59,sem2_attendance,ATT_S2_25881A66J1_A9009EC,STU_25881A66J1,SUB_2_A9009
25881A66J1,MUDDALA SHIVADEEPTHI,C,2,A9011,English for Skills Enhancement,83.67,41,49,sem2_attendance,ATT_S2_25881A66J1_A9011ESE,STU_25881A66J1,SUB_2_A9011
25881A66J1,MUDDALA SHIVADEEPTHI,C,2,A9503,Data Structures,83.87,52,62,sem2_attendance,ATT_S2_25881A66J1_A9503DS,STU_25881A66J1,SUB_2_A9503
25881A66J1,MUDDALA SHIVADEEPTHI,C,2,A9402,Digital Electronics,95.08,58,61,sem2_attendance,ATT_S2_25881A66J1_A9402DE,STU_25881A66J1,SUB_2_A9402
25881A66J1,MUDDALA SHIVADEEPTHI,C,2,A9010,Engineering Chemistry Laboratory,86.67,39,45,sem2_attendance,ATT_S2_25881A66J1_A9010ECL,STU_25881A66J1,SUB_2_A9010
25881A66J1,MUDDALA SHIVADEEPTHI,C,2,A9012,English Language and Communication Skills Laboratory,87.5,42,48,sem2_attendance,ATT_S2_25881A66J1_A9012ESEL,STU_25881A66J1,SUB_2_A9012
25881A66J1,MUDDALA SHIVADEEPTHI,C,2,A9504,Data Structures Laboratory,86.21,25,29,sem2_attendance,ATT_S2_25881A66J1_A9504DSL,STU_25881A66J1,SUB_2_A9504
25881A66J1,MUDDALA SHIVADEEPTHI,C,2,A9304,Computer Aided Engineering Graphics,80.77,42,52,sem2_attendance,ATT_S2_25881A66J1_A9304CAEG,STU_25881A66J1,SUB_2_A9304
25881A66J1,MUDDALA SHIVADEEPTHI,C,2,A9022,Product Design and Development,92.86,39,42,sem2_attendance,ATT_S2_25881A66J1_A9022PDD,STU_25881A66J1,SUB_2_A9022
25881A66J2,SAPAVAT SINDHU,C,2,A9002,Ordinary Differential Equations and Vector Calculus,82.67,62,75,sem2_attendance,ATT_S2_25881A66J2_A9002ODECV,STU_25881A66J2,SUB_2_A9002
25881A66J2,SAPAVAT SINDHU,C,2,A9009,Engineering Chemistry,91.53,54,59,sem2_attendance,ATT_S2_25881A66J2_A9009EC,STU_25881A66J2,SUB_2_A9009
25881A66J2,SAPAVAT SINDHU,C,2,A9011,English for Skills Enhancement,83.67,41,49,sem2_attendance,ATT_S2_25881A66J2_A9011ESE,STU_25881A66J2,SUB_2_A9011
25881A66J2,SAPAVAT SINDHU,C,2,A9503,Data Structures,80.65,50,62,sem2_attendance,ATT_S2_25881A66J2_A9503DS,STU_25881A66J2,SUB_2_A9503
25881A66J2,SAPAVAT SINDHU,C,2,A9402,Digital Electronics,88.52,54,61,sem2_attendance,ATT_S2_25881A66J2_A9402DE,STU_25881A66J2,SUB_2_A9402
25881A66J2,SAPAVAT SINDHU,C,2,A9010,Engineering Chemistry Laboratory,86.67,39,45,sem2_attendance,ATT_S2_25881A66J2_A9010ECL,STU_25881A66J2,SUB_2_A9010
25881A66J2,SAPAVAT SINDHU,C,2,A9012,English Language and Communication Skills Laboratory,87.5,42,48,sem2_attendance,ATT_S2_25881A66J2_A9012ESEL,STU_25881A66J2,SUB_2_A9012
25881A66J2,SAPAVAT SINDHU,C,2,A9504,Data Structures Laboratory,86.21,25,29,sem2_attendance,ATT_S2_25881A66J2_A9504DSL,STU_25881A66J2,SUB_2_A9504
25881A66J2,SAPAVAT SINDHU,C,2,A9304,Computer Aided Engineering Graphics,92.31,48,52,sem2_attendance,ATT_S2_25881A66J2_A9304CAEG,STU_25881A66J2,SUB_2_A9304
25881A66J2,SAPAVAT SINDHU,C,2,A9022,Product Design and Development,92.86,39,42,sem2_attendance,ATT_S2_25881A66J2_A9022PDD,STU_25881A66J2,SUB_2_A9022
25881A66J3,PITTALA SREE KARUNYAN,C,2,A9002,Ordinary Differential Equations and Vector Calculus,96.0,72,75,sem2_attendance,ATT_S2_25881A66J3_A9002ODECV,STU_25881A66J3,SUB_2_A9002
25881A66J3,PITTALA SREE KARUNYAN,C,2,A9009,Engineering Chemistry,96.61,57,59,sem2_attendance,ATT_S2_25881A66J3_A9009EC,STU_25881A66J3,SUB_2_A9009
25881A66J3,PITTALA SREE KARUNYAN,C,2,A9011,English for Skills Enhancement,89.8,44,49,sem2_attendance,ATT_S2_25881A66J3_A9011ESE,STU_25881A66J3,SUB_2_A9011
25881A66J3,PITTALA SREE KARUNYAN,C,2,A9503,Data Structures,93.55,58,62,sem2_attendance,ATT_S2_25881A66J3_A9503DS,STU_25881A66J3,SUB_2_A9503
25881A66J3,PITTALA SREE KARUNYAN,C,2,A9402,Digital Electronics,95.08,58,61,sem2_attendance,ATT_S2_25881A66J3_A9402DE,STU_25881A66J3,SUB_2_A9402
25881A66J3,PITTALA SREE KARUNYAN,C,2,A9010,Engineering Chemistry Laboratory,100.0,45,45,sem2_attendance,ATT_S2_25881A66J3_A9010ECL,STU_25881A66J3,SUB_2_A9010
25881A66J3,PITTALA SREE KARUNYAN,C,2,A9012,English Language and Communication Skills Laboratory,93.75,45,48,sem2_attendance,ATT_S2_25881A66J3_A9012ESEL,STU_25881A66J3,SUB_2_A9012
25881A66J3,PITTALA SREE KARUNYAN,C,2,A9504,Data Structures Laboratory,86.21,25,29,sem2_attendance,ATT_S2_25881A66J3_A9504DSL,STU_25881A66J3,SUB_2_A9504
25881A66J3,PITTALA SREE KARUNYAN,C,2,A9304,Computer Aided Engineering Graphics,98.08,51,52,sem2_attendance,ATT_S2_25881A66J3_A9304CAEG,STU_25881A66J3,SUB_2_A9304
25881A66J3,PITTALA SREE KARUNYAN,C,2,A9022,Product Design and Development,100.0,42,42,sem2_attendance,ATT_S2_25881A66J3_A9022PDD,STU_25881A66J3,SUB_2_A9022
25881A66J4,ANNADASU SRUTHI,C,2,A9002,Ordinary Differential Equations and Vector Calculus,80.0,60,75,sem2_attendance,ATT_S2_25881A66J4_A9002ODECV,STU_25881A66J4,SUB_2_A9002
25881A66J4,ANNADASU SRUTHI,C,2,A9009,Engineering Chemistry,84.75,50,59,sem2_attendance,ATT_S2_25881A66J4_A9009EC,STU_25881A66J4,SUB_2_A9009
25881A66J4,ANNADASU SRUTHI,C,2,A9011,English for Skills Enhancement,67.35,33,49,sem2_attendance,ATT_S2_25881A66J4_A9011ESE,STU_25881A66J4,SUB_2_A9011
25881A66J4,ANNADASU SRUTHI,C,2,A9503,Data Structures,80.65,50,62,sem2_attendance,ATT_S2_25881A66J4_A9503DS,STU_25881A66J4,SUB_2_A9503
25881A66J4,ANNADASU SRUTHI,C,2,A9402,Digital Electronics,85.25,52,61,sem2_attendance,ATT_S2_25881A66J4_A9402DE,STU_25881A66J4,SUB_2_A9402
25881A66J4,ANNADASU SRUTHI,C,2,A9010,Engineering Chemistry Laboratory,86.67,39,45,sem2_attendance,ATT_S2_25881A66J4_A9010ECL,STU_25881A66J4,SUB_2_A9010
25881A66J4,ANNADASU SRUTHI,C,2,A9012,English Language and Communication Skills Laboratory,75.0,36,48,sem2_attendance,ATT_S2_25881A66J4_A9012ESEL,STU_25881A66J4,SUB_2_A9012
25881A66J4,ANNADASU SRUTHI,C,2,A9504,Data Structures Laboratory,65.52,19,29,sem2_attendance,ATT_S2_25881A66J4_A9504DSL,STU_25881A66J4,SUB_2_A9504
25881A66J4,ANNADASU SRUTHI,C,2,A9304,Computer Aided Engineering Graphics,73.08,38,52,sem2_attendance,ATT_S2_25881A66J4_A9304CAEG,STU_25881A66J4,SUB_2_A9304
25881A66J4,ANNADASU SRUTHI,C,2,A9022,Product Design and Development,100.0,42,42,sem2_attendance,ATT_S2_25881A66J4_A9022PDD,STU_25881A66J4,SUB_2_A9022
25881A66J5,AVUTHU TEJ KIRAN REDDY,C,2,A9002,Ordinary Differential Equations and Vector Calculus,69.33,52,75,sem2_attendance,ATT_S2_25881A66J5_A9002ODECV,STU_25881A66J5,SUB_2_A9002
25881A66J5,AVUTHU TEJ KIRAN REDDY,C,2,A9009,Engineering Chemistry,66.1,39,59,sem2_attendance,ATT_S2_25881A66J5_A9009EC,STU_25881A66J5,SUB_2_A9009
25881A66J5,AVUTHU TEJ KIRAN REDDY,C,2,A9011,English for Skills Enhancement,67.35,33,49,sem2_attendance,ATT_S2_25881A66J5_A9011ESE,STU_25881A66J5,SUB_2_A9011
25881A66J5,AVUTHU TEJ KIRAN REDDY,C,2,A9503,Data Structures,69.35,43,62,sem2_attendance,ATT_S2_25881A66J5_A9503DS,STU_25881A66J5,SUB_2_A9503
25881A66J5,AVUTHU TEJ KIRAN REDDY,C,2,A9402,Digital Electronics,75.41,46,61,sem2_attendance,ATT_S2_25881A66J5_A9402DE,STU_25881A66J5,SUB_2_A9402
25881A66J5,AVUTHU TEJ KIRAN REDDY,C,2,A9010,Engineering Chemistry Laboratory,73.33,33,45,sem2_attendance,ATT_S2_25881A66J5_A9010ECL,STU_25881A66J5,SUB_2_A9010
25881A66J5,AVUTHU TEJ KIRAN REDDY,C,2,A9012,English Language and Communication Skills Laboratory,68.75,33,48,sem2_attendance,ATT_S2_25881A66J5_A9012ESEL,STU_25881A66J5,SUB_2_A9012
25881A66J5,AVUTHU TEJ KIRAN REDDY,C,2,A9504,Data Structures Laboratory,65.52,19,29,sem2_attendance,ATT_S2_25881A66J5_A9504DSL,STU_25881A66J5,SUB_2_A9504
25881A66J5,AVUTHU TEJ KIRAN REDDY,C,2,A9304,Computer Aided Engineering Graphics,73.08,38,52,sem2_attendance,ATT_S2_25881A66J5_A9304CAEG,STU_25881A66J5,SUB_2_A9304
25881A66J5,AVUTHU TEJ KIRAN REDDY,C,2,A9022,Product Design and Development,78.57,33,42,sem2_attendance,ATT_S2_25881A66J5_A9022PDD,STU_25881A66J5,SUB_2_A9022
25881A66J6,KUCHIPUDI V S K J ABHITEJAS,C,2,A9002,Ordinary Differential Equations and Vector Calculus,74.67,56,75,sem2_attendance,ATT_S2_25881A66J6_A9002ODECV,STU_25881A66J6,SUB_2_A9002
25881A66J6,KUCHIPUDI V S K J ABHITEJAS,C,2,A9009,Engineering Chemistry,71.19,42,59,sem2_attendance,ATT_S2_25881A66J6_A9009EC,STU_25881A66J6,SUB_2_A9009
25881A66J6,KUCHIPUDI V S K J ABHITEJAS,C,2,A9011,English for Skills Enhancement,69.39,34,49,sem2_attendance,ATT_S2_25881A66J6_A9011ESE,STU_25881A66J6,SUB_2_A9011
25881A66J6,KUCHIPUDI V S K J ABHITEJAS,C,2,A9503,Data Structures,70.97,44,62,sem2_attendance,ATT_S2_25881A66J6_A9503DS,STU_25881A66J6,SUB_2_A9503
25881A66J6,KUCHIPUDI V S K J ABHITEJAS,C,2,A9402,Digital Electronics,78.69,48,61,sem2_attendance,ATT_S2_25881A66J6_A9402DE,STU_25881A66J6,SUB_2_A9402
25881A66J6,KUCHIPUDI V S K J ABHITEJAS,C,2,A9010,Engineering Chemistry Laboratory,100.0,45,45,sem2_attendance,ATT_S2_25881A66J6_A9010ECL,STU_25881A66J6,SUB_2_A9010
25881A66J6,KUCHIPUDI V S K J ABHITEJAS,C,2,A9012,English Language and Communication Skills Laboratory,68.75,33,48,sem2_attendance,ATT_S2_25881A66J6_A9012ESEL,STU_25881A66J6,SUB_2_A9012
25881A66J6,KUCHIPUDI V S K J ABHITEJAS,C,2,A9504,Data Structures Laboratory,58.62,17,29,sem2_attendance,ATT_S2_25881A66J6_A9504DSL,STU_25881A66J6,SUB_2_A9504
25881A66J6,KUCHIPUDI V S K J ABHITEJAS,C,2,A9304,Computer Aided Engineering Graphics,67.31,35,52,sem2_attendance,ATT_S2_25881A66J6_A9304CAEG,STU_25881A66J6,SUB_2_A9304
25881A66J6,KUCHIPUDI V S K J ABHITEJAS,C,2,A9022,Product Design and Development,92.86,39,42,sem2_attendance,ATT_S2_25881A66J6_A9022PDD,STU_25881A66J6,SUB_2_A9022
25881A66J7,GANNAMANENI VARSHITH,C,2,A9002,Ordinary Differential Equations and Vector Calculus,81.33,61,75,sem2_attendance,ATT_S2_25881A66J7_A9002ODECV,STU_25881A66J7,SUB_2_A9002
25881A66J7,GANNAMANENI VARSHITH,C,2,A9009,Engineering Chemistry,69.49,41,59,sem2_attendance,ATT_S2_25881A66J7_A9009EC,STU_25881A66J7,SUB_2_A9009
25881A66J7,GANNAMANENI VARSHITH,C,2,A9011,English for Skills Enhancement,81.63,40,49,sem2_attendance,ATT_S2_25881A66J7_A9011ESE,STU_25881A66J7,SUB_2_A9011
25881A66J7,GANNAMANENI VARSHITH,C,2,A9503,Data Structures,83.87,52,62,sem2_attendance,ATT_S2_25881A66J7_A9503DS,STU_25881A66J7,SUB_2_A9503
25881A66J7,GANNAMANENI VARSHITH,C,2,A9402,Digital Electronics,88.52,54,61,sem2_attendance,ATT_S2_25881A66J7_A9402DE,STU_25881A66J7,SUB_2_A9402
25881A66J7,GANNAMANENI VARSHITH,C,2,A9010,Engineering Chemistry Laboratory,93.33,42,45,sem2_attendance,ATT_S2_25881A66J7_A9010ECL,STU_25881A66J7,SUB_2_A9010
25881A66J7,GANNAMANENI VARSHITH,C,2,A9012,English Language and Communication Skills Laboratory,68.75,33,48,sem2_attendance,ATT_S2_25881A66J7_A9012ESEL,STU_25881A66J7,SUB_2_A9012
25881A66J7,GANNAMANENI VARSHITH,C,2,A9504,Data Structures Laboratory,65.52,19,29,sem2_attendance,ATT_S2_25881A66J7_A9504DSL,STU_25881A66J7,SUB_2_A9504
25881A66J7,GANNAMANENI VARSHITH,C,2,A9304,Computer Aided Engineering Graphics,78.85,41,52,sem2_attendance,ATT_S2_25881A66J7_A9304CAEG,STU_25881A66J7,SUB_2_A9304
25881A66J7,GANNAMANENI VARSHITH,C,2,A9022,Product Design and Development,78.57,33,42,sem2_attendance,ATT_S2_25881A66J7_A9022PDD,STU_25881A66J7,SUB_2_A9022
25881A66J8,GUGULOTH VASANTHA,C,2,A9002,Ordinary Differential Equations and Vector Calculus,78.67,59,75,sem2_attendance,ATT_S2_25881A66J8_A9002ODECV,STU_25881A66J8,SUB_2_A9002
25881A66J8,GUGULOTH VASANTHA,C,2,A9009,Engineering Chemistry,79.66,47,59,sem2_attendance,ATT_S2_25881A66J8_A9009EC,STU_25881A66J8,SUB_2_A9009
25881A66J8,GUGULOTH VASANTHA,C,2,A9011,English for Skills Enhancement,69.39,34,49,sem2_attendance,ATT_S2_25881A66J8_A9011ESE,STU_25881A66J8,SUB_2_A9011
25881A66J8,GUGULOTH VASANTHA,C,2,A9503,Data Structures,79.03,49,62,sem2_attendance,ATT_S2_25881A66J8_A9503DS,STU_25881A66J8,SUB_2_A9503
25881A66J8,GUGULOTH VASANTHA,C,2,A9402,Digital Electronics,83.61,51,61,sem2_attendance,ATT_S2_25881A66J8_A9402DE,STU_25881A66J8,SUB_2_A9402
25881A66J8,GUGULOTH VASANTHA,C,2,A9010,Engineering Chemistry Laboratory,73.33,33,45,sem2_attendance,ATT_S2_25881A66J8_A9010ECL,STU_25881A66J8,SUB_2_A9010
25881A66J8,GUGULOTH VASANTHA,C,2,A9012,English Language and Communication Skills Laboratory,62.5,30,48,sem2_attendance,ATT_S2_25881A66J8_A9012ESEL,STU_25881A66J8,SUB_2_A9012
25881A66J8,GUGULOTH VASANTHA,C,2,A9504,Data Structures Laboratory,72.41,21,29,sem2_attendance,ATT_S2_25881A66J8_A9504DSL,STU_25881A66J8,SUB_2_A9504
25881A66J8,GUGULOTH VASANTHA,C,2,A9304,Computer Aided Engineering Graphics,55.77,29,52,sem2_attendance,ATT_S2_25881A66J8_A9304CAEG,STU_25881A66J8,SUB_2_A9304
25881A66J8,GUGULOTH VASANTHA,C,2,A9022,Product Design and Development,92.86,39,42,sem2_attendance,ATT_S2_25881A66J8_A9022PDD,STU_25881A66J8,SUB_2_A9022
25881A66J9,DONTHOJI VIGNESH,C,2,A9002,Ordinary Differential Equations and Vector Calculus,76.0,57,75,sem2_attendance,ATT_S2_25881A66J9_A9002ODECV,STU_25881A66J9,SUB_2_A9002
25881A66J9,DONTHOJI VIGNESH,C,2,A9009,Engineering Chemistry,76.27,45,59,sem2_attendance,ATT_S2_25881A66J9_A9009EC,STU_25881A66J9,SUB_2_A9009
25881A66J9,DONTHOJI VIGNESH,C,2,A9011,English for Skills Enhancement,69.39,34,49,sem2_attendance,ATT_S2_25881A66J9_A9011ESE,STU_25881A66J9,SUB_2_A9011
25881A66J9,DONTHOJI VIGNESH,C,2,A9503,Data Structures,72.58,45,62,sem2_attendance,ATT_S2_25881A66J9_A9503DS,STU_25881A66J9,SUB_2_A9503
25881A66J9,DONTHOJI VIGNESH,C,2,A9402,Digital Electronics,81.97,50,61,sem2_attendance,ATT_S2_25881A66J9_A9402DE,STU_25881A66J9,SUB_2_A9402
25881A66J9,DONTHOJI VIGNESH,C,2,A9010,Engineering Chemistry Laboratory,80.0,36,45,sem2_attendance,ATT_S2_25881A66J9_A9010ECL,STU_25881A66J9,SUB_2_A9010
25881A66J9,DONTHOJI VIGNESH,C,2,A9012,English Language and Communication Skills Laboratory,68.75,33,48,sem2_attendance,ATT_S2_25881A66J9_A9012ESEL,STU_25881A66J9,SUB_2_A9012
25881A66J9,DONTHOJI VIGNESH,C,2,A9504,Data Structures Laboratory,82.76,24,29,sem2_attendance,ATT_S2_25881A66J9_A9504DSL,STU_25881A66J9,SUB_2_A9504
25881A66J9,DONTHOJI VIGNESH,C,2,A9304,Computer Aided Engineering Graphics,67.31,35,52,sem2_attendance,ATT_S2_25881A66J9_A9304CAEG,STU_25881A66J9,SUB_2_A9304
25881A66J9,DONTHOJI VIGNESH,C,2,A9022,Product Design and Development,85.71,36,42,sem2_attendance,ATT_S2_25881A66J9_A9022PDD,STU_25881A66J9,SUB_2_A9022
25881A66K0,GUVVADI VISHAL RAO,C,2,A9002,Ordinary Differential Equations and Vector Calculus,66.67,50,75,sem2_attendance,ATT_S2_25881A66K0_A9002ODECV,STU_25881A66K0,SUB_2_A9002
25881A66K0,GUVVADI VISHAL RAO,C,2,A9009,Engineering Chemistry,81.36,48,59,sem2_attendance,ATT_S2_25881A66K0_A9009EC,STU_25881A66K0,SUB_2_A9009
25881A66K0,GUVVADI VISHAL RAO,C,2,A9011,English for Skills Enhancement,79.59,39,49,sem2_attendance,ATT_S2_25881A66K0_A9011ESE,STU_25881A66K0,SUB_2_A9011
25881A66K0,GUVVADI VISHAL RAO,C,2,A9503,Data Structures,66.13,41,62,sem2_attendance,ATT_S2_25881A66K0_A9503DS,STU_25881A66K0,SUB_2_A9503
25881A66K0,GUVVADI VISHAL RAO,C,2,A9402,Digital Electronics,78.69,48,61,sem2_attendance,ATT_S2_25881A66K0_A9402DE,STU_25881A66K0,SUB_2_A9402
25881A66K0,GUVVADI VISHAL RAO,C,2,A9010,Engineering Chemistry Laboratory,86.67,39,45,sem2_attendance,ATT_S2_25881A66K0_A9010ECL,STU_25881A66K0,SUB_2_A9010
25881A66K0,GUVVADI VISHAL RAO,C,2,A9012,English Language and Communication Skills Laboratory,100.0,48,48,sem2_attendance,ATT_S2_25881A66K0_A9012ESEL,STU_25881A66K0,SUB_2_A9012
25881A66K0,GUVVADI VISHAL RAO,C,2,A9504,Data Structures Laboratory,100.0,29,29,sem2_attendance,ATT_S2_25881A66K0_A9504DSL,STU_25881A66K0,SUB_2_A9504
25881A66K0,GUVVADI VISHAL RAO,C,2,A9304,Computer Aided Engineering Graphics,86.54,45,52,sem2_attendance,ATT_S2_25881A66K0_A9304CAEG,STU_25881A66K0,SUB_2_A9304
25881A66K0,GUVVADI VISHAL RAO,C,2,A9022,Product Design and Development,85.71,36,42,sem2_attendance,ATT_S2_25881A66K0_A9022PDD,STU_25881A66K0,SUB_2_A9022
25881A66K1,POTHAGANI VISHNU VARDHAN,C,2,A9002,Ordinary Differential Equations and Vector Calculus,70.67,53,75,sem2_attendance,ATT_S2_25881A66K1_A9002ODECV,STU_25881A66K1,SUB_2_A9002
25881A66K1,POTHAGANI VISHNU VARDHAN,C,2,A9009,Engineering Chemistry,74.58,44,59,sem2_attendance,ATT_S2_25881A66K1_A9009EC,STU_25881A66K1,SUB_2_A9009
25881A66K1,POTHAGANI VISHNU VARDHAN,C,2,A9011,English for Skills Enhancement,63.27,31,49,sem2_attendance,ATT_S2_25881A66K1_A9011ESE,STU_25881A66K1,SUB_2_A9011
25881A66K1,POTHAGANI VISHNU VARDHAN,C,2,A9503,Data Structures,75.81,47,62,sem2_attendance,ATT_S2_25881A66K1_A9503DS,STU_25881A66K1,SUB_2_A9503
25881A66K1,POTHAGANI VISHNU VARDHAN,C,2,A9402,Digital Electronics,83.61,51,61,sem2_attendance,ATT_S2_25881A66K1_A9402DE,STU_25881A66K1,SUB_2_A9402
25881A66K1,POTHAGANI VISHNU VARDHAN,C,2,A9010,Engineering Chemistry Laboratory,93.33,42,45,sem2_attendance,ATT_S2_25881A66K1_A9010ECL,STU_25881A66K1,SUB_2_A9010
25881A66K1,POTHAGANI VISHNU VARDHAN,C,2,A9012,English Language and Communication Skills Laboratory,75.0,36,48,sem2_attendance,ATT_S2_25881A66K1_A9012ESEL,STU_25881A66K1,SUB_2_A9012
25881A66K1,POTHAGANI VISHNU VARDHAN,C,2,A9504,Data Structures Laboratory,72.41,21,29,sem2_attendance,ATT_S2_25881A66K1_A9504DSL,STU_25881A66K1,SUB_2_A9504
25881A66K1,POTHAGANI VISHNU VARDHAN,C,2,A9304,Computer Aided Engineering Graphics,98.08,51,52,sem2_attendance,ATT_S2_25881A66K1_A9304CAEG,STU_25881A66K1,SUB_2_A9304
25881A66K1,POTHAGANI VISHNU VARDHAN,C,2,A9022,Product Design and Development,85.71,36,42,sem2_attendance,ATT_S2_25881A66K1_A9022PDD,STU_25881A66K1,SUB_2_A9022
25881A66K2,KARNE YOGISHWAR SAI,C,2,A9002,Ordinary Differential Equations and Vector Calculus,78.67,59,75,sem2_attendance,ATT_S2_25881A66K2_A9002ODECV,STU_25881A66K2,SUB_2_A9002
25881A66K2,KARNE YOGISHWAR SAI,C,2,A9009,Engineering Chemistry,81.36,48,59,sem2_attendance,ATT_S2_25881A66K2_A9009EC,STU_25881A66K2,SUB_2_A9009
25881A66K2,KARNE YOGISHWAR SAI,C,2,A9011,English for Skills Enhancement,79.59,39,49,sem2_attendance,ATT_S2_25881A66K2_A9011ESE,STU_25881A66K2,SUB_2_A9011
25881A66K2,KARNE YOGISHWAR SAI,C,2,A9503,Data Structures,70.97,44,62,sem2_attendance,ATT_S2_25881A66K2_A9503DS,STU_25881A66K2,SUB_2_A9503
25881A66K2,KARNE YOGISHWAR SAI,C,2,A9402,Digital Electronics,90.16,55,61,sem2_attendance,ATT_S2_25881A66K2_A9402DE,STU_25881A66K2,SUB_2_A9402
25881A66K2,KARNE YOGISHWAR SAI,C,2,A9010,Engineering Chemistry Laboratory,86.67,39,45,sem2_attendance,ATT_S2_25881A66K2_A9010ECL,STU_25881A66K2,SUB_2_A9010
25881A66K2,KARNE YOGISHWAR SAI,C,2,A9012,English Language and Communication Skills Laboratory,79.17,38,48,sem2_attendance,ATT_S2_25881A66K2_A9012ESEL,STU_25881A66K2,SUB_2_A9012
25881A66K2,KARNE YOGISHWAR SAI,C,2,A9504,Data Structures Laboratory,72.41,21,29,sem2_attendance,ATT_S2_25881A66K2_A9504DSL,STU_25881A66K2,SUB_2_A9504
25881A66K2,KARNE YOGISHWAR SAI,C,2,A9304,Computer Aided Engineering Graphics,84.62,44,52,sem2_attendance,ATT_S2_25881A66K2_A9304CAEG,STU_25881A66K2,SUB_2_A9304
25881A66K2,KARNE YOGISHWAR SAI,C,2,A9022,Product Design and Development,92.86,39,42,sem2_attendance,ATT_S2_25881A66K2_A9022PDD,STU_25881A66K2,SUB_2_A9022
25881A66K3,KONDAPURAM YOUGENDER,C,2,A9002,Ordinary Differential Equations and Vector Calculus,77.33,58,75,sem2_attendance,ATT_S2_25881A66K3_A9002ODECV,STU_25881A66K3,SUB_2_A9002
25881A66K3,KONDAPURAM YOUGENDER,C,2,A9009,Engineering Chemistry,67.8,40,59,sem2_attendance,ATT_S2_25881A66K3_A9009EC,STU_25881A66K3,SUB_2_A9009
25881A66K3,KONDAPURAM YOUGENDER,C,2,A9011,English for Skills Enhancement,67.35,33,49,sem2_attendance,ATT_S2_25881A66K3_A9011ESE,STU_25881A66K3,SUB_2_A9011
25881A66K3,KONDAPURAM YOUGENDER,C,2,A9503,Data Structures,74.19,46,62,sem2_attendance,ATT_S2_25881A66K3_A9503DS,STU_25881A66K3,SUB_2_A9503
25881A66K3,KONDAPURAM YOUGENDER,C,2,A9402,Digital Electronics,86.89,53,61,sem2_attendance,ATT_S2_25881A66K3_A9402DE,STU_25881A66K3,SUB_2_A9402
25881A66K3,KONDAPURAM YOUGENDER,C,2,A9010,Engineering Chemistry Laboratory,93.33,42,45,sem2_attendance,ATT_S2_25881A66K3_A9010ECL,STU_25881A66K3,SUB_2_A9010
25881A66K3,KONDAPURAM YOUGENDER,C,2,A9012,English Language and Communication Skills Laboratory,68.75,33,48,sem2_attendance,ATT_S2_25881A66K3_A9012ESEL,STU_25881A66K3,SUB_2_A9012
25881A66K3,KONDAPURAM YOUGENDER,C,2,A9504,Data Structures Laboratory,65.52,19,29,sem2_attendance,ATT_S2_25881A66K3_A9504DSL,STU_25881A66K3,SUB_2_A9504
25881A66K3,KONDAPURAM YOUGENDER,C,2,A9304,Computer Aided Engineering Graphics,78.85,41,52,sem2_attendance,ATT_S2_25881A66K3_A9304CAEG,STU_25881A66K3,SUB_2_A9304
25881A66K3,KONDAPURAM YOUGENDER,C,2,A9022,Product Design and Development,100.0,42,42,sem2_attendance,ATT_S2_25881A66K3_A9022PDD,STU_25881A66K3,SUB_2_A9022
