student_id,roll_no,student_name,section,semester,subject_id,subject_code,subject_name,attendance_percentage,marks,grade,grade_point,status,sgpa,backlog_count
STU_25881A6601,25881A6601,PIDAKALA AASHISH,A,1,SUB_1_A9001,A9001,Matrices and Calculus,88.0,90.0,A+,,PASS,8.4,0
STU_25881A6601,25881A6601,PIDAKALA AASHISH,A,1,SUB_1_A9007,A9007,Engineering Physics,83.78,70.0,B+,,PASS,8.4,0
STU_25881A6601,25881A6601,PIDAKALA AASHISH,A,1,SUB_1_A9008,A9008,Engineering Physics Laboratory,100.0,100.0,O,,PASS,8.4,0
STU_25881A6601,25881A6601,PIDAKALA AASHISH,A,1,SUB_1_A9021,A9021,Community Centered Design Thinking,92.86,90.0,A+,,PASS,8.4,0
STU_25881A6601,25881A6601,PIDAKALA AASHISH,A,1,SUB_1_A9204,A9204,Basic Electrical Engineering,89.47,80.0,A,,PASS,8.4,0
STU_25881A6601,25881A6601,PIDAKALA AASHISH,A,1,SUB_1_A9205,A9205,Basic Electrical Engineering Laboratory,92.11,100.0,O,,PASS,8.4,0
STU_25881A6601,25881A6601,PIDAKALA AASHISH,A,1,SUB_1_A9302,A9302,Engineering Workshop,85.71,90.0,A+,,PASS,8.4,0
STU_25881A6601,25881A6601,PIDAKALA AASHISH,A,1,SUB_1_A9501,A9501,Programming for Problem Solving,90.28,80.0,A,,PASS,8.4,0
STU_25881A6601,25881A6601,PIDAKALA AASHISH,A,1,SUB_1_A9502,A9502,Programming for Problem Solving Laboratory,87.5,90.0,A+,,PASS,8.4,0
STU_25881A6601,25881A6601,PIDAKALA AASHISH,A,1,SUB_1_A9801,A9801,Foundations of Data Science,90.16,80.0,A,,PASS,8.4,0
STU_25881A6602,25881A6602,BIKUMALLA AASHRITA,A,1,SUB_1_A9001,A9001,Matrices and Calculus,89.33,100.0,O,,PASS,9.3,0
STU_25881A6602,25881A6602,BIKUMALLA AASHRITA,A,1,SUB_1_A9007,A9007,Engineering Physics,91.89,90.0,A+,,PASS,9.3,0
STU_25881A6602,25881A6602,BIKUMALLA AASHRITA,A,1,SUB_1_A9008,A9008,Engineering Physics Laboratory,78.57,100.0,O,,PASS,9.3,0
STU_25881A6602,25881A6602,BIKUMALLA AASHRITA,A,1,SUB_1_A9021,A9021,Community Centered Design Thinking,78.57,70.0,B+,,PASS,9.3,0
STU_25881A6602,25881A6602,BIKUMALLA AASHRITA,A,1,SUB_1_A9204,A9204,Basic Electrical Engineering,94.74,90.0,A+,,PASS,9.3,0
STU_25881A6602,25881A6602,BIKUMALLA AASHRITA,A,1,SUB_1_A9205,A9205,Basic Electrical Engineering Laboratory,100.0,100.0,O,,PASS,9.3,0
STU_25881A6602,25881A6602,BIKUMALLA AASHRITA,A,1,SUB_1_A9302,A9302,Engineering Workshop,85.71,100.0,O,,PASS,9.3,0
STU_25881A6602,25881A6602,BIKUMALLA AASHRITA,A,1,SUB_1_A9501,A9501,Programming for Problem Solving,94.44,80.0,A,,PASS,9.3,0
STU_25881A6602,25881A6602,BIKUMALLA AASHRITA,A,1,SUB_1_A9502,A9502,Programming for Problem Solving Laboratory,93.75,100.0,O,,PASS,9.3,0
STU_25881A6602,25881A6602,BIKUMALLA AASHRITA,A,1,SUB_1_A9801,A9801,Foundations of Data Science,95.08,100.0,O,,PASS,9.3,0
STU_25881A6603,25881A6603,GURRAPU ABHIRAM,A,1,SUB_1_A9001,A9001,Matrices and Calculus,81.33,90.0,A+,,PASS,7.95,0
STU_25881A6603,25881A6603,GURRAPU ABHIRAM,A,1,SUB_1_A9007,A9007,Engineering Physics,83.78,70.0,B+,,PASS,7.95,0
STU_25881A6603,25881A6603,GURRAPU ABHIRAM,A,1,SUB_1_A9008,A9008,Engineering Physics Laboratory,78.57,90.0,A+,,PASS,7.95,0
STU_25881A6603,25881A6603,GURRAPU ABHIRAM,A,1,SUB_1_A9021,A9021,Community Centered Design Thinking,85.71,80.0,A,,PASS,7.95,0
STU_25881A6603,25881A6603,GURRAPU ABHIRAM,A,1,SUB_1_A9204,A9204,Basic Electrical Engineering,86.84,90.0,A+,,PASS,7.95,0
STU_25881A6603,25881A6603,GURRAPU ABHIRAM,A,1,SUB_1_A9205,A9205,Basic Electrical Engineering Laboratory,100.0,100.0,O,,PASS,7.95,0
STU_25881A6603,25881A6603,GURRAPU ABHIRAM,A,1,SUB_1_A9302,A9302,Engineering Workshop,78.57,90.0,A+,,PASS,7.95,0
STU_25881A6603,25881A6603,GURRAPU ABHIRAM,A,1,SUB_1_A9501,A9501,Programming for Problem Solving,83.33,60.0,B,,PASS,7.95,0
STU_25881A6603,25881A6603,GURRAPU ABHIRAM,A,1,SUB_1_A9502,A9502,Programming for Problem Solving Laboratory,75.0,90.0,A+,,PASS,7.95,0
STU_25881A6603,25881A6603,GURRAPU ABHIRAM,A,1,SUB_1_A9801,A9801,Foundations of Data Science,88.52,70.0,B+,,PASS,7.95,0
STU_25881A6604,25881A6604,MUDAAVATH AKHIL,A,1,SUB_1_A9001,A9001,Matrices and Calculus,94.67,70.0,B+,,PASS,6.8,0
STU_25881A6604,25881A6604,MUDAAVATH AKHIL,A,1,SUB_1_A9007,A9007,Engineering Physics,98.65,60.0,B,,PASS,6.8,0
STU_25881A6604,25881A6604,MUDAAVATH AKHIL,A,1,SUB_1_A9008,A9008,Engineering Physics Laboratory,100.0,90.0,A+,,PASS,6.8,0
STU_25881A6604,25881A6604,MUDAAVATH AKHIL,A,1,SUB_1_A9021,A9021,Community Centered Design Thinking,100.0,100.0,O,,PASS,6.8,0
STU_25881A6604,25881A6604,MUDAAVATH AKHIL,A,1,SUB_1_A9204,A9204,Basic Electrical Engineering,98.68,50.0,C,,PASS,6.8,0
STU_25881A6604,25881A6604,MUDAAVATH AKHIL,A,1,SUB_1_A9205,A9205,Basic Electrical Engineering Laboratory,92.11,100.0,O,,PASS,6.8,0
STU_25881A6604,25881A6604,MUDAAVATH AKHIL,A,1,SUB_1_A9302,A9302,Engineering Workshop,92.86,100.0,O,,PASS,6.8,0
STU_25881A6604,25881A6604,MUDAAVATH AKHIL,A,1,SUB_1_A9501,A9501,Programming for Problem Solving,98.61,50.0,C,,PASS,6.8,0
STU_25881A6604,25881A6604,MUDAAVATH AKHIL,A,1,SUB_1_A9502,A9502,Programming for Problem Solving Laboratory,100.0,80.0,A,,PASS,6.8,0
STU_25881A6604,25881A6604,MUDAAVATH AKHIL,A,1,SUB_1_A9801,A9801,Foundations of Data Science,96.72,60.0,B,,PASS,6.8,0
STU_25881A6605,25881A6605,PURI AKSHAY KUMAR,A,1,SUB_1_A9001,A9001,Matrices and Calculus,73.33,50.0,C,,PASS,5.5,1
STU_25881A6605,25881A6605,PURI AKSHAY KUMAR,A,1,SUB_1_A9007,A9007,Engineering Physics,77.03,60.0,B,,PASS,5.5,1
STU_25881A6605,25881A6605,PURI AKSHAY KUMAR,A,1,SUB_1_A9008,A9008,Engineering Physics Laboratory,88.1,90.0,A+,,PASS,5.5,1
STU_25881A6605,25881A6605,PURI AKSHAY KUMAR,A,1,SUB_1_A9021,A9021,Community Centered Design Thinking,78.57,100.0,O,,PASS,5.5,1
STU_25881A6605,25881A6605,PURI AKSHAY KUMAR,A,1,SUB_1_A9204,A9204,Basic Electrical Engineering,82.89,60.0,B,,PASS,5.5,1
STU_25881A6605,25881A6605,PURI AKSHAY KUMAR,A,1,SUB_1_A9205,A9205,Basic Electrical Engineering Laboratory,84.21,90.0,A+,,PASS,5.5,1
STU_25881A6605,25881A6605,PURI AKSHAY KUMAR,A,1,SUB_1_A9302,A9302,Engineering Workshop,78.57,80.0,A,,PASS,5.5,1
STU_25881A6605,25881A6605,PURI AKSHAY KUMAR,A,1,SUB_1_A9501,A9501,Programming for Problem Solving,79.17,0.0,F,,FAIL,5.5,1
STU_25881A6605,25881A6605,PURI AKSHAY KUMAR,A,1,SUB_1_A9502,A9502,Programming for Problem Solving Laboratory,93.75,60.0,B,,PASS,5.5,1
STU_25881A6605,25881A6605,PURI AKSHAY KUMAR,A,1,SUB_1_A9801,A9801,Foundations of Data Science,83.61,60.0,B,,PASS,5.5,1
STU_25881A6606,25881A6606,TIPPARTHY AKSHAY,A,1,SUB_1_A9001,A9001,Matrices and Calculus,94.67,90.0,A+,,PASS,7.3,0
STU_25881A6606,25881A6606,TIPPARTHY AKSHAY,A,1,SUB_1_A9007,A9007,Engineering Physics,94.59,50.0,C,,PASS,7.3,0
STU_25881A6606,25881A6606,TIPPARTHY AKSHAY,A,1,SUB_1_A9008,A9008,Engineering Physics Laboratory,92.86,90.0,A+,,PASS,7.3,0
STU_25881A6606,25881A6606,TIPPARTHY AKSHAY,A,1,SUB_1_A9021,A9021,Community Centered Design Thinking,85.71,80.0,A,,PASS,7.3,0
STU_25881A6606,25881A6606,TIPPARTHY AKSHAY,A,1,SUB_1_A9204,A9204,Basic Electrical Engineering,98.68,70.0,B+,,PASS,7.3,0
STU_25881A6606,25881A6606,TIPPARTHY AKSHAY,A,1,SUB_1_A9205,A9205,Basic Electrical Engineering Laboratory,100.0,100.0,O,,PASS,7.3,0
STU_25881A6606,25881A6606,TIPPARTHY AKSHAY,A,1,SUB_1_A9302,A9302,Engineering Workshop,100.0,100.0,O,,PASS,7.3,0
STU_25881A6606,25881A6606,TIPPARTHY AKSHAY,A,1,SUB_1_A9501,A9501,Programming for Problem Solving,94.44,60.0,B,,PASS,7.3,0
STU_25881A6606,25881A6606,TIPPARTHY AKSHAY,A,1,SUB_1_A9502,A9502,Programming for Problem Solving Laboratory,100.0,80.0,A,,PASS,7.3,0
STU_25881A6606,25881A6606,TIPPARTHY AKSHAY,A,1,SUB_1_A9801,A9801,Foundations of Data Science,95.08,60.0,B,,PASS,7.3,0
STU_25881A6607,25881A6607,UYYALA AKSHAYA,A,1,SUB_1_A9001,A9001,Matrices and Calculus,82.67,70.0,B+,,PASS,6.75,0
STU_25881A6607,25881A6607,UYYALA AKSHAYA,A,1,SUB_1_A9007,A9007,Engineering Physics,82.43,60.0,B,,PASS,6.75,0
STU_25881A6607,25881A6607,UYYALA AKSHAYA,A,1,SUB_1_A9008,A9008,Engineering Physics Laboratory,78.57,90.0,A+,,PASS,6.75,0
STU_25881A6607,25881A6607,UYYALA AKSHAYA,A,1,SUB_1_A9021,A9021,Community Centered Design Thinking,78.57,80.0,A,,PASS,6.75,0
STU_25881A6607,25881A6607,UYYALA AKSHAYA,A,1,SUB_1_A9204,A9204,Basic Electrical Engineering,84.21,50.0,C,,PASS,6.75,0
STU_25881A6607,25881A6607,UYYALA AKSHAYA,A,1,SUB_1_A9205,A9205,Basic Electrical Engineering Laboratory,52.63,80.0,A,,PASS,6.75,0
STU_25881A6607,25881A6607,UYYALA AKSHAYA,A,1,SUB_1_A9302,A9302,Engineering Workshop,85.71,90.0,A+,,PASS,6.75,0
STU_25881A6607,25881A6607,UYYALA AKSHAYA,A,1,SUB_1_A9501,A9501,Programming for Problem Solving,86.11,50.0,C,,PASS,6.75,0
STU_25881A6607,25881A6607,UYYALA AKSHAYA,A,1,SUB_1_A9502,A9502,Programming for Problem Solving Laboratory,75.0,90.0,A+,,PASS,6.75,0
STU_25881A6607,25881A6607,UYYALA AKSHAYA,A,1,SUB_1_A9801,A9801,Foundations of Data Science,81.97,70.0,B+,,PASS,6.75,0
STU_25881A6608,25881A6608,SIRAMSETTI ANUSHA,A,1,SUB_1_A9001,A9001,Matrices and Calculus,96.0,100.0,O,,PASS,9.5,0
STU_25881A6608,25881A6608,SIRAMSETTI ANUSHA,A,1,SUB_1_A9007,A9007,Engineering Physics,95.95,90.0,A+,,PASS,9.5,0
STU_25881A6608,25881A6608,SIRAMSETTI ANUSHA,A,1,SUB_1_A9008,A9008,Engineering Physics Laboratory,92.86,100.0,O,,PASS,9.5,0
STU_25881A6608,25881A6608,SIRAMSETTI ANUSHA,A,1,SUB_1_A9021,A9021,Community Centered Design Thinking,92.86,90.0,A+,,PASS,9.5,0
STU_25881A6608,25881A6608,SIRAMSETTI ANUSHA,A,1,SUB_1_A9204,A9204,Basic Electrical Engineering,97.37,100.0,O,,PASS,9.5,0
STU_25881A6608,25881A6608,SIRAMSETTI ANUSHA,A,1,SUB_1_A9205,A9205,Basic Electrical Engineering Laboratory,100.0,100.0,O,,PASS,9.5,0
STU_25881A6608,25881A6608,SIRAMSETTI ANUSHA,A,1,SUB_1_A9302,A9302,Engineering Workshop,92.86,100.0,O,,PASS,9.5,0
STU_25881A6608,25881A6608,SIRAMSETTI ANUSHA,A,1,SUB_1_A9501,A9501,Programming for Problem Solving,95.83,90.0,A+,,PASS,9.5,0
STU_25881A6608,25881A6608,SIRAMSETTI ANUSHA,A,1,SUB_1_A9502,A9502,Programming for Problem Solving Laboratory,100.0,100.0,O,,PASS,9.5,0
STU_25881A6608,25881A6608,SIRAMSETTI ANUSHA,A,1,SUB_1_A9801,A9801,Foundations of Data Science,95.08,90.0,A+,,PASS,9.5,0
STU_25881A6609,25881A6609,BYRI CHANDAN KUMAR,A,1,SUB_1_A9001,A9001,Matrices and Calculus,80.0,90.0,A+,,PASS,9.1,0
STU_25881A6609,25881A6609,BYRI CHANDAN KUMAR,A,1,SUB_1_A9007,A9007,Engineering Physics,81.08,100.0,O,,PASS,9.1,0
STU_25881A6609,25881A6609,BYRI CHANDAN KUMAR,A,1,SUB_1_A9008,A9008,Engineering Physics Laboratory,92.86,100.0,O,,PASS,9.1,0
STU_25881A6609,25881A6609,BYRI CHANDAN KUMAR,A,1,SUB_1_A9021,A9021,Community Centered Design Thinking,71.43,80.0,A,,PASS,9.1,0
STU_25881A6609,25881A6609,BYRI CHANDAN KUMAR,A,1,SUB_1_A9204,A9204,Basic Electrical Engineering,88.16,100.0,O,,PASS,9.1,0
STU_25881A6609,25881A6609,BYRI CHANDAN KUMAR,A,1,SUB_1_A9205,A9205,Basic Electrical Engineering Laboratory,68.42,90.0,A+,,PASS,9.1,0
STU_25881A6609,25881A6609,BYRI CHANDAN KUMAR,A,1,SUB_1_A9302,A9302,Engineering Workshop,85.71,90.0,A+,,PASS,9.1,0
STU_25881A6609,25881A6609,BYRI CHANDAN KUMAR,A,1,SUB_1_A9501,A9501,Programming for Problem Solving,88.89,80.0,A,,PASS,9.1,0
STU_25881A6609,25881A6609,BYRI CHANDAN KUMAR,A,1,SUB_1_A9502,A9502,Programming for Problem Solving Laboratory,87.5,90.0,A+,,PASS,9.1,0
STU_25881A6609,25881A6609,BYRI CHANDAN KUMAR,A,1,SUB_1_A9801,A9801,Foundations of Data Science,83.61,90.0,A+,,PASS,9.1,0
STU_25881A6610,25881A6610,V DEEKSHITH REDDY,A,1,SUB_1_A9001,A9001,Matrices and Calculus,85.33,100.0,O,,PASS,8.6,0
STU_25881A6610,25881A6610,V DEEKSHITH REDDY,A,1,SUB_1_A9007,A9007,Engineering Physics,87.84,90.0,A+,,PASS,8.6,0
STU_25881A6610,25881A6610,V DEEKSHITH REDDY,A,1,SUB_1_A9008,A9008,Engineering Physics Laboratory,71.43,100.0,O,,PASS,8.6,0
STU_25881A6610,25881A6610,V DEEKSHITH REDDY,A,1,SUB_1_A9021,A9021,Community Centered Design Thinking,85.71,90.0,A+,,PASS,8.6,0
STU_25881A6610,25881A6610,V DEEKSHITH REDDY,A,1,SUB_1_A9204,A9204,Basic Electrical Engineering,89.47,90.0,A+,,PASS,8.6,0
STU_25881A6610,25881A6610,V DEEKSHITH REDDY,A,1,SUB_1_A9205,A9205,Basic Electrical Engineering Laboratory,92.11,100.0,O,,PASS,8.6,0
STU_25881A6610,25881A6610,V DEEKSHITH REDDY,A,1,SUB_1_A9302,A9302,Engineering Workshop,71.43,90.0,A+,,PASS,8.6,0
STU_25881A6610,25881A6610,V DEEKSHITH REDDY,A,1,SUB_1_A9501,A9501,Programming for Problem Solving,88.89,60.0,B,,PASS,8.6,0
STU_25881A6610,25881A6610,V DEEKSHITH REDDY,A,1,SUB_1_A9502,A9502,Programming for Problem Solving Laboratory,87.5,70.0,B+,,PASS,8.6,0
STU_25881A6610,25881A6610,V DEEKSHITH REDDY,A,1,SUB_1_A9801,A9801,Foundations of Data Science,90.16,80.0,A,,PASS,8.6,0
STU_25881A6611,25881A6611,NERELLA DEEPIKA,A,1,SUB_1_A9001,A9001,Matrices and Calculus,94.67,100.0,O,,PASS,9.5,0
STU_25881A6611,25881A6611,NERELLA DEEPIKA,A,1,SUB_1_A9007,A9007,Engineering Physics,91.89,100.0,O,,PASS,9.5,0
STU_25881A6611,25881A6611,NERELLA DEEPIKA,A,1,SUB_1_A9008,A9008,Engineering Physics Laboratory,92.86,100.0,O,,PASS,9.5,0
STU_25881A6611,25881A6611,NERELLA DEEPIKA,A,1,SUB_1_A9021,A9021,Community Centered Design Thinking,92.86,80.0,A,,PASS,9.5,0
STU_25881A6611,25881A6611,NERELLA DEEPIKA,A,1,SUB_1_A9204,A9204,Basic Electrical Engineering,94.74,100.0,O,,PASS,9.5,0
STU_25881A6611,25881A6611,NERELLA DEEPIKA,A,1,SUB_1_A9205,A9205,Basic Electrical Engineering Laboratory,84.21,100.0,O,,PASS,9.5,0
STU_25881A6611,25881A6611,NERELLA DEEPIKA,A,1,SUB_1_A9302,A9302,Engineering Workshop,85.71,100.0,O,,PASS,9.5,0
STU_25881A6611,25881A6611,NERELLA DEEPIKA,A,1,SUB_1_A9501,A9501,Programming for Problem Solving,93.06,80.0,A,,PASS,9.5,0
STU_25881A6611,25881A6611,NERELLA DEEPIKA,A,1,SUB_1_A9502,A9502,Programming for Problem Solving Laboratory,93.75,80.0,A,,PASS,9.5,0
STU_25881A6611,25881A6611,NERELLA DEEPIKA,A,1,SUB_1_A9801,A9801,Foundations of Data Science,95.08,100.0,O,,PASS,9.5,0
STU_25881A6612,25881A6612,THUMU ESWAR,A,1,SUB_1_A9001,A9001,Matrices and Calculus,82.67,70.0,B+,,PASS,4.45,3
STU_25881A6612,25881A6612,THUMU ESWAR,A,1,SUB_1_A9007,A9007,Engineering Physics,79.73,0.0,F,,FAIL,4.45,3
STU_25881A6612,25881A6612,THUMU ESWAR,A,1,SUB_1_A9008,A9008,Engineering Physics Laboratory,78.57,70.0,B+,,PASS,4.45,3
STU_25881A6612,25881A6612,THUMU ESWAR,A,1,SUB_1_A9021,A9021,Community Centered Design Thinking,85.71,80.0,A,,PASS,4.45,3
STU_25881A6612,25881A6612,THUMU ESWAR,A,1,SUB_1_A9204,A9204,Basic Electrical Engineering,93.42,0.0,F,,FAIL,4.45,3
STU_25881A6612,25881A6612,THUMU ESWAR,A,1,SUB_1_A9205,A9205,Basic Electrical Engineering Laboratory,84.21,80.0,A,,PASS,4.45,3
STU_25881A6612,25881A6612,THUMU ESWAR,A,1,SUB_1_A9302,A9302,Engineering Workshop,85.71,100.0,O,,PASS,4.45,3
STU_25881A6612,25881A6612,THUMU ESWAR,A,1,SUB_1_A9501,A9501,Programming for Problem Solving,88.89,0.0,F,,FAIL,4.45,3
STU_25881A6612,25881A6612,THUMU ESWAR,A,1,SUB_1_A9502,A9502,Programming for Problem Solving Laboratory,81.25,70.0,B+,,PASS,4.45,3
STU_25881A6612,25881A6612,THUMU ESWAR,A,1,SUB_1_A9801,A9801,Foundations of Data Science,83.61,70.0,B+,,PASS,4.45,3
STU_25881A6613,25881A6613,GUNDALA GOURI PRIYA,A,1,SUB_1_A9001,A9001,Matrices and Calculus,86.67,100.0,O,,PASS,9.05,0
STU_25881A6613,25881A6613,GUNDALA GOURI PRIYA,A,1,SUB_1_A9007,A9007,Engineering Physics,86.49,80.0,A,,PASS,9.05,0
STU_25881A6613,25881A6613,GUNDALA GOURI PRIYA,A,1,SUB_1_A9008,A9008,Engineering Physics Laboratory,85.71,100.0,O,,PASS,9.05,0
STU_25881A6613,25881A6613,GUNDALA GOURI PRIYA,A,1,SUB_1_A9021,A9021,Community Centered Design Thinking,85.71,100.0,O,,PASS,9.05,0
STU_25881A6613,25881A6613,GUNDALA GOURI PRIYA,A,1,SUB_1_A9204,A9204,Basic Electrical Engineering,85.53,100.0,O,,PASS,9.05,0
STU_25881A6613,25881A6613,GUNDALA GOURI PRIYA,A,1,SUB_1_A9205,A9205,Basic Electrical Engineering Laboratory,84.21,100.0,O,,PASS,9.05,0
STU_25881A6613,25881A6613,GUNDALA GOURI PRIYA,A,1,SUB_1_A9302,A9302,Engineering Workshop,78.57,90.0,A+,,PASS,9.05,0
STU_25881A6613,25881A6613,GUNDALA GOURI PRIYA,A,1,SUB_1_A9501,A9501,Programming for Problem Solving,88.89,80.0,A,,PASS,9.05,0
STU_25881A6613,25881A6613,GUNDALA GOURI PRIYA,A,1,SUB_1_A9502,A9502,Programming for Problem Solving Laboratory,87.5,100.0,O,,PASS,9.05,0
STU_25881A6613,25881A6613,GUNDALA GOURI PRIYA,A,1,SUB_1_A9801,A9801,Foundations of Data Science,86.89,80.0,A,,PASS,9.05,0
STU_25881A6614,25881A6614,THOKALA GOUTHAM REDDY,A,1,SUB_1_A9001,A9001,Matrices and Calculus,82.67,70.0,B+,,PASS,7.25,0
STU_25881A6614,25881A6614,THOKALA GOUTHAM REDDY,A,1,SUB_1_A9007,A9007,Engineering Physics,89.19,70.0,B+,,PASS,7.25,0
STU_25881A6614,25881A6614,THOKALA GOUTHAM REDDY,A,1,SUB_1_A9008,A9008,Engineering Physics Laboratory,85.71,90.0,A+,,PASS,7.25,0
STU_25881A6614,25881A6614,THOKALA GOUTHAM REDDY,A,1,SUB_1_A9021,A9021,Community Centered Design Thinking,85.71,100.0,O,,PASS,7.25,0
STU_25881A6614,25881A6614,THOKALA GOUTHAM REDDY,A,1,SUB_1_A9204,A9204,Basic Electrical Engineering,93.42,70.0,B+,,PASS,7.25,0
STU_25881A6614,25881A6614,THOKALA GOUTHAM REDDY,A,1,SUB_1_A9205,A9205,Basic Electrical Engineering Laboratory,100.0,90.0,A+,,PASS,7.25,0
STU_25881A6614,25881A6614,THOKALA GOUTHAM REDDY,A,1,SUB_1_A9302,A9302,Engineering Workshop,85.71,90.0,A+,,PASS,7.25,0
STU_25881A6614,25881A6614,THOKALA GOUTHAM REDDY,A,1,SUB_1_A9501,A9501,Programming for Problem Solving,88.89,50.0,C,,PASS,7.25,0
STU_25881A6614,25881A6614,THOKALA GOUTHAM REDDY,A,1,SUB_1_A9502,A9502,Programming for Problem Solving Laboratory,81.25,90.0,A+,,PASS,7.25,0
STU_25881A6614,25881A6614,THOKALA GOUTHAM REDDY,A,1,SUB_1_A9801,A9801,Foundations of Data Science,90.16,70.0,B+,,PASS,7.25,0
STU_25881A6615,25881A6615,K HARI HARA VARDHAN GOUD,A,1,SUB_1_A9001,A9001,Matrices and Calculus,93.33,50.0,C,,PASS,6.95,0
STU_25881A6615,25881A6615,K HARI HARA VARDHAN GOUD,A,1,SUB_1_A9007,A9007,Engineering Physics,87.84,70.0,B+,,PASS,6.95,0
STU_25881A6615,25881A6615,K HARI HARA VARDHAN GOUD,A,1,SUB_1_A9008,A9008,Engineering Physics Laboratory,92.86,90.0,A+,,PASS,6.95,0
STU_25881A6615,25881A6615,K HARI HARA VARDHAN GOUD,A,1,SUB_1_A9021,A9021,Community Centered Design Thinking,78.57,90.0,A+,,PASS,6.95,0
STU_25881A6615,25881A6615,K HARI HARA VARDHAN GOUD,A,1,SUB_1_A9204,A9204,Basic Electrical Engineering,97.37,70.0,B+,,PASS,6.95,0
STU_25881A6615,25881A6615,K HARI HARA VARDHAN GOUD,A,1,SUB_1_A9205,A9205,Basic Electrical Engineering Laboratory,84.21,90.0,A+,,PASS,6.95,0
STU_25881A6615,25881A6615,K HARI HARA VARDHAN GOUD,A,1,SUB_1_A9302,A9302,Engineering Workshop,85.71,90.0,A+,,PASS,6.95,0
STU_25881A6615,25881A6615,K HARI HARA VARDHAN GOUD,A,1,SUB_1_A9501,A9501,Programming for Problem Solving,90.28,70.0,B+,,PASS,6.95,0
STU_25881A6615,25881A6615,K HARI HARA VARDHAN GOUD,A,1,SUB_1_A9502,A9502,Programming for Problem Solving Laboratory,93.75,60.0,B,,PASS,6.95,0
STU_25881A6615,25881A6615,K HARI HARA VARDHAN GOUD,A,1,SUB_1_A9801,A9801,Foundations of Data Science,93.44,70.0,B+,,PASS,6.95,0
STU_25881A6616,25881A6616,RAPARTHI HARI CHARAN,A,1,SUB_1_A9001,A9001,Matrices and Calculus,90.67,60.0,B,,PASS,4.7,2
STU_25881A6616,25881A6616,RAPARTHI HARI CHARAN,A,1,SUB_1_A9007,A9007,Engineering Physics,90.54,50.0,C,,PASS,4.7,2
STU_25881A6616,25881A6616,RAPARTHI HARI CHARAN,A,1,SUB_1_A9008,A9008,Engineering Physics Laboratory,85.71,70.0,B+,,PASS,4.7,2
STU_25881A6616,25881A6616,RAPARTHI HARI CHARAN,A,1,SUB_1_A9021,A9021,Community Centered Design Thinking,92.86,80.0,A,,PASS,4.7,2
STU_25881A6616,25881A6616,RAPARTHI HARI CHARAN,A,1,SUB_1_A9204,A9204,Basic Electrical Engineering,97.37,0.0,F,,FAIL,4.7,2
STU_25881A6616,25881A6616,RAPARTHI HARI CHARAN,A,1,SUB_1_A9205,A9205,Basic Electrical Engineering Laboratory,84.21,70.0,B+,,PASS,4.7,2
STU_25881A6616,25881A6616,RAPARTHI HARI CHARAN,A,1,SUB_1_A9302,A9302,Engineering Workshop,92.86,80.0,A,,PASS,4.7,2
STU_25881A6616,25881A6616,RAPARTHI HARI CHARAN,A,1,SUB_1_A9501,A9501,Programming for Problem Solving,87.5,0.0,F,,FAIL,4.7,2
STU_25881A6616,25881A6616,RAPARTHI HARI CHARAN,A,1,SUB_1_A9502,A9502,Programming for Problem Solving Laboratory,87.5,70.0,B+,,PASS,4.7,2
STU_25881A6616,25881A6616,RAPARTHI HARI CHARAN,A,1,SUB_1_A9801,A9801,Foundations of Data Science,88.52,60.0,B,,PASS,4.7,2
STU_25881A6617,25881A6617,SAGRLA HARIKA,A,1,SUB_1_A9001,A9001,Matrices and Calculus,84.0,80.0,A,,PASS,7.95,0
STU_25881A6617,25881A6617,SAGRLA HARIKA,A,1,SUB_1_A9007,A9007,Engineering Physics,83.78,80.0,A,,PASS,7.95,0
STU_25881A6617,25881A6617,SAGRLA HARIKA,A,1,SUB_1_A9008,A9008,Engineering Physics Laboratory,85.71,100.0,O,,PASS,7.95,0
STU_25881A6617,25881A6617,SAGRLA HARIKA,A,1,SUB_1_A9021,A9021,Community Centered Design Thinking,78.57,80.0,A,,PASS,7.95,0
STU_25881A6617,25881A6617,SAGRLA HARIKA,A,1,SUB_1_A9204,A9204,Basic Electrical Engineering,85.53,90.0,A+,,PASS,7.95,0
STU_25881A6617,25881A6617,SAGRLA HARIKA,A,1,SUB_1_A9205,A9205,Basic Electrical Engineering Laboratory,92.11,100.0,O,,PASS,7.95,0
STU_25881A6617,25881A6617,SAGRLA HARIKA,A,1,SUB_1_A9302,A9302,Engineering Workshop,85.71,90.0,A+,,PASS,7.95,0
STU_25881A6617,25881A6617,SAGRLA HARIKA,A,1,SUB_1_A9501,A9501,Programming for Problem Solving,79.17,60.0,B,,PASS,7.95,0
STU_25881A6617,25881A6617,SAGRLA HARIKA,A,1,SUB_1_A9502,A9502,Programming for Problem Solving Laboratory,93.75,60.0,B,,PASS,7.95,0
STU_25881A6617,25881A6617,SAGRLA HARIKA,A,1,SUB_1_A9801,A9801,Foundations of Data Science,91.8,80.0,A,,PASS,7.95,0
STU_25881A6618,25881A6618,HARIKA DAVUPATI,A,1,SUB_1_A9001,A9001,Matrices and Calculus,93.33,70.0,B+,,PASS,7.3,0
STU_25881A6618,25881A6618,HARIKA DAVUPATI,A,1,SUB_1_A9007,A9007,Engineering Physics,86.49,60.0,B,,PASS,7.3,0
STU_25881A6618,25881A6618,HARIKA DAVUPATI,A,1,SUB_1_A9008,A9008,Engineering Physics Laboratory,100.0,90.0,A+,,PASS,7.3,0
STU_25881A6618,25881A6618,HARIKA DAVUPATI,A,1,SUB_1_A9021,A9021,Community Centered Design Thinking,85.71,90.0,A+,,PASS,7.3,0
STU_25881A6618,25881A6618,HARIKA DAVUPATI,A,1,SUB_1_A9204,A9204,Basic Electrical Engineering,93.42,70.0,B+,,PASS,7.3,0
STU_25881A6618,25881A6618,HARIKA DAVUPATI,A,1,SUB_1_A9205,A9205,Basic Electrical Engineering Laboratory,76.32,90.0,A+,,PASS,7.3,0
STU_25881A6618,25881A6618,HARIKA DAVUPATI,A,1,SUB_1_A9302,A9302,Engineering Workshop,92.86,100.0,O,,PASS,7.3,0
STU_25881A6618,25881A6618,HARIKA DAVUPATI,A,1,SUB_1_A9501,A9501,Programming for Problem Solving,88.89,60.0,B,,PASS,7.3,0
STU_25881A6618,25881A6618,HARIKA DAVUPATI,A,1,SUB_1_A9502,A9502,Programming for Problem Solving Laboratory,93.75,70.0,B+,,PASS,7.3,0
STU_25881A6618,25881A6618,HARIKA DAVUPATI,A,1,SUB_1_A9801,A9801,Foundations of Data Science,86.89,80.0,A,,PASS,7.3,0
STU_25881A6619,25881A6619,ABDUL HASEEB AHMED,A,1,SUB_1_A9001,A9001,Matrices and Calculus,80.0,70.0,B+,,PASS,7.7,0
STU_25881A6619,25881A6619,ABDUL HASEEB AHMED,A,1,SUB_1_A9007,A9007,Engineering Physics,82.43,80.0,A,,PASS,7.7,0
STU_25881A6619,25881A6619,ABDUL HASEEB AHMED,A,1,SUB_1_A9008,A9008,Engineering Physics Laboratory,85.71,100.0,O,,PASS,7.7,0
STU_25881A6619,25881A6619,ABDUL HASEEB AHMED,A,1,SUB_1_A9021,A9021,Community Centered Design Thinking,85.71,80.0,A,,PASS,7.7,0
STU_25881A6619,25881A6619,ABDUL HASEEB AHMED,A,1,SUB_1_A9204,A9204,Basic Electrical Engineering,92.11,70.0,B+,,PASS,7.7,0
STU_25881A6619,25881A6619,ABDUL HASEEB AHMED,A,1,SUB_1_A9205,A9205,Basic Electrical Engineering Laboratory,84.21,90.0,A+,,PASS,7.7,0
STU_25881A6619,25881A6619,ABDUL HASEEB AHMED,A,1,SUB_1_A9302,A9302,Engineering Workshop,85.71,90.0,A+,,PASS,7.7,0
STU_25881A6619,25881A6619,ABDUL HASEEB AHMED,A,1,SUB_1_A9501,A9501,Programming for Problem Solving,81.94,60.0,B,,PASS,7.7,0
STU_25881A6619,25881A6619,ABDUL HASEEB AHMED,A,1,SUB_1_A9502,A9502,Programming for Problem Solving Laboratory,81.25,70.0,B+,,PASS,7.7,0
STU_25881A6619,25881A6619,ABDUL HASEEB AHMED,A,1,SUB_1_A9801,A9801,Foundations of Data Science,86.89,90.0,A+,,PASS,7.7,0
STU_25881A6620,25881A6620,KUNTA JASHWANTH,A,1,SUB_1_A9001,A9001,Matrices and Calculus,90.67,100.0,O,,PASS,8.65,0
STU_25881A6620,25881A6620,KUNTA JASHWANTH,A,1,SUB_1_A9007,A9007,Engineering Physics,90.54,80.0,A,,PASS,8.65,0
STU_25881A6620,25881A6620,KUNTA JASHWANTH,A,1,SUB_1_A9008,A9008,Engineering Physics Laboratory,85.71,100.0,O,,PASS,8.65,0
STU_25881A6620,25881A6620,KUNTA JASHWANTH,A,1,SUB_1_A9021,A9021,Community Centered Design Thinking,78.57,80.0,A,,PASS,8.65,0
STU_25881A6620,25881A6620,KUNTA JASHWANTH,A,1,SUB_1_A9204,A9204,Basic Electrical Engineering,93.42,90.0,A+,,PASS,8.65,0
STU_25881A6620,25881A6620,KUNTA JASHWANTH,A,1,SUB_1_A9205,A9205,Basic Electrical Engineering Laboratory,92.11,100.0,O,,PASS,8.65,0
STU_25881A6620,25881A6620,KUNTA JASHWANTH,A,1,SUB_1_A9302,A9302,Engineering Workshop,92.86,90.0,A+,,PASS,8.65,0
STU_25881A6620,25881A6620,KUNTA JASHWANTH,A,1,SUB_1_A9501,A9501,Programming for Problem Solving,95.83,80.0,A,,PASS,8.65,0
STU_25881A6620,25881A6620,KUNTA JASHWANTH,A,1,SUB_1_A9502,A9502,Programming for Problem Solving Laboratory,93.75,90.0,A+,,PASS,8.65,0
STU_25881A6620,25881A6620,KUNTA JASHWANTH,A,1,SUB_1_A9801,A9801,Foundations of Data Science,98.36,70.0,B+,,PASS,8.65,0
STU_25881A6621,25881A6621,MADAGANI JASHWANTH,A,1,SUB_1_A9001,A9001,Matrices and Calculus,90.67,60.0,B,,PASS,4.55,2
STU_25881A6621,25881A6621,MADAGANI JASHWANTH,A,1,SUB_1_A9007,A9007,Engineering Physics,87.84,0.0,F,,FAIL,4.55,2
STU_25881A6621,25881A6621,MADAGANI JASHWANTH,A,1,SUB_1_A9008,A9008,Engineering Physics Laboratory,85.71,90.0,A+,,PASS,4.55,2
STU_25881A6621,25881A6621,MADAGANI JASHWANTH,A,1,SUB_1_A9021,A9021,Community Centered Design Thinking,92.86,80.0,A,,PASS,4.55,2
STU_25881A6621,25881A6621,MADAGANI JASHWANTH,A,1,SUB_1_A9204,A9204,Basic Electrical Engineering,98.68,50.0,C,,PASS,4.55,2
STU_25881A6621,25881A6621,MADAGANI JASHWANTH,A,1,SUB_1_A9205,A9205,Basic Electrical Engineering Laboratory,100.0,70.0,B+,,PASS,4.55,2
STU_25881A6621,25881A6621,MADAGANI JASHWANTH,A,1,SUB_1_A9302,A9302,Engineering Workshop,92.86,90.0,A+,,PASS,4.55,2
STU_25881A6621,25881A6621,MADAGANI JASHWANTH,A,1,SUB_1_A9501,A9501,Programming for Problem Solving,84.72,0.0,F,,FAIL,4.55,2
STU_25881A6621,25881A6621,MADAGANI JASHWANTH,A,1,SUB_1_A9502,A9502,Programming for Problem Solving Laboratory,93.75,60.0,B,,PASS,4.55,2
STU_25881A6621,25881A6621,MADAGANI JASHWANTH,A,1,SUB_1_A9801,A9801,Foundations of Data Science,93.44,60.0,B,,PASS,4.55,2
STU_25881A6622,25881A6622,PENDYALA JESHWANTH,A,1,SUB_1_A9001,A9001,Matrices and Calculus,58.67,0.0,F,,FAIL,1.75,5
STU_25881A6622,25881A6622,PENDYALA JESHWANTH,A,1,SUB_1_A9007,A9007,Engineering Physics,64.86,0.0,F,,FAIL,1.75,5
STU_25881A6622,25881A6622,PENDYALA JESHWANTH,A,1,SUB_1_A9008,A9008,Engineering Physics Laboratory,64.29,70.0,B+,,PASS,1.75,5
STU_25881A6622,25881A6622,PENDYALA JESHWANTH,A,1,SUB_1_A9021,A9021,Community Centered Design Thinking,64.29,70.0,B+,,PASS,1.75,5
STU_25881A6622,25881A6622,PENDYALA JESHWANTH,A,1,SUB_1_A9204,A9204,Basic Electrical Engineering,72.37,0.0,F,,FAIL,1.75,5
STU_25881A6622,25881A6622,PENDYALA JESHWANTH,A,1,SUB_1_A9205,A9205,Basic Electrical Engineering Laboratory,71.05,80.0,A,,PASS,1.75,5
STU_25881A6622,25881A6622,PENDYALA JESHWANTH,A,1,SUB_1_A9302,A9302,Engineering Workshop,57.14,80.0,A,,PASS,1.75,5
STU_25881A6622,25881A6622,PENDYALA JESHWANTH,A,1,SUB_1_A9501,A9501,Programming for Problem Solving,73.61,0.0,F,,FAIL,1.75,5
STU_25881A6622,25881A6622,PENDYALA JESHWANTH,A,1,SUB_1_A9502,A9502,Programming for Problem Solving Laboratory,75.0,50.0,C,,PASS,1.75,5
STU_25881A6622,25881A6622,PENDYALA JESHWANTH,A,1,SUB_1_A9801,A9801,Foundations of Data Science,77.05,0.0,F,,FAIL,1.75,5
STU_25881A6623,25881A6623,MANDHA LAKSHMIKAR REDDY,A,1,SUB_1_A9001,A9001,Matrices and Calculus,90.67,90.0,A+,,PASS,9.05,0
STU_25881A6623,25881A6623,MANDHA LAKSHMIKAR REDDY,A,1,SUB_1_A9007,A9007,Engineering Physics,90.54,90.0,A+,,PASS,9.05,0
STU_25881A6623,25881A6623,MANDHA LAKSHMIKAR REDDY,A,1,SUB_1_A9008,A9008,Engineering Physics Laboratory,100.0,100.0,O,,PASS,9.05,0
STU_25881A6623,25881A6623,MANDHA LAKSHMIKAR REDDY,A,1,SUB_1_A9021,A9021,Community Centered Design Thinking,100.0,100.0,O,,PASS,9.05,0
STU_25881A6623,25881A6623,MANDHA LAKSHMIKAR REDDY,A,1,SUB_1_A9204,A9204,Basic Electrical Engineering,94.74,100.0,O,,PASS,9.05,0
STU_25881A6623,25881A6623,MANDHA LAKSHMIKAR REDDY,A,1,SUB_1_A9205,A9205,Basic Electrical Engineering Laboratory,92.11,100.0,O,,PASS,9.05,0
STU_25881A6623,25881A6623,MANDHA LAKSHMIKAR REDDY,A,1,SUB_1_A9302,A9302,Engineering Workshop,85.71,100.0,O,,PASS,9.05,0
STU_25881A6623,25881A6623,MANDHA LAKSHMIKAR REDDY,A,1,SUB_1_A9501,A9501,Programming for Problem Solving,94.44,70.0,B+,,PASS,9.05,0
STU_25881A6623,25881A6623,MANDHA LAKSHMIKAR REDDY,A,1,SUB_1_A9502,A9502,Programming for Problem Solving Laboratory,93.75,100.0,O,,PASS,9.05,0
STU_25881A6623,25881A6623,MANDHA LAKSHMIKAR REDDY,A,1,SUB_1_A9801,A9801,Foundations of Data Science,93.44,90.0,A+,,PASS,9.05,0
STU_25881A6624,25881A6624,K LOKESH,A,1,SUB_1_A9001,A9001,Matrices and Calculus,80.0,100.0,O,,PASS,9.5,0
STU_25881A6624,25881A6624,K LOKESH,A,1,SUB_1_A9007,A9007,Engineering Physics,78.38,100.0,O,,PASS,9.5,0
STU_25881A6624,25881A6624,K LOKESH,A,1,SUB_1_A9008,A9008,Engineering Physics Laboratory,85.71,100.0,O,,PASS,9.5,0
STU_25881A6624,25881A6624,K LOKESH,A,1,SUB_1_A9021,A9021,Community Centered Design Thinking,78.57,70.0,B+,,PASS,9.5,0
STU_25881A6624,25881A6624,K LOKESH,A,1,SUB_1_A9204,A9204,Basic Electrical Engineering,85.53,100.0,O,,PASS,9.5,0
STU_25881A6624,25881A6624,K LOKESH,A,1,SUB_1_A9205,A9205,Basic Electrical Engineering Laboratory,84.21,100.0,O,,PASS,9.5,0
STU_25881A6624,25881A6624,K LOKESH,A,1,SUB_1_A9302,A9302,Engineering Workshop,71.43,90.0,A+,,PASS,9.5,0
STU_25881A6624,25881A6624,K LOKESH,A,1,SUB_1_A9501,A9501,Programming for Problem Solving,80.56,90.0,A+,,PASS,9.5,0
STU_25881A6624,25881A6624,K LOKESH,A,1,SUB_1_A9502,A9502,Programming for Problem Solving Laboratory,87.5,100.0,O,,PASS,9.5,0
STU_25881A6624,25881A6624,K LOKESH,A,1,SUB_1_A9801,A9801,Foundations of Data Science,85.25,90.0,A+,,PASS,9.5,0
STU_25881A6625,25881A6625,MANASA SHARMA K,A,1,SUB_1_A9001,A9001,Matrices and Calculus,82.67,90.0,A+,,PASS,8.3,0
STU_25881A6625,25881A6625,MANASA SHARMA K,A,1,SUB_1_A9007,A9007,Engineering Physics,78.38,80.0,A,,PASS,8.3,0
STU_25881A6625,25881A6625,MANASA SHARMA K,A,1,SUB_1_A9008,A9008,Engineering Physics Laboratory,85.71,100.0,O,,PASS,8.3,0
STU_25881A6625,25881A6625,MANASA SHARMA K,A,1,SUB_1_A9021,A9021,Community Centered Design Thinking,85.71,90.0,A+,,PASS,8.3,0
STU_25881A6625,25881A6625,MANASA SHARMA K,A,1,SUB_1_A9204,A9204,Basic Electrical Engineering,84.21,70.0,B+,,PASS,8.3,0
STU_25881A6625,25881A6625,MANASA SHARMA K,A,1,SUB_1_A9205,A9205,Basic Electrical Engineering Laboratory,76.32,100.0,O,,PASS,8.3,0
STU_25881A6625,25881A6625,MANASA SHARMA K,A,1,SUB_1_A9302,A9302,Engineering Workshop,78.57,90.0,A+,,PASS,8.3,0
STU_25881A6625,25881A6625,MANASA SHARMA K,A,1,SUB_1_A9501,A9501,Programming for Problem Solving,80.56,70.0,B+,,PASS,8.3,0
STU_25881A6625,25881A6625,MANASA SHARMA K,A,1,SUB_1_A9502,A9502,Programming for Problem Solving Laboratory,75.0,90.0,A+,,PASS,8.3,0
STU_25881A6625,25881A6625,MANASA SHARMA K,A,1,SUB_1_A9801,A9801,Foundations of Data Science,83.61,80.0,A,,PASS,8.3,0
STU_25881A6626,25881A6626,JUVVANTHULA MANEESH REDDY,A,1,SUB_1_A9001,A9001,Matrices and Calculus,85.33,0.0,F,,FAIL,1.85,5
STU_25881A6626,25881A6626,JUVVANTHULA MANEESH REDDY,A,1,SUB_1_A9007,A9007,Engineering Physics,86.49,0.0,F,,FAIL,1.85,5
STU_25881A6626,25881A6626,JUVVANTHULA MANEESH REDDY,A,1,SUB_1_A9008,A9008,Engineering Physics Laboratory,85.71,70.0,B+,,PASS,1.85,5
STU_25881A6626,25881A6626,JUVVANTHULA MANEESH REDDY,A,1,SUB_1_A9021,A9021,Community Centered Design Thinking,78.57,80.0,A,,PASS,1.85,5
STU_25881A6626,25881A6626,JUVVANTHULA MANEESH REDDY,A,1,SUB_1_A9204,A9204,Basic Electrical Engineering,93.42,0.0,F,,FAIL,1.85,5
STU_25881A6626,25881A6626,JUVVANTHULA MANEESH REDDY,A,1,SUB_1_A9205,A9205,Basic Electrical Engineering Laboratory,92.11,70.0,B+,,PASS,1.85,5
STU_25881A6626,25881A6626,JUVVANTHULA MANEESH REDDY,A,1,SUB_1_A9302,A9302,Engineering Workshop,92.86,90.0,A+,,PASS,1.85,5
STU_25881A6626,25881A6626,JUVVANTHULA MANEESH REDDY,A,1,SUB_1_A9501,A9501,Programming for Problem Solving,93.06,0.0,F,,FAIL,1.85,5
STU_25881A6626,25881A6626,JUVVANTHULA MANEESH REDDY,A,1,SUB_1_A9502,A9502,Programming for Problem Solving Laboratory,87.5,60.0,B,,PASS,1.85,5
STU_25881A6626,25881A6626,JUVVANTHULA MANEESH REDDY,A,1,SUB_1_A9801,A9801,Foundations of Data Science,93.44,0.0,F,,FAIL,1.85,5
STU_25881A6627,25881A6627,POCHABOINA MANISH YADAV,A,1,SUB_1_A9001,A9001,Matrices and Calculus,88.0,100.0,O,,PASS,8.35,0
STU_25881A6627,25881A6627,POCHABOINA MANISH YADAV,A,1,SUB_1_A9007,A9007,Engineering Physics,87.84,70.0,B+,,PASS,8.35,0
STU_25881A6627,25881A6627,POCHABOINA MANISH YADAV,A,1,SUB_1_A9008,A9008,Engineering Physics Laboratory,100.0,90.0,A+,,PASS,8.35,0
STU_25881A6627,25881A6627,POCHABOINA MANISH YADAV,A,1,SUB_1_A9021,A9021,Community Centered Design Thinking,92.86,100.0,O,,PASS,8.35,0
STU_25881A6627,25881A6627,POCHABOINA MANISH YADAV,A,1,SUB_1_A9204,A9204,Basic Electrical Engineering,90.79,80.0,A,,PASS,8.35,0
STU_25881A6627,25881A6627,POCHABOINA MANISH YADAV,A,1,SUB_1_A9205,A9205,Basic Electrical Engineering Laboratory,100.0,100.0,O,,PASS,8.35,0
STU_25881A6627,25881A6627,POCHABOINA MANISH YADAV,A,1,SUB_1_A9302,A9302,Engineering Workshop,100.0,100.0,O,,PASS,8.35,0
STU_25881A6627,25881A6627,POCHABOINA MANISH YADAV,A,1,SUB_1_A9501,A9501,Programming for Problem Solving,94.44,60.0,B,,PASS,8.35,0
STU_25881A6627,25881A6627,POCHABOINA MANISH YADAV,A,1,SUB_1_A9502,A9502,Programming for Problem Solving Laboratory,75.0,90.0,A+,,PASS,8.35,0
STU_25881A6627,25881A6627,POCHABOINA MANISH YADAV,A,1,SUB_1_A9801,A9801,Foundations of Data Science,88.52,80.0,A,,PASS,8.35,0
STU_25881A6628,25881A6628,JERIPOTHULA MOKSHA,A,1,SUB_1_A9001,A9001,Matrices and Calculus,85.33,80.0,A,,PASS,8.35,0
STU_25881A6628,25881A6628,JERIPOTHULA MOKSHA,A,1,SUB_1_A9007,A9007,Engineering Physics,85.14,80.0,A,,PASS,8.35,0
STU_25881A6628,25881A6628,JERIPOTHULA MOKSHA,A,1,SUB_1_A9008,A9008,Engineering Physics Laboratory,92.86,100.0,O,,PASS,8.35,0
STU_25881A6628,25881A6628,JERIPOTHULA MOKSHA,A,1,SUB_1_A9021,A9021,Community Centered Design Thinking,85.71,90.0,A+,,PASS,8.35,0
STU_25881A6628,25881A6628,JERIPOTHULA MOKSHA,A,1,SUB_1_A9204,A9204,Basic Electrical Engineering,88.16,90.0,A+,,PASS,8.35,0
STU_25881A6628,25881A6628,JERIPOTHULA MOKSHA,A,1,SUB_1_A9205,A9205,Basic Electrical Engineering Laboratory,92.11,100.0,O,,PASS,8.35,0
STU_25881A6628,25881A6628,JERIPOTHULA MOKSHA,A,1,SUB_1_A9302,A9302,Engineering Workshop,92.86,100.0,O,,PASS,8.35,0
STU_25881A6628,25881A6628,JERIPOTHULA MOKSHA,A,1,SUB_1_A9501,A9501,Programming for Problem Solving,87.5,60.0,B,,PASS,8.35,0
STU_25881A6628,25881A6628,JERIPOTHULA MOKSHA,A,1,SUB_1_A9502,A9502,Programming for Problem Solving Laboratory,81.25,90.0,A+,,PASS,8.35,0
STU_25881A6628,25881A6628,JERIPOTHULA MOKSHA,A,1,SUB_1_A9801,A9801,Foundations of Data Science,90.16,90.0,A+,,PASS,8.35,0
STU_25881A6629,25881A6629,MOHAMMED MUDDABIR AHMED,A,1,SUB_1_A9001,A9001,Matrices and Calculus,78.67,60.0,B,,PASS,5.9,1
STU_25881A6629,25881A6629,MOHAMMED MUDDABIR AHMED,A,1,SUB_1_A9007,A9007,Engineering Physics,82.43,60.0,B,,PASS,5.9,1
STU_25881A6629,25881A6629,MOHAMMED MUDDABIR AHMED,A,1,SUB_1_A9008,A9008,Engineering Physics Laboratory,80.95,80.0,A,,PASS,5.9,1
STU_25881A6629,25881A6629,MOHAMMED MUDDABIR AHMED,A,1,SUB_1_A9021,A9021,Community Centered Design Thinking,85.71,90.0,A+,,PASS,5.9,1
STU_25881A6629,25881A6629,MOHAMMED MUDDABIR AHMED,A,1,SUB_1_A9204,A9204,Basic Electrical Engineering,90.79,70.0,B+,,PASS,5.9,1
STU_25881A6629,25881A6629,MOHAMMED MUDDABIR AHMED,A,1,SUB_1_A9205,A9205,Basic Electrical Engineering Laboratory,84.21,80.0,A,,PASS,5.9,1
STU_25881A6629,25881A6629,MOHAMMED MUDDABIR AHMED,A,1,SUB_1_A9302,A9302,Engineering Workshop,92.86,90.0,A+,,PASS,5.9,1
STU_25881A6629,25881A6629,MOHAMMED MUDDABIR AHMED,A,1,SUB_1_A9501,A9501,Programming for Problem Solving,84.72,0.0,F,,FAIL,5.9,1
STU_25881A6629,25881A6629,MOHAMMED MUDDABIR AHMED,A,1,SUB_1_A9502,A9502,Programming for Problem Solving Laboratory,81.25,70.0,B+,,PASS,5.9,1
STU_25881A6629,25881A6629,MOHAMMED MUDDABIR AHMED,A,1,SUB_1_A9801,A9801,Foundations of Data Science,90.16,70.0,B+,,PASS,5.9,1
STU_25881A6630,25881A6630,MOHAMMED NAJEEB AHMED,A,1,SUB_1_A9001,A9001,Matrices and Calculus,88.0,80.0,A,,PASS,8.35,0
STU_25881A6630,25881A6630,MOHAMMED NAJEEB AHMED,A,1,SUB_1_A9007,A9007,Engineering Physics,87.84,80.0,A,,PASS,8.35,0
STU_25881A6630,25881A6630,MOHAMMED NAJEEB AHMED,A,1,SUB_1_A9008,A9008,Engineering Physics Laboratory,88.1,100.0,O,,PASS,8.35,0
STU_25881A6630,25881A6630,MOHAMMED NAJEEB AHMED,A,1,SUB_1_A9021,A9021,Community Centered Design Thinking,85.71,90.0,A+,,PASS,8.35,0
STU_25881A6630,25881A6630,MOHAMMED NAJEEB AHMED,A,1,SUB_1_A9204,A9204,Basic Electrical Engineering,93.42,90.0,A+,,PASS,8.35,0
STU_25881A6630,25881A6630,MOHAMMED NAJEEB AHMED,A,1,SUB_1_A9205,A9205,Basic Electrical Engineering Laboratory,76.32,80.0,A,,PASS,8.35,0
STU_25881A6630,25881A6630,MOHAMMED NAJEEB AHMED,A,1,SUB_1_A9302,A9302,Engineering Workshop,85.71,90.0,A+,,PASS,8.35,0
STU_25881A6630,25881A6630,MOHAMMED NAJEEB AHMED,A,1,SUB_1_A9501,A9501,Programming for Problem Solving,88.89,80.0,A,,PASS,8.35,0
STU_25881A6630,25881A6630,MOHAMMED NAJEEB AHMED,A,1,SUB_1_A9502,A9502,Programming for Problem Solving Laboratory,87.5,90.0,A+,,PASS,8.35,0
STU_25881A6630,25881A6630,MOHAMMED NAJEEB AHMED,A,1,SUB_1_A9801,A9801,Foundations of Data Science,91.8,80.0,A,,PASS,8.35,0
STU_25881A6631,25881A6631,ITTABOYINA NIKHIL,A,1,SUB_1_A9001,A9001,Matrices and Calculus,93.33,100.0,O,,PASS,9.35,0
STU_25881A6631,25881A6631,ITTABOYINA NIKHIL,A,1,SUB_1_A9007,A9007,Engineering Physics,90.54,90.0,A+,,PASS,9.35,0
STU_25881A6631,25881A6631,ITTABOYINA NIKHIL,A,1,SUB_1_A9008,A9008,Engineering Physics Laboratory,92.86,100.0,O,,PASS,9.35,0
STU_25881A6631,25881A6631,ITTABOYINA NIKHIL,A,1,SUB_1_A9021,A9021,Community Centered Design Thinking,85.71,90.0,A+,,PASS,9.35,0
STU_25881A6631,25881A6631,ITTABOYINA NIKHIL,A,1,SUB_1_A9204,A9204,Basic Electrical Engineering,93.42,100.0,O,,PASS,9.35,0
STU_25881A6631,25881A6631,ITTABOYINA NIKHIL,A,1,SUB_1_A9205,A9205,Basic Electrical Engineering Laboratory,92.11,100.0,O,,PASS,9.35,0
STU_25881A6631,25881A6631,ITTABOYINA NIKHIL,A,1,SUB_1_A9302,A9302,Engineering Workshop,92.86,100.0,O,,PASS,9.35,0
STU_25881A6631,25881A6631,ITTABOYINA NIKHIL,A,1,SUB_1_A9501,A9501,Programming for Problem Solving,94.44,80.0,A,,PASS,9.35,0
STU_25881A6631,25881A6631,ITTABOYINA NIKHIL,A,1,SUB_1_A9502,A9502,Programming for Problem Solving Laboratory,87.5,100.0,O,,PASS,9.35,0
STU_25881A6631,25881A6631,ITTABOYINA NIKHIL,A,1,SUB_1_A9801,A9801,Foundations of Data Science,91.8,90.0,A+,,PASS,9.35,0
STU_25881A6632,25881A6632,PARVATHA NISHANTH KUMAR,A,1,SUB_1_A9001,A9001,Matrices and Calculus,94.67,80.0,A,,PASS,8.3,0
STU_25881A6632,25881A6632,PARVATHA NISHANTH KUMAR,A,1,SUB_1_A9007,A9007,Engineering Physics,93.24,80.0,A,,PASS,8.3,0
STU_25881A6632,25881A6632,PARVATHA NISHANTH KUMAR,A,1,SUB_1_A9008,A9008,Engineering Physics Laboratory,92.86,100.0,O,,PASS,8.3,0
STU_25881A6632,25881A6632,PARVATHA NISHANTH KUMAR,A,1,SUB_1_A9021,A9021,Community Centered Design Thinking,85.71,90.0,A+,,PASS,8.3,0
STU_25881A6632,25881A6632,PARVATHA NISHANTH KUMAR,A,1,SUB_1_A9204,A9204,Basic Electrical Engineering,98.68,70.0,B+,,PASS,8.3,0
STU_25881A6632,25881A6632,PARVATHA NISHANTH KUMAR,A,1,SUB_1_A9205,A9205,Basic Electrical Engineering Laboratory,92.11,80.0,A,,PASS,8.3,0
STU_25881A6632,25881A6632,PARVATHA NISHANTH KUMAR,A,1,SUB_1_A9302,A9302,Engineering Workshop,100.0,90.0,A+,,PASS,8.3,0
STU_25881A6632,25881A6632,PARVATHA NISHANTH KUMAR,A,1,SUB_1_A9501,A9501,Programming for Problem Solving,97.22,80.0,A,,PASS,8.3,0
STU_25881A6632,25881A6632,PARVATHA NISHANTH KUMAR,A,1,SUB_1_A9502,A9502,Programming for Problem Solving Laboratory,93.75,90.0,A+,,PASS,8.3,0
STU_25881A6632,25881A6632,PARVATHA NISHANTH KUMAR,A,1,SUB_1_A9801,A9801,Foundations of Data Science,98.36,90.0,A+,,PASS,8.3,0
STU_25881A6633,25881A6633,MEESALA NITHISH KUMAR,A,1,SUB_1_A9001,A9001,Matrices and Calculus,93.33,100.0,O,,PASS,9.0,0
STU_25881A6633,25881A6633,MEESALA NITHISH KUMAR,A,1,SUB_1_A9007,A9007,Engineering Physics,94.59,90.0,A+,,PASS,9.0,0
STU_25881A6633,25881A6633,MEESALA NITHISH KUMAR,A,1,SUB_1_A9008,A9008,Engineering Physics Laboratory,85.71,100.0,O,,PASS,9.0,0
STU_25881A6633,25881A6633,MEESALA NITHISH KUMAR,A,1,SUB_1_A9021,A9021,Community Centered Design Thinking,78.57,100.0,O,,PASS,9.0,0
STU_25881A6633,25881A6633,MEESALA NITHISH KUMAR,A,1,SUB_1_A9204,A9204,Basic Electrical Engineering,100.0,90.0,A+,,PASS,9.0,0
STU_25881A6633,25881A6633,MEESALA NITHISH KUMAR,A,1,SUB_1_A9205,A9205,Basic Electrical Engineering Laboratory,100.0,90.0,A+,,PASS,9.0,0
STU_25881A6633,25881A6633,MEESALA NITHISH KUMAR,A,1,SUB_1_A9302,A9302,Engineering Workshop,100.0,100.0,O,,PASS,9.0,0
STU_25881A6633,25881A6633,MEESALA NITHISH KUMAR,A,1,SUB_1_A9501,A9501,Programming for Problem Solving,95.83,80.0,A,,PASS,9.0,0
STU_25881A6633,25881A6633,MEESALA NITHISH KUMAR,A,1,SUB_1_A9502,A9502,Programming for Problem Solving Laboratory,87.5,80.0,A,,PASS,9.0,0
STU_25881A6633,25881A6633,MEESALA NITHISH KUMAR,A,1,SUB_1_A9801,A9801,Foundations of Data Science,96.72,80.0,A,,PASS,9.0,0
STU_25881A6634,25881A6634,THOTA PRANEETH REDDY,A,1,SUB_1_A9001,A9001,Matrices and Calculus,98.67,90.0,A+,,PASS,8.9,0
STU_25881A6634,25881A6634,THOTA PRANEETH REDDY,A,1,SUB_1_A9007,A9007,Engineering Physics,94.59,90.0,A+,,PASS,8.9,0
STU_25881A6634,25881A6634,THOTA PRANEETH REDDY,A,1,SUB_1_A9008,A9008,Engineering Physics Laboratory,100.0,100.0,O,,PASS,8.9,0
STU_25881A6634,25881A6634,THOTA PRANEETH REDDY,A,1,SUB_1_A9021,A9021,Community Centered Design Thinking,92.31,90.0,A+,,PASS,8.9,0
STU_25881A6634,25881A6634,THOTA PRANEETH REDDY,A,1,SUB_1_A9204,A9204,Basic Electrical Engineering,97.37,90.0,A+,,PASS,8.9,0
STU_25881A6634,25881A6634,THOTA PRANEETH REDDY,A,1,SUB_1_A9205,A9205,Basic Electrical Engineering Laboratory,92.86,100.0,O,,PASS,8.9,0
STU_25881A6634,25881A6634,THOTA PRANEETH REDDY,A,1,SUB_1_A9302,A9302,Engineering Workshop,100.0,100.0,O,,PASS,8.9,0
STU_25881A6634,25881A6634,THOTA PRANEETH REDDY,A,1,SUB_1_A9501,A9501,Programming for Problem Solving,94.44,70.0,B+,,PASS,8.9,0
STU_25881A6634,25881A6634,THOTA PRANEETH REDDY,A,1,SUB_1_A9502,A9502,Programming for Problem Solving Laboratory,100.0,100.0,O,,PASS,8.9,0
STU_25881A6634,25881A6634,THOTA PRANEETH REDDY,A,1,SUB_1_A9801,A9801,Foundations of Data Science,96.72,90.0,A+,,PASS,8.9,0
STU_25881A6635,25881A6635,KALLURI RAM CHARAN,A,1,SUB_1_A9001,A9001,Matrices and Calculus,85.33,70.0,B+,,PASS,6.0,1
STU_25881A6635,25881A6635,KALLURI RAM CHARAN,A,1,SUB_1_A9007,A9007,Engineering Physics,87.84,0.0,F,,FAIL,6.0,1
STU_25881A6635,25881A6635,KALLURI RAM CHARAN,A,1,SUB_1_A9008,A9008,Engineering Physics Laboratory,78.57,100.0,O,,PASS,6.0,1
STU_25881A6635,25881A6635,KALLURI RAM CHARAN,A,1,SUB_1_A9021,A9021,Community Centered Design Thinking,92.31,90.0,A+,,PASS,6.0,1
STU_25881A6635,25881A6635,KALLURI RAM CHARAN,A,1,SUB_1_A9204,A9204,Basic Electrical Engineering,93.42,70.0,B+,,PASS,6.0,1
STU_25881A6635,25881A6635,KALLURI RAM CHARAN,A,1,SUB_1_A9205,A9205,Basic Electrical Engineering Laboratory,85.71,80.0,A,,PASS,6.0,1
STU_25881A6635,25881A6635,KALLURI RAM CHARAN,A,1,SUB_1_A9302,A9302,Engineering Workshop,78.57,80.0,A,,PASS,6.0,1
STU_25881A6635,25881A6635,KALLURI RAM CHARAN,A,1,SUB_1_A9501,A9501,Programming for Problem Solving,90.28,60.0,B,,PASS,6.0,1
STU_25881A6635,25881A6635,KALLURI RAM CHARAN,A,1,SUB_1_A9502,A9502,Programming for Problem Solving Laboratory,87.5,70.0,B+,,PASS,6.0,1
STU_25881A6635,25881A6635,KALLURI RAM CHARAN,A,1,SUB_1_A9801,A9801,Foundations of Data Science,90.16,60.0,B,,PASS,6.0,1
STU_25881A6636,25881A6636,RAMAVATH RAM CHARAN,A,1,SUB_1_A9001,A9001,Matrices and Calculus,86.67,0.0,F,,FAIL,4.5,2
STU_25881A6636,25881A6636,RAMAVATH RAM CHARAN,A,1,SUB_1_A9007,A9007,Engineering Physics,82.43,0.0,F,,FAIL,4.5,2
STU_25881A6636,25881A6636,RAMAVATH RAM CHARAN,A,1,SUB_1_A9008,A9008,Engineering Physics Laboratory,95.24,90.0,A+,,PASS,4.5,2
STU_25881A6636,25881A6636,RAMAVATH RAM CHARAN,A,1,SUB_1_A9021,A9021,Community Centered Design Thinking,100.0,100.0,O,,PASS,4.5,2
STU_25881A6636,25881A6636,RAMAVATH RAM CHARAN,A,1,SUB_1_A9204,A9204,Basic Electrical Engineering,81.58,50.0,C,,PASS,4.5,2
STU_25881A6636,25881A6636,RAMAVATH RAM CHARAN,A,1,SUB_1_A9205,A9205,Basic Electrical Engineering Laboratory,92.86,80.0,A,,PASS,4.5,2
STU_25881A6636,25881A6636,RAMAVATH RAM CHARAN,A,1,SUB_1_A9302,A9302,Engineering Workshop,85.71,90.0,A+,,PASS,4.5,2
STU_25881A6636,25881A6636,RAMAVATH RAM CHARAN,A,1,SUB_1_A9501,A9501,Programming for Problem Solving,90.28,60.0,B,,PASS,4.5,2
STU_25881A6636,25881A6636,RAMAVATH RAM CHARAN,A,1,SUB_1_A9502,A9502,Programming for Problem Solving Laboratory,81.25,80.0,A,,PASS,4.5,2
STU_25881A6636,25881A6636,RAMAVATH RAM CHARAN,A,1,SUB_1_A9801,A9801,Foundations of Data Science,86.89,60.0,B,,PASS,4.5,2
STU_25881A6637,25881A6637,SIRIPELLY RAMAKRISHNA,A,1,SUB_1_A9001,A9001,Matrices and Calculus,81.33,90.0,A+,,PASS,8.5,0
STU_25881A6637,25881A6637,SIRIPELLY RAMAKRISHNA,A,1,SUB_1_A9007,A9007,Engineering Physics,82.43,80.0,A,,PASS,8.5,0
STU_25881A6637,25881A6637,SIRIPELLY RAMAKRISHNA,A,1,SUB_1_A9008,A9008,Engineering Physics Laboratory,85.71,90.0,A+,,PASS,8.5,0
STU_25881A6637,25881A6637,SIRIPELLY RAMAKRISHNA,A,1,SUB_1_A9021,A9021,Community Centered Design Thinking,84.62,90.0,A+,,PASS,8.5,0
STU_25881A6637,25881A6637,SIRIPELLY RAMAKRISHNA,A,1,SUB_1_A9204,A9204,Basic Electrical Engineering,90.79,90.0,A+,,PASS,8.5,0
STU_25881A6637,25881A6637,SIRIPELLY RAMAKRISHNA,A,1,SUB_1_A9205,A9205,Basic Electrical Engineering Laboratory,85.71,90.0,A+,,PASS,8.5,0
STU_25881A6637,25881A6637,SIRIPELLY RAMAKRISHNA,A,1,SUB_1_A9302,A9302,Engineering Workshop,92.86,100.0,O,,PASS,8.5,0
STU_25881A6637,25881A6637,SIRIPELLY RAMAKRISHNA,A,1,SUB_1_A9501,A9501,Programming for Problem Solving,93.06,70.0,B+,,PASS,8.5,0
STU_25881A6637,25881A6637,SIRIPELLY RAMAKRISHNA,A,1,SUB_1_A9502,A9502,Programming for Problem Solving Laboratory,81.25,100.0,O,,PASS,8.5,0
STU_25881A6637,25881A6637,SIRIPELLY RAMAKRISHNA,A,1,SUB_1_A9801,A9801,Foundations of Data Science,93.44,80.0,A,,PASS,8.5,0
STU_25881A6638,25881A6638,BANDI RAMCHARAN,A,1,SUB_1_A9001,A9001,Matrices and Calculus,81.33,100.0,O,,PASS,8.7,0
STU_25881A6638,25881A6638,BANDI RAMCHARAN,A,1,SUB_1_A9007,A9007,Engineering Physics,83.78,80.0,A,,PASS,8.7,0
STU_25881A6638,25881A6638,BANDI RAMCHARAN,A,1,SUB_1_A9008,A9008,Engineering Physics Laboratory,85.71,100.0,O,,PASS,8.7,0
STU_25881A6638,25881A6638,BANDI RAMCHARAN,A,1,SUB_1_A9021,A9021,Community Centered Design Thinking,84.62,90.0,A+,,PASS,8.7,0
STU_25881A6638,25881A6638,BANDI RAMCHARAN,A,1,SUB_1_A9204,A9204,Basic Electrical Engineering,89.47,90.0,A+,,PASS,8.7,0
STU_25881A6638,25881A6638,BANDI RAMCHARAN,A,1,SUB_1_A9205,A9205,Basic Electrical Engineering Laboratory,92.86,90.0,A+,,PASS,8.7,0
STU_25881A6638,25881A6638,BANDI RAMCHARAN,A,1,SUB_1_A9302,A9302,Engineering Workshop,88.1,100.0,O,,PASS,8.7,0
STU_25881A6638,25881A6638,BANDI RAMCHARAN,A,1,SUB_1_A9501,A9501,Programming for Problem Solving,81.94,80.0,A,,PASS,8.7,0
STU_25881A6638,25881A6638,BANDI RAMCHARAN,A,1,SUB_1_A9502,A9502,Programming for Problem Solving Laboratory,87.5,90.0,A+,,PASS,8.7,0
STU_25881A6638,25881A6638,BANDI RAMCHARAN,A,1,SUB_1_A9801,A9801,Foundations of Data Science,81.97,70.0,B+,,PASS,8.7,0
STU_25881A6639,25881A6639,ANKAM RISHITHA,A,1,SUB_1_A9001,A9001,Matrices and Calculus,93.33,100.0,O,,PASS,9.1,0
STU_25881A6639,25881A6639,ANKAM RISHITHA,A,1,SUB_1_A9007,A9007,Engineering Physics,93.24,80.0,A,,PASS,9.1,0
STU_25881A6639,25881A6639,ANKAM RISHITHA,A,1,SUB_1_A9008,A9008,Engineering Physics Laboratory,100.0,100.0,O,,PASS,9.1,0
STU_25881A6639,25881A6639,ANKAM RISHITHA,A,1,SUB_1_A9021,A9021,Community Centered Design Thinking,100.0,100.0,O,,PASS,9.1,0
STU_25881A6639,25881A6639,ANKAM RISHITHA,A,1,SUB_1_A9204,A9204,Basic Electrical Engineering,94.74,80.0,A,,PASS,9.1,0
STU_25881A6639,25881A6639,ANKAM RISHITHA,A,1,SUB_1_A9205,A9205,Basic Electrical Engineering Laboratory,92.86,90.0,A+,,PASS,9.1,0
STU_25881A6639,25881A6639,ANKAM RISHITHA,A,1,SUB_1_A9302,A9302,Engineering Workshop,92.86,100.0,O,,PASS,9.1,0
STU_25881A6639,25881A6639,ANKAM RISHITHA,A,1,SUB_1_A9501,A9501,Programming for Problem Solving,97.22,80.0,A,,PASS,9.1,0
STU_25881A6639,25881A6639,ANKAM RISHITHA,A,1,SUB_1_A9502,A9502,Programming for Problem Solving Laboratory,100.0,90.0,A+,,PASS,9.1,0
STU_25881A6639,25881A6639,ANKAM RISHITHA,A,1,SUB_1_A9801,A9801,Foundations of Data Science,95.08,100.0,O,,PASS,9.1,0
STU_25881A6640,25881A6640,PALVAI SAHAN REDDY,A,1,SUB_1_A9001,A9001,Matrices and Calculus,85.33,50.0,C,,PASS,4.35,2
STU_25881A6640,25881A6640,PALVAI SAHAN REDDY,A,1,SUB_1_A9007,A9007,Engineering Physics,85.14,0.0,F,,FAIL,4.35,2
STU_25881A6640,25881A6640,PALVAI SAHAN REDDY,A,1,SUB_1_A9008,A9008,Engineering Physics Laboratory,85.71,80.0,A,,PASS,4.35,2
STU_25881A6640,25881A6640,PALVAI SAHAN REDDY,A,1,SUB_1_A9021,A9021,Community Centered Design Thinking,92.31,90.0,A+,,PASS,4.35,2
STU_25881A6640,25881A6640,PALVAI SAHAN REDDY,A,1,SUB_1_A9204,A9204,Basic Electrical Engineering,93.42,60.0,B,,PASS,4.35,2
STU_25881A6640,25881A6640,PALVAI SAHAN REDDY,A,1,SUB_1_A9205,A9205,Basic Electrical Engineering Laboratory,85.71,70.0,B+,,PASS,4.35,2
STU_25881A6640,25881A6640,PALVAI SAHAN REDDY,A,1,SUB_1_A9302,A9302,Engineering Workshop,92.86,90.0,A+,,PASS,4.35,2
STU_25881A6640,25881A6640,PALVAI SAHAN REDDY,A,1,SUB_1_A9501,A9501,Programming for Problem Solving,87.5,50.0,C,,PASS,4.35,2
STU_25881A6640,25881A6640,PALVAI SAHAN REDDY,A,1,SUB_1_A9502,A9502,Programming for Problem Solving Laboratory,87.5,70.0,B+,,PASS,4.35,2
STU_25881A6640,25881A6640,PALVAI SAHAN REDDY,A,1,SUB_1_A9801,A9801,Foundations of Data Science,88.52,0.0,F,,FAIL,4.35,2
STU_25881A6641,25881A6641,GATTU SAI NATH,A,1,SUB_1_A9001,A9001,Matrices and Calculus,85.33,80.0,A,,PASS,7.75,0
STU_25881A6641,25881A6641,GATTU SAI NATH,A,1,SUB_1_A9007,A9007,Engineering Physics,85.14,60.0,B,,PASS,7.75,0
STU_25881A6641,25881A6641,GATTU SAI NATH,A,1,SUB_1_A9008,A9008,Engineering Physics Laboratory,92.86,90.0,A+,,PASS,7.75,0
STU_25881A6641,25881A6641,GATTU SAI NATH,A,1,SUB_1_A9021,A9021,Community Centered Design Thinking,92.31,100.0,O,,PASS,7.75,0
STU_25881A6641,25881A6641,GATTU SAI NATH,A,1,SUB_1_A9204,A9204,Basic Electrical Engineering,88.16,80.0,A,,PASS,7.75,0
STU_25881A6641,25881A6641,GATTU SAI NATH,A,1,SUB_1_A9205,A9205,Basic Electrical Engineering Laboratory,80.95,90.0,A+,,PASS,7.75,0
STU_25881A6641,25881A6641,GATTU SAI NATH,A,1,SUB_1_A9302,A9302,Engineering Workshop,78.57,100.0,O,,PASS,7.75,0
STU_25881A6641,25881A6641,GATTU SAI NATH,A,1,SUB_1_A9501,A9501,Programming for Problem Solving,81.94,70.0,B+,,PASS,7.75,0
STU_25881A6641,25881A6641,GATTU SAI NATH,A,1,SUB_1_A9502,A9502,Programming for Problem Solving Laboratory,87.5,90.0,A+,,PASS,7.75,0
STU_25881A6641,25881A6641,GATTU SAI NATH,A,1,SUB_1_A9801,A9801,Foundations of Data Science,90.16,70.0,B+,,PASS,7.75,0
STU_25881A6642,25881A6642,SIDDAMSETTI SAI VAISHNAVI,A,1,SUB_1_A9001,A9001,Matrices and Calculus,97.33,90.0,A+,,PASS,8.85,0
STU_25881A6642,25881A6642,SIDDAMSETTI SAI VAISHNAVI,A,1,SUB_1_A9007,A9007,Engineering Physics,93.24,100.0,O,,PASS,8.85,0
STU_25881A6642,25881A6642,SIDDAMSETTI SAI VAISHNAVI,A,1,SUB_1_A9008,A9008,Engineering Physics Laboratory,100.0,100.0,O,,PASS,8.85,0
STU_25881A6642,25881A6642,SIDDAMSETTI SAI VAISHNAVI,A,1,SUB_1_A9021,A9021,Community Centered Design Thinking,100.0,100.0,O,,PASS,8.85,0
STU_25881A6642,25881A6642,SIDDAMSETTI SAI VAISHNAVI,A,1,SUB_1_A9204,A9204,Basic Electrical Engineering,98.68,100.0,O,,PASS,8.85,0
STU_25881A6642,25881A6642,SIDDAMSETTI SAI VAISHNAVI,A,1,SUB_1_A9205,A9205,Basic Electrical Engineering Laboratory,92.86,100.0,O,,PASS,8.85,0
STU_25881A6642,25881A6642,SIDDAMSETTI SAI VAISHNAVI,A,1,SUB_1_A9302,A9302,Engineering Workshop,92.86,100.0,O,,PASS,8.85,0
STU_25881A6642,25881A6642,SIDDAMSETTI SAI VAISHNAVI,A,1,SUB_1_A9501,A9501,Programming for Problem Solving,95.83,70.0,B+,,PASS,8.85,0
STU_25881A6642,25881A6642,SIDDAMSETTI SAI VAISHNAVI,A,1,SUB_1_A9502,A9502,Programming for Problem Solving Laboratory,93.75,90.0,A+,,PASS,8.85,0
STU_25881A6642,25881A6642,SIDDAMSETTI SAI VAISHNAVI,A,1,SUB_1_A9801,A9801,Foundations of Data Science,96.72,70.0,B+,,PASS,8.85,0
STU_25881A6643,25881A6643,SAICHARAN REDDY KARNATI,A,1,SUB_1_A9001,A9001,Matrices and Calculus,93.33,50.0,C,,PASS,3.75,3
STU_25881A6643,25881A6643,SAICHARAN REDDY KARNATI,A,1,SUB_1_A9007,A9007,Engineering Physics,93.24,50.0,C,,PASS,3.75,3
STU_25881A6643,25881A6643,SAICHARAN REDDY KARNATI,A,1,SUB_1_A9008,A9008,Engineering Physics Laboratory,92.86,70.0,B+,,PASS,3.75,3
STU_25881A6643,25881A6643,SAICHARAN REDDY KARNATI,A,1,SUB_1_A9021,A9021,Community Centered Design Thinking,100.0,100.0,O,,PASS,3.75,3
STU_25881A6643,25881A6643,SAICHARAN REDDY KARNATI,A,1,SUB_1_A9204,A9204,Basic Electrical Engineering,97.37,0.0,F,,FAIL,3.75,3
STU_25881A6643,25881A6643,SAICHARAN REDDY KARNATI,A,1,SUB_1_A9205,A9205,Basic Electrical Engineering Laboratory,92.86,70.0,B+,,PASS,3.75,3
STU_25881A6643,25881A6643,SAICHARAN REDDY KARNATI,A,1,SUB_1_A9302,A9302,Engineering Workshop,100.0,90.0,A+,,PASS,3.75,3
STU_25881A6643,25881A6643,SAICHARAN REDDY KARNATI,A,1,SUB_1_A9501,A9501,Programming for Problem Solving,91.67,0.0,F,,FAIL,3.75,3
STU_25881A6643,25881A6643,SAICHARAN REDDY KARNATI,A,1,SUB_1_A9502,A9502,Programming for Problem Solving Laboratory,100.0,70.0,B+,,PASS,3.75,3
STU_25881A6643,25881A6643,SAICHARAN REDDY KARNATI,A,1,SUB_1_A9801,A9801,Foundations of Data Science,95.08,0.0,F,,FAIL,3.75,3
STU_25881A6644,25881A6644,MEKALA SAISRI,A,1,SUB_1_A9001,A9001,Matrices and Calculus,86.67,80.0,A,,PASS,8.55,0
STU_25881A6644,25881A6644,MEKALA SAISRI,A,1,SUB_1_A9007,A9007,Engineering Physics,86.49,80.0,A,,PASS,8.55,0
STU_25881A6644,25881A6644,MEKALA SAISRI,A,1,SUB_1_A9008,A9008,Engineering Physics Laboratory,92.86,100.0,O,,PASS,8.55,0
STU_25881A6644,25881A6644,MEKALA SAISRI,A,1,SUB_1_A9021,A9021,Community Centered Design Thinking,92.31,90.0,A+,,PASS,8.55,0
STU_25881A6644,25881A6644,MEKALA SAISRI,A,1,SUB_1_A9204,A9204,Basic Electrical Engineering,88.16,90.0,A+,,PASS,8.55,0
STU_25881A6644,25881A6644,MEKALA SAISRI,A,1,SUB_1_A9205,A9205,Basic Electrical Engineering Laboratory,85.71,90.0,A+,,PASS,8.55,0
STU_25881A6644,25881A6644,MEKALA SAISRI,A,1,SUB_1_A9302,A9302,Engineering Workshop,85.71,100.0,O,,PASS,8.55,0
STU_25881A6644,25881A6644,MEKALA SAISRI,A,1,SUB_1_A9501,A9501,Programming for Problem Solving,90.28,70.0,B+,,PASS,8.55,0
STU_25881A6644,25881A6644,MEKALA SAISRI,A,1,SUB_1_A9502,A9502,Programming for Problem Solving Laboratory,93.75,80.0,A,,PASS,8.55,0
STU_25881A6644,25881A6644,MEKALA SAISRI,A,1,SUB_1_A9801,A9801,Foundations of Data Science,86.89,100.0,O,,PASS,8.55,0
STU_25881A6645,25881A6645,SYED SHAHNAWAZ,A,1,SUB_1_A9001,A9001,Matrices and Calculus,89.33,90.0,A+,,PASS,7.05,0
STU_25881A6645,25881A6645,SYED SHAHNAWAZ,A,1,SUB_1_A9007,A9007,Engineering Physics,87.84,60.0,B,,PASS,7.05,0
STU_25881A6645,25881A6645,SYED SHAHNAWAZ,A,1,SUB_1_A9008,A9008,Engineering Physics Laboratory,85.71,80.0,A,,PASS,7.05,0
STU_25881A6645,25881A6645,SYED SHAHNAWAZ,A,1,SUB_1_A9021,A9021,Community Centered Design Thinking,100.0,90.0,A+,,PASS,7.05,0
STU_25881A6645,25881A6645,SYED SHAHNAWAZ,A,1,SUB_1_A9204,A9204,Basic Electrical Engineering,93.42,50.0,C,,PASS,7.05,0
STU_25881A6645,25881A6645,SYED SHAHNAWAZ,A,1,SUB_1_A9205,A9205,Basic Electrical Engineering Laboratory,90.48,100.0,O,,PASS,7.05,0
STU_25881A6645,25881A6645,SYED SHAHNAWAZ,A,1,SUB_1_A9302,A9302,Engineering Workshop,92.86,90.0,A+,,PASS,7.05,0
STU_25881A6645,25881A6645,SYED SHAHNAWAZ,A,1,SUB_1_A9501,A9501,Programming for Problem Solving,93.06,50.0,C,,PASS,7.05,0
STU_25881A6645,25881A6645,SYED SHAHNAWAZ,A,1,SUB_1_A9502,A9502,Programming for Problem Solving Laboratory,81.25,80.0,A,,PASS,7.05,0
STU_25881A6645,25881A6645,SYED SHAHNAWAZ,A,1,SUB_1_A9801,A9801,Foundations of Data Science,96.72,60.0,B,,PASS,7.05,0
STU_25881A6646,25881A6646,DHARAVATH SHARATH KUMAR,A,1,SUB_1_A9001,A9001,Matrices and Calculus,92.0,70.0,B+,,PASS,7.2,0
STU_25881A6646,25881A6646,DHARAVATH SHARATH KUMAR,A,1,SUB_1_A9007,A9007,Engineering Physics,90.54,70.0,B+,,PASS,7.2,0
STU_25881A6646,25881A6646,DHARAVATH SHARATH KUMAR,A,1,SUB_1_A9008,A9008,Engineering Physics Laboratory,92.86,90.0,A+,,PASS,7.2,0
STU_25881A6646,25881A6646,DHARAVATH SHARATH KUMAR,A,1,SUB_1_A9021,A9021,Community Centered Design Thinking,84.62,90.0,A+,,PASS,7.2,0
STU_25881A6646,25881A6646,DHARAVATH SHARATH KUMAR,A,1,SUB_1_A9204,A9204,Basic Electrical Engineering,96.05,70.0,B+,,PASS,7.2,0
STU_25881A6646,25881A6646,DHARAVATH SHARATH KUMAR,A,1,SUB_1_A9205,A9205,Basic Electrical Engineering Laboratory,100.0,70.0,B+,,PASS,7.2,0
STU_25881A6646,25881A6646,DHARAVATH SHARATH KUMAR,A,1,SUB_1_A9302,A9302,Engineering Workshop,92.86,100.0,O,,PASS,7.2,0
STU_25881A6646,25881A6646,DHARAVATH SHARATH KUMAR,A,1,SUB_1_A9501,A9501,Programming for Problem Solving,93.06,50.0,C,,PASS,7.2,0
STU_25881A6646,25881A6646,DHARAVATH SHARATH KUMAR,A,1,SUB_1_A9502,A9502,Programming for Problem Solving Laboratory,87.5,70.0,B+,,PASS,7.2,0
STU_25881A6646,25881A6646,DHARAVATH SHARATH KUMAR,A,1,SUB_1_A9801,A9801,Foundations of Data Science,86.89,80.0,A,,PASS,7.2,0
STU_25881A6647,25881A6647,CH SHREYAS,A,1,SUB_1_A9001,A9001,Matrices and Calculus,86.67,80.0,A,,PASS,8.25,0
STU_25881A6647,25881A6647,CH SHREYAS,A,1,SUB_1_A9007,A9007,Engineering Physics,86.49,80.0,A,,PASS,8.25,0
STU_25881A6647,25881A6647,CH SHREYAS,A,1,SUB_1_A9008,A9008,Engineering Physics Laboratory,92.86,90.0,A+,,PASS,8.25,0
STU_25881A6647,25881A6647,CH SHREYAS,A,1,SUB_1_A9021,A9021,Community Centered Design Thinking,100.0,90.0,A+,,PASS,8.25,0
STU_25881A6647,25881A6647,CH SHREYAS,A,1,SUB_1_A9204,A9204,Basic Electrical Engineering,94.74,100.0,O,,PASS,8.25,0
STU_25881A6647,25881A6647,CH SHREYAS,A,1,SUB_1_A9205,A9205,Basic Electrical Engineering Laboratory,85.71,90.0,A+,,PASS,8.25,0
STU_25881A6647,25881A6647,CH SHREYAS,A,1,SUB_1_A9302,A9302,Engineering Workshop,92.86,90.0,A+,,PASS,8.25,0
STU_25881A6647,25881A6647,CH SHREYAS,A,1,SUB_1_A9501,A9501,Programming for Problem Solving,88.89,80.0,A,,PASS,8.25,0
STU_25881A6647,25881A6647,CH SHREYAS,A,1,SUB_1_A9502,A9502,Programming for Problem Solving Laboratory,87.5,80.0,A,,PASS,8.25,0
STU_25881A6647,25881A6647,CH SHREYAS,A,1,SUB_1_A9801,A9801,Foundations of Data Science,90.16,70.0,B+,,PASS,8.25,0
STU_25881A6648,25881A6648,THALLA SHRINIDHI,A,1,SUB_1_A9001,A9001,Matrices and Calculus,82.67,50.0,C,,PASS,6.65,0
STU_25881A6648,25881A6648,THALLA SHRINIDHI,A,1,SUB_1_A9007,A9007,Engineering Physics,79.73,60.0,B,,PASS,6.65,0
STU_25881A6648,25881A6648,THALLA SHRINIDHI,A,1,SUB_1_A9008,A9008,Engineering Physics Laboratory,92.86,90.0,A+,,PASS,6.65,0
STU_25881A6648,25881A6648,THALLA SHRINIDHI,A,1,SUB_1_A9021,A9021,Community Centered Design Thinking,92.31,90.0,A+,,PASS,6.65,0
STU_25881A6648,25881A6648,THALLA SHRINIDHI,A,1,SUB_1_A9204,A9204,Basic Electrical Engineering,85.53,60.0,B,,PASS,6.65,0
STU_25881A6648,25881A6648,THALLA SHRINIDHI,A,1,SUB_1_A9205,A9205,Basic Electrical Engineering Laboratory,85.71,90.0,A+,,PASS,6.65,0
STU_25881A6648,25881A6648,THALLA SHRINIDHI,A,1,SUB_1_A9302,A9302,Engineering Workshop,85.71,100.0,O,,PASS,6.65,0
STU_25881A6648,25881A6648,THALLA SHRINIDHI,A,1,SUB_1_A9501,A9501,Programming for Problem Solving,80.56,50.0,C,,PASS,6.65,0
STU_25881A6648,25881A6648,THALLA SHRINIDHI,A,1,SUB_1_A9502,A9502,Programming for Problem Solving Laboratory,87.5,70.0,B+,,PASS,6.65,0
STU_25881A6648,25881A6648,THALLA SHRINIDHI,A,1,SUB_1_A9801,A9801,Foundations of Data Science,85.25,80.0,A,,PASS,6.65,0
STU_25881A6649,25881A6649,KARPE SIRIVALLI,A,1,SUB_1_A9001,A9001,Matrices and Calculus,96.0,100.0,O,,PASS,8.8,0
STU_25881A6649,25881A6649,KARPE SIRIVALLI,A,1,SUB_1_A9007,A9007,Engineering Physics,95.95,80.0,A,,PASS,8.8,0
STU_25881A6649,25881A6649,KARPE SIRIVALLI,A,1,SUB_1_A9008,A9008,Engineering Physics Laboratory,100.0,100.0,O,,PASS,8.8,0
STU_25881A6649,25881A6649,KARPE SIRIVALLI,A,1,SUB_1_A9021,A9021,Community Centered Design Thinking,100.0,100.0,O,,PASS,8.8,0
STU_25881A6649,25881A6649,KARPE SIRIVALLI,A,1,SUB_1_A9204,A9204,Basic Electrical Engineering,97.37,100.0,O,,PASS,8.8,0
STU_25881A6649,25881A6649,KARPE SIRIVALLI,A,1,SUB_1_A9205,A9205,Basic Electrical Engineering Laboratory,92.86,80.0,A,,PASS,8.8,0
STU_25881A6649,25881A6649,KARPE SIRIVALLI,A,1,SUB_1_A9302,A9302,Engineering Workshop,92.86,90.0,A+,,PASS,8.8,0
STU_25881A6649,25881A6649,KARPE SIRIVALLI,A,1,SUB_1_A9501,A9501,Programming for Problem Solving,97.22,70.0,B+,,PASS,8.8,0
STU_25881A6649,25881A6649,KARPE SIRIVALLI,A,1,SUB_1_A9502,A9502,Programming for Problem Solving Laboratory,100.0,100.0,O,,PASS,8.8,0
STU_25881A6649,25881A6649,KARPE SIRIVALLI,A,1,SUB_1_A9801,A9801,Foundations of Data Science,98.36,80.0,A,,PASS,8.8,0
STU_25881A6650,25881A6650,APPANA SOWMYA SRI,A,1,SUB_1_A9001,A9001,Matrices and Calculus,69.33,0.0,AB,,FAIL,0.0,10
STU_25881A6650,25881A6650,APPANA SOWMYA SRI,A,1,SUB_1_A9007,A9007,Engineering Physics,70.27,0.0,AB,,FAIL,0.0,10
STU_25881A6650,25881A6650,APPANA SOWMYA SRI,A,1,SUB_1_A9008,A9008,Engineering Physics Laboratory,57.14,0.0,AB,,FAIL,0.0,10
STU_25881A6650,25881A6650,APPANA SOWMYA SRI,A,1,SUB_1_A9021,A9021,Community Centered Design Thinking,100.0,0.0,AB,,FAIL,0.0,10
STU_25881A6650,25881A6650,APPANA SOWMYA SRI,A,1,SUB_1_A9204,A9204,Basic Electrical Engineering,84.21,0.0,AB,,FAIL,0.0,10
STU_25881A6650,25881A6650,APPANA SOWMYA SRI,A,1,SUB_1_A9205,A9205,Basic Electrical Engineering Laboratory,92.86,0.0,AB,,FAIL,0.0,10
STU_25881A6650,25881A6650,APPANA SOWMYA SRI,A,1,SUB_1_A9302,A9302,Engineering Workshop,78.57,0.0,AB,,FAIL,0.0,10
STU_25881A6650,25881A6650,APPANA SOWMYA SRI,A,1,SUB_1_A9501,A9501,Programming for Problem Solving,66.67,0.0,AB,,FAIL,0.0,10
STU_25881A6650,25881A6650,APPANA SOWMYA SRI,A,1,SUB_1_A9502,A9502,Programming for Problem Solving Laboratory,68.75,0.0,AB,,FAIL,0.0,10
STU_25881A6650,25881A6650,APPANA SOWMYA SRI,A,1,SUB_1_A9801,A9801,Foundations of Data Science,75.41,0.0,AB,,FAIL,0.0,10
STU_25881A6651,25881A6651,SANGANI SRI CHANDANA,A,1,SUB_1_A9001,A9001,Matrices and Calculus,88.0,100.0,O,,PASS,9.45,0
STU_25881A6651,25881A6651,SANGANI SRI CHANDANA,A,1,SUB_1_A9007,A9007,Engineering Physics,89.19,100.0,O,,PASS,9.45,0
STU_25881A6651,25881A6651,SANGANI SRI CHANDANA,A,1,SUB_1_A9008,A9008,Engineering Physics Laboratory,85.71,100.0,O,,PASS,9.45,0
STU_25881A6651,25881A6651,SANGANI SRI CHANDANA,A,1,SUB_1_A9021,A9021,Community Centered Design Thinking,92.31,80.0,A,,PASS,9.45,0
STU_25881A6651,25881A6651,SANGANI SRI CHANDANA,A,1,SUB_1_A9204,A9204,Basic Electrical Engineering,90.79,90.0,A+,,PASS,9.45,0
STU_25881A6651,25881A6651,SANGANI SRI CHANDANA,A,1,SUB_1_A9205,A9205,Basic Electrical Engineering Laboratory,92.86,100.0,O,,PASS,9.45,0
STU_25881A6651,25881A6651,SANGANI SRI CHANDANA,A,1,SUB_1_A9302,A9302,Engineering Workshop,85.71,100.0,O,,PASS,9.45,0
STU_25881A6651,25881A6651,SANGANI SRI CHANDANA,A,1,SUB_1_A9501,A9501,Programming for Problem Solving,91.67,80.0,A,,PASS,9.45,0
STU_25881A6651,25881A6651,SANGANI SRI CHANDANA,A,1,SUB_1_A9502,A9502,Programming for Problem Solving Laboratory,93.75,90.0,A+,,PASS,9.45,0
STU_25881A6651,25881A6651,SANGANI SRI CHANDANA,A,1,SUB_1_A9801,A9801,Foundations of Data Science,90.16,100.0,O,,PASS,9.45,0
STU_25881A6652,25881A6652,PEDDI SRICHARAN,A,1,SUB_1_A9001,A9001,Matrices and Calculus,86.67,100.0,O,,PASS,8.85,0
STU_25881A6652,25881A6652,PEDDI SRICHARAN,A,1,SUB_1_A9007,A9007,Engineering Physics,86.49,80.0,A,,PASS,8.85,0
STU_25881A6652,25881A6652,PEDDI SRICHARAN,A,1,SUB_1_A9008,A9008,Engineering Physics Laboratory,85.71,100.0,O,,PASS,8.85,0
STU_25881A6652,25881A6652,PEDDI SRICHARAN,A,1,SUB_1_A9021,A9021,Community Centered Design Thinking,100.0,90.0,A+,,PASS,8.85,0
STU_25881A6652,25881A6652,PEDDI SRICHARAN,A,1,SUB_1_A9204,A9204,Basic Electrical Engineering,90.79,100.0,O,,PASS,8.85,0
STU_25881A6652,25881A6652,PEDDI SRICHARAN,A,1,SUB_1_A9205,A9205,Basic Electrical Engineering Laboratory,92.86,100.0,O,,PASS,8.85,0
STU_25881A6652,25881A6652,PEDDI SRICHARAN,A,1,SUB_1_A9302,A9302,Engineering Workshop,85.71,100.0,O,,PASS,8.85,0
STU_25881A6652,25881A6652,PEDDI SRICHARAN,A,1,SUB_1_A9501,A9501,Programming for Problem Solving,90.28,70.0,B+,,PASS,8.85,0
STU_25881A6652,25881A6652,PEDDI SRICHARAN,A,1,SUB_1_A9502,A9502,Programming for Problem Solving Laboratory,81.25,90.0,A+,,PASS,8.85,0
STU_25881A6652,25881A6652,PEDDI SRICHARAN,A,1,SUB_1_A9801,A9801,Foundations of Data Science,90.16,80.0,A,,PASS,8.85,0
STU_25881A6653,25881A6653,JAVVAJI SRIJITH,A,1,SUB_1_A9001,A9001,Matrices and Calculus,96.0,100.0,O,,PASS,8.55,0
STU_25881A6653,25881A6653,JAVVAJI SRIJITH,A,1,SUB_1_A9007,A9007,Engineering Physics,91.89,70.0,B+,,PASS,8.55,0
STU_25881A6653,25881A6653,JAVVAJI SRIJITH,A,1,SUB_1_A9008,A9008,Engineering Physics Laboratory,100.0,100.0,O,,PASS,8.55,0
STU_25881A6653,25881A6653,JAVVAJI SRIJITH,A,1,SUB_1_A9021,A9021,Community Centered Design Thinking,100.0,100.0,O,,PASS,8.55,0
STU_25881A6653,25881A6653,JAVVAJI SRIJITH,A,1,SUB_1_A9204,A9204,Basic Electrical Engineering,97.37,90.0,A+,,PASS,8.55,0
STU_25881A6653,25881A6653,JAVVAJI SRIJITH,A,1,SUB_1_A9205,A9205,Basic Electrical Engineering Laboratory,92.86,100.0,O,,PASS,8.55,0
STU_25881A6653,25881A6653,JAVVAJI SRIJITH,A,1,SUB_1_A9302,A9302,Engineering Workshop,92.86,100.0,O,,PASS,8.55,0
STU_25881A6653,25881A6653,JAVVAJI SRIJITH,A,1,SUB_1_A9501,A9501,Programming for Problem Solving,94.44,80.0,A,,PASS,8.55,0
STU_25881A6653,25881A6653,JAVVAJI SRIJITH,A,1,SUB_1_A9502,A9502,Programming for Problem Solving Laboratory,93.75,70.0,B+,,PASS,8.55,0
STU_25881A6653,25881A6653,JAVVAJI SRIJITH,A,1,SUB_1_A9801,A9801,Foundations of Data Science,96.72,70.0,B+,,PASS,8.55,0
STU_25881A6654,25881A6654,MORTHAD SRINIDHI,A,1,SUB_1_A9001,A9001,Matrices and Calculus,90.67,100.0,O,,PASS,8.8,0
STU_25881A6654,25881A6654,MORTHAD SRINIDHI,A,1,SUB_1_A9007,A9007,Engineering Physics,90.54,90.0,A+,,PASS,8.8,0
STU_25881A6654,25881A6654,MORTHAD SRINIDHI,A,1,SUB_1_A9008,A9008,Engineering Physics Laboratory,92.86,100.0,O,,PASS,8.8,0
STU_25881A6654,25881A6654,MORTHAD SRINIDHI,A,1,SUB_1_A9021,A9021,Community Centered Design Thinking,92.31,100.0,O,,PASS,8.8,0
STU_25881A6654,25881A6654,MORTHAD SRINIDHI,A,1,SUB_1_A9204,A9204,Basic Electrical Engineering,93.42,90.0,A+,,PASS,8.8,0
STU_25881A6654,25881A6654,MORTHAD SRINIDHI,A,1,SUB_1_A9205,A9205,Basic Electrical Engineering Laboratory,92.86,90.0,A+,,PASS,8.8,0
STU_25881A6654,25881A6654,MORTHAD SRINIDHI,A,1,SUB_1_A9302,A9302,Engineering Workshop,92.86,100.0,O,,PASS,8.8,0
STU_25881A6654,25881A6654,MORTHAD SRINIDHI,A,1,SUB_1_A9501,A9501,Programming for Problem Solving,93.06,60.0,B,,PASS,8.8,0
STU_25881A6654,25881A6654,MORTHAD SRINIDHI,A,1,SUB_1_A9502,A9502,Programming for Problem Solving Laboratory,81.25,70.0,B+,,PASS,8.8,0
STU_25881A6654,25881A6654,MORTHAD SRINIDHI,A,1,SUB_1_A9801,A9801,Foundations of Data Science,91.8,90.0,A+,,PASS,8.8,0
STU_25881A6655,25881A6655,CHANDA SRINIVASA SHAILESH GUPTA,A,1,SUB_1_A9001,A9001,Matrices and Calculus,94.67,0.0,F,,FAIL,6.05,1
STU_25881A6655,25881A6655,CHANDA SRINIVASA SHAILESH GUPTA,A,1,SUB_1_A9007,A9007,Engineering Physics,94.59,70.0,B+,,PASS,6.05,1
STU_25881A6655,25881A6655,CHANDA SRINIVASA SHAILESH GUPTA,A,1,SUB_1_A9008,A9008,Engineering Physics Laboratory,100.0,80.0,A,,PASS,6.05,1
STU_25881A6655,25881A6655,CHANDA SRINIVASA SHAILESH GUPTA,A,1,SUB_1_A9021,A9021,Community Centered Design Thinking,100.0,100.0,O,,PASS,6.05,1
STU_25881A6655,25881A6655,CHANDA SRINIVASA SHAILESH GUPTA,A,1,SUB_1_A9204,A9204,Basic Electrical Engineering,97.37,70.0,B+,,PASS,6.05,1
STU_25881A6655,25881A6655,CHANDA SRINIVASA SHAILESH GUPTA,A,1,SUB_1_A9205,A9205,Basic Electrical Engineering Laboratory,88.1,80.0,A,,PASS,6.05,1
STU_25881A6655,25881A6655,CHANDA SRINIVASA SHAILESH GUPTA,A,1,SUB_1_A9302,A9302,Engineering Workshop,92.86,90.0,A+,,PASS,6.05,1
STU_25881A6655,25881A6655,CHANDA SRINIVASA SHAILESH GUPTA,A,1,SUB_1_A9501,A9501,Programming for Problem Solving,95.83,60.0,B,,PASS,6.05,1
STU_25881A6655,25881A6655,CHANDA SRINIVASA SHAILESH GUPTA,A,1,SUB_1_A9502,A9502,Programming for Problem Solving Laboratory,93.75,90.0,A+,,PASS,6.05,1
STU_25881A6655,25881A6655,CHANDA SRINIVASA SHAILESH GUPTA,A,1,SUB_1_A9801,A9801,Foundations of Data Science,96.72,80.0,A,,PASS,6.05,1
STU_25881A6656,25881A6656,Y SRIRAM,A,1,SUB_1_A9001,A9001,Matrices and Calculus,92.0,90.0,A+,,PASS,8.65,0
STU_25881A6656,25881A6656,Y SRIRAM,A,1,SUB_1_A9007,A9007,Engineering Physics,90.54,80.0,A,,PASS,8.65,0
STU_25881A6656,25881A6656,Y SRIRAM,A,1,SUB_1_A9008,A9008,Engineering Physics Laboratory,85.71,90.0,A+,,PASS,8.65,0
STU_25881A6656,25881A6656,Y SRIRAM,A,1,SUB_1_A9021,A9021,Community Centered Design Thinking,100.0,100.0,O,,PASS,8.65,0
STU_25881A6656,25881A6656,Y SRIRAM,A,1,SUB_1_A9204,A9204,Basic Electrical Engineering,96.05,90.0,A+,,PASS,8.65,0
STU_25881A6656,25881A6656,Y SRIRAM,A,1,SUB_1_A9205,A9205,Basic Electrical Engineering Laboratory,92.86,90.0,A+,,PASS,8.65,0
STU_25881A6656,25881A6656,Y SRIRAM,A,1,SUB_1_A9302,A9302,Engineering Workshop,92.86,100.0,O,,PASS,8.65,0
STU_25881A6656,25881A6656,Y SRIRAM,A,1,SUB_1_A9501,A9501,Programming for Problem Solving,91.67,90.0,A+,,PASS,8.65,0
STU_25881A6656,25881A6656,Y SRIRAM,A,1,SUB_1_A9502,A9502,Programming for Problem Solving Laboratory,93.75,90.0,A+,,PASS,8.65,0
STU_25881A6656,25881A6656,Y SRIRAM,A,1,SUB_1_A9801,A9801,Foundations of Data Science,98.36,70.0,B+,,PASS,8.65,0
STU_25881A6657,25881A6657,THIPPANI SUDEEKSHA REDDY,A,1,SUB_1_A9001,A9001,Matrices and Calculus,76.0,60.0,B,,PASS,4.75,2
STU_25881A6657,25881A6657,THIPPANI SUDEEKSHA REDDY,A,1,SUB_1_A9007,A9007,Engineering Physics,68.92,0.0,F,,FAIL,4.75,2
STU_25881A6657,25881A6657,THIPPANI SUDEEKSHA REDDY,A,1,SUB_1_A9008,A9008,Engineering Physics Laboratory,78.57,80.0,A,,PASS,4.75,2
STU_25881A6657,25881A6657,THIPPANI SUDEEKSHA REDDY,A,1,SUB_1_A9021,A9021,Community Centered Design Thinking,92.31,100.0,O,,PASS,4.75,2
STU_25881A6657,25881A6657,THIPPANI SUDEEKSHA REDDY,A,1,SUB_1_A9204,A9204,Basic Electrical Engineering,76.32,0.0,F,,FAIL,4.75,2
STU_25881A6657,25881A6657,THIPPANI SUDEEKSHA REDDY,A,1,SUB_1_A9205,A9205,Basic Electrical Engineering Laboratory,69.05,70.0,B+,,PASS,4.75,2
STU_25881A6657,25881A6657,THIPPANI SUDEEKSHA REDDY,A,1,SUB_1_A9302,A9302,Engineering Workshop,78.57,100.0,O,,PASS,4.75,2
STU_25881A6657,25881A6657,THIPPANI SUDEEKSHA REDDY,A,1,SUB_1_A9501,A9501,Programming for Problem Solving,77.78,50.0,C,,PASS,4.75,2
STU_25881A6657,25881A6657,THIPPANI SUDEEKSHA REDDY,A,1,SUB_1_A9502,A9502,Programming for Problem Solving Laboratory,75.0,60.0,B,,PASS,4.75,2
STU_25881A6657,25881A6657,THIPPANI SUDEEKSHA REDDY,A,1,SUB_1_A9801,A9801,Foundations of Data Science,70.49,50.0,C,,PASS,4.75,2
STU_25881A6658,25881A6658,MOHAMMED SUFIYAN,A,1,SUB_1_A9001,A9001,Matrices and Calculus,93.33,70.0,B+,,PASS,6.7,1
STU_25881A6658,25881A6658,MOHAMMED SUFIYAN,A,1,SUB_1_A9007,A9007,Engineering Physics,93.24,60.0,B,,PASS,6.7,1
STU_25881A6658,25881A6658,MOHAMMED SUFIYAN,A,1,SUB_1_A9008,A9008,Engineering Physics Laboratory,92.86,100.0,O,,PASS,6.7,1
STU_25881A6658,25881A6658,MOHAMMED SUFIYAN,A,1,SUB_1_A9021,A9021,Community Centered Design Thinking,100.0,100.0,O,,PASS,6.7,1
STU_25881A6658,25881A6658,MOHAMMED SUFIYAN,A,1,SUB_1_A9204,A9204,Basic Electrical Engineering,94.74,70.0,B+,,PASS,6.7,1
STU_25881A6658,25881A6658,MOHAMMED SUFIYAN,A,1,SUB_1_A9205,A9205,Basic Electrical Engineering Laboratory,100.0,90.0,A+,,PASS,6.7,1
STU_25881A6658,25881A6658,MOHAMMED SUFIYAN,A,1,SUB_1_A9302,A9302,Engineering Workshop,92.86,100.0,O,,PASS,6.7,1
STU_25881A6658,25881A6658,MOHAMMED SUFIYAN,A,1,SUB_1_A9501,A9501,Programming for Problem Solving,91.67,0.0,F,,FAIL,6.7,1
STU_25881A6658,25881A6658,MOHAMMED SUFIYAN,A,1,SUB_1_A9502,A9502,Programming for Problem Solving Laboratory,87.5,80.0,A,,PASS,6.7,1
STU_25881A6658,25881A6658,MOHAMMED SUFIYAN,A,1,SUB_1_A9801,A9801,Foundations of Data Science,96.72,90.0,A+,,PASS,6.7,1
STU_25881A6659,25881A6659,MANDLA VAISHALI,A,1,SUB_1_A9001,A9001,Matrices and Calculus,97.33,100.0,O,,PASS,9.35,0
STU_25881A6659,25881A6659,MANDLA VAISHALI,A,1,SUB_1_A9007,A9007,Engineering Physics,97.3,90.0,A+,,PASS,9.35,0
STU_25881A6659,25881A6659,MANDLA VAISHALI,A,1,SUB_1_A9008,A9008,Engineering Physics Laboratory,92.86,100.0,O,,PASS,9.35,0
STU_25881A6659,25881A6659,MANDLA VAISHALI,A,1,SUB_1_A9021,A9021,Community Centered Design Thinking,100.0,90.0,A+,,PASS,9.35,0
STU_25881A6659,25881A6659,MANDLA VAISHALI,A,1,SUB_1_A9204,A9204,Basic Electrical Engineering,98.68,100.0,O,,PASS,9.35,0
STU_25881A6659,25881A6659,MANDLA VAISHALI,A,1,SUB_1_A9205,A9205,Basic Electrical Engineering Laboratory,100.0,100.0,O,,PASS,9.35,0
STU_25881A6659,25881A6659,MANDLA VAISHALI,A,1,SUB_1_A9302,A9302,Engineering Workshop,85.71,100.0,O,,PASS,9.35,0
STU_25881A6659,25881A6659,MANDLA VAISHALI,A,1,SUB_1_A9501,A9501,Programming for Problem Solving,98.61,80.0,A,,PASS,9.35,0
STU_25881A6659,25881A6659,MANDLA VAISHALI,A,1,SUB_1_A9502,A9502,Programming for Problem Solving Laboratory,100.0,100.0,O,,PASS,9.35,0
STU_25881A6659,25881A6659,MANDLA VAISHALI,A,1,SUB_1_A9801,A9801,Foundations of Data Science,98.36,90.0,A+,,PASS,9.35,0
STU_25881A6660,25881A6660,NAGABANDI VAISHNAVI,A,1,SUB_1_A9001,A9001,Matrices and Calculus,90.67,100.0,O,,PASS,9.15,0
STU_25881A6660,25881A6660,NAGABANDI VAISHNAVI,A,1,SUB_1_A9007,A9007,Engineering Physics,91.89,90.0,A+,,PASS,9.15,0
STU_25881A6660,25881A6660,NAGABANDI VAISHNAVI,A,1,SUB_1_A9008,A9008,Engineering Physics Laboratory,85.71,100.0,O,,PASS,9.15,0
STU_25881A6660,25881A6660,NAGABANDI VAISHNAVI,A,1,SUB_1_A9021,A9021,Community Centered Design Thinking,92.31,90.0,A+,,PASS,9.15,0
STU_25881A6660,25881A6660,NAGABANDI VAISHNAVI,A,1,SUB_1_A9204,A9204,Basic Electrical Engineering,94.74,90.0,A+,,PASS,9.15,0
STU_25881A6660,25881A6660,NAGABANDI VAISHNAVI,A,1,SUB_1_A9205,A9205,Basic Electrical Engineering Laboratory,92.86,90.0,A+,,PASS,9.15,0
STU_25881A6660,25881A6660,NAGABANDI VAISHNAVI,A,1,SUB_1_A9302,A9302,Engineering Workshop,85.71,100.0,O,,PASS,9.15,0
STU_25881A6660,25881A6660,NAGABANDI VAISHNAVI,A,1,SUB_1_A9501,A9501,Programming for Problem Solving,91.67,70.0,B+,,PASS,9.15,0
STU_25881A6660,25881A6660,NAGABANDI VAISHNAVI,A,1,SUB_1_A9502,A9502,Programming for Problem Solving Laboratory,93.75,90.0,A+,,PASS,9.15,0
STU_25881A6660,25881A6660,NAGABANDI VAISHNAVI,A,1,SUB_1_A9801,A9801,Foundations of Data Science,95.08,100.0,O,,PASS,9.15,0
STU_25881A6661,25881A6661,SATU VAMSHI KRISHNA,A,1,SUB_1_A9001,A9001,Matrices and Calculus,84.0,70.0,B+,,PASS,7.5,0
STU_25881A6661,25881A6661,SATU VAMSHI KRISHNA,A,1,SUB_1_A9007,A9007,Engineering Physics,82.43,60.0,B,,PASS,7.5,0
STU_25881A6661,25881A6661,SATU VAMSHI KRISHNA,A,1,SUB_1_A9008,A9008,Engineering Physics Laboratory,92.86,100.0,O,,PASS,7.5,0
STU_25881A6661,25881A6661,SATU VAMSHI KRISHNA,A,1,SUB_1_A9021,A9021,Community Centered Design Thinking,92.31,90.0,A+,,PASS,7.5,0
STU_25881A6661,25881A6661,SATU VAMSHI KRISHNA,A,1,SUB_1_A9204,A9204,Basic Electrical Engineering,90.79,80.0,A,,PASS,7.5,0
STU_25881A6661,25881A6661,SATU VAMSHI KRISHNA,A,1,SUB_1_A9205,A9205,Basic Electrical Engineering Laboratory,78.57,90.0,A+,,PASS,7.5,0
STU_25881A6661,25881A6661,SATU VAMSHI KRISHNA,A,1,SUB_1_A9302,A9302,Engineering Workshop,92.86,100.0,O,,PASS,7.5,0
STU_25881A6661,25881A6661,SATU VAMSHI KRISHNA,A,1,SUB_1_A9501,A9501,Programming for Problem Solving,83.33,70.0,B+,,PASS,7.5,0
STU_25881A6661,25881A6661,SATU VAMSHI KRISHNA,A,1,SUB_1_A9502,A9502,Programming for Problem Solving Laboratory,87.5,80.0,A,,PASS,7.5,0
STU_25881A6661,25881A6661,SATU VAMSHI KRISHNA,A,1,SUB_1_A9801,A9801,Foundations of Data Science,86.89,70.0,B+,,PASS,7.5,0
STU_25881A6662,25881A6662,P VEERA SHANKAR REDDY,A,1,SUB_1_A9001,A9001,Matrices and Calculus,94.67,100.0,O,,PASS,9.3,0
STU_25881A6662,25881A6662,P VEERA SHANKAR REDDY,A,1,SUB_1_A9007,A9007,Engineering Physics,94.59,90.0,A+,,PASS,9.3,0
STU_25881A6662,25881A6662,P VEERA SHANKAR REDDY,A,1,SUB_1_A9008,A9008,Engineering Physics Laboratory,100.0,100.0,O,,PASS,9.3,0
STU_25881A6662,25881A6662,P VEERA SHANKAR REDDY,A,1,SUB_1_A9021,A9021,Community Centered Design Thinking,92.31,80.0,A,,PASS,9.3,0
STU_25881A6662,25881A6662,P VEERA SHANKAR REDDY,A,1,SUB_1_A9204,A9204,Basic Electrical Engineering,98.68,100.0,O,,PASS,9.3,0
STU_25881A6662,25881A6662,P VEERA SHANKAR REDDY,A,1,SUB_1_A9205,A9205,Basic Electrical Engineering Laboratory,92.86,100.0,O,,PASS,9.3,0
STU_25881A6662,25881A6662,P VEERA SHANKAR REDDY,A,1,SUB_1_A9302,A9302,Engineering Workshop,100.0,100.0,O,,PASS,9.3,0
STU_25881A6662,25881A6662,P VEERA SHANKAR REDDY,A,1,SUB_1_A9501,A9501,Programming for Problem Solving,94.44,80.0,A,,PASS,9.3,0
STU_25881A6662,25881A6662,P VEERA SHANKAR REDDY,A,1,SUB_1_A9502,A9502,Programming for Problem Solving Laboratory,100.0,100.0,O,,PASS,9.3,0
STU_25881A6662,25881A6662,P VEERA SHANKAR REDDY,A,1,SUB_1_A9801,A9801,Foundations of Data Science,95.08,90.0,A+,,PASS,9.3,0
STU_25881A6663,25881A6663,BURAM VIASHNAVI,A,1,SUB_1_A9001,A9001,Matrices and Calculus,96.0,60.0,B,,PASS,6.5,0
STU_25881A6663,25881A6663,BURAM VIASHNAVI,A,1,SUB_1_A9007,A9007,Engineering Physics,95.95,50.0,C,,PASS,6.5,0
STU_25881A6663,25881A6663,BURAM VIASHNAVI,A,1,SUB_1_A9008,A9008,Engineering Physics Laboratory,92.86,90.0,A+,,PASS,6.5,0
STU_25881A6663,25881A6663,BURAM VIASHNAVI,A,1,SUB_1_A9021,A9021,Community Centered Design Thinking,100.0,90.0,A+,,PASS,6.5,0
STU_25881A6663,25881A6663,BURAM VIASHNAVI,A,1,SUB_1_A9204,A9204,Basic Electrical Engineering,97.37,70.0,B+,,PASS,6.5,0
STU_25881A6663,25881A6663,BURAM VIASHNAVI,A,1,SUB_1_A9205,A9205,Basic Electrical Engineering Laboratory,92.86,90.0,A+,,PASS,6.5,0
STU_25881A6663,25881A6663,BURAM VIASHNAVI,A,1,SUB_1_A9302,A9302,Engineering Workshop,92.86,100.0,O,,PASS,6.5,0
STU_25881A6663,25881A6663,BURAM VIASHNAVI,A,1,SUB_1_A9501,A9501,Programming for Problem Solving,97.22,50.0,C,,PASS,6.5,0
STU_25881A6663,25881A6663,BURAM VIASHNAVI,A,1,SUB_1_A9502,A9502,Programming for Problem Solving Laboratory,100.0,70.0,B+,,PASS,6.5,0
STU_25881A6663,25881A6663,BURAM VIASHNAVI,A,1,SUB_1_A9801,A9801,Foundations of Data Science,96.72,60.0,B,,PASS,6.5,0
STU_25881A6664,25881A6664,NEERUDU VIVEK,A,1,SUB_1_A9001,A9001,Matrices and Calculus,90.67,100.0,O,,PASS,9.5,0
STU_25881A6664,25881A6664,NEERUDU VIVEK,A,1,SUB_1_A9007,A9007,Engineering Physics,87.84,90.0,A+,,PASS,9.5,0
STU_25881A6664,25881A6664,NEERUDU VIVEK,A,1,SUB_1_A9008,A9008,Engineering Physics Laboratory,85.71,100.0,O,,PASS,9.5,0
STU_25881A6664,25881A6664,NEERUDU VIVEK,A,1,SUB_1_A9021,A9021,Community Centered Design Thinking,84.62,90.0,A+,,PASS,9.5,0
STU_25881A6664,25881A6664,NEERUDU VIVEK,A,1,SUB_1_A9204,A9204,Basic Electrical Engineering,93.42,100.0,O,,PASS,9.5,0
STU_25881A6664,25881A6664,NEERUDU VIVEK,A,1,SUB_1_A9205,A9205,Basic Electrical Engineering Laboratory,92.86,100.0,O,,PASS,9.5,0
STU_25881A6664,25881A6664,NEERUDU VIVEK,A,1,SUB_1_A9302,A9302,Engineering Workshop,92.86,100.0,O,,PASS,9.5,0
STU_25881A6664,25881A6664,NEERUDU VIVEK,A,1,SUB_1_A9501,A9501,Programming for Problem Solving,91.67,80.0,A,,PASS,9.5,0
STU_25881A6664,25881A6664,NEERUDU VIVEK,A,1,SUB_1_A9502,A9502,Programming for Problem Solving Laboratory,81.25,100.0,O,,PASS,9.5,0
STU_25881A6664,25881A6664,NEERUDU VIVEK,A,1,SUB_1_A9801,A9801,Foundations of Data Science,88.52,100.0,O,,PASS,9.5,0
STU_25881A6665,25881A6665,KAMATHAM YASHWANTH,A,1,SUB_1_A9001,A9001,Matrices and Calculus,80.0,60.0,B,,PASS,6.8,0
STU_25881A6665,25881A6665,KAMATHAM YASHWANTH,A,1,SUB_1_A9007,A9007,Engineering Physics,77.33,60.0,B,,PASS,6.8,0
STU_25881A6665,25881A6665,KAMATHAM YASHWANTH,A,1,SUB_1_A9008,A9008,Engineering Physics Laboratory,92.86,90.0,A+,,PASS,6.8,0
STU_25881A6665,25881A6665,KAMATHAM YASHWANTH,A,1,SUB_1_A9021,A9021,Community Centered Design Thinking,92.86,100.0,O,,PASS,6.8,0
STU_25881A6665,25881A6665,KAMATHAM YASHWANTH,A,1,SUB_1_A9204,A9204,Basic Electrical Engineering,81.43,50.0,C,,PASS,6.8,0
STU_25881A6665,25881A6665,KAMATHAM YASHWANTH,A,1,SUB_1_A9205,A9205,Basic Electrical Engineering Laboratory,93.88,90.0,A+,,PASS,6.8,0
STU_25881A6665,25881A6665,KAMATHAM YASHWANTH,A,1,SUB_1_A9302,A9302,Engineering Workshop,93.33,100.0,O,,PASS,6.8,0
STU_25881A6665,25881A6665,KAMATHAM YASHWANTH,A,1,SUB_1_A9501,A9501,Programming for Problem Solving,91.89,60.0,B,,PASS,6.8,0
STU_25881A6665,25881A6665,KAMATHAM YASHWANTH,A,1,SUB_1_A9502,A9502,Programming for Problem Solving Laboratory,100.0,70.0,B+,,PASS,6.8,0
STU_25881A6665,25881A6665,KAMATHAM YASHWANTH,A,1,SUB_1_A9801,A9801,Foundations of Data Science,90.0,70.0,B+,,PASS,6.8,0
STU_25881A6666,25881A6666,GUDA ADHI YADAV,B,1,SUB_1_A9001,A9001,Matrices and Calculus,93.33,100.0,O,,PASS,9.3,0
STU_25881A6666,25881A6666,GUDA ADHI YADAV,B,1,SUB_1_A9007,A9007,Engineering Physics,94.67,100.0,O,,PASS,9.3,0
STU_25881A6666,25881A6666,GUDA ADHI YADAV,B,1,SUB_1_A9008,A9008,Engineering Physics Laboratory,92.86,100.0,O,,PASS,9.3,0
STU_25881A6666,25881A6666,GUDA ADHI YADAV,B,1,SUB_1_A9021,A9021,Community Centered Design Thinking,92.86,90.0,A+,,PASS,9.3,0
STU_25881A6666,25881A6666,GUDA ADHI YADAV,B,1,SUB_1_A9204,A9204,Basic Electrical Engineering,97.14,100.0,O,,PASS,9.3,0
STU_25881A6666,25881A6666,GUDA ADHI YADAV,B,1,SUB_1_A9205,A9205,Basic Electrical Engineering Laboratory,100.0,100.0,O,,PASS,9.3,0
STU_25881A6666,25881A6666,GUDA ADHI YADAV,B,1,SUB_1_A9302,A9302,Engineering Workshop,100.0,90.0,A+,,PASS,9.3,0
STU_25881A6666,25881A6666,GUDA ADHI YADAV,B,1,SUB_1_A9501,A9501,Programming for Problem Solving,97.3,80.0,A,,PASS,9.3,0
STU_25881A6666,25881A6666,GUDA ADHI YADAV,B,1,SUB_1_A9502,A9502,Programming for Problem Solving Laboratory,92.31,100.0,O,,PASS,9.3,0
STU_25881A6666,25881A6666,GUDA ADHI YADAV,B,1,SUB_1_A9801,A9801,Foundations of Data Science,95.0,80.0,A,,PASS,9.3,0
STU_25881A6667,25881A6667,PALAMOOR ADITHYA GOUD,B,1,SUB_1_A9001,A9001,Matrices and Calculus,80.0,100.0,O,,PASS,8.95,0
STU_25881A6667,25881A6667,PALAMOOR ADITHYA GOUD,B,1,SUB_1_A9007,A9007,Engineering Physics,80.0,90.0,A+,,PASS,8.95,0
STU_25881A6667,25881A6667,PALAMOOR ADITHYA GOUD,B,1,SUB_1_A9008,A9008,Engineering Physics Laboratory,64.29,90.0,A+,,PASS,8.95,0
STU_25881A6667,25881A6667,PALAMOOR ADITHYA GOUD,B,1,SUB_1_A9021,A9021,Community Centered Design Thinking,78.57,90.0,A+,,PASS,8.95,0
STU_25881A6667,25881A6667,PALAMOOR ADITHYA GOUD,B,1,SUB_1_A9204,A9204,Basic Electrical Engineering,85.71,100.0,O,,PASS,8.95,0
STU_25881A6667,25881A6667,PALAMOOR ADITHYA GOUD,B,1,SUB_1_A9205,A9205,Basic Electrical Engineering Laboratory,61.22,90.0,A+,,PASS,8.95,0
STU_25881A6667,25881A6667,PALAMOOR ADITHYA GOUD,B,1,SUB_1_A9302,A9302,Engineering Workshop,60.0,80.0,A,,PASS,8.95,0
STU_25881A6667,25881A6667,PALAMOOR ADITHYA GOUD,B,1,SUB_1_A9501,A9501,Programming for Problem Solving,81.08,80.0,A,,PASS,8.95,0
STU_25881A6667,25881A6667,PALAMOOR ADITHYA GOUD,B,1,SUB_1_A9502,A9502,Programming for Problem Solving Laboratory,76.92,90.0,A+,,PASS,8.95,0
STU_25881A6667,25881A6667,PALAMOOR ADITHYA GOUD,B,1,SUB_1_A9801,A9801,Foundations of Data Science,75.0,80.0,A,,PASS,8.95,0
STU_25881A6668,25881A6668,SHAHBAZ AHMED KHAN,B,1,SUB_1_A9001,A9001,Matrices and Calculus,77.33,90.0,A+,,PASS,8.8,0
STU_25881A6668,25881A6668,SHAHBAZ AHMED KHAN,B,1,SUB_1_A9007,A9007,Engineering Physics,81.33,90.0,A+,,PASS,8.8,0
STU_25881A6668,25881A6668,SHAHBAZ AHMED KHAN,B,1,SUB_1_A9008,A9008,Engineering Physics Laboratory,85.71,90.0,A+,,PASS,8.8,0
STU_25881A6668,25881A6668,SHAHBAZ AHMED KHAN,B,1,SUB_1_A9021,A9021,Community Centered Design Thinking,78.57,90.0,A+,,PASS,8.8,0
STU_25881A6668,25881A6668,SHAHBAZ AHMED KHAN,B,1,SUB_1_A9204,A9204,Basic Electrical Engineering,94.29,90.0,A+,,PASS,8.8,0
STU_25881A6668,25881A6668,SHAHBAZ AHMED KHAN,B,1,SUB_1_A9205,A9205,Basic Electrical Engineering Laboratory,75.51,100.0,O,,PASS,8.8,0
STU_25881A6668,25881A6668,SHAHBAZ AHMED KHAN,B,1,SUB_1_A9302,A9302,Engineering Workshop,80.0,90.0,A+,,PASS,8.8,0
STU_25881A6668,25881A6668,SHAHBAZ AHMED KHAN,B,1,SUB_1_A9501,A9501,Programming for Problem Solving,89.19,80.0,A,,PASS,8.8,0
STU_25881A6668,25881A6668,SHAHBAZ AHMED KHAN,B,1,SUB_1_A9502,A9502,Programming for Problem Solving Laboratory,100.0,100.0,O,,PASS,8.8,0
STU_25881A6668,25881A6668,SHAHBAZ AHMED KHAN,B,1,SUB_1_A9801,A9801,Foundations of Data Science,81.67,80.0,A,,PASS,8.8,0
STU_25881A6669,25881A6669,KARLA AKSHYA REDDY,B,1,SUB_1_A9001,A9001,Matrices and Calculus,88.0,100.0,O,,PASS,9.45,0
STU_25881A6669,25881A6669,KARLA AKSHYA REDDY,B,1,SUB_1_A9007,A9007,Engineering Physics,85.33,100.0,O,,PASS,9.45,0
STU_25881A6669,25881A6669,KARLA AKSHYA REDDY,B,1,SUB_1_A9008,A9008,Engineering Physics Laboratory,85.71,100.0,O,,PASS,9.45,0
STU_25881A6669,25881A6669,KARLA AKSHYA REDDY,B,1,SUB_1_A9021,A9021,Community Centered Design Thinking,92.86,90.0,A+,,PASS,9.45,0
STU_25881A6669,25881A6669,KARLA AKSHYA REDDY,B,1,SUB_1_A9204,A9204,Basic Electrical Engineering,84.29,100.0,O,,PASS,9.45,0
STU_25881A6669,25881A6669,KARLA AKSHYA REDDY,B,1,SUB_1_A9205,A9205,Basic Electrical Engineering Laboratory,100.0,90.0,A+,,PASS,9.45,0
STU_25881A6669,25881A6669,KARLA AKSHYA REDDY,B,1,SUB_1_A9302,A9302,Engineering Workshop,93.33,100.0,O,,PASS,9.45,0
STU_25881A6669,25881A6669,KARLA AKSHYA REDDY,B,1,SUB_1_A9501,A9501,Programming for Problem Solving,91.89,80.0,A,,PASS,9.45,0
STU_25881A6669,25881A6669,KARLA AKSHYA REDDY,B,1,SUB_1_A9502,A9502,Programming for Problem Solving Laboratory,92.31,100.0,O,,PASS,9.45,0
STU_25881A6669,25881A6669,KARLA AKSHYA REDDY,B,1,SUB_1_A9801,A9801,Foundations of Data Science,91.67,90.0,A+,,PASS,9.45,0
STU_25881A6670,25881A6670,PADAMATI ASHWITHA REDDY,B,1,SUB_1_A9001,A9001,Matrices and Calculus,89.33,90.0,A+,,PASS,7.5,0
STU_25881A6670,25881A6670,PADAMATI ASHWITHA REDDY,B,1,SUB_1_A9007,A9007,Engineering Physics,86.67,80.0,A,,PASS,7.5,0
STU_25881A6670,25881A6670,PADAMATI ASHWITHA REDDY,B,1,SUB_1_A9008,A9008,Engineering Physics Laboratory,92.86,90.0,A+,,PASS,7.5,0
STU_25881A6670,25881A6670,PADAMATI ASHWITHA REDDY,B,1,SUB_1_A9021,A9021,Community Centered Design Thinking,85.71,90.0,A+,,PASS,7.5,0
STU_25881A6670,25881A6670,PADAMATI ASHWITHA REDDY,B,1,SUB_1_A9204,A9204,Basic Electrical Engineering,92.86,70.0,B+,,PASS,7.5,0
STU_25881A6670,25881A6670,PADAMATI ASHWITHA REDDY,B,1,SUB_1_A9205,A9205,Basic Electrical Engineering Laboratory,87.76,80.0,A,,PASS,7.5,0
STU_25881A6670,25881A6670,PADAMATI ASHWITHA REDDY,B,1,SUB_1_A9302,A9302,Engineering Workshop,86.67,90.0,A+,,PASS,7.5,0
STU_25881A6670,25881A6670,PADAMATI ASHWITHA REDDY,B,1,SUB_1_A9501,A9501,Programming for Problem Solving,89.19,50.0,C,,PASS,7.5,0
STU_25881A6670,25881A6670,PADAMATI ASHWITHA REDDY,B,1,SUB_1_A9502,A9502,Programming for Problem Solving Laboratory,84.62,80.0,A,,PASS,7.5,0
STU_25881A6670,25881A6670,PADAMATI ASHWITHA REDDY,B,1,SUB_1_A9801,A9801,Foundations of Data Science,90.0,60.0,B,,PASS,7.5,0
STU_25881A6671,25881A6671,PUSULURI BIPIN,B,1,SUB_1_A9001,A9001,Matrices and Calculus,94.67,100.0,O,,PASS,8.7,0
STU_25881A6671,25881A6671,PUSULURI BIPIN,B,1,SUB_1_A9007,A9007,Engineering Physics,92.0,80.0,A,,PASS,8.7,0
STU_25881A6671,25881A6671,PUSULURI BIPIN,B,1,SUB_1_A9008,A9008,Engineering Physics Laboratory,92.86,90.0,A+,,PASS,8.7,0
STU_25881A6671,25881A6671,PUSULURI BIPIN,B,1,SUB_1_A9021,A9021,Community Centered Design Thinking,100.0,90.0,A+,,PASS,8.7,0
STU_25881A6671,25881A6671,PUSULURI BIPIN,B,1,SUB_1_A9204,A9204,Basic Electrical Engineering,95.71,80.0,A,,PASS,8.7,0
STU_25881A6671,25881A6671,PUSULURI BIPIN,B,1,SUB_1_A9205,A9205,Basic Electrical Engineering Laboratory,100.0,90.0,A+,,PASS,8.7,0
STU_25881A6671,25881A6671,PUSULURI BIPIN,B,1,SUB_1_A9302,A9302,Engineering Workshop,100.0,100.0,O,,PASS,8.7,0
STU_25881A6671,25881A6671,PUSULURI BIPIN,B,1,SUB_1_A9501,A9501,Programming for Problem Solving,95.95,70.0,B+,,PASS,8.7,0
STU_25881A6671,25881A6671,PUSULURI BIPIN,B,1,SUB_1_A9502,A9502,Programming for Problem Solving Laboratory,100.0,90.0,A+,,PASS,8.7,0
STU_25881A6671,25881A6671,PUSULURI BIPIN,B,1,SUB_1_A9801,A9801,Foundations of Data Science,95.0,90.0,A+,,PASS,8.7,0
STU_25881A6672,25881A6672,PUNNA CHARAN TEJ,B,1,SUB_1_A9001,A9001,Matrices and Calculus,80.0,80.0,A,,PASS,7.6,0
STU_25881A6672,25881A6672,PUNNA CHARAN TEJ,B,1,SUB_1_A9007,A9007,Engineering Physics,77.33,70.0,B+,,PASS,7.6,0
STU_25881A6672,25881A6672,PUNNA CHARAN TEJ,B,1,SUB_1_A9008,A9008,Engineering Physics Laboratory,78.57,100.0,O,,PASS,7.6,0
STU_25881A6672,25881A6672,PUNNA CHARAN TEJ,B,1,SUB_1_A9021,A9021,Community Centered Design Thinking,78.57,90.0,A+,,PASS,7.6,0
STU_25881A6672,25881A6672,PUNNA CHARAN TEJ,B,1,SUB_1_A9204,A9204,Basic Electrical Engineering,81.43,70.0,B+,,PASS,7.6,0
STU_25881A6672,25881A6672,PUNNA CHARAN TEJ,B,1,SUB_1_A9205,A9205,Basic Electrical Engineering Laboratory,57.14,90.0,A+,,PASS,7.6,0
STU_25881A6672,25881A6672,PUNNA CHARAN TEJ,B,1,SUB_1_A9302,A9302,Engineering Workshop,66.67,90.0,A+,,PASS,7.6,0
STU_25881A6672,25881A6672,PUNNA CHARAN TEJ,B,1,SUB_1_A9501,A9501,Programming for Problem Solving,81.08,60.0,B,,PASS,7.6,0
STU_25881A6672,25881A6672,PUNNA CHARAN TEJ,B,1,SUB_1_A9502,A9502,Programming for Problem Solving Laboratory,69.23,90.0,A+,,PASS,7.6,0
STU_25881A6672,25881A6672,PUNNA CHARAN TEJ,B,1,SUB_1_A9801,A9801,Foundations of Data Science,78.33,70.0,B+,,PASS,7.6,0
STU_25881A6673,25881A6673,BODDU DAVID RAJ,B,1,SUB_1_A9001,A9001,Matrices and Calculus,90.67,100.0,O,,PASS,9.1,0
STU_25881A6673,25881A6673,BODDU DAVID RAJ,B,1,SUB_1_A9007,A9007,Engineering Physics,88.0,90.0,A+,,PASS,9.1,0
STU_25881A6673,25881A6673,BODDU DAVID RAJ,B,1,SUB_1_A9008,A9008,Engineering Physics Laboratory,85.71,100.0,O,,PASS,9.1,0
STU_25881A6673,25881A6673,BODDU DAVID RAJ,B,1,SUB_1_A9021,A9021,Community Centered Design Thinking,92.86,100.0,O,,PASS,9.1,0
STU_25881A6673,25881A6673,BODDU DAVID RAJ,B,1,SUB_1_A9204,A9204,Basic Electrical Engineering,91.43,90.0,A+,,PASS,9.1,0
STU_25881A6673,25881A6673,BODDU DAVID RAJ,B,1,SUB_1_A9205,A9205,Basic Electrical Engineering Laboratory,100.0,100.0,O,,PASS,9.1,0
STU_25881A6673,25881A6673,BODDU DAVID RAJ,B,1,SUB_1_A9302,A9302,Engineering Workshop,100.0,100.0,O,,PASS,9.1,0
STU_25881A6673,25881A6673,BODDU DAVID RAJ,B,1,SUB_1_A9501,A9501,Programming for Problem Solving,91.89,80.0,A,,PASS,9.1,0
STU_25881A6673,25881A6673,BODDU DAVID RAJ,B,1,SUB_1_A9502,A9502,Programming for Problem Solving Laboratory,92.31,90.0,A+,,PASS,9.1,0
STU_25881A6673,25881A6673,BODDU DAVID RAJ,B,1,SUB_1_A9801,A9801,Foundations of Data Science,86.67,80.0,A,,PASS,9.1,0
STU_25881A6674,25881A6674,ARASANI DEEPIKA,B,1,SUB_1_A9001,A9001,Matrices and Calculus,86.67,0.0,F,,FAIL,5.45,1
STU_25881A6674,25881A6674,ARASANI DEEPIKA,B,1,SUB_1_A9007,A9007,Engineering Physics,89.33,60.0,B,,PASS,5.45,1
STU_25881A6674,25881A6674,ARASANI DEEPIKA,B,1,SUB_1_A9008,A9008,Engineering Physics Laboratory,85.71,90.0,A+,,PASS,5.45,1
STU_25881A6674,25881A6674,ARASANI DEEPIKA,B,1,SUB_1_A9021,A9021,Community Centered Design Thinking,100.0,90.0,A+,,PASS,5.45,1
STU_25881A6674,25881A6674,ARASANI DEEPIKA,B,1,SUB_1_A9204,A9204,Basic Electrical Engineering,91.43,60.0,B,,PASS,5.45,1
STU_25881A6674,25881A6674,ARASANI DEEPIKA,B,1,SUB_1_A9205,A9205,Basic Electrical Engineering Laboratory,87.76,70.0,B+,,PASS,5.45,1
STU_25881A6674,25881A6674,ARASANI DEEPIKA,B,1,SUB_1_A9302,A9302,Engineering Workshop,93.33,90.0,A+,,PASS,5.45,1
STU_25881A6674,25881A6674,ARASANI DEEPIKA,B,1,SUB_1_A9501,A9501,Programming for Problem Solving,91.89,50.0,C,,PASS,5.45,1
STU_25881A6674,25881A6674,ARASANI DEEPIKA,B,1,SUB_1_A9502,A9502,Programming for Problem Solving Laboratory,92.31,90.0,A+,,PASS,5.45,1
STU_25881A6674,25881A6674,ARASANI DEEPIKA,B,1,SUB_1_A9801,A9801,Foundations of Data Science,91.67,70.0,B+,,PASS,5.45,1
STU_25881A6675,25881A6675,DUNNA DURGA VENKATA SAI,B,1,SUB_1_A9001,A9001,Matrices and Calculus,81.33,50.0,C,,PASS,3.7,3
STU_25881A6675,25881A6675,DUNNA DURGA VENKATA SAI,B,1,SUB_1_A9007,A9007,Engineering Physics,76.0,0.0,F,,FAIL,3.7,3
STU_25881A6675,25881A6675,DUNNA DURGA VENKATA SAI,B,1,SUB_1_A9008,A9008,Engineering Physics Laboratory,71.43,80.0,A,,PASS,3.7,3
STU_25881A6675,25881A6675,DUNNA DURGA VENKATA SAI,B,1,SUB_1_A9021,A9021,Community Centered Design Thinking,78.57,90.0,A+,,PASS,3.7,3
STU_25881A6675,25881A6675,DUNNA DURGA VENKATA SAI,B,1,SUB_1_A9204,A9204,Basic Electrical Engineering,75.71,0.0,F,,FAIL,3.7,3
STU_25881A6675,25881A6675,DUNNA DURGA VENKATA SAI,B,1,SUB_1_A9205,A9205,Basic Electrical Engineering Laboratory,81.63,70.0,B+,,PASS,3.7,3
STU_25881A6675,25881A6675,DUNNA DURGA VENKATA SAI,B,1,SUB_1_A9302,A9302,Engineering Workshop,80.0,80.0,A,,PASS,3.7,3
STU_25881A6675,25881A6675,DUNNA DURGA VENKATA SAI,B,1,SUB_1_A9501,A9501,Programming for Problem Solving,78.38,0.0,F,,FAIL,3.7,3
STU_25881A6675,25881A6675,DUNNA DURGA VENKATA SAI,B,1,SUB_1_A9502,A9502,Programming for Problem Solving Laboratory,69.23,70.0,B+,,PASS,3.7,3
STU_25881A6675,25881A6675,DUNNA DURGA VENKATA SAI,B,1,SUB_1_A9801,A9801,Foundations of Data Science,81.67,50.0,C,,PASS,3.7,3
STU_25881A6676,25881A6676,B GOKUL SAI REDDY,B,1,SUB_1_A9001,A9001,Matrices and Calculus,92.0,100.0,O,,PASS,9.2,0
STU_25881A6676,25881A6676,B GOKUL SAI REDDY,B,1,SUB_1_A9007,A9007,Engineering Physics,94.67,90.0,A+,,PASS,9.2,0
STU_25881A6676,25881A6676,B GOKUL SAI REDDY,B,1,SUB_1_A9008,A9008,Engineering Physics Laboratory,92.86,100.0,O,,PASS,9.2,0
STU_25881A6676,25881A6676,B GOKUL SAI REDDY,B,1,SUB_1_A9021,A9021,Community Centered Design Thinking,88.1,100.0,O,,PASS,9.2,0
STU_25881A6676,25881A6676,B GOKUL SAI REDDY,B,1,SUB_1_A9204,A9204,Basic Electrical Engineering,88.57,90.0,A+,,PASS,9.2,0
STU_25881A6676,25881A6676,B GOKUL SAI REDDY,B,1,SUB_1_A9205,A9205,Basic Electrical Engineering Laboratory,93.88,100.0,O,,PASS,9.2,0
STU_25881A6676,25881A6676,B GOKUL SAI REDDY,B,1,SUB_1_A9302,A9302,Engineering Workshop,100.0,90.0,A+,,PASS,9.2,0
STU_25881A6676,25881A6676,B GOKUL SAI REDDY,B,1,SUB_1_A9501,A9501,Programming for Problem Solving,94.59,80.0,A,,PASS,9.2,0
STU_25881A6676,25881A6676,B GOKUL SAI REDDY,B,1,SUB_1_A9502,A9502,Programming for Problem Solving Laboratory,100.0,90.0,A+,,PASS,9.2,0
STU_25881A6676,25881A6676,B GOKUL SAI REDDY,B,1,SUB_1_A9801,A9801,Foundations of Data Science,91.67,90.0,A+,,PASS,9.2,0
STU_25881A6677,25881A6677,NITI GOYAL,B,1,SUB_1_A9001,A9001,Matrices and Calculus,92.0,100.0,O,,PASS,8.95,0
STU_25881A6677,25881A6677,NITI GOYAL,B,1,SUB_1_A9007,A9007,Engineering Physics,86.67,90.0,A+,,PASS,8.95,0
STU_25881A6677,25881A6677,NITI GOYAL,B,1,SUB_1_A9008,A9008,Engineering Physics Laboratory,78.57,90.0,A+,,PASS,8.95,0
STU_25881A6677,25881A6677,NITI GOYAL,B,1,SUB_1_A9021,A9021,Community Centered Design Thinking,85.71,100.0,O,,PASS,8.95,0
STU_25881A6677,25881A6677,NITI GOYAL,B,1,SUB_1_A9204,A9204,Basic Electrical Engineering,92.86,90.0,A+,,PASS,8.95,0
STU_25881A6677,25881A6677,NITI GOYAL,B,1,SUB_1_A9205,A9205,Basic Electrical Engineering Laboratory,93.88,90.0,A+,,PASS,8.95,0
STU_25881A6677,25881A6677,NITI GOYAL,B,1,SUB_1_A9302,A9302,Engineering Workshop,93.33,100.0,O,,PASS,8.95,0
STU_25881A6677,25881A6677,NITI GOYAL,B,1,SUB_1_A9501,A9501,Programming for Problem Solving,94.59,70.0,B+,,PASS,8.95,0
STU_25881A6677,25881A6677,NITI GOYAL,B,1,SUB_1_A9502,A9502,Programming for Problem Solving Laboratory,92.31,80.0,A,,PASS,8.95,0
STU_25881A6677,25881A6677,NITI GOYAL,B,1,SUB_1_A9801,A9801,Foundations of Data Science,93.33,90.0,A+,,PASS,8.95,0
STU_25881A6678,25881A6678,GUDALA GRACE PAUL,B,1,SUB_1_A9001,A9001,Matrices and Calculus,77.33,90.0,A+,,PASS,8.0,0
STU_25881A6678,25881A6678,GUDALA GRACE PAUL,B,1,SUB_1_A9007,A9007,Engineering Physics,84.0,70.0,B+,,PASS,8.0,0
STU_25881A6678,25881A6678,GUDALA GRACE PAUL,B,1,SUB_1_A9008,A9008,Engineering Physics Laboratory,78.57,100.0,O,,PASS,8.0,0
STU_25881A6678,25881A6678,GUDALA GRACE PAUL,B,1,SUB_1_A9021,A9021,Community Centered Design Thinking,85.71,90.0,A+,,PASS,8.0,0
STU_25881A6678,25881A6678,GUDALA GRACE PAUL,B,1,SUB_1_A9204,A9204,Basic Electrical Engineering,85.71,70.0,B+,,PASS,8.0,0
STU_25881A6678,25881A6678,GUDALA GRACE PAUL,B,1,SUB_1_A9205,A9205,Basic Electrical Engineering Laboratory,100.0,90.0,A+,,PASS,8.0,0
STU_25881A6678,25881A6678,GUDALA GRACE PAUL,B,1,SUB_1_A9302,A9302,Engineering Workshop,93.33,80.0,A,,PASS,8.0,0
STU_25881A6678,25881A6678,GUDALA GRACE PAUL,B,1,SUB_1_A9501,A9501,Programming for Problem Solving,85.14,70.0,B+,,PASS,8.0,0
STU_25881A6678,25881A6678,GUDALA GRACE PAUL,B,1,SUB_1_A9502,A9502,Programming for Problem Solving Laboratory,92.31,80.0,A,,PASS,8.0,0
STU_25881A6678,25881A6678,GUDALA GRACE PAUL,B,1,SUB_1_A9801,A9801,Foundations of Data Science,80.0,80.0,A,,PASS,8.0,0
STU_25881A6679,25881A6679,DAMIREDDY HARSHA VARDHAN REDDY,B,1,SUB_1_A9001,A9001,Matrices and Calculus,86.67,0.0,F,,FAIL,4.45,2
STU_25881A6679,25881A6679,DAMIREDDY HARSHA VARDHAN REDDY,B,1,SUB_1_A9007,A9007,Engineering Physics,85.33,60.0,B,,PASS,4.45,2
STU_25881A6679,25881A6679,DAMIREDDY HARSHA VARDHAN REDDY,B,1,SUB_1_A9008,A9008,Engineering Physics Laboratory,78.57,90.0,A+,,PASS,4.45,2
STU_25881A6679,25881A6679,DAMIREDDY HARSHA VARDHAN REDDY,B,1,SUB_1_A9021,A9021,Community Centered Design Thinking,92.86,90.0,A+,,PASS,4.45,2
STU_25881A6679,25881A6679,DAMIREDDY HARSHA VARDHAN REDDY,B,1,SUB_1_A9204,A9204,Basic Electrical Engineering,88.57,50.0,C,,PASS,4.45,2
STU_25881A6679,25881A6679,DAMIREDDY HARSHA VARDHAN REDDY,B,1,SUB_1_A9205,A9205,Basic Electrical Engineering Laboratory,87.76,90.0,A+,,PASS,4.45,2
STU_25881A6679,25881A6679,DAMIREDDY HARSHA VARDHAN REDDY,B,1,SUB_1_A9302,A9302,Engineering Workshop,73.33,80.0,A,,PASS,4.45,2
STU_25881A6679,25881A6679,DAMIREDDY HARSHA VARDHAN REDDY,B,1,SUB_1_A9501,A9501,Programming for Problem Solving,87.84,0.0,F,,FAIL,4.45,2
STU_25881A6679,25881A6679,DAMIREDDY HARSHA VARDHAN REDDY,B,1,SUB_1_A9502,A9502,Programming for Problem Solving Laboratory,100.0,80.0,A,,PASS,4.45,2
STU_25881A6679,25881A6679,DAMIREDDY HARSHA VARDHAN REDDY,B,1,SUB_1_A9801,A9801,Foundations of Data Science,83.33,60.0,B,,PASS,4.45,2
STU_25881A6680,25881A6680,KUNDARAPU HARSHAVARDHAN,B,1,SUB_1_A9001,A9001,Matrices and Calculus,88.0,100.0,O,,PASS,9.05,0
STU_25881A6680,25881A6680,KUNDARAPU HARSHAVARDHAN,B,1,SUB_1_A9007,A9007,Engineering Physics,88.0,80.0,A,,PASS,9.05,0
STU_25881A6680,25881A6680,KUNDARAPU HARSHAVARDHAN,B,1,SUB_1_A9008,A9008,Engineering Physics Laboratory,85.71,100.0,O,,PASS,9.05,0
STU_25881A6680,25881A6680,KUNDARAPU HARSHAVARDHAN,B,1,SUB_1_A9021,A9021,Community Centered Design Thinking,78.57,100.0,O,,PASS,9.05,0
STU_25881A6680,25881A6680,KUNDARAPU HARSHAVARDHAN,B,1,SUB_1_A9204,A9204,Basic Electrical Engineering,82.86,100.0,O,,PASS,9.05,0
STU_25881A6680,25881A6680,KUNDARAPU HARSHAVARDHAN,B,1,SUB_1_A9205,A9205,Basic Electrical Engineering Laboratory,100.0,100.0,O,,PASS,9.05,0
STU_25881A6680,25881A6680,KUNDARAPU HARSHAVARDHAN,B,1,SUB_1_A9302,A9302,Engineering Workshop,86.67,100.0,O,,PASS,9.05,0
STU_25881A6680,25881A6680,KUNDARAPU HARSHAVARDHAN,B,1,SUB_1_A9501,A9501,Programming for Problem Solving,89.19,70.0,B+,,PASS,9.05,0
STU_25881A6680,25881A6680,KUNDARAPU HARSHAVARDHAN,B,1,SUB_1_A9502,A9502,Programming for Problem Solving Laboratory,84.62,90.0,A+,,PASS,9.05,0
STU_25881A6680,25881A6680,KUNDARAPU HARSHAVARDHAN,B,1,SUB_1_A9801,A9801,Foundations of Data Science,85.0,90.0,A+,,PASS,9.05,0
STU_25881A6681,25881A6681,TUMU HASINI,B,1,SUB_1_A9001,A9001,Matrices and Calculus,92.0,80.0,A,,PASS,7.7,0
STU_25881A6681,25881A6681,TUMU HASINI,B,1,SUB_1_A9007,A9007,Engineering Physics,88.0,70.0,B+,,PASS,7.7,0
STU_25881A6681,25881A6681,TUMU HASINI,B,1,SUB_1_A9008,A9008,Engineering Physics Laboratory,78.57,90.0,A+,,PASS,7.7,0
STU_25881A6681,25881A6681,TUMU HASINI,B,1,SUB_1_A9021,A9021,Community Centered Design Thinking,92.86,100.0,O,,PASS,7.7,0
STU_25881A6681,25881A6681,TUMU HASINI,B,1,SUB_1_A9204,A9204,Basic Electrical Engineering,94.29,80.0,A,,PASS,7.7,0
STU_25881A6681,25881A6681,TUMU HASINI,B,1,SUB_1_A9205,A9205,Basic Electrical Engineering Laboratory,93.88,90.0,A+,,PASS,7.7,0
STU_25881A6681,25881A6681,TUMU HASINI,B,1,SUB_1_A9302,A9302,Engineering Workshop,100.0,90.0,A+,,PASS,7.7,0
STU_25881A6681,25881A6681,TUMU HASINI,B,1,SUB_1_A9501,A9501,Programming for Problem Solving,94.59,60.0,B,,PASS,7.7,0
STU_25881A6681,25881A6681,TUMU HASINI,B,1,SUB_1_A9502,A9502,Programming for Problem Solving Laboratory,92.31,90.0,A+,,PASS,7.7,0
STU_25881A6681,25881A6681,TUMU HASINI,B,1,SUB_1_A9801,A9801,Foundations of Data Science,98.33,70.0,B+,,PASS,7.7,0
STU_25881A6682,25881A6682,TANGELLA KALYAN RAJU,B,1,SUB_1_A9001,A9001,Matrices and Calculus,85.33,100.0,O,,PASS,9.55,0
STU_25881A6682,25881A6682,TANGELLA KALYAN RAJU,B,1,SUB_1_A9007,A9007,Engineering Physics,89.33,90.0,A+,,PASS,9.55,0
STU_25881A6682,25881A6682,TANGELLA KALYAN RAJU,B,1,SUB_1_A9008,A9008,Engineering Physics Laboratory,85.71,100.0,O,,PASS,9.55,0
STU_25881A6682,25881A6682,TANGELLA KALYAN RAJU,B,1,SUB_1_A9021,A9021,Community Centered Design Thinking,92.86,90.0,A+,,PASS,9.55,0
STU_25881A6682,25881A6682,TANGELLA KALYAN RAJU,B,1,SUB_1_A9204,A9204,Basic Electrical Engineering,97.14,90.0,A+,,PASS,9.55,0
STU_25881A6682,25881A6682,TANGELLA KALYAN RAJU,B,1,SUB_1_A9205,A9205,Basic Electrical Engineering Laboratory,100.0,100.0,O,,PASS,9.55,0
STU_25881A6682,25881A6682,TANGELLA KALYAN RAJU,B,1,SUB_1_A9302,A9302,Engineering Workshop,86.67,100.0,O,,PASS,9.55,0
STU_25881A6682,25881A6682,TANGELLA KALYAN RAJU,B,1,SUB_1_A9501,A9501,Programming for Problem Solving,95.95,100.0,O,,PASS,9.55,0
STU_25881A6682,25881A6682,TANGELLA KALYAN RAJU,B,1,SUB_1_A9502,A9502,Programming for Problem Solving Laboratory,92.31,100.0,O,,PASS,9.55,0
STU_25881A6682,25881A6682,TANGELLA KALYAN RAJU,B,1,SUB_1_A9801,A9801,Foundations of Data Science,93.33,90.0,A+,,PASS,9.55,0
STU_25881A6683,25881A6683,POTURAJU KALYANI,B,1,SUB_1_A9001,A9001,Matrices and Calculus,96.0,90.0,A+,,PASS,7.35,1
STU_25881A6683,25881A6683,POTURAJU KALYANI,B,1,SUB_1_A9007,A9007,Engineering Physics,94.67,80.0,A,,PASS,7.35,1
STU_25881A6683,25881A6683,POTURAJU KALYANI,B,1,SUB_1_A9008,A9008,Engineering Physics Laboratory,92.86,90.0,A+,,PASS,7.35,1
STU_25881A6683,25881A6683,POTURAJU KALYANI,B,1,SUB_1_A9021,A9021,Community Centered Design Thinking,92.86,90.0,A+,,PASS,7.35,1
STU_25881A6683,25881A6683,POTURAJU KALYANI,B,1,SUB_1_A9204,A9204,Basic Electrical Engineering,91.43,80.0,A,,PASS,7.35,1
STU_25881A6683,25881A6683,POTURAJU KALYANI,B,1,SUB_1_A9205,A9205,Basic Electrical Engineering Laboratory,87.76,100.0,O,,PASS,7.35,1
STU_25881A6683,25881A6683,POTURAJU KALYANI,B,1,SUB_1_A9302,A9302,Engineering Workshop,100.0,100.0,O,,PASS,7.35,1
STU_25881A6683,25881A6683,POTURAJU KALYANI,B,1,SUB_1_A9501,A9501,Programming for Problem Solving,94.59,0.0,F,,FAIL,7.35,1
STU_25881A6683,25881A6683,POTURAJU KALYANI,B,1,SUB_1_A9502,A9502,Programming for Problem Solving Laboratory,92.31,90.0,A+,,PASS,7.35,1
STU_25881A6683,25881A6683,POTURAJU KALYANI,B,1,SUB_1_A9801,A9801,Foundations of Data Science,96.67,80.0,A,,PASS,7.35,1
STU_25881A6684,25881A6684,KURA KAUSHIK RAJ,B,1,SUB_1_A9001,A9001,Matrices and Calculus,85.33,70.0,B+,,PASS,7.4,0
STU_25881A6684,25881A6684,KURA KAUSHIK RAJ,B,1,SUB_1_A9007,A9007,Engineering Physics,86.67,70.0,B+,,PASS,7.4,0
STU_25881A6684,25881A6684,KURA KAUSHIK RAJ,B,1,SUB_1_A9008,A9008,Engineering Physics Laboratory,78.57,90.0,A+,,PASS,7.4,0
STU_25881A6684,25881A6684,KURA KAUSHIK RAJ,B,1,SUB_1_A9021,A9021,Community Centered Design Thinking,78.57,90.0,A+,,PASS,7.4,0
STU_25881A6684,25881A6684,KURA KAUSHIK RAJ,B,1,SUB_1_A9204,A9204,Basic Electrical Engineering,87.14,80.0,A,,PASS,7.4,0
STU_25881A6684,25881A6684,KURA KAUSHIK RAJ,B,1,SUB_1_A9205,A9205,Basic Electrical Engineering Laboratory,81.63,80.0,A,,PASS,7.4,0
STU_25881A6684,25881A6684,KURA KAUSHIK RAJ,B,1,SUB_1_A9302,A9302,Engineering Workshop,93.33,100.0,O,,PASS,7.4,0
STU_25881A6684,25881A6684,KURA KAUSHIK RAJ,B,1,SUB_1_A9501,A9501,Programming for Problem Solving,89.19,60.0,B,,PASS,7.4,0
STU_25881A6684,25881A6684,KURA KAUSHIK RAJ,B,1,SUB_1_A9502,A9502,Programming for Problem Solving Laboratory,92.31,80.0,A,,PASS,7.4,0
STU_25881A6684,25881A6684,KURA KAUSHIK RAJ,B,1,SUB_1_A9801,A9801,Foundations of Data Science,88.33,70.0,B+,,PASS,7.4,0
STU_25881A6685,25881A6685,KUNAL SINGH,B,1,SUB_1_A9001,A9001,Matrices and Calculus,82.67,100.0,O,,PASS,9.95,0
STU_25881A6685,25881A6685,KUNAL SINGH,B,1,SUB_1_A9007,A9007,Engineering Physics,85.33,100.0,O,,PASS,9.95,0
STU_25881A6685,25881A6685,KUNAL SINGH,B,1,SUB_1_A9008,A9008,Engineering Physics Laboratory,78.57,100.0,O,,PASS,9.95,0
STU_25881A6685,25881A6685,KUNAL SINGH,B,1,SUB_1_A9021,A9021,Community Centered Design Thinking,78.57,90.0,A+,,PASS,9.95,0
STU_25881A6685,25881A6685,KUNAL SINGH,B,1,SUB_1_A9204,A9204,Basic Electrical Engineering,84.29,100.0,O,,PASS,9.95,0
STU_25881A6685,25881A6685,KUNAL SINGH,B,1,SUB_1_A9205,A9205,Basic Electrical Engineering Laboratory,69.39,100.0,O,,PASS,9.95,0
STU_25881A6685,25881A6685,KUNAL SINGH,B,1,SUB_1_A9302,A9302,Engineering Workshop,100.0,100.0,O,,PASS,9.95,0
STU_25881A6685,25881A6685,KUNAL SINGH,B,1,SUB_1_A9501,A9501,Programming for Problem Solving,91.89,100.0,O,,PASS,9.95,0
STU_25881A6685,25881A6685,KUNAL SINGH,B,1,SUB_1_A9502,A9502,Programming for Problem Solving Laboratory,92.31,100.0,O,,PASS,9.95,0
STU_25881A6685,25881A6685,KUNAL SINGH,B,1,SUB_1_A9801,A9801,Foundations of Data Science,90.0,100.0,O,,PASS,9.95,0
STU_25881A6686,25881A6686,PEDDAGOLLA LEELA BHAVANI,B,1,SUB_1_A9001,A9001,Matrices and Calculus,88.0,90.0,A+,,PASS,8.9,0
STU_25881A6686,25881A6686,PEDDAGOLLA LEELA BHAVANI,B,1,SUB_1_A9007,A9007,Engineering Physics,86.67,80.0,A,,PASS,8.9,0
STU_25881A6686,25881A6686,PEDDAGOLLA LEELA BHAVANI,B,1,SUB_1_A9008,A9008,Engineering Physics Laboratory,92.86,100.0,O,,PASS,8.9,0
STU_25881A6686,25881A6686,PEDDAGOLLA LEELA BHAVANI,B,1,SUB_1_A9021,A9021,Community Centered Design Thinking,92.86,90.0,A+,,PASS,8.9,0
STU_25881A6686,25881A6686,PEDDAGOLLA LEELA BHAVANI,B,1,SUB_1_A9204,A9204,Basic Electrical Engineering,90.0,90.0,A+,,PASS,8.9,0
STU_25881A6686,25881A6686,PEDDAGOLLA LEELA BHAVANI,B,1,SUB_1_A9205,A9205,Basic Electrical Engineering Laboratory,87.76,80.0,A,,PASS,8.9,0
STU_25881A6686,25881A6686,PEDDAGOLLA LEELA BHAVANI,B,1,SUB_1_A9302,A9302,Engineering Workshop,86.67,90.0,A+,,PASS,8.9,0
STU_25881A6686,25881A6686,PEDDAGOLLA LEELA BHAVANI,B,1,SUB_1_A9501,A9501,Programming for Problem Solving,90.54,90.0,A+,,PASS,8.9,0
STU_25881A6686,25881A6686,PEDDAGOLLA LEELA BHAVANI,B,1,SUB_1_A9502,A9502,Programming for Problem Solving Laboratory,100.0,100.0,O,,PASS,8.9,0
STU_25881A6686,25881A6686,PEDDAGOLLA LEELA BHAVANI,B,1,SUB_1_A9801,A9801,Foundations of Data Science,90.0,90.0,A+,,PASS,8.9,0
STU_25881A6687,25881A6687,VANKADARI LOKESH,B,1,SUB_1_A9001,A9001,Matrices and Calculus,86.67,100.0,O,,PASS,8.55,0
STU_25881A6687,25881A6687,VANKADARI LOKESH,B,1,SUB_1_A9007,A9007,Engineering Physics,88.0,80.0,A,,PASS,8.55,0
STU_25881A6687,25881A6687,VANKADARI LOKESH,B,1,SUB_1_A9008,A9008,Engineering Physics Laboratory,85.71,100.0,O,,PASS,8.55,0
STU_25881A6687,25881A6687,VANKADARI LOKESH,B,1,SUB_1_A9021,A9021,Community Centered Design Thinking,92.86,90.0,A+,,PASS,8.55,0
STU_25881A6687,25881A6687,VANKADARI LOKESH,B,1,SUB_1_A9204,A9204,Basic Electrical Engineering,91.43,80.0,A,,PASS,8.55,0
STU_25881A6687,25881A6687,VANKADARI LOKESH,B,1,SUB_1_A9205,A9205,Basic Electrical Engineering Laboratory,100.0,90.0,A+,,PASS,8.55,0
STU_25881A6687,25881A6687,VANKADARI LOKESH,B,1,SUB_1_A9302,A9302,Engineering Workshop,93.33,90.0,A+,,PASS,8.55,0
STU_25881A6687,25881A6687,VANKADARI LOKESH,B,1,SUB_1_A9501,A9501,Programming for Problem Solving,94.59,80.0,A,,PASS,8.55,0
STU_25881A6687,25881A6687,VANKADARI LOKESH,B,1,SUB_1_A9502,A9502,Programming for Problem Solving Laboratory,100.0,90.0,A+,,PASS,8.55,0
STU_25881A6687,25881A6687,VANKADARI LOKESH,B,1,SUB_1_A9801,A9801,Foundations of Data Science,90.0,70.0,B+,,PASS,8.55,0
STU_25881A6688,25881A6688,RAPARTHI MAHATHI,B,1,SUB_1_A9001,A9001,Matrices and Calculus,97.33,70.0,B+,,PASS,7.7,0
STU_25881A6688,25881A6688,RAPARTHI MAHATHI,B,1,SUB_1_A9007,A9007,Engineering Physics,94.67,70.0,B+,,PASS,7.7,0
STU_25881A6688,25881A6688,RAPARTHI MAHATHI,B,1,SUB_1_A9008,A9008,Engineering Physics Laboratory,92.86,90.0,A+,,PASS,7.7,0
STU_25881A6688,25881A6688,RAPARTHI MAHATHI,B,1,SUB_1_A9021,A9021,Community Centered Design Thinking,92.86,90.0,A+,,PASS,7.7,0
STU_25881A6688,25881A6688,RAPARTHI MAHATHI,B,1,SUB_1_A9204,A9204,Basic Electrical Engineering,91.43,80.0,A,,PASS,7.7,0
STU_25881A6688,25881A6688,RAPARTHI MAHATHI,B,1,SUB_1_A9205,A9205,Basic Electrical Engineering Laboratory,100.0,90.0,A+,,PASS,7.7,0
STU_25881A6688,25881A6688,RAPARTHI MAHATHI,B,1,SUB_1_A9302,A9302,Engineering Workshop,93.33,90.0,A+,,PASS,7.7,0
STU_25881A6688,25881A6688,RAPARTHI MAHATHI,B,1,SUB_1_A9501,A9501,Programming for Problem Solving,95.95,60.0,B,,PASS,7.7,0
STU_25881A6688,25881A6688,RAPARTHI MAHATHI,B,1,SUB_1_A9502,A9502,Programming for Problem Solving Laboratory,92.31,80.0,A,,PASS,7.7,0
STU_25881A6688,25881A6688,RAPARTHI MAHATHI,B,1,SUB_1_A9801,A9801,Foundations of Data Science,95.0,90.0,A+,,PASS,7.7,0
STU_25881A6689,25881A6689,KOMMARAJULA MANI,B,1,SUB_1_A9001,A9001,Matrices and Calculus,90.67,100.0,O,,PASS,9.3,0
STU_25881A6689,25881A6689,KOMMARAJULA MANI,B,1,SUB_1_A9007,A9007,Engineering Physics,90.67,90.0,A+,,PASS,9.3,0
STU_25881A6689,25881A6689,KOMMARAJULA MANI,B,1,SUB_1_A9008,A9008,Engineering Physics Laboratory,85.71,90.0,A+,,PASS,9.3,0
STU_25881A6689,25881A6689,KOMMARAJULA MANI,B,1,SUB_1_A9021,A9021,Community Centered Design Thinking,92.86,90.0,A+,,PASS,9.3,0
STU_25881A6689,25881A6689,KOMMARAJULA MANI,B,1,SUB_1_A9204,A9204,Basic Electrical Engineering,87.14,100.0,O,,PASS,9.3,0
STU_25881A6689,25881A6689,KOMMARAJULA MANI,B,1,SUB_1_A9205,A9205,Basic Electrical Engineering Laboratory,87.76,90.0,A+,,PASS,9.3,0
STU_25881A6689,25881A6689,KOMMARAJULA MANI,B,1,SUB_1_A9302,A9302,Engineering Workshop,93.33,90.0,A+,,PASS,9.3,0
STU_25881A6689,25881A6689,KOMMARAJULA MANI,B,1,SUB_1_A9501,A9501,Programming for Problem Solving,93.24,90.0,A+,,PASS,9.3,0
STU_25881A6689,25881A6689,KOMMARAJULA MANI,B,1,SUB_1_A9502,A9502,Programming for Problem Solving Laboratory,92.31,90.0,A+,,PASS,9.3,0
STU_25881A6689,25881A6689,KOMMARAJULA MANI,B,1,SUB_1_A9801,A9801,Foundations of Data Science,90.0,90.0,A+,,PASS,9.3,0
STU_25881A6690,25881A6690,SADALA MANISH REDDY,B,1,SUB_1_A9001,A9001,Matrices and Calculus,100.0,50.0,C,,PASS,5.1,1
STU_25881A6690,25881A6690,SADALA MANISH REDDY,B,1,SUB_1_A9007,A9007,Engineering Physics,96.0,50.0,C,,PASS,5.1,1
STU_25881A6690,25881A6690,SADALA MANISH REDDY,B,1,SUB_1_A9008,A9008,Engineering Physics Laboratory,100.0,80.0,A,,PASS,5.1,1
STU_25881A6690,25881A6690,SADALA MANISH REDDY,B,1,SUB_1_A9021,A9021,Community Centered Design Thinking,100.0,90.0,A+,,PASS,5.1,1
STU_25881A6690,25881A6690,SADALA MANISH REDDY,B,1,SUB_1_A9204,A9204,Basic Electrical Engineering,100.0,50.0,C,,PASS,5.1,1
STU_25881A6690,25881A6690,SADALA MANISH REDDY,B,1,SUB_1_A9205,A9205,Basic Electrical Engineering Laboratory,87.76,80.0,A,,PASS,5.1,1
STU_25881A6690,25881A6690,SADALA MANISH REDDY,B,1,SUB_1_A9302,A9302,Engineering Workshop,100.0,90.0,A+,,PASS,5.1,1
STU_25881A6690,25881A6690,SADALA MANISH REDDY,B,1,SUB_1_A9501,A9501,Programming for Problem Solving,100.0,0.0,F,,FAIL,5.1,1
STU_25881A6690,25881A6690,SADALA MANISH REDDY,B,1,SUB_1_A9502,A9502,Programming for Problem Solving Laboratory,100.0,80.0,A,,PASS,5.1,1
STU_25881A6690,25881A6690,SADALA MANISH REDDY,B,1,SUB_1_A9801,A9801,Foundations of Data Science,93.33,50.0,C,,PASS,5.1,1
STU_25881A6691,25881A6691,MENDE MEGHANA,B,1,SUB_1_A9001,A9001,Matrices and Calculus,93.33,80.0,A,,PASS,8.75,0
STU_25881A6691,25881A6691,MENDE MEGHANA,B,1,SUB_1_A9007,A9007,Engineering Physics,93.33,90.0,A+,,PASS,8.75,0
STU_25881A6691,25881A6691,MENDE MEGHANA,B,1,SUB_1_A9008,A9008,Engineering Physics Laboratory,100.0,100.0,O,,PASS,8.75,0
STU_25881A6691,25881A6691,MENDE MEGHANA,B,1,SUB_1_A9021,A9021,Community Centered Design Thinking,85.71,90.0,A+,,PASS,8.75,0
STU_25881A6691,25881A6691,MENDE MEGHANA,B,1,SUB_1_A9204,A9204,Basic Electrical Engineering,97.14,90.0,A+,,PASS,8.75,0
STU_25881A6691,25881A6691,MENDE MEGHANA,B,1,SUB_1_A9205,A9205,Basic Electrical Engineering Laboratory,100.0,90.0,A+,,PASS,8.75,0
STU_25881A6691,25881A6691,MENDE MEGHANA,B,1,SUB_1_A9302,A9302,Engineering Workshop,86.67,100.0,O,,PASS,8.75,0
STU_25881A6691,25881A6691,MENDE MEGHANA,B,1,SUB_1_A9501,A9501,Programming for Problem Solving,95.95,90.0,A+,,PASS,8.75,0
STU_25881A6691,25881A6691,MENDE MEGHANA,B,1,SUB_1_A9502,A9502,Programming for Problem Solving Laboratory,100.0,90.0,A+,,PASS,8.75,0
STU_25881A6691,25881A6691,MENDE MEGHANA,B,1,SUB_1_A9801,A9801,Foundations of Data Science,91.67,80.0,A,,PASS,8.75,0
STU_25881A6692,25881A6692,NADIKATTU NAGA SHIVANI,B,1,SUB_1_A9001,A9001,Matrices and Calculus,97.33,100.0,O,,PASS,9.05,0
STU_25881A6692,25881A6692,NADIKATTU NAGA SHIVANI,B,1,SUB_1_A9007,A9007,Engineering Physics,93.33,90.0,A+,,PASS,9.05,0
STU_25881A6692,25881A6692,NADIKATTU NAGA SHIVANI,B,1,SUB_1_A9008,A9008,Engineering Physics Laboratory,100.0,100.0,O,,PASS,9.05,0
STU_25881A6692,25881A6692,NADIKATTU NAGA SHIVANI,B,1,SUB_1_A9021,A9021,Community Centered Design Thinking,92.86,90.0,A+,,PASS,9.05,0
STU_25881A6692,25881A6692,NADIKATTU NAGA SHIVANI,B,1,SUB_1_A9204,A9204,Basic Electrical Engineering,100.0,90.0,A+,,PASS,9.05,0
STU_25881A6692,25881A6692,NADIKATTU NAGA SHIVANI,B,1,SUB_1_A9205,A9205,Basic Electrical Engineering Laboratory,100.0,100.0,O,,PASS,9.05,0
STU_25881A6692,25881A6692,NADIKATTU NAGA SHIVANI,B,1,SUB_1_A9302,A9302,Engineering Workshop,100.0,100.0,O,,PASS,9.05,0
STU_25881A6692,25881A6692,NADIKATTU NAGA SHIVANI,B,1,SUB_1_A9501,A9501,Programming for Problem Solving,97.3,70.0,B+,,PASS,9.05,0
STU_25881A6692,25881A6692,NADIKATTU NAGA SHIVANI,B,1,SUB_1_A9502,A9502,Programming for Problem Solving Laboratory,100.0,90.0,A+,,PASS,9.05,0
STU_25881A6692,25881A6692,NADIKATTU NAGA SHIVANI,B,1,SUB_1_A9801,A9801,Foundations of Data Science,96.67,90.0,A+,,PASS,9.05,0
STU_25881A6693,25881A6693,BATHULA NIHARIKA,B,1,SUB_1_A9001,A9001,Matrices and Calculus,100.0,100.0,O,,PASS,9.8,0
STU_25881A6693,25881A6693,BATHULA NIHARIKA,B,1,SUB_1_A9007,A9007,Engineering Physics,98.67,100.0,O,,PASS,9.8,0
STU_25881A6693,25881A6693,BATHULA NIHARIKA,B,1,SUB_1_A9008,A9008,Engineering Physics Laboratory,100.0,100.0,O,,PASS,9.8,0
STU_25881A6693,25881A6693,BATHULA NIHARIKA,B,1,SUB_1_A9021,A9021,Community Centered Design Thinking,100.0,90.0,A+,,PASS,9.8,0
STU_25881A6693,25881A6693,BATHULA NIHARIKA,B,1,SUB_1_A9204,A9204,Basic Electrical Engineering,100.0,100.0,O,,PASS,9.8,0
STU_25881A6693,25881A6693,BATHULA NIHARIKA,B,1,SUB_1_A9205,A9205,Basic Electrical Engineering Laboratory,100.0,100.0,O,,PASS,9.8,0
STU_25881A6693,25881A6693,BATHULA NIHARIKA,B,1,SUB_1_A9302,A9302,Engineering Workshop,100.0,100.0,O,,PASS,9.8,0
STU_25881A6693,25881A6693,BATHULA NIHARIKA,B,1,SUB_1_A9501,A9501,Programming for Problem Solving,100.0,90.0,A+,,PASS,9.8,0
STU_25881A6693,25881A6693,BATHULA NIHARIKA,B,1,SUB_1_A9502,A9502,Programming for Problem Solving Laboratory,100.0,100.0,O,,PASS,9.8,0
STU_25881A6693,25881A6693,BATHULA NIHARIKA,B,1,SUB_1_A9801,A9801,Foundations of Data Science,98.33,100.0,O,,PASS,9.8,0
STU_25881A6694,25881A6694,GOGGA PRADEEP,B,1,SUB_1_A9001,A9001,Matrices and Calculus,82.67,80.0,A,,PASS,7.7,0
STU_25881A6694,25881A6694,GOGGA PRADEEP,B,1,SUB_1_A9007,A9007,Engineering Physics,80.0,70.0,B+,,PASS,7.7,0
STU_25881A6694,25881A6694,GOGGA PRADEEP,B,1,SUB_1_A9008,A9008,Engineering Physics Laboratory,92.86,90.0,A+,,PASS,7.7,0
STU_25881A6694,25881A6694,GOGGA PRADEEP,B,1,SUB_1_A9021,A9021,Community Centered Design Thinking,85.71,90.0,A+,,PASS,7.7,0
STU_25881A6694,25881A6694,GOGGA PRADEEP,B,1,SUB_1_A9204,A9204,Basic Electrical Engineering,90.0,80.0,A,,PASS,7.7,0
STU_25881A6694,25881A6694,GOGGA PRADEEP,B,1,SUB_1_A9205,A9205,Basic Electrical Engineering Laboratory,93.88,90.0,A+,,PASS,7.7,0
STU_25881A6694,25881A6694,GOGGA PRADEEP,B,1,SUB_1_A9302,A9302,Engineering Workshop,86.67,100.0,O,,PASS,7.7,0
STU_25881A6694,25881A6694,GOGGA PRADEEP,B,1,SUB_1_A9501,A9501,Programming for Problem Solving,86.49,50.0,C,,PASS,7.7,0
STU_25881A6694,25881A6694,GOGGA PRADEEP,B,1,SUB_1_A9502,A9502,Programming for Problem Solving Laboratory,100.0,90.0,A+,,PASS,7.7,0
STU_25881A6694,25881A6694,GOGGA PRADEEP,B,1,SUB_1_A9801,A9801,Foundations of Data Science,85.0,80.0,A,,PASS,7.7,0
STU_25881A6695,25881A6695,CHINNAPAGA PRASHANH KUMAR,B,1,SUB_1_A9001,A9001,Matrices and Calculus,74.67,50.0,C,,PASS,5.4,1
STU_25881A6695,25881A6695,CHINNAPAGA PRASHANH KUMAR,B,1,SUB_1_A9007,A9007,Engineering Physics,72.0,0.0,F,,FAIL,5.4,1
STU_25881A6695,25881A6695,CHINNAPAGA PRASHANH KUMAR,B,1,SUB_1_A9008,A9008,Engineering Physics Laboratory,85.71,80.0,A,,PASS,5.4,1
STU_25881A6695,25881A6695,CHINNAPAGA PRASHANH KUMAR,B,1,SUB_1_A9021,A9021,Community Centered Design Thinking,78.57,90.0,A+,,PASS,5.4,1
STU_25881A6695,25881A6695,CHINNAPAGA PRASHANH KUMAR,B,1,SUB_1_A9204,A9204,Basic Electrical Engineering,72.86,50.0,C,,PASS,5.4,1
STU_25881A6695,25881A6695,CHINNAPAGA PRASHANH KUMAR,B,1,SUB_1_A9205,A9205,Basic Electrical Engineering Laboratory,67.35,80.0,A,,PASS,5.4,1
STU_25881A6695,25881A6695,CHINNAPAGA PRASHANH KUMAR,B,1,SUB_1_A9302,A9302,Engineering Workshop,80.0,90.0,A+,,PASS,5.4,1
STU_25881A6695,25881A6695,CHINNAPAGA PRASHANH KUMAR,B,1,SUB_1_A9501,A9501,Programming for Problem Solving,79.73,60.0,B,,PASS,5.4,1
STU_25881A6695,25881A6695,CHINNAPAGA PRASHANH KUMAR,B,1,SUB_1_A9502,A9502,Programming for Problem Solving Laboratory,76.92,80.0,A,,PASS,5.4,1
STU_25881A6695,25881A6695,CHINNAPAGA PRASHANH KUMAR,B,1,SUB_1_A9801,A9801,Foundations of Data Science,75.0,60.0,B,,PASS,5.4,1
STU_25881A6696,25881A6696,BUKYA PRAVEEN KUMAR,B,1,SUB_1_A9001,A9001,Matrices and Calculus,90.67,100.0,O,,PASS,8.95,0
STU_25881A6696,25881A6696,BUKYA PRAVEEN KUMAR,B,1,SUB_1_A9007,A9007,Engineering Physics,89.33,90.0,A+,,PASS,8.95,0
STU_25881A6696,25881A6696,BUKYA PRAVEEN KUMAR,B,1,SUB_1_A9008,A9008,Engineering Physics Laboratory,80.95,100.0,O,,PASS,8.95,0
STU_25881A6696,25881A6696,BUKYA PRAVEEN KUMAR,B,1,SUB_1_A9021,A9021,Community Centered Design Thinking,92.86,90.0,A+,,PASS,8.95,0
STU_25881A6696,25881A6696,BUKYA PRAVEEN KUMAR,B,1,SUB_1_A9204,A9204,Basic Electrical Engineering,92.86,90.0,A+,,PASS,8.95,0
STU_25881A6696,25881A6696,BUKYA PRAVEEN KUMAR,B,1,SUB_1_A9205,A9205,Basic Electrical Engineering Laboratory,93.88,90.0,A+,,PASS,8.95,0
STU_25881A6696,25881A6696,BUKYA PRAVEEN KUMAR,B,1,SUB_1_A9302,A9302,Engineering Workshop,100.0,100.0,O,,PASS,8.95,0
STU_25881A6696,25881A6696,BUKYA PRAVEEN KUMAR,B,1,SUB_1_A9501,A9501,Programming for Problem Solving,93.24,70.0,B+,,PASS,8.95,0
STU_25881A6696,25881A6696,BUKYA PRAVEEN KUMAR,B,1,SUB_1_A9502,A9502,Programming for Problem Solving Laboratory,100.0,80.0,A,,PASS,8.95,0
STU_25881A6696,25881A6696,BUKYA PRAVEEN KUMAR,B,1,SUB_1_A9801,A9801,Foundations of Data Science,91.67,90.0,A+,,PASS,8.95,0
STU_25881A6697,25881A6697,K RAGHAVENDRA,B,1,SUB_1_A9001,A9001,Matrices and Calculus,90.67,80.0,A,,PASS,8.1,0
STU_25881A6697,25881A6697,K RAGHAVENDRA,B,1,SUB_1_A9007,A9007,Engineering Physics,88.0,80.0,A,,PASS,8.1,0
STU_25881A6697,25881A6697,K RAGHAVENDRA,B,1,SUB_1_A9008,A9008,Engineering Physics Laboratory,92.86,90.0,A+,,PASS,8.1,0
STU_25881A6697,25881A6697,K RAGHAVENDRA,B,1,SUB_1_A9021,A9021,Community Centered Design Thinking,92.86,90.0,A+,,PASS,8.1,0
STU_25881A6697,25881A6697,K RAGHAVENDRA,B,1,SUB_1_A9204,A9204,Basic Electrical Engineering,85.71,90.0,A+,,PASS,8.1,0
STU_25881A6697,25881A6697,K RAGHAVENDRA,B,1,SUB_1_A9205,A9205,Basic Electrical Engineering Laboratory,93.88,90.0,A+,,PASS,8.1,0
STU_25881A6697,25881A6697,K RAGHAVENDRA,B,1,SUB_1_A9302,A9302,Engineering Workshop,93.33,100.0,O,,PASS,8.1,0
STU_25881A6697,25881A6697,K RAGHAVENDRA,B,1,SUB_1_A9501,A9501,Programming for Problem Solving,87.84,60.0,B,,PASS,8.1,0
STU_25881A6697,25881A6697,K RAGHAVENDRA,B,1,SUB_1_A9502,A9502,Programming for Problem Solving Laboratory,92.31,90.0,A+,,PASS,8.1,0
STU_25881A6697,25881A6697,K RAGHAVENDRA,B,1,SUB_1_A9801,A9801,Foundations of Data Science,90.0,80.0,A,,PASS,8.1,0
STU_25881A6698,25881A6698,YELLAREDDY RAGHAVENDRA REDDY,B,1,SUB_1_A9001,A9001,Matrices and Calculus,86.67,90.0,A+,,PASS,7.3,0
STU_25881A6698,25881A6698,YELLAREDDY RAGHAVENDRA REDDY,B,1,SUB_1_A9007,A9007,Engineering Physics,82.67,60.0,B,,PASS,7.3,0
STU_25881A6698,25881A6698,YELLAREDDY RAGHAVENDRA REDDY,B,1,SUB_1_A9008,A9008,Engineering Physics Laboratory,83.33,80.0,A,,PASS,7.3,0
STU_25881A6698,25881A6698,YELLAREDDY RAGHAVENDRA REDDY,B,1,SUB_1_A9021,A9021,Community Centered Design Thinking,85.42,90.0,A+,,PASS,7.3,0
STU_25881A6698,25881A6698,YELLAREDDY RAGHAVENDRA REDDY,B,1,SUB_1_A9204,A9204,Basic Electrical Engineering,88.57,70.0,B+,,PASS,7.3,0
STU_25881A6698,25881A6698,YELLAREDDY RAGHAVENDRA REDDY,B,1,SUB_1_A9205,A9205,Basic Electrical Engineering Laboratory,92.86,80.0,A,,PASS,7.3,0
STU_25881A6698,25881A6698,YELLAREDDY RAGHAVENDRA REDDY,B,1,SUB_1_A9302,A9302,Engineering Workshop,86.67,90.0,A+,,PASS,7.3,0
STU_25881A6698,25881A6698,YELLAREDDY RAGHAVENDRA REDDY,B,1,SUB_1_A9501,A9501,Programming for Problem Solving,82.43,50.0,C,,PASS,7.3,0
STU_25881A6698,25881A6698,YELLAREDDY RAGHAVENDRA REDDY,B,1,SUB_1_A9502,A9502,Programming for Problem Solving Laboratory,84.62,80.0,A,,PASS,7.3,0
STU_25881A6698,25881A6698,YELLAREDDY RAGHAVENDRA REDDY,B,1,SUB_1_A9801,A9801,Foundations of Data Science,91.67,70.0,B+,,PASS,7.3,0
STU_25881A6699,25881A6699,RAJEEV KUMAR SINGH,B,1,SUB_1_A9001,A9001,Matrices and Calculus,88.0,80.0,A,,PASS,8.5,0
STU_25881A6699,25881A6699,RAJEEV KUMAR SINGH,B,1,SUB_1_A9007,A9007,Engineering Physics,86.67,90.0,A+,,PASS,8.5,0
STU_25881A6699,25881A6699,RAJEEV KUMAR SINGH,B,1,SUB_1_A9008,A9008,Engineering Physics Laboratory,71.43,90.0,A+,,PASS,8.5,0
STU_25881A6699,25881A6699,RAJEEV KUMAR SINGH,B,1,SUB_1_A9021,A9021,Community Centered Design Thinking,87.5,100.0,O,,PASS,8.5,0
STU_25881A6699,25881A6699,RAJEEV KUMAR SINGH,B,1,SUB_1_A9204,A9204,Basic Electrical Engineering,91.43,90.0,A+,,PASS,8.5,0
STU_25881A6699,25881A6699,RAJEEV KUMAR SINGH,B,1,SUB_1_A9205,A9205,Basic Electrical Engineering Laboratory,100.0,100.0,O,,PASS,8.5,0
STU_25881A6699,25881A6699,RAJEEV KUMAR SINGH,B,1,SUB_1_A9302,A9302,Engineering Workshop,93.33,90.0,A+,,PASS,8.5,0
STU_25881A6699,25881A6699,RAJEEV KUMAR SINGH,B,1,SUB_1_A9501,A9501,Programming for Problem Solving,90.54,70.0,B+,,PASS,8.5,0
STU_25881A6699,25881A6699,RAJEEV KUMAR SINGH,B,1,SUB_1_A9502,A9502,Programming for Problem Solving Laboratory,84.62,70.0,B+,,PASS,8.5,0
STU_25881A6699,25881A6699,RAJEEV KUMAR SINGH,B,1,SUB_1_A9801,A9801,Foundations of Data Science,93.33,90.0,A+,,PASS,8.5,0
STU_25881A66A0,25881A66A0,SATTOOR RITESH GOUD,B,1,SUB_1_A9001,A9001,Matrices and Calculus,94.67,50.0,C,,PASS,7.35,0
STU_25881A66A0,25881A66A0,SATTOOR RITESH GOUD,B,1,SUB_1_A9007,A9007,Engineering Physics,93.33,80.0,A,,PASS,7.35,0
STU_25881A66A0,25881A66A0,SATTOOR RITESH GOUD,B,1,SUB_1_A9008,A9008,Engineering Physics Laboratory,92.86,90.0,A+,,PASS,7.35,0
STU_25881A66A0,25881A66A0,SATTOOR RITESH GOUD,B,1,SUB_1_A9021,A9021,Community Centered Design Thinking,100.0,100.0,O,,PASS,7.35,0
STU_25881A66A0,25881A66A0,SATTOOR RITESH GOUD,B,1,SUB_1_A9204,A9204,Basic Electrical Engineering,98.57,70.0,B+,,PASS,7.35,0
STU_25881A66A0,25881A66A0,SATTOOR RITESH GOUD,B,1,SUB_1_A9205,A9205,Basic Electrical Engineering Laboratory,85.71,90.0,A+,,PASS,7.35,0
STU_25881A66A0,25881A66A0,SATTOOR RITESH GOUD,B,1,SUB_1_A9302,A9302,Engineering Workshop,100.0,100.0,O,,PASS,7.35,0
STU_25881A66A0,25881A66A0,SATTOOR RITESH GOUD,B,1,SUB_1_A9501,A9501,Programming for Problem Solving,95.95,60.0,B,,PASS,7.35,0
STU_25881A66A0,25881A66A0,SATTOOR RITESH GOUD,B,1,SUB_1_A9502,A9502,Programming for Problem Solving Laboratory,100.0,90.0,A+,,PASS,7.35,0
STU_25881A66A0,25881A66A0,SATTOOR RITESH GOUD,B,1,SUB_1_A9801,A9801,Foundations of Data Science,96.67,80.0,A,,PASS,7.35,0
STU_25881A66A1,25881A66A1,GURRALA RITHWICK REDDY,B,1,SUB_1_A9001,A9001,Matrices and Calculus,86.67,0.0,F,,FAIL,1.85,5
STU_25881A66A1,25881A66A1,GURRALA RITHWICK REDDY,B,1,SUB_1_A9007,A9007,Engineering Physics,85.33,0.0,F,,FAIL,1.85,5
STU_25881A66A1,25881A66A1,GURRALA RITHWICK REDDY,B,1,SUB_1_A9008,A9008,Engineering Physics Laboratory,85.71,80.0,A,,PASS,1.85,5
STU_25881A66A1,25881A66A1,GURRALA RITHWICK REDDY,B,1,SUB_1_A9021,A9021,Community Centered Design Thinking,100.0,100.0,O,,PASS,1.85,5
STU_25881A66A1,25881A66A1,GURRALA RITHWICK REDDY,B,1,SUB_1_A9204,A9204,Basic Electrical Engineering,84.29,0.0,F,,FAIL,1.85,5
STU_25881A66A1,25881A66A1,GURRALA RITHWICK REDDY,B,1,SUB_1_A9205,A9205,Basic Electrical Engineering Laboratory,85.71,60.0,B,,PASS,1.85,5
STU_25881A66A1,25881A66A1,GURRALA RITHWICK REDDY,B,1,SUB_1_A9302,A9302,Engineering Workshop,86.67,70.0,B+,,PASS,1.85,5
STU_25881A66A1,25881A66A1,GURRALA RITHWICK REDDY,B,1,SUB_1_A9501,A9501,Programming for Problem Solving,85.14,0.0,F,,FAIL,1.85,5
STU_25881A66A1,25881A66A1,GURRALA RITHWICK REDDY,B,1,SUB_1_A9502,A9502,Programming for Problem Solving Laboratory,76.92,60.0,B,,PASS,1.85,5
STU_25881A66A1,25881A66A1,GURRALA RITHWICK REDDY,B,1,SUB_1_A9801,A9801,Foundations of Data Science,85.0,0.0,F,,FAIL,1.85,5
STU_25881A66A2,25881A66A2,CHUNCHU ROHITH SRINIVAS,B,1,SUB_1_A9001,A9001,Matrices and Calculus,88.0,80.0,A,,PASS,8.55,0
STU_25881A66A2,25881A66A2,CHUNCHU ROHITH SRINIVAS,B,1,SUB_1_A9007,A9007,Engineering Physics,86.67,80.0,A,,PASS,8.55,0
STU_25881A66A2,25881A66A2,CHUNCHU ROHITH SRINIVAS,B,1,SUB_1_A9008,A9008,Engineering Physics Laboratory,78.57,90.0,A+,,PASS,8.55,0
STU_25881A66A2,25881A66A2,CHUNCHU ROHITH SRINIVAS,B,1,SUB_1_A9021,A9021,Community Centered Design Thinking,85.42,100.0,O,,PASS,8.55,0
STU_25881A66A2,25881A66A2,CHUNCHU ROHITH SRINIVAS,B,1,SUB_1_A9204,A9204,Basic Electrical Engineering,80.0,80.0,A,,PASS,8.55,0
STU_25881A66A2,25881A66A2,CHUNCHU ROHITH SRINIVAS,B,1,SUB_1_A9205,A9205,Basic Electrical Engineering Laboratory,92.86,90.0,A+,,PASS,8.55,0
STU_25881A66A2,25881A66A2,CHUNCHU ROHITH SRINIVAS,B,1,SUB_1_A9302,A9302,Engineering Workshop,93.33,90.0,A+,,PASS,8.55,0
STU_25881A66A2,25881A66A2,CHUNCHU ROHITH SRINIVAS,B,1,SUB_1_A9501,A9501,Programming for Problem Solving,83.78,90.0,A+,,PASS,8.55,0
STU_25881A66A2,25881A66A2,CHUNCHU ROHITH SRINIVAS,B,1,SUB_1_A9502,A9502,Programming for Problem Solving Laboratory,76.92,80.0,A,,PASS,8.55,0
STU_25881A66A2,25881A66A2,CHUNCHU ROHITH SRINIVAS,B,1,SUB_1_A9801,A9801,Foundations of Data Science,85.0,90.0,A+,,PASS,8.55,0
STU_25881A66A3,25881A66A3,RUDHRATEJA CHITHARU,B,1,SUB_1_A9001,A9001,Matrices and Calculus,85.33,90.0,A+,,PASS,8.15,0
STU_25881A66A3,25881A66A3,RUDHRATEJA CHITHARU,B,1,SUB_1_A9007,A9007,Engineering Physics,88.0,80.0,A,,PASS,8.15,0
STU_25881A66A3,25881A66A3,RUDHRATEJA CHITHARU,B,1,SUB_1_A9008,A9008,Engineering Physics Laboratory,92.86,90.0,A+,,PASS,8.15,0
STU_25881A66A3,25881A66A3,RUDHRATEJA CHITHARU,B,1,SUB_1_A9021,A9021,Community Centered Design Thinking,81.25,90.0,A+,,PASS,8.15,0
STU_25881A66A3,25881A66A3,RUDHRATEJA CHITHARU,B,1,SUB_1_A9204,A9204,Basic Electrical Engineering,92.86,80.0,A,,PASS,8.15,0
STU_25881A66A3,25881A66A3,RUDHRATEJA CHITHARU,B,1,SUB_1_A9205,A9205,Basic Electrical Engineering Laboratory,92.86,90.0,A+,,PASS,8.15,0
STU_25881A66A3,25881A66A3,RUDHRATEJA CHITHARU,B,1,SUB_1_A9302,A9302,Engineering Workshop,80.0,90.0,A+,,PASS,8.15,0
STU_25881A66A3,25881A66A3,RUDHRATEJA CHITHARU,B,1,SUB_1_A9501,A9501,Programming for Problem Solving,93.24,60.0,B,,PASS,8.15,0
STU_25881A66A3,25881A66A3,RUDHRATEJA CHITHARU,B,1,SUB_1_A9502,A9502,Programming for Problem Solving Laboratory,92.31,90.0,A+,,PASS,8.15,0
STU_25881A66A3,25881A66A3,RUDHRATEJA CHITHARU,B,1,SUB_1_A9801,A9801,Foundations of Data Science,90.0,80.0,A,,PASS,8.15,0
STU_25881A66A4,25881A66A4,TUSAMBAD RUTHIKA,B,1,SUB_1_A9001,A9001,Matrices and Calculus,85.33,70.0,B+,,PASS,8.1,0
STU_25881A66A4,25881A66A4,TUSAMBAD RUTHIKA,B,1,SUB_1_A9007,A9007,Engineering Physics,86.67,90.0,A+,,PASS,8.1,0
STU_25881A66A4,25881A66A4,TUSAMBAD RUTHIKA,B,1,SUB_1_A9008,A9008,Engineering Physics Laboratory,85.71,90.0,A+,,PASS,8.1,0
STU_25881A66A4,25881A66A4,TUSAMBAD RUTHIKA,B,1,SUB_1_A9021,A9021,Community Centered Design Thinking,75.0,90.0,A+,,PASS,8.1,0
STU_25881A66A4,25881A66A4,TUSAMBAD RUTHIKA,B,1,SUB_1_A9204,A9204,Basic Electrical Engineering,81.43,70.0,B+,,PASS,8.1,0
STU_25881A66A4,25881A66A4,TUSAMBAD RUTHIKA,B,1,SUB_1_A9205,A9205,Basic Electrical Engineering Laboratory,85.71,90.0,A+,,PASS,8.1,0
STU_25881A66A4,25881A66A4,TUSAMBAD RUTHIKA,B,1,SUB_1_A9302,A9302,Engineering Workshop,100.0,100.0,O,,PASS,8.1,0
STU_25881A66A4,25881A66A4,TUSAMBAD RUTHIKA,B,1,SUB_1_A9501,A9501,Programming for Problem Solving,86.49,70.0,B+,,PASS,8.1,0
STU_25881A66A4,25881A66A4,TUSAMBAD RUTHIKA,B,1,SUB_1_A9502,A9502,Programming for Problem Solving Laboratory,76.92,80.0,A,,PASS,8.1,0
STU_25881A66A4,25881A66A4,TUSAMBAD RUTHIKA,B,1,SUB_1_A9801,A9801,Foundations of Data Science,88.33,90.0,A+,,PASS,8.1,0
STU_25881A66A5,25881A66A5,DONALA SAHASRA,B,1,SUB_1_A9001,A9001,Matrices and Calculus,93.33,60.0,B,,PASS,6.6,0
STU_25881A66A5,25881A66A5,DONALA SAHASRA,B,1,SUB_1_A9007,A9007,Engineering Physics,92.0,60.0,B,,PASS,6.6,0
STU_25881A66A5,25881A66A5,DONALA SAHASRA,B,1,SUB_1_A9008,A9008,Engineering Physics Laboratory,92.86,80.0,A,,PASS,6.6,0
STU_25881A66A5,25881A66A5,DONALA SAHASRA,B,1,SUB_1_A9021,A9021,Community Centered Design Thinking,97.92,90.0,A+,,PASS,6.6,0
STU_25881A66A5,25881A66A5,DONALA SAHASRA,B,1,SUB_1_A9204,A9204,Basic Electrical Engineering,88.57,50.0,C,,PASS,6.6,0
STU_25881A66A5,25881A66A5,DONALA SAHASRA,B,1,SUB_1_A9205,A9205,Basic Electrical Engineering Laboratory,85.71,90.0,A+,,PASS,6.6,0
STU_25881A66A5,25881A66A5,DONALA SAHASRA,B,1,SUB_1_A9302,A9302,Engineering Workshop,100.0,100.0,O,,PASS,6.6,0
STU_25881A66A5,25881A66A5,DONALA SAHASRA,B,1,SUB_1_A9501,A9501,Programming for Problem Solving,94.59,60.0,B,,PASS,6.6,0
STU_25881A66A5,25881A66A5,DONALA SAHASRA,B,1,SUB_1_A9502,A9502,Programming for Problem Solving Laboratory,100.0,80.0,A,,PASS,6.6,0
STU_25881A66A5,25881A66A5,DONALA SAHASRA,B,1,SUB_1_A9801,A9801,Foundations of Data Science,90.0,60.0,B,,PASS,6.6,0
STU_25881A66A6,25881A66A6,AKKAPELLI SAI SUSHANTH,B,1,SUB_1_A9001,A9001,Matrices and Calculus,86.67,100.0,O,,PASS,8.8,0
STU_25881A66A6,25881A66A6,AKKAPELLI SAI SUSHANTH,B,1,SUB_1_A9007,A9007,Engineering Physics,81.33,90.0,A+,,PASS,8.8,0
STU_25881A66A6,25881A66A6,AKKAPELLI SAI SUSHANTH,B,1,SUB_1_A9008,A9008,Engineering Physics Laboratory,78.57,100.0,O,,PASS,8.8,0
STU_25881A66A6,25881A66A6,AKKAPELLI SAI SUSHANTH,B,1,SUB_1_A9021,A9021,Community Centered Design Thinking,72.92,90.0,A+,,PASS,8.8,0
STU_25881A66A6,25881A66A6,AKKAPELLI SAI SUSHANTH,B,1,SUB_1_A9204,A9204,Basic Electrical Engineering,77.14,90.0,A+,,PASS,8.8,0
STU_25881A66A6,25881A66A6,AKKAPELLI SAI SUSHANTH,B,1,SUB_1_A9205,A9205,Basic Electrical Engineering Laboratory,92.86,90.0,A+,,PASS,8.8,0
STU_25881A66A6,25881A66A6,AKKAPELLI SAI SUSHANTH,B,1,SUB_1_A9302,A9302,Engineering Workshop,86.67,90.0,A+,,PASS,8.8,0
STU_25881A66A6,25881A66A6,AKKAPELLI SAI SUSHANTH,B,1,SUB_1_A9501,A9501,Programming for Problem Solving,85.14,60.0,B,,PASS,8.8,0
STU_25881A66A6,25881A66A6,AKKAPELLI SAI SUSHANTH,B,1,SUB_1_A9502,A9502,Programming for Problem Solving Laboratory,84.62,90.0,A+,,PASS,8.8,0
STU_25881A66A6,25881A66A6,AKKAPELLI SAI SUSHANTH,B,1,SUB_1_A9801,A9801,Foundations of Data Science,83.33,90.0,A+,,PASS,8.8,0
STU_25881A66A7,25881A66A7,BHEEMA SAI RINISH REDDY,B,1,SUB_1_A9001,A9001,Matrices and Calculus,89.33,100.0,O,,PASS,8.6,0
STU_25881A66A7,25881A66A7,BHEEMA SAI RINISH REDDY,B,1,SUB_1_A9007,A9007,Engineering Physics,89.33,80.0,A,,PASS,8.6,0
STU_25881A66A7,25881A66A7,BHEEMA SAI RINISH REDDY,B,1,SUB_1_A9008,A9008,Engineering Physics Laboratory,85.71,90.0,A+,,PASS,8.6,0
STU_25881A66A7,25881A66A7,BHEEMA SAI RINISH REDDY,B,1,SUB_1_A9021,A9021,Community Centered Design Thinking,100.0,100.0,O,,PASS,8.6,0
STU_25881A66A7,25881A66A7,BHEEMA SAI RINISH REDDY,B,1,SUB_1_A9204,A9204,Basic Electrical Engineering,95.71,80.0,A,,PASS,8.6,0
STU_25881A66A7,25881A66A7,BHEEMA SAI RINISH REDDY,B,1,SUB_1_A9205,A9205,Basic Electrical Engineering Laboratory,92.86,90.0,A+,,PASS,8.6,0
STU_25881A66A7,25881A66A7,BHEEMA SAI RINISH REDDY,B,1,SUB_1_A9302,A9302,Engineering Workshop,100.0,100.0,O,,PASS,8.6,0
STU_25881A66A7,25881A66A7,BHEEMA SAI RINISH REDDY,B,1,SUB_1_A9501,A9501,Programming for Problem Solving,97.3,80.0,A,,PASS,8.6,0
STU_25881A66A7,25881A66A7,BHEEMA SAI RINISH REDDY,B,1,SUB_1_A9502,A9502,Programming for Problem Solving Laboratory,100.0,90.0,A+,,PASS,8.6,0
STU_25881A66A7,25881A66A7,BHEEMA SAI RINISH REDDY,B,1,SUB_1_A9801,A9801,Foundations of Data Science,93.33,70.0,B+,,PASS,8.6,0
STU_25881A66A8,25881A66A8,KOMATIREDDY SAI VARSHITHA,B,1,SUB_1_A9001,A9001,Matrices and Calculus,90.67,90.0,A+,,PASS,8.9,0
STU_25881A66A8,25881A66A8,KOMATIREDDY SAI VARSHITHA,B,1,SUB_1_A9007,A9007,Engineering Physics,88.0,90.0,A+,,PASS,8.9,0
STU_25881A66A8,25881A66A8,KOMATIREDDY SAI VARSHITHA,B,1,SUB_1_A9008,A9008,Engineering Physics Laboratory,85.71,100.0,O,,PASS,8.9,0
STU_25881A66A8,25881A66A8,KOMATIREDDY SAI VARSHITHA,B,1,SUB_1_A9021,A9021,Community Centered Design Thinking,93.75,100.0,O,,PASS,8.9,0
STU_25881A66A8,25881A66A8,KOMATIREDDY SAI VARSHITHA,B,1,SUB_1_A9204,A9204,Basic Electrical Engineering,95.71,80.0,A,,PASS,8.9,0
STU_25881A66A8,25881A66A8,KOMATIREDDY SAI VARSHITHA,B,1,SUB_1_A9205,A9205,Basic Electrical Engineering Laboratory,85.71,100.0,O,,PASS,8.9,0
STU_25881A66A8,25881A66A8,KOMATIREDDY SAI VARSHITHA,B,1,SUB_1_A9302,A9302,Engineering Workshop,80.0,90.0,A+,,PASS,8.9,0
STU_25881A66A8,25881A66A8,KOMATIREDDY SAI VARSHITHA,B,1,SUB_1_A9501,A9501,Programming for Problem Solving,94.59,80.0,A,,PASS,8.9,0
STU_25881A66A8,25881A66A8,KOMATIREDDY SAI VARSHITHA,B,1,SUB_1_A9502,A9502,Programming for Problem Solving Laboratory,92.31,90.0,A+,,PASS,8.9,0
STU_25881A66A8,25881A66A8,KOMATIREDDY SAI VARSHITHA,B,1,SUB_1_A9801,A9801,Foundations of Data Science,91.67,90.0,A+,,PASS,8.9,0
STU_25881A66A9,25881A66A9,MUNIGALA SAI RAJ,B,1,SUB_1_A9001,A9001,Matrices and Calculus,94.67,70.0,B+,,PASS,7.5,0
STU_25881A66A9,25881A66A9,MUNIGALA SAI RAJ,B,1,SUB_1_A9007,A9007,Engineering Physics,90.67,70.0,B+,,PASS,7.5,0
STU_25881A66A9,25881A66A9,MUNIGALA SAI RAJ,B,1,SUB_1_A9008,A9008,Engineering Physics Laboratory,85.71,90.0,A+,,PASS,7.5,0
STU_25881A66A9,25881A66A9,MUNIGALA SAI RAJ,B,1,SUB_1_A9021,A9021,Community Centered Design Thinking,93.75,90.0,A+,,PASS,7.5,0
STU_25881A66A9,25881A66A9,MUNIGALA SAI RAJ,B,1,SUB_1_A9204,A9204,Basic Electrical Engineering,97.14,60.0,B,,PASS,7.5,0
STU_25881A66A9,25881A66A9,MUNIGALA SAI RAJ,B,1,SUB_1_A9205,A9205,Basic Electrical Engineering Laboratory,100.0,80.0,A,,PASS,7.5,0
STU_25881A66A9,25881A66A9,MUNIGALA SAI RAJ,B,1,SUB_1_A9302,A9302,Engineering Workshop,100.0,100.0,O,,PASS,7.5,0
STU_25881A66A9,25881A66A9,MUNIGALA SAI RAJ,B,1,SUB_1_A9501,A9501,Programming for Problem Solving,94.59,70.0,B+,,PASS,7.5,0
STU_25881A66A9,25881A66A9,MUNIGALA SAI RAJ,B,1,SUB_1_A9502,A9502,Programming for Problem Solving Laboratory,100.0,80.0,A,,PASS,7.5,0
STU_25881A66A9,25881A66A9,MUNIGALA SAI RAJ,B,1,SUB_1_A9801,A9801,Foundations of Data Science,95.0,80.0,A,,PASS,7.5,0
STU_25881A66B0,25881A66B0,PATLOLLA SAI JASHWANTH REDDY,B,1,SUB_1_A9001,A9001,Matrices and Calculus,89.33,70.0,B+,,PASS,7.95,0
STU_25881A66B0,25881A66B0,PATLOLLA SAI JASHWANTH REDDY,B,1,SUB_1_A9007,A9007,Engineering Physics,85.33,80.0,A,,PASS,7.95,0
STU_25881A66B0,25881A66B0,PATLOLLA SAI JASHWANTH REDDY,B,1,SUB_1_A9008,A9008,Engineering Physics Laboratory,83.33,90.0,A+,,PASS,7.95,0
STU_25881A66B0,25881A66B0,PATLOLLA SAI JASHWANTH REDDY,B,1,SUB_1_A9021,A9021,Community Centered Design Thinking,91.67,100.0,O,,PASS,7.95,0
STU_25881A66B0,25881A66B0,PATLOLLA SAI JASHWANTH REDDY,B,1,SUB_1_A9204,A9204,Basic Electrical Engineering,94.29,80.0,A,,PASS,7.95,0
STU_25881A66B0,25881A66B0,PATLOLLA SAI JASHWANTH REDDY,B,1,SUB_1_A9205,A9205,Basic Electrical Engineering Laboratory,100.0,90.0,A+,,PASS,7.95,0
STU_25881A66B0,25881A66B0,PATLOLLA SAI JASHWANTH REDDY,B,1,SUB_1_A9302,A9302,Engineering Workshop,100.0,100.0,O,,PASS,7.95,0
STU_25881A66B0,25881A66B0,PATLOLLA SAI JASHWANTH REDDY,B,1,SUB_1_A9501,A9501,Programming for Problem Solving,87.84,70.0,B+,,PASS,7.95,0
STU_25881A66B0,25881A66B0,PATLOLLA SAI JASHWANTH REDDY,B,1,SUB_1_A9502,A9502,Programming for Problem Solving Laboratory,100.0,80.0,A,,PASS,7.95,0
STU_25881A66B0,25881A66B0,PATLOLLA SAI JASHWANTH REDDY,B,1,SUB_1_A9801,A9801,Foundations of Data Science,90.0,80.0,A,,PASS,7.95,0
STU_25881A66B1,25881A66B1,THUMU SAI KARTHIK,B,1,SUB_1_A9001,A9001,Matrices and Calculus,86.67,80.0,A,,PASS,7.5,0
STU_25881A66B1,25881A66B1,THUMU SAI KARTHIK,B,1,SUB_1_A9007,A9007,Engineering Physics,85.33,70.0,B+,,PASS,7.5,0
STU_25881A66B1,25881A66B1,THUMU SAI KARTHIK,B,1,SUB_1_A9008,A9008,Engineering Physics Laboratory,85.71,90.0,A+,,PASS,7.5,0
STU_25881A66B1,25881A66B1,THUMU SAI KARTHIK,B,1,SUB_1_A9021,A9021,Community Centered Design Thinking,87.5,90.0,A+,,PASS,7.5,0
STU_25881A66B1,25881A66B1,THUMU SAI KARTHIK,B,1,SUB_1_A9204,A9204,Basic Electrical Engineering,84.29,60.0,B,,PASS,7.5,0
STU_25881A66B1,25881A66B1,THUMU SAI KARTHIK,B,1,SUB_1_A9205,A9205,Basic Electrical Engineering Laboratory,78.57,90.0,A+,,PASS,7.5,0
STU_25881A66B1,25881A66B1,THUMU SAI KARTHIK,B,1,SUB_1_A9302,A9302,Engineering Workshop,100.0,90.0,A+,,PASS,7.5,0
STU_25881A66B1,25881A66B1,THUMU SAI KARTHIK,B,1,SUB_1_A9501,A9501,Programming for Problem Solving,91.89,60.0,B,,PASS,7.5,0
STU_25881A66B1,25881A66B1,THUMU SAI KARTHIK,B,1,SUB_1_A9502,A9502,Programming for Problem Solving Laboratory,100.0,70.0,B+,,PASS,7.5,0
STU_25881A66B1,25881A66B1,THUMU SAI KARTHIK,B,1,SUB_1_A9801,A9801,Foundations of Data Science,86.67,80.0,A,,PASS,7.5,0
STU_25881A66B2,25881A66B2,KARNATI SAINITHIN,B,1,SUB_1_A9001,A9001,Matrices and Calculus,90.67,80.0,A,,PASS,7.85,0
STU_25881A66B2,25881A66B2,KARNATI SAINITHIN,B,1,SUB_1_A9007,A9007,Engineering Physics,88.0,80.0,A,,PASS,7.85,0
STU_25881A66B2,25881A66B2,KARNATI SAINITHIN,B,1,SUB_1_A9008,A9008,Engineering Physics Laboratory,78.57,90.0,A+,,PASS,7.85,0
STU_25881A66B2,25881A66B2,KARNATI SAINITHIN,B,1,SUB_1_A9021,A9021,Community Centered Design Thinking,85.42,100.0,O,,PASS,7.85,0
STU_25881A66B2,25881A66B2,KARNATI SAINITHIN,B,1,SUB_1_A9204,A9204,Basic Electrical Engineering,94.29,60.0,B,,PASS,7.85,0
STU_25881A66B2,25881A66B2,KARNATI SAINITHIN,B,1,SUB_1_A9205,A9205,Basic Electrical Engineering Laboratory,100.0,100.0,O,,PASS,7.85,0
STU_25881A66B2,25881A66B2,KARNATI SAINITHIN,B,1,SUB_1_A9302,A9302,Engineering Workshop,100.0,90.0,A+,,PASS,7.85,0
STU_25881A66B2,25881A66B2,KARNATI SAINITHIN,B,1,SUB_1_A9501,A9501,Programming for Problem Solving,93.24,60.0,B,,PASS,7.85,0
STU_25881A66B2,25881A66B2,KARNATI SAINITHIN,B,1,SUB_1_A9502,A9502,Programming for Problem Solving Laboratory,92.31,90.0,A+,,PASS,7.85,0
STU_25881A66B2,25881A66B2,KARNATI SAINITHIN,B,1,SUB_1_A9801,A9801,Foundations of Data Science,88.33,80.0,A,,PASS,7.85,0
STU_25881A66B3,25881A66B3,INDLA SAKETHA RAM,B,1,SUB_1_A9001,A9001,Matrices and Calculus,92.0,90.0,A+,,PASS,9.0,0
STU_25881A66B3,25881A66B3,INDLA SAKETHA RAM,B,1,SUB_1_A9007,A9007,Engineering Physics,90.67,80.0,A,,PASS,9.0,0
STU_25881A66B3,25881A66B3,INDLA SAKETHA RAM,B,1,SUB_1_A9008,A9008,Engineering Physics Laboratory,85.71,90.0,A+,,PASS,9.0,0
STU_25881A66B3,25881A66B3,INDLA SAKETHA RAM,B,1,SUB_1_A9021,A9021,Community Centered Design Thinking,97.92,100.0,O,,PASS,9.0,0
STU_25881A66B3,25881A66B3,INDLA SAKETHA RAM,B,1,SUB_1_A9204,A9204,Basic Electrical Engineering,98.57,100.0,O,,PASS,9.0,0
STU_25881A66B3,25881A66B3,INDLA SAKETHA RAM,B,1,SUB_1_A9205,A9205,Basic Electrical Engineering Laboratory,100.0,90.0,A+,,PASS,9.0,0
STU_25881A66B3,25881A66B3,INDLA SAKETHA RAM,B,1,SUB_1_A9302,A9302,Engineering Workshop,100.0,90.0,A+,,PASS,9.0,0
STU_25881A66B3,25881A66B3,INDLA SAKETHA RAM,B,1,SUB_1_A9501,A9501,Programming for Problem Solving,97.3,90.0,A+,,PASS,9.0,0
STU_25881A66B3,25881A66B3,INDLA SAKETHA RAM,B,1,SUB_1_A9502,A9502,Programming for Problem Solving Laboratory,100.0,90.0,A+,,PASS,9.0,0
STU_25881A66B3,25881A66B3,INDLA SAKETHA RAM,B,1,SUB_1_A9801,A9801,Foundations of Data Science,93.33,90.0,A+,,PASS,9.0,0
STU_25881A66B4,25881A66B4,MOHAMMAD SAMI,B,1,SUB_1_A9001,A9001,Matrices and Calculus,81.33,60.0,B,,PASS,5.4,1
STU_25881A66B4,25881A66B4,MOHAMMAD SAMI,B,1,SUB_1_A9007,A9007,Engineering Physics,80.0,60.0,B,,PASS,5.4,1
STU_25881A66B4,25881A66B4,MOHAMMAD SAMI,B,1,SUB_1_A9008,A9008,Engineering Physics Laboratory,85.71,80.0,A,,PASS,5.4,1
STU_25881A66B4,25881A66B4,MOHAMMAD SAMI,B,1,SUB_1_A9021,A9021,Community Centered Design Thinking,72.92,90.0,A+,,PASS,5.4,1
STU_25881A66B4,25881A66B4,MOHAMMAD SAMI,B,1,SUB_1_A9204,A9204,Basic Electrical Engineering,81.43,50.0,C,,PASS,5.4,1
STU_25881A66B4,25881A66B4,MOHAMMAD SAMI,B,1,SUB_1_A9205,A9205,Basic Electrical Engineering Laboratory,78.57,70.0,B+,,PASS,5.4,1
STU_25881A66B4,25881A66B4,MOHAMMAD SAMI,B,1,SUB_1_A9302,A9302,Engineering Workshop,73.33,80.0,A,,PASS,5.4,1
STU_25881A66B4,25881A66B4,MOHAMMAD SAMI,B,1,SUB_1_A9501,A9501,Programming for Problem Solving,85.14,0.0,F,,FAIL,5.4,1
STU_25881A66B4,25881A66B4,MOHAMMAD SAMI,B,1,SUB_1_A9502,A9502,Programming for Problem Solving Laboratory,84.62,60.0,B,,PASS,5.4,1
STU_25881A66B4,25881A66B4,MOHAMMAD SAMI,B,1,SUB_1_A9801,A9801,Foundations of Data Science,78.33,60.0,B,,PASS,5.4,1
STU_25881A66B5,25881A66B5,KORRA SANJAY CHOUHAN,B,1,SUB_1_A9001,A9001,Matrices and Calculus,76.0,0.0,F,,FAIL,1.8,5
STU_25881A66B5,25881A66B5,KORRA SANJAY CHOUHAN,B,1,SUB_1_A9007,A9007,Engineering Physics,76.0,0.0,F,,FAIL,1.8,5
STU_25881A66B5,25881A66B5,KORRA SANJAY CHOUHAN,B,1,SUB_1_A9008,A9008,Engineering Physics Laboratory,78.57,70.0,B+,,PASS,1.8,5
STU_25881A66B5,25881A66B5,KORRA SANJAY CHOUHAN,B,1,SUB_1_A9021,A9021,Community Centered Design Thinking,66.67,90.0,A+,,PASS,1.8,5
STU_25881A66B5,25881A66B5,KORRA SANJAY CHOUHAN,B,1,SUB_1_A9204,A9204,Basic Electrical Engineering,80.0,0.0,F,,FAIL,1.8,5
STU_25881A66B5,25881A66B5,KORRA SANJAY CHOUHAN,B,1,SUB_1_A9205,A9205,Basic Electrical Engineering Laboratory,71.43,70.0,B+,,PASS,1.8,5
STU_25881A66B5,25881A66B5,KORRA SANJAY CHOUHAN,B,1,SUB_1_A9302,A9302,Engineering Workshop,73.33,70.0,B+,,PASS,1.8,5
STU_25881A66B5,25881A66B5,KORRA SANJAY CHOUHAN,B,1,SUB_1_A9501,A9501,Programming for Problem Solving,78.38,0.0,F,,FAIL,1.8,5
STU_25881A66B5,25881A66B5,KORRA SANJAY CHOUHAN,B,1,SUB_1_A9502,A9502,Programming for Problem Solving Laboratory,76.92,60.0,B,,PASS,1.8,5
STU_25881A66B5,25881A66B5,KORRA SANJAY CHOUHAN,B,1,SUB_1_A9801,A9801,Foundations of Data Science,75.0,0.0,F,,FAIL,1.8,5
STU_25881A66B6,25881A66B6,THASHAMSHETTY SATHWIK,B,1,SUB_1_A9001,A9001,Matrices and Calculus,80.0,50.0,C,,PASS,4.6,2
STU_25881A66B6,25881A66B6,THASHAMSHETTY SATHWIK,B,1,SUB_1_A9007,A9007,Engineering Physics,80.0,50.0,C,,PASS,4.6,2
STU_25881A66B6,25881A66B6,THASHAMSHETTY SATHWIK,B,1,SUB_1_A9008,A9008,Engineering Physics Laboratory,80.95,80.0,A,,PASS,4.6,2
STU_25881A66B6,25881A66B6,THASHAMSHETTY SATHWIK,B,1,SUB_1_A9021,A9021,Community Centered Design Thinking,68.75,100.0,O,,PASS,4.6,2
STU_25881A66B6,25881A66B6,THASHAMSHETTY SATHWIK,B,1,SUB_1_A9204,A9204,Basic Electrical Engineering,81.43,0.0,F,,FAIL,4.6,2
STU_25881A66B6,25881A66B6,THASHAMSHETTY SATHWIK,B,1,SUB_1_A9205,A9205,Basic Electrical Engineering Laboratory,85.71,80.0,A,,PASS,4.6,2
STU_25881A66B6,25881A66B6,THASHAMSHETTY SATHWIK,B,1,SUB_1_A9302,A9302,Engineering Workshop,80.0,90.0,A+,,PASS,4.6,2
STU_25881A66B6,25881A66B6,THASHAMSHETTY SATHWIK,B,1,SUB_1_A9501,A9501,Programming for Problem Solving,82.43,0.0,F,,FAIL,4.6,2
STU_25881A66B6,25881A66B6,THASHAMSHETTY SATHWIK,B,1,SUB_1_A9502,A9502,Programming for Problem Solving Laboratory,69.23,70.0,B+,,PASS,4.6,2
STU_25881A66B6,25881A66B6,THASHAMSHETTY SATHWIK,B,1,SUB_1_A9801,A9801,Foundations of Data Science,81.67,50.0,C,,PASS,4.6,2
STU_25881A66B7,25881A66B7,NENAVATH SAVITHA,B,1,SUB_1_A9001,A9001,Matrices and Calculus,88.0,90.0,A+,,PASS,8.95,0
STU_25881A66B7,25881A66B7,NENAVATH SAVITHA,B,1,SUB_1_A9007,A9007,Engineering Physics,88.0,90.0,A+,,PASS,8.95,0
STU_25881A66B7,25881A66B7,NENAVATH SAVITHA,B,1,SUB_1_A9008,A9008,Engineering Physics Laboratory,78.57,100.0,O,,PASS,8.95,0
STU_25881A66B7,25881A66B7,NENAVATH SAVITHA,B,1,SUB_1_A9021,A9021,Community Centered Design Thinking,87.5,100.0,O,,PASS,8.95,0
STU_25881A66B7,25881A66B7,NENAVATH SAVITHA,B,1,SUB_1_A9204,A9204,Basic Electrical Engineering,94.29,90.0,A+,,PASS,8.95,0
STU_25881A66B7,25881A66B7,NENAVATH SAVITHA,B,1,SUB_1_A9205,A9205,Basic Electrical Engineering Laboratory,100.0,100.0,O,,PASS,8.95,0
STU_25881A66B7,25881A66B7,NENAVATH SAVITHA,B,1,SUB_1_A9302,A9302,Engineering Workshop,93.33,100.0,O,,PASS,8.95,0
STU_25881A66B7,25881A66B7,NENAVATH SAVITHA,B,1,SUB_1_A9501,A9501,Programming for Problem Solving,91.89,80.0,A,,PASS,8.95,0
STU_25881A66B7,25881A66B7,NENAVATH SAVITHA,B,1,SUB_1_A9502,A9502,Programming for Problem Solving Laboratory,92.31,100.0,O,,PASS,8.95,0
STU_25881A66B7,25881A66B7,NENAVATH SAVITHA,B,1,SUB_1_A9801,A9801,Foundations of Data Science,95.0,80.0,A,,PASS,8.95,0
STU_25881A66B8,25881A66B8,KOLAN SHARNIKA,B,1,SUB_1_A9001,A9001,Matrices and Calculus,86.67,60.0,B,,PASS,6.9,0
STU_25881A66B8,25881A66B8,KOLAN SHARNIKA,B,1,SUB_1_A9007,A9007,Engineering Physics,82.67,70.0,B+,,PASS,6.9,0
STU_25881A66B8,25881A66B8,KOLAN SHARNIKA,B,1,SUB_1_A9008,A9008,Engineering Physics Laboratory,71.43,90.0,A+,,PASS,6.9,0
STU_25881A66B8,25881A66B8,KOLAN SHARNIKA,B,1,SUB_1_A9021,A9021,Community Centered Design Thinking,87.5,90.0,A+,,PASS,6.9,0
STU_25881A66B8,25881A66B8,KOLAN SHARNIKA,B,1,SUB_1_A9204,A9204,Basic Electrical Engineering,88.57,60.0,B,,PASS,6.9,0
STU_25881A66B8,25881A66B8,KOLAN SHARNIKA,B,1,SUB_1_A9205,A9205,Basic Electrical Engineering Laboratory,78.57,70.0,B+,,PASS,6.9,0
STU_25881A66B8,25881A66B8,KOLAN SHARNIKA,B,1,SUB_1_A9302,A9302,Engineering Workshop,80.0,90.0,A+,,PASS,6.9,0
STU_25881A66B8,25881A66B8,KOLAN SHARNIKA,B,1,SUB_1_A9501,A9501,Programming for Problem Solving,87.84,60.0,B,,PASS,6.9,0
STU_25881A66B8,25881A66B8,KOLAN SHARNIKA,B,1,SUB_1_A9502,A9502,Programming for Problem Solving Laboratory,94.87,80.0,A,,PASS,6.9,0
STU_25881A66B8,25881A66B8,KOLAN SHARNIKA,B,1,SUB_1_A9801,A9801,Foundations of Data Science,86.67,70.0,B+,,PASS,6.9,0
STU_25881A66B9,25881A66B9,NALLELA SHIVA,B,1,SUB_1_A9001,A9001,Matrices and Calculus,88.0,80.0,A,,PASS,7.65,0
STU_25881A66B9,25881A66B9,NALLELA SHIVA,B,1,SUB_1_A9007,A9007,Engineering Physics,88.0,60.0,B,,PASS,7.65,0
STU_25881A66B9,25881A66B9,NALLELA SHIVA,B,1,SUB_1_A9008,A9008,Engineering Physics Laboratory,92.86,90.0,A+,,PASS,7.65,0
STU_25881A66B9,25881A66B9,NALLELA SHIVA,B,1,SUB_1_A9021,A9021,Community Centered Design Thinking,87.5,90.0,A+,,PASS,7.65,0
STU_25881A66B9,25881A66B9,NALLELA SHIVA,B,1,SUB_1_A9204,A9204,Basic Electrical Engineering,82.86,80.0,A,,PASS,7.65,0
STU_25881A66B9,25881A66B9,NALLELA SHIVA,B,1,SUB_1_A9205,A9205,Basic Electrical Engineering Laboratory,100.0,90.0,A+,,PASS,7.65,0
STU_25881A66B9,25881A66B9,NALLELA SHIVA,B,1,SUB_1_A9302,A9302,Engineering Workshop,93.33,90.0,A+,,PASS,7.65,0
STU_25881A66B9,25881A66B9,NALLELA SHIVA,B,1,SUB_1_A9501,A9501,Programming for Problem Solving,87.84,60.0,B,,PASS,7.65,0
STU_25881A66B9,25881A66B9,NALLELA SHIVA,B,1,SUB_1_A9502,A9502,Programming for Problem Solving Laboratory,84.62,90.0,A+,,PASS,7.65,0
STU_25881A66B9,25881A66B9,NALLELA SHIVA,B,1,SUB_1_A9801,A9801,Foundations of Data Science,83.33,80.0,A,,PASS,7.65,0
STU_25881A66C0,25881A66C0,BUDDULA SHRIVALLI,B,1,SUB_1_A9001,A9001,Matrices and Calculus,90.67,50.0,C,,PASS,6.3,0
STU_25881A66C0,25881A66C0,BUDDULA SHRIVALLI,B,1,SUB_1_A9007,A9007,Engineering Physics,89.33,50.0,C,,PASS,6.3,0
STU_25881A66C0,25881A66C0,BUDDULA SHRIVALLI,B,1,SUB_1_A9008,A9008,Engineering Physics Laboratory,80.95,90.0,A+,,PASS,6.3,0
STU_25881A66C0,25881A66C0,BUDDULA SHRIVALLI,B,1,SUB_1_A9021,A9021,Community Centered Design Thinking,93.75,100.0,O,,PASS,6.3,0
STU_25881A66C0,25881A66C0,BUDDULA SHRIVALLI,B,1,SUB_1_A9204,A9204,Basic Electrical Engineering,92.86,50.0,C,,PASS,6.3,0
STU_25881A66C0,25881A66C0,BUDDULA SHRIVALLI,B,1,SUB_1_A9205,A9205,Basic Electrical Engineering Laboratory,85.71,70.0,B+,,PASS,6.3,0
STU_25881A66C0,25881A66C0,BUDDULA SHRIVALLI,B,1,SUB_1_A9302,A9302,Engineering Workshop,93.33,90.0,A+,,PASS,6.3,0
STU_25881A66C0,25881A66C0,BUDDULA SHRIVALLI,B,1,SUB_1_A9501,A9501,Programming for Problem Solving,90.54,70.0,B+,,PASS,6.3,0
STU_25881A66C0,25881A66C0,BUDDULA SHRIVALLI,B,1,SUB_1_A9502,A9502,Programming for Problem Solving Laboratory,92.31,70.0,B+,,PASS,6.3,0
STU_25881A66C0,25881A66C0,BUDDULA SHRIVALLI,B,1,SUB_1_A9801,A9801,Foundations of Data Science,90.0,60.0,B,,PASS,6.3,0
STU_25881A66C1,25881A66C1,K SHRUTHI,B,1,SUB_1_A9001,A9001,Matrices and Calculus,97.33,100.0,O,,PASS,9.65,0
STU_25881A66C1,25881A66C1,K SHRUTHI,B,1,SUB_1_A9007,A9007,Engineering Physics,96.0,100.0,O,,PASS,9.65,0
STU_25881A66C1,25881A66C1,K SHRUTHI,B,1,SUB_1_A9008,A9008,Engineering Physics Laboratory,92.86,90.0,A+,,PASS,9.65,0
STU_25881A66C1,25881A66C1,K SHRUTHI,B,1,SUB_1_A9021,A9021,Community Centered Design Thinking,93.75,100.0,O,,PASS,9.65,0
STU_25881A66C1,25881A66C1,K SHRUTHI,B,1,SUB_1_A9204,A9204,Basic Electrical Engineering,94.29,100.0,O,,PASS,9.65,0
STU_25881A66C1,25881A66C1,K SHRUTHI,B,1,SUB_1_A9205,A9205,Basic Electrical Engineering Laboratory,100.0,100.0,O,,PASS,9.65,0
STU_25881A66C1,25881A66C1,K SHRUTHI,B,1,SUB_1_A9302,A9302,Engineering Workshop,93.33,100.0,O,,PASS,9.65,0
STU_25881A66C1,25881A66C1,K SHRUTHI,B,1,SUB_1_A9501,A9501,Programming for Problem Solving,97.3,90.0,A+,,PASS,9.65,0
STU_25881A66C1,25881A66C1,K SHRUTHI,B,1,SUB_1_A9502,A9502,Programming for Problem Solving Laboratory,100.0,100.0,O,,PASS,9.65,0
STU_25881A66C1,25881A66C1,K SHRUTHI,B,1,SUB_1_A9801,A9801,Foundations of Data Science,98.33,90.0,A+,,PASS,9.65,0
STU_25881A66C2,25881A66C2,NELLURI SMARAN,B,1,SUB_1_A9001,A9001,Matrices and Calculus,82.67,50.0,C,,PASS,3.05,4
STU_25881A66C2,25881A66C2,NELLURI SMARAN,B,1,SUB_1_A9007,A9007,Engineering Physics,85.33,0.0,F,,FAIL,3.05,4
STU_25881A66C2,25881A66C2,NELLURI SMARAN,B,1,SUB_1_A9008,A9008,Engineering Physics Laboratory,85.71,80.0,A,,PASS,3.05,4
STU_25881A66C2,25881A66C2,NELLURI SMARAN,B,1,SUB_1_A9021,A9021,Community Centered Design Thinking,91.67,90.0,A+,,PASS,3.05,4
STU_25881A66C2,25881A66C2,NELLURI SMARAN,B,1,SUB_1_A9204,A9204,Basic Electrical Engineering,82.86,0.0,F,,FAIL,3.05,4
STU_25881A66C2,25881A66C2,NELLURI SMARAN,B,1,SUB_1_A9205,A9205,Basic Electrical Engineering Laboratory,92.86,70.0,B+,,PASS,3.05,4
STU_25881A66C2,25881A66C2,NELLURI SMARAN,B,1,SUB_1_A9302,A9302,Engineering Workshop,93.33,90.0,A+,,PASS,3.05,4
STU_25881A66C2,25881A66C2,NELLURI SMARAN,B,1,SUB_1_A9501,A9501,Programming for Problem Solving,86.49,0.0,F,,FAIL,3.05,4
STU_25881A66C2,25881A66C2,NELLURI SMARAN,B,1,SUB_1_A9502,A9502,Programming for Problem Solving Laboratory,76.92,80.0,A,,PASS,3.05,4
STU_25881A66C2,25881A66C2,NELLURI SMARAN,B,1,SUB_1_A9801,A9801,Foundations of Data Science,83.33,0.0,F,,FAIL,3.05,4
STU_25881A66C3,25881A66C3,MARAVENI SPURTHI,B,1,SUB_1_A9001,A9001,Matrices and Calculus,93.33,100.0,O,,PASS,9.65,0
STU_25881A66C3,25881A66C3,MARAVENI SPURTHI,B,1,SUB_1_A9007,A9007,Engineering Physics,90.67,100.0,O,,PASS,9.65,0
STU_25881A66C3,25881A66C3,MARAVENI SPURTHI,B,1,SUB_1_A9008,A9008,Engineering Physics Laboratory,92.86,100.0,O,,PASS,9.65,0
STU_25881A66C3,25881A66C3,MARAVENI SPURTHI,B,1,SUB_1_A9021,A9021,Community Centered Design Thinking,87.5,100.0,O,,PASS,9.65,0
STU_25881A66C3,25881A66C3,MARAVENI SPURTHI,B,1,SUB_1_A9204,A9204,Basic Electrical Engineering,94.29,100.0,O,,PASS,9.65,0
STU_25881A66C3,25881A66C3,MARAVENI SPURTHI,B,1,SUB_1_A9205,A9205,Basic Electrical Engineering Laboratory,100.0,100.0,O,,PASS,9.65,0
STU_25881A66C3,25881A66C3,MARAVENI SPURTHI,B,1,SUB_1_A9302,A9302,Engineering Workshop,93.33,100.0,O,,PASS,9.65,0
STU_25881A66C3,25881A66C3,MARAVENI SPURTHI,B,1,SUB_1_A9501,A9501,Programming for Problem Solving,93.24,90.0,A+,,PASS,9.65,0
STU_25881A66C3,25881A66C3,MARAVENI SPURTHI,B,1,SUB_1_A9502,A9502,Programming for Problem Solving Laboratory,92.31,90.0,A+,,PASS,9.65,0
STU_25881A66C3,25881A66C3,MARAVENI SPURTHI,B,1,SUB_1_A9801,A9801,Foundations of Data Science,93.33,90.0,A+,,PASS,9.65,0
STU_25881A66C4,25881A66C4,BANTU TANU SRI,B,1,SUB_1_A9001,A9001,Matrices and Calculus,92.0,100.0,O,,PASS,9.7,0
STU_25881A66C4,25881A66C4,BANTU TANU SRI,B,1,SUB_1_A9007,A9007,Engineering Physics,89.33,100.0,O,,PASS,9.7,0
STU_25881A66C4,25881A66C4,BANTU TANU SRI,B,1,SUB_1_A9008,A9008,Engineering Physics Laboratory,92.86,100.0,O,,PASS,9.7,0
STU_25881A66C4,25881A66C4,BANTU TANU SRI,B,1,SUB_1_A9021,A9021,Community Centered Design Thinking,93.75,100.0,O,,PASS,9.7,0
STU_25881A66C4,25881A66C4,BANTU TANU SRI,B,1,SUB_1_A9204,A9204,Basic Electrical Engineering,91.43,100.0,O,,PASS,9.7,0
STU_25881A66C4,25881A66C4,BANTU TANU SRI,B,1,SUB_1_A9205,A9205,Basic Electrical Engineering Laboratory,85.71,100.0,O,,PASS,9.7,0
STU_25881A66C4,25881A66C4,BANTU TANU SRI,B,1,SUB_1_A9302,A9302,Engineering Workshop,86.67,100.0,O,,PASS,9.7,0
STU_25881A66C4,25881A66C4,BANTU TANU SRI,B,1,SUB_1_A9501,A9501,Programming for Problem Solving,93.24,90.0,A+,,PASS,9.7,0
STU_25881A66C4,25881A66C4,BANTU TANU SRI,B,1,SUB_1_A9502,A9502,Programming for Problem Solving Laboratory,100.0,100.0,O,,PASS,9.7,0
STU_25881A66C4,25881A66C4,BANTU TANU SRI,B,1,SUB_1_A9801,A9801,Foundations of Data Science,93.33,90.0,A+,,PASS,9.7,0
STU_25881A66C5,25881A66C5,BHUKYA THARUN,B,1,SUB_1_A9001,A9001,Matrices and Calculus,86.67,70.0,B+,,PASS,7.05,0
STU_25881A66C5,25881A66C5,BHUKYA THARUN,B,1,SUB_1_A9007,A9007,Engineering Physics,85.33,70.0,B+,,PASS,7.05,0
STU_25881A66C5,25881A66C5,BHUKYA THARUN,B,1,SUB_1_A9008,A9008,Engineering Physics Laboratory,85.71,80.0,A,,PASS,7.05,0
STU_25881A66C5,25881A66C5,BHUKYA THARUN,B,1,SUB_1_A9021,A9021,Community Centered Design Thinking,97.92,90.0,A+,,PASS,7.05,0
STU_25881A66C5,25881A66C5,BHUKYA THARUN,B,1,SUB_1_A9204,A9204,Basic Electrical Engineering,71.43,60.0,B,,PASS,7.05,0
STU_25881A66C5,25881A66C5,BHUKYA THARUN,B,1,SUB_1_A9205,A9205,Basic Electrical Engineering Laboratory,71.43,90.0,A+,,PASS,7.05,0
STU_25881A66C5,25881A66C5,BHUKYA THARUN,B,1,SUB_1_A9302,A9302,Engineering Workshop,100.0,100.0,O,,PASS,7.05,0
STU_25881A66C5,25881A66C5,BHUKYA THARUN,B,1,SUB_1_A9501,A9501,Programming for Problem Solving,87.84,50.0,C,,PASS,7.05,0
STU_25881A66C5,25881A66C5,BHUKYA THARUN,B,1,SUB_1_A9502,A9502,Programming for Problem Solving Laboratory,84.62,80.0,A,,PASS,7.05,0
STU_25881A66C5,25881A66C5,BHUKYA THARUN,B,1,SUB_1_A9801,A9801,Foundations of Data Science,85.0,70.0,B+,,PASS,7.05,0
STU_25881A66C6,25881A66C6,MACHARLA VAGDEVI,B,1,SUB_1_A9001,A9001,Matrices and Calculus,90.67,70.0,B+,,PASS,7.55,0
STU_25881A66C6,25881A66C6,MACHARLA VAGDEVI,B,1,SUB_1_A9007,A9007,Engineering Physics,88.0,80.0,A,,PASS,7.55,0
STU_25881A66C6,25881A66C6,MACHARLA VAGDEVI,B,1,SUB_1_A9008,A9008,Engineering Physics Laboratory,83.33,90.0,A+,,PASS,7.55,0
STU_25881A66C6,25881A66C6,MACHARLA VAGDEVI,B,1,SUB_1_A9021,A9021,Community Centered Design Thinking,100.0,90.0,A+,,PASS,7.55,0
STU_25881A66C6,25881A66C6,MACHARLA VAGDEVI,B,1,SUB_1_A9204,A9204,Basic Electrical Engineering,84.29,70.0,B+,,PASS,7.55,0
STU_25881A66C6,25881A66C6,MACHARLA VAGDEVI,B,1,SUB_1_A9205,A9205,Basic Electrical Engineering Laboratory,92.86,80.0,A,,PASS,7.55,0
STU_25881A66C6,25881A66C6,MACHARLA VAGDEVI,B,1,SUB_1_A9302,A9302,Engineering Workshop,93.33,90.0,A+,,PASS,7.55,0
STU_25881A66C6,25881A66C6,MACHARLA VAGDEVI,B,1,SUB_1_A9501,A9501,Programming for Problem Solving,91.89,60.0,B,,PASS,7.55,0
STU_25881A66C6,25881A66C6,MACHARLA VAGDEVI,B,1,SUB_1_A9502,A9502,Programming for Problem Solving Laboratory,92.31,80.0,A,,PASS,7.55,0
STU_25881A66C6,25881A66C6,MACHARLA VAGDEVI,B,1,SUB_1_A9801,A9801,Foundations of Data Science,88.33,80.0,A,,PASS,7.55,0
STU_25881A66C7,25881A66C7,NAKKA VENU,B,1,SUB_1_A9001,A9001,Matrices and Calculus,88.0,90.0,A+,,PASS,8.45,0
STU_25881A66C7,25881A66C7,NAKKA VENU,B,1,SUB_1_A9007,A9007,Engineering Physics,85.33,80.0,A,,PASS,8.45,0
STU_25881A66C7,25881A66C7,NAKKA VENU,B,1,SUB_1_A9008,A9008,Engineering Physics Laboratory,85.71,100.0,O,,PASS,8.45,0
STU_25881A66C7,25881A66C7,NAKKA VENU,B,1,SUB_1_A9021,A9021,Community Centered Design Thinking,87.5,90.0,A+,,PASS,8.45,0
STU_25881A66C7,25881A66C7,NAKKA VENU,B,1,SUB_1_A9204,A9204,Basic Electrical Engineering,85.71,90.0,A+,,PASS,8.45,0
STU_25881A66C7,25881A66C7,NAKKA VENU,B,1,SUB_1_A9205,A9205,Basic Electrical Engineering Laboratory,78.57,90.0,A+,,PASS,8.45,0
STU_25881A66C7,25881A66C7,NAKKA VENU,B,1,SUB_1_A9302,A9302,Engineering Workshop,80.0,90.0,A+,,PASS,8.45,0
STU_25881A66C7,25881A66C7,NAKKA VENU,B,1,SUB_1_A9501,A9501,Programming for Problem Solving,91.89,90.0,A+,,PASS,8.45,0
STU_25881A66C7,25881A66C7,NAKKA VENU,B,1,SUB_1_A9502,A9502,Programming for Problem Solving Laboratory,100.0,90.0,A+,,PASS,8.45,0
STU_25881A66C7,25881A66C7,NAKKA VENU,B,1,SUB_1_A9801,A9801,Foundations of Data Science,80.0,60.0,B,,PASS,8.45,0
STU_25881A66C8,25881A66C8,BANOTH VIGNESWAR,B,1,SUB_1_A9001,A9001,Matrices and Calculus,89.33,90.0,A+,,PASS,8.0,0
STU_25881A66C8,25881A66C8,BANOTH VIGNESWAR,B,1,SUB_1_A9007,A9007,Engineering Physics,88.0,80.0,A,,PASS,8.0,0
STU_25881A66C8,25881A66C8,BANOTH VIGNESWAR,B,1,SUB_1_A9008,A9008,Engineering Physics Laboratory,85.71,90.0,A+,,PASS,8.0,0
STU_25881A66C8,25881A66C8,BANOTH VIGNESWAR,B,1,SUB_1_A9021,A9021,Community Centered Design Thinking,97.92,100.0,O,,PASS,8.0,0
STU_25881A66C8,25881A66C8,BANOTH VIGNESWAR,B,1,SUB_1_A9204,A9204,Basic Electrical Engineering,90.0,80.0,A,,PASS,8.0,0
STU_25881A66C8,25881A66C8,BANOTH VIGNESWAR,B,1,SUB_1_A9205,A9205,Basic Electrical Engineering Laboratory,100.0,90.0,A+,,PASS,8.0,0
STU_25881A66C8,25881A66C8,BANOTH VIGNESWAR,B,1,SUB_1_A9302,A9302,Engineering Workshop,93.33,90.0,A+,,PASS,8.0,0
STU_25881A66C8,25881A66C8,BANOTH VIGNESWAR,B,1,SUB_1_A9501,A9501,Programming for Problem Solving,89.19,60.0,B,,PASS,8.0,0
STU_25881A66C8,25881A66C8,BANOTH VIGNESWAR,B,1,SUB_1_A9502,A9502,Programming for Problem Solving Laboratory,92.31,80.0,A,,PASS,8.0,0
STU_25881A66C8,25881A66C8,BANOTH VIGNESWAR,B,1,SUB_1_A9801,A9801,Foundations of Data Science,91.67,70.0,B+,,PASS,8.0,0
STU_25881A66C9,25881A66C9,SHAIK YASAR ARAFATH,B,1,SUB_1_A9001,A9001,Matrices and Calculus,96.0,100.0,O,,PASS,9.1,0
STU_25881A66C9,25881A66C9,SHAIK YASAR ARAFATH,B,1,SUB_1_A9007,A9007,Engineering Physics,96.0,90.0,A+,,PASS,9.1,0
STU_25881A66C9,25881A66C9,SHAIK YASAR ARAFATH,B,1,SUB_1_A9008,A9008,Engineering Physics Laboratory,100.0,90.0,A+,,PASS,9.1,0
STU_25881A66C9,25881A66C9,SHAIK YASAR ARAFATH,B,1,SUB_1_A9021,A9021,Community Centered Design Thinking,100.0,100.0,O,,PASS,9.1,0
STU_25881A66C9,25881A66C9,SHAIK YASAR ARAFATH,B,1,SUB_1_A9204,A9204,Basic Electrical Engineering,91.43,100.0,O,,PASS,9.1,0
STU_25881A66C9,25881A66C9,SHAIK YASAR ARAFATH,B,1,SUB_1_A9205,A9205,Basic Electrical Engineering Laboratory,100.0,90.0,A+,,PASS,9.1,0
STU_25881A66C9,25881A66C9,SHAIK YASAR ARAFATH,B,1,SUB_1_A9302,A9302,Engineering Workshop,93.33,100.0,O,,PASS,9.1,0
STU_25881A66C9,25881A66C9,SHAIK YASAR ARAFATH,B,1,SUB_1_A9501,A9501,Programming for Problem Solving,93.24,80.0,A,,PASS,9.1,0
STU_25881A66C9,25881A66C9,SHAIK YASAR ARAFATH,B,1,SUB_1_A9502,A9502,Programming for Problem Solving Laboratory,100.0,90.0,A+,,PASS,9.1,0
STU_25881A66C9,25881A66C9,SHAIK YASAR ARAFATH,B,1,SUB_1_A9801,A9801,Foundations of Data Science,93.33,80.0,A,,PASS,9.1,0
STU_25881A66D0,25881A66D0,BOJJA ADITHYA,C,1,SUB_1_A9001,A9001,Matrices and Calculus,88.0,80.0,A,,PASS,7.95,0
STU_25881A66D0,25881A66D0,BOJJA ADITHYA,C,1,SUB_1_A9007,A9007,Engineering Physics,77.55,70.0,B+,,PASS,7.95,0
STU_25881A66D0,25881A66D0,BOJJA ADITHYA,C,1,SUB_1_A9008,A9008,Engineering Physics Laboratory,77.78,100.0,O,,PASS,7.95,0
STU_25881A66D0,25881A66D0,BOJJA ADITHYA,C,1,SUB_1_A9021,A9021,Community Centered Design Thinking,84.62,90.0,A+,,PASS,7.95,0
STU_25881A66D0,25881A66D0,BOJJA ADITHYA,C,1,SUB_1_A9204,A9204,Basic Electrical Engineering,89.19,80.0,A,,PASS,7.95,0
STU_25881A66D0,25881A66D0,BOJJA ADITHYA,C,1,SUB_1_A9205,A9205,Basic Electrical Engineering Laboratory,84.62,100.0,O,,PASS,7.95,0
STU_25881A66D0,25881A66D0,BOJJA ADITHYA,C,1,SUB_1_A9302,A9302,Engineering Workshop,100.0,100.0,O,,PASS,7.95,0
STU_25881A66D0,25881A66D0,BOJJA ADITHYA,C,1,SUB_1_A9501,A9501,Programming for Problem Solving,86.67,60.0,B,,PASS,7.95,0
STU_25881A66D0,25881A66D0,BOJJA ADITHYA,C,1,SUB_1_A9502,A9502,Programming for Problem Solving Laboratory,93.33,90.0,A+,,PASS,7.95,0
STU_25881A66D0,25881A66D0,BOJJA ADITHYA,C,1,SUB_1_A9801,A9801,Foundations of Data Science,86.89,80.0,A,,PASS,7.95,0
STU_25881A66D1,25881A66D1,AKKANGARI AKSHITHA,C,1,SUB_1_A9001,A9001,Matrices and Calculus,92.0,100.0,O,,PASS,9.5,0
STU_25881A66D1,25881A66D1,AKKANGARI AKSHITHA,C,1,SUB_1_A9007,A9007,Engineering Physics,89.8,90.0,A+,,PASS,9.5,0
STU_25881A66D1,25881A66D1,AKKANGARI AKSHITHA,C,1,SUB_1_A9008,A9008,Engineering Physics Laboratory,77.78,100.0,O,,PASS,9.5,0
STU_25881A66D1,25881A66D1,AKKANGARI AKSHITHA,C,1,SUB_1_A9021,A9021,Community Centered Design Thinking,84.62,90.0,A+,,PASS,9.5,0
STU_25881A66D1,25881A66D1,AKKANGARI AKSHITHA,C,1,SUB_1_A9204,A9204,Basic Electrical Engineering,89.19,90.0,A+,,PASS,9.5,0
STU_25881A66D1,25881A66D1,AKKANGARI AKSHITHA,C,1,SUB_1_A9205,A9205,Basic Electrical Engineering Laboratory,92.31,100.0,O,,PASS,9.5,0
STU_25881A66D1,25881A66D1,AKKANGARI AKSHITHA,C,1,SUB_1_A9302,A9302,Engineering Workshop,95.24,100.0,O,,PASS,9.5,0
STU_25881A66D1,25881A66D1,AKKANGARI AKSHITHA,C,1,SUB_1_A9501,A9501,Programming for Problem Solving,89.33,90.0,A+,,PASS,9.5,0
STU_25881A66D1,25881A66D1,AKKANGARI AKSHITHA,C,1,SUB_1_A9502,A9502,Programming for Problem Solving Laboratory,93.33,90.0,A+,,PASS,9.5,0
STU_25881A66D1,25881A66D1,AKKANGARI AKSHITHA,C,1,SUB_1_A9801,A9801,Foundations of Data Science,91.8,100.0,O,,PASS,9.5,0
STU_25881A66D2,25881A66D2,KASARAVENI AKSHITHA,C,1,SUB_1_A9001,A9001,Matrices and Calculus,94.67,100.0,O,,PASS,8.95,0
STU_25881A66D2,25881A66D2,KASARAVENI AKSHITHA,C,1,SUB_1_A9007,A9007,Engineering Physics,89.8,80.0,A,,PASS,8.95,0
STU_25881A66D2,25881A66D2,KASARAVENI AKSHITHA,C,1,SUB_1_A9008,A9008,Engineering Physics Laboratory,88.89,100.0,O,,PASS,8.95,0
STU_25881A66D2,25881A66D2,KASARAVENI AKSHITHA,C,1,SUB_1_A9021,A9021,Community Centered Design Thinking,84.62,80.0,A,,PASS,8.95,0
STU_25881A66D2,25881A66D2,KASARAVENI AKSHITHA,C,1,SUB_1_A9204,A9204,Basic Electrical Engineering,94.59,90.0,A+,,PASS,8.95,0
STU_25881A66D2,25881A66D2,KASARAVENI AKSHITHA,C,1,SUB_1_A9205,A9205,Basic Electrical Engineering Laboratory,92.31,100.0,O,,PASS,8.95,0
STU_25881A66D2,25881A66D2,KASARAVENI AKSHITHA,C,1,SUB_1_A9302,A9302,Engineering Workshop,100.0,100.0,O,,PASS,8.95,0
STU_25881A66D2,25881A66D2,KASARAVENI AKSHITHA,C,1,SUB_1_A9501,A9501,Programming for Problem Solving,94.67,70.0,B+,,PASS,8.95,0
STU_25881A66D2,25881A66D2,KASARAVENI AKSHITHA,C,1,SUB_1_A9502,A9502,Programming for Problem Solving Laboratory,100.0,80.0,A,,PASS,8.95,0
STU_25881A66D2,25881A66D2,KASARAVENI AKSHITHA,C,1,SUB_1_A9801,A9801,Foundations of Data Science,93.44,100.0,O,,PASS,8.95,0
STU_25881A66D3,25881A66D3,POTU AMULYA,C,1,SUB_1_A9001,A9001,Matrices and Calculus,94.67,100.0,O,,PASS,9.0,0
STU_25881A66D3,25881A66D3,POTU AMULYA,C,1,SUB_1_A9007,A9007,Engineering Physics,83.67,80.0,A,,PASS,9.0,0
STU_25881A66D3,25881A66D3,POTU AMULYA,C,1,SUB_1_A9008,A9008,Engineering Physics Laboratory,100.0,100.0,O,,PASS,9.0,0
STU_25881A66D3,25881A66D3,POTU AMULYA,C,1,SUB_1_A9021,A9021,Community Centered Design Thinking,76.92,90.0,A+,,PASS,9.0,0
STU_25881A66D3,25881A66D3,POTU AMULYA,C,1,SUB_1_A9204,A9204,Basic Electrical Engineering,93.24,100.0,O,,PASS,9.0,0
STU_25881A66D3,25881A66D3,POTU AMULYA,C,1,SUB_1_A9205,A9205,Basic Electrical Engineering Laboratory,92.31,100.0,O,,PASS,9.0,0
STU_25881A66D3,25881A66D3,POTU AMULYA,C,1,SUB_1_A9302,A9302,Engineering Workshop,100.0,100.0,O,,PASS,9.0,0
STU_25881A66D3,25881A66D3,POTU AMULYA,C,1,SUB_1_A9501,A9501,Programming for Problem Solving,93.33,80.0,A,,PASS,9.0,0
STU_25881A66D3,25881A66D3,POTU AMULYA,C,1,SUB_1_A9502,A9502,Programming for Problem Solving Laboratory,93.33,90.0,A+,,PASS,9.0,0
STU_25881A66D3,25881A66D3,POTU AMULYA,C,1,SUB_1_A9801,A9801,Foundations of Data Science,93.44,80.0,A,,PASS,9.0,0
STU_25881A66D4,25881A66D4,MOHD ANAS,C,1,SUB_1_A9001,A9001,Matrices and Calculus,89.33,80.0,A,,PASS,7.75,0
STU_25881A66D4,25881A66D4,MOHD ANAS,C,1,SUB_1_A9007,A9007,Engineering Physics,89.8,70.0,B+,,PASS,7.75,0
STU_25881A66D4,25881A66D4,MOHD ANAS,C,1,SUB_1_A9008,A9008,Engineering Physics Laboratory,77.78,90.0,A+,,PASS,7.75,0
STU_25881A66D4,25881A66D4,MOHD ANAS,C,1,SUB_1_A9021,A9021,Community Centered Design Thinking,92.31,90.0,A+,,PASS,7.75,0
STU_25881A66D4,25881A66D4,MOHD ANAS,C,1,SUB_1_A9204,A9204,Basic Electrical Engineering,86.49,80.0,A,,PASS,7.75,0
STU_25881A66D4,25881A66D4,MOHD ANAS,C,1,SUB_1_A9205,A9205,Basic Electrical Engineering Laboratory,100.0,100.0,O,,PASS,7.75,0
STU_25881A66D4,25881A66D4,MOHD ANAS,C,1,SUB_1_A9302,A9302,Engineering Workshop,92.86,100.0,O,,PASS,7.75,0
STU_25881A66D4,25881A66D4,MOHD ANAS,C,1,SUB_1_A9501,A9501,Programming for Problem Solving,82.67,60.0,B,,PASS,7.75,0
STU_25881A66D4,25881A66D4,MOHD ANAS,C,1,SUB_1_A9502,A9502,Programming for Problem Solving Laboratory,80.0,90.0,A+,,PASS,7.75,0
STU_25881A66D4,25881A66D4,MOHD ANAS,C,1,SUB_1_A9801,A9801,Foundations of Data Science,90.16,70.0,B+,,PASS,7.75,0
STU_25881A66D5,25881A66D5,SAFA AQEEL,C,1,SUB_1_A9001,A9001,Matrices and Calculus,86.67,100.0,O,,PASS,9.3,0
STU_25881A66D5,25881A66D5,SAFA AQEEL,C,1,SUB_1_A9007,A9007,Engineering Physics,81.63,90.0,A+,,PASS,9.3,0
STU_25881A66D5,25881A66D5,SAFA AQEEL,C,1,SUB_1_A9008,A9008,Engineering Physics Laboratory,66.67,100.0,O,,PASS,9.3,0
STU_25881A66D5,25881A66D5,SAFA AQEEL,C,1,SUB_1_A9021,A9021,Community Centered Design Thinking,84.62,100.0,O,,PASS,9.3,0
STU_25881A66D5,25881A66D5,SAFA AQEEL,C,1,SUB_1_A9204,A9204,Basic Electrical Engineering,87.84,100.0,O,,PASS,9.3,0
STU_25881A66D5,25881A66D5,SAFA AQEEL,C,1,SUB_1_A9205,A9205,Basic Electrical Engineering Laboratory,76.92,100.0,O,,PASS,9.3,0
STU_25881A66D5,25881A66D5,SAFA AQEEL,C,1,SUB_1_A9302,A9302,Engineering Workshop,92.86,90.0,A+,,PASS,9.3,0
STU_25881A66D5,25881A66D5,SAFA AQEEL,C,1,SUB_1_A9501,A9501,Programming for Problem Solving,85.33,90.0,A+,,PASS,9.3,0
STU_25881A66D5,25881A66D5,SAFA AQEEL,C,1,SUB_1_A9502,A9502,Programming for Problem Solving Laboratory,86.67,90.0,A+,,PASS,9.3,0
STU_25881A66D5,25881A66D5,SAFA AQEEL,C,1,SUB_1_A9801,A9801,Foundations of Data Science,85.25,80.0,A,,PASS,9.3,0
STU_25881A66D6,25881A66D6,NAROJU ARAVIND,C,1,SUB_1_A9001,A9001,Matrices and Calculus,84.0,100.0,O,,PASS,8.9,0
STU_25881A66D6,25881A66D6,NAROJU ARAVIND,C,1,SUB_1_A9007,A9007,Engineering Physics,77.55,90.0,A+,,PASS,8.9,0
STU_25881A66D6,25881A66D6,NAROJU ARAVIND,C,1,SUB_1_A9008,A9008,Engineering Physics Laboratory,77.78,90.0,A+,,PASS,8.9,0
STU_25881A66D6,25881A66D6,NAROJU ARAVIND,C,1,SUB_1_A9021,A9021,Community Centered Design Thinking,69.23,80.0,A,,PASS,8.9,0
STU_25881A66D6,25881A66D6,NAROJU ARAVIND,C,1,SUB_1_A9204,A9204,Basic Electrical Engineering,85.14,90.0,A+,,PASS,8.9,0
STU_25881A66D6,25881A66D6,NAROJU ARAVIND,C,1,SUB_1_A9205,A9205,Basic Electrical Engineering Laboratory,84.62,100.0,O,,PASS,8.9,0
STU_25881A66D6,25881A66D6,NAROJU ARAVIND,C,1,SUB_1_A9302,A9302,Engineering Workshop,92.86,100.0,O,,PASS,8.9,0
STU_25881A66D6,25881A66D6,NAROJU ARAVIND,C,1,SUB_1_A9501,A9501,Programming for Problem Solving,78.67,70.0,B+,,PASS,8.9,0
STU_25881A66D6,25881A66D6,NAROJU ARAVIND,C,1,SUB_1_A9502,A9502,Programming for Problem Solving Laboratory,80.0,80.0,A,,PASS,8.9,0
STU_25881A66D6,25881A66D6,NAROJU ARAVIND,C,1,SUB_1_A9801,A9801,Foundations of Data Science,83.61,90.0,A+,,PASS,8.9,0
STU_25881A66D7,25881A66D7,BHUKYA ASMITHA,C,1,SUB_1_A9001,A9001,Matrices and Calculus,92.0,70.0,B+,,PASS,6.55,1
STU_25881A66D7,25881A66D7,BHUKYA ASMITHA,C,1,SUB_1_A9007,A9007,Engineering Physics,83.67,70.0,B+,,PASS,6.55,1
STU_25881A66D7,25881A66D7,BHUKYA ASMITHA,C,1,SUB_1_A9008,A9008,Engineering Physics Laboratory,88.89,90.0,A+,,PASS,6.55,1
STU_25881A66D7,25881A66D7,BHUKYA ASMITHA,C,1,SUB_1_A9021,A9021,Community Centered Design Thinking,92.31,100.0,O,,PASS,6.55,1
STU_25881A66D7,25881A66D7,BHUKYA ASMITHA,C,1,SUB_1_A9204,A9204,Basic Electrical Engineering,89.19,70.0,B+,,PASS,6.55,1
STU_25881A66D7,25881A66D7,BHUKYA ASMITHA,C,1,SUB_1_A9205,A9205,Basic Electrical Engineering Laboratory,92.31,100.0,O,,PASS,6.55,1
STU_25881A66D7,25881A66D7,BHUKYA ASMITHA,C,1,SUB_1_A9302,A9302,Engineering Workshop,100.0,100.0,O,,PASS,6.55,1
STU_25881A66D7,25881A66D7,BHUKYA ASMITHA,C,1,SUB_1_A9501,A9501,Programming for Problem Solving,90.67,0.0,F,,FAIL,6.55,1
STU_25881A66D7,25881A66D7,BHUKYA ASMITHA,C,1,SUB_1_A9502,A9502,Programming for Problem Solving Laboratory,100.0,80.0,A,,PASS,6.55,1
STU_25881A66D7,25881A66D7,BHUKYA ASMITHA,C,1,SUB_1_A9801,A9801,Foundations of Data Science,91.8,70.0,B+,,PASS,6.55,1
STU_25881A66D8,25881A66D8,DONTHIREDDY BHAVESH,C,1,SUB_1_A9001,A9001,Matrices and Calculus,96.0,80.0,A,,PASS,7.35,0
STU_25881A66D8,25881A66D8,DONTHIREDDY BHAVESH,C,1,SUB_1_A9007,A9007,Engineering Physics,97.96,70.0,B+,,PASS,7.35,0
STU_25881A66D8,25881A66D8,DONTHIREDDY BHAVESH,C,1,SUB_1_A9008,A9008,Engineering Physics Laboratory,88.89,90.0,A+,,PASS,7.35,0
STU_25881A66D8,25881A66D8,DONTHIREDDY BHAVESH,C,1,SUB_1_A9021,A9021,Community Centered Design Thinking,92.31,100.0,O,,PASS,7.35,0
STU_25881A66D8,25881A66D8,DONTHIREDDY BHAVESH,C,1,SUB_1_A9204,A9204,Basic Electrical Engineering,97.3,80.0,A,,PASS,7.35,0
STU_25881A66D8,25881A66D8,DONTHIREDDY BHAVESH,C,1,SUB_1_A9205,A9205,Basic Electrical Engineering Laboratory,100.0,90.0,A+,,PASS,7.35,0
STU_25881A66D8,25881A66D8,DONTHIREDDY BHAVESH,C,1,SUB_1_A9302,A9302,Engineering Workshop,100.0,90.0,A+,,PASS,7.35,0
STU_25881A66D8,25881A66D8,DONTHIREDDY BHAVESH,C,1,SUB_1_A9501,A9501,Programming for Problem Solving,92.0,50.0,C,,PASS,7.35,0
STU_25881A66D8,25881A66D8,DONTHIREDDY BHAVESH,C,1,SUB_1_A9502,A9502,Programming for Problem Solving Laboratory,86.67,80.0,A,,PASS,7.35,0
STU_25881A66D8,25881A66D8,DONTHIREDDY BHAVESH,C,1,SUB_1_A9801,A9801,Foundations of Data Science,96.72,60.0,B,,PASS,7.35,0
STU_25881A66D9,25881A66D9,THOTAKURI BHAVYA,C,1,SUB_1_A9001,A9001,Matrices and Calculus,86.67,80.0,A,,PASS,7.95,0
STU_25881A66D9,25881A66D9,THOTAKURI BHAVYA,C,1,SUB_1_A9007,A9007,Engineering Physics,77.55,80.0,A,,PASS,7.95,0
STU_25881A66D9,25881A66D9,THOTAKURI BHAVYA,C,1,SUB_1_A9008,A9008,Engineering Physics Laboratory,77.78,100.0,O,,PASS,7.95,0
STU_25881A66D9,25881A66D9,THOTAKURI BHAVYA,C,1,SUB_1_A9021,A9021,Community Centered Design Thinking,84.62,90.0,A+,,PASS,7.95,0
STU_25881A66D9,25881A66D9,THOTAKURI BHAVYA,C,1,SUB_1_A9204,A9204,Basic Electrical Engineering,89.19,100.0,O,,PASS,7.95,0
STU_25881A66D9,25881A66D9,THOTAKURI BHAVYA,C,1,SUB_1_A9205,A9205,Basic Electrical Engineering Laboratory,92.31,100.0,O,,PASS,7.95,0
STU_25881A66D9,25881A66D9,THOTAKURI BHAVYA,C,1,SUB_1_A9302,A9302,Engineering Workshop,100.0,90.0,A+,,PASS,7.95,0
STU_25881A66D9,25881A66D9,THOTAKURI BHAVYA,C,1,SUB_1_A9501,A9501,Programming for Problem Solving,85.33,50.0,C,,PASS,7.95,0
STU_25881A66D9,25881A66D9,THOTAKURI BHAVYA,C,1,SUB_1_A9502,A9502,Programming for Problem Solving Laboratory,80.0,60.0,B,,PASS,7.95,0
STU_25881A66D9,25881A66D9,THOTAKURI BHAVYA,C,1,SUB_1_A9801,A9801,Foundations of Data Science,85.25,80.0,A,,PASS,7.95,0
STU_25881A66E0,25881A66E0,CHERUKUPALLY CHAITANYA AKSHITH,C,1,SUB_1_A9001,A9001,Matrices and Calculus,94.67,100.0,O,,PASS,9.1,0
STU_25881A66E0,25881A66E0,CHERUKUPALLY CHAITANYA AKSHITH,C,1,SUB_1_A9007,A9007,Engineering Physics,89.8,90.0,A+,,PASS,9.1,0
STU_25881A66E0,25881A66E0,CHERUKUPALLY CHAITANYA AKSHITH,C,1,SUB_1_A9008,A9008,Engineering Physics Laboratory,81.48,100.0,O,,PASS,9.1,0
STU_25881A66E0,25881A66E0,CHERUKUPALLY CHAITANYA AKSHITH,C,1,SUB_1_A9021,A9021,Community Centered Design Thinking,84.62,100.0,O,,PASS,9.1,0
STU_25881A66E0,25881A66E0,CHERUKUPALLY CHAITANYA AKSHITH,C,1,SUB_1_A9204,A9204,Basic Electrical Engineering,94.59,90.0,A+,,PASS,9.1,0
STU_25881A66E0,25881A66E0,CHERUKUPALLY CHAITANYA AKSHITH,C,1,SUB_1_A9205,A9205,Basic Electrical Engineering Laboratory,100.0,100.0,O,,PASS,9.1,0
STU_25881A66E0,25881A66E0,CHERUKUPALLY CHAITANYA AKSHITH,C,1,SUB_1_A9302,A9302,Engineering Workshop,100.0,90.0,A+,,PASS,9.1,0
STU_25881A66E0,25881A66E0,CHERUKUPALLY CHAITANYA AKSHITH,C,1,SUB_1_A9501,A9501,Programming for Problem Solving,90.67,80.0,A,,PASS,9.1,0
STU_25881A66E0,25881A66E0,CHERUKUPALLY CHAITANYA AKSHITH,C,1,SUB_1_A9502,A9502,Programming for Problem Solving Laboratory,93.33,100.0,O,,PASS,9.1,0
STU_25881A66E0,25881A66E0,CHERUKUPALLY CHAITANYA AKSHITH,C,1,SUB_1_A9801,A9801,Foundations of Data Science,93.44,80.0,A,,PASS,9.1,0
STU_25881A66E1,25881A66E1,ALETI CHARAN,C,1,SUB_1_A9001,A9001,Matrices and Calculus,77.33,90.0,A+,,PASS,8.7,0
STU_25881A66E1,25881A66E1,ALETI CHARAN,C,1,SUB_1_A9007,A9007,Engineering Physics,75.51,90.0,A+,,PASS,8.7,0
STU_25881A66E1,25881A66E1,ALETI CHARAN,C,1,SUB_1_A9008,A9008,Engineering Physics Laboratory,48.15,90.0,A+,,PASS,8.7,0
STU_25881A66E1,25881A66E1,ALETI CHARAN,C,1,SUB_1_A9021,A9021,Community Centered Design Thinking,84.62,100.0,O,,PASS,8.7,0
STU_25881A66E1,25881A66E1,ALETI CHARAN,C,1,SUB_1_A9204,A9204,Basic Electrical Engineering,75.68,80.0,A,,PASS,8.7,0
STU_25881A66E1,25881A66E1,ALETI CHARAN,C,1,SUB_1_A9205,A9205,Basic Electrical Engineering Laboratory,84.62,100.0,O,,PASS,8.7,0
STU_25881A66E1,25881A66E1,ALETI CHARAN,C,1,SUB_1_A9302,A9302,Engineering Workshop,92.86,90.0,A+,,PASS,8.7,0
STU_25881A66E1,25881A66E1,ALETI CHARAN,C,1,SUB_1_A9501,A9501,Programming for Problem Solving,74.67,70.0,B+,,PASS,8.7,0
STU_25881A66E1,25881A66E1,ALETI CHARAN,C,1,SUB_1_A9502,A9502,Programming for Problem Solving Laboratory,80.0,90.0,A+,,PASS,8.7,0
STU_25881A66E1,25881A66E1,ALETI CHARAN,C,1,SUB_1_A9801,A9801,Foundations of Data Science,73.77,90.0,A+,,PASS,8.7,0
STU_25881A66E2,25881A66E2,BOMMANABOINA CHETAN,C,1,SUB_1_A9001,A9001,Matrices and Calculus,88.0,90.0,A+,,PASS,7.95,0
STU_25881A66E2,25881A66E2,BOMMANABOINA CHETAN,C,1,SUB_1_A9007,A9007,Engineering Physics,67.35,90.0,A+,,PASS,7.95,0
STU_25881A66E2,25881A66E2,BOMMANABOINA CHETAN,C,1,SUB_1_A9008,A9008,Engineering Physics Laboratory,88.89,90.0,A+,,PASS,7.95,0
STU_25881A66E2,25881A66E2,BOMMANABOINA CHETAN,C,1,SUB_1_A9021,A9021,Community Centered Design Thinking,69.23,80.0,A,,PASS,7.95,0
STU_25881A66E2,25881A66E2,BOMMANABOINA CHETAN,C,1,SUB_1_A9204,A9204,Basic Electrical Engineering,90.54,80.0,A,,PASS,7.95,0
STU_25881A66E2,25881A66E2,BOMMANABOINA CHETAN,C,1,SUB_1_A9205,A9205,Basic Electrical Engineering Laboratory,84.62,100.0,O,,PASS,7.95,0
STU_25881A66E2,25881A66E2,BOMMANABOINA CHETAN,C,1,SUB_1_A9302,A9302,Engineering Workshop,92.86,90.0,A+,,PASS,7.95,0
STU_25881A66E2,25881A66E2,BOMMANABOINA CHETAN,C,1,SUB_1_A9501,A9501,Programming for Problem Solving,82.67,60.0,B,,PASS,7.95,0
STU_25881A66E2,25881A66E2,BOMMANABOINA CHETAN,C,1,SUB_1_A9502,A9502,Programming for Problem Solving Laboratory,93.33,80.0,A,,PASS,7.95,0
STU_25881A66E2,25881A66E2,BOMMANABOINA CHETAN,C,1,SUB_1_A9801,A9801,Foundations of Data Science,86.89,60.0,B,,PASS,7.95,0
STU_25881A66E3,25881A66E3,TALLA DINESH GOUD,C,1,SUB_1_A9001,A9001,Matrices and Calculus,93.33,90.0,A+,,PASS,7.9,0
STU_25881A66E3,25881A66E3,TALLA DINESH GOUD,C,1,SUB_1_A9007,A9007,Engineering Physics,75.51,70.0,B+,,PASS,7.9,0
STU_25881A66E3,25881A66E3,TALLA DINESH GOUD,C,1,SUB_1_A9008,A9008,Engineering Physics Laboratory,88.89,80.0,A,,PASS,7.9,0
STU_25881A66E3,25881A66E3,TALLA DINESH GOUD,C,1,SUB_1_A9021,A9021,Community Centered Design Thinking,92.31,100.0,O,,PASS,7.9,0
STU_25881A66E3,25881A66E3,TALLA DINESH GOUD,C,1,SUB_1_A9204,A9204,Basic Electrical Engineering,91.89,80.0,A,,PASS,7.9,0
STU_25881A66E3,25881A66E3,TALLA DINESH GOUD,C,1,SUB_1_A9205,A9205,Basic Electrical Engineering Laboratory,84.62,100.0,O,,PASS,7.9,0
STU_25881A66E3,25881A66E3,TALLA DINESH GOUD,C,1,SUB_1_A9302,A9302,Engineering Workshop,100.0,90.0,A+,,PASS,7.9,0
STU_25881A66E3,25881A66E3,TALLA DINESH GOUD,C,1,SUB_1_A9501,A9501,Programming for Problem Solving,90.67,60.0,B,,PASS,7.9,0
STU_25881A66E3,25881A66E3,TALLA DINESH GOUD,C,1,SUB_1_A9502,A9502,Programming for Problem Solving Laboratory,100.0,90.0,A+,,PASS,7.9,0
STU_25881A66E3,25881A66E3,TALLA DINESH GOUD,C,1,SUB_1_A9801,A9801,Foundations of Data Science,88.52,70.0,B+,,PASS,7.9,0
STU_25881A66E4,25881A66E4,GANESH SAINI,C,1,SUB_1_A9001,A9001,Matrices and Calculus,96.0,100.0,O,,PASS,9.05,0
STU_25881A66E4,25881A66E4,GANESH SAINI,C,1,SUB_1_A9007,A9007,Engineering Physics,89.8,90.0,A+,,PASS,9.05,0
STU_25881A66E4,25881A66E4,GANESH SAINI,C,1,SUB_1_A9008,A9008,Engineering Physics Laboratory,100.0,100.0,O,,PASS,9.05,0
STU_25881A66E4,25881A66E4,GANESH SAINI,C,1,SUB_1_A9021,A9021,Community Centered Design Thinking,92.31,100.0,O,,PASS,9.05,0
STU_25881A66E4,25881A66E4,GANESH SAINI,C,1,SUB_1_A9204,A9204,Basic Electrical Engineering,93.24,100.0,O,,PASS,9.05,0
STU_25881A66E4,25881A66E4,GANESH SAINI,C,1,SUB_1_A9205,A9205,Basic Electrical Engineering Laboratory,92.31,100.0,O,,PASS,9.05,0
STU_25881A66E4,25881A66E4,GANESH SAINI,C,1,SUB_1_A9302,A9302,Engineering Workshop,100.0,100.0,O,,PASS,9.05,0
STU_25881A66E4,25881A66E4,GANESH SAINI,C,1,SUB_1_A9501,A9501,Programming for Problem Solving,93.33,60.0,B,,PASS,9.05,0
STU_25881A66E4,25881A66E4,GANESH SAINI,C,1,SUB_1_A9502,A9502,Programming for Problem Solving Laboratory,88.89,90.0,A+,,PASS,9.05,0
STU_25881A66E4,25881A66E4,GANESH SAINI,C,1,SUB_1_A9801,A9801,Foundations of Data Science,95.08,90.0,A+,,PASS,9.05,0
STU_25881A66E5,25881A66E5,NENAVATH HANMANTHU,C,1,SUB_1_A9001,A9001,Matrices and Calculus,86.67,90.0,A+,,PASS,8.9,0
STU_25881A66E5,25881A66E5,NENAVATH HANMANTHU,C,1,SUB_1_A9007,A9007,Engineering Physics,77.55,90.0,A+,,PASS,8.9,0
STU_25881A66E5,25881A66E5,NENAVATH HANMANTHU,C,1,SUB_1_A9008,A9008,Engineering Physics Laboratory,77.78,100.0,O,,PASS,8.9,0
STU_25881A66E5,25881A66E5,NENAVATH HANMANTHU,C,1,SUB_1_A9021,A9021,Community Centered Design Thinking,92.31,100.0,O,,PASS,8.9,0
STU_25881A66E5,25881A66E5,NENAVATH HANMANTHU,C,1,SUB_1_A9204,A9204,Basic Electrical Engineering,82.43,90.0,A+,,PASS,8.9,0
STU_25881A66E5,25881A66E5,NENAVATH HANMANTHU,C,1,SUB_1_A9205,A9205,Basic Electrical Engineering Laboratory,76.92,100.0,O,,PASS,8.9,0
STU_25881A66E5,25881A66E5,NENAVATH HANMANTHU,C,1,SUB_1_A9302,A9302,Engineering Workshop,100.0,100.0,O,,PASS,8.9,0
STU_25881A66E5,25881A66E5,NENAVATH HANMANTHU,C,1,SUB_1_A9501,A9501,Programming for Problem Solving,85.33,70.0,B+,,PASS,8.9,0
STU_25881A66E5,25881A66E5,NENAVATH HANMANTHU,C,1,SUB_1_A9502,A9502,Programming for Problem Solving Laboratory,80.0,90.0,A+,,PASS,8.9,0
STU_25881A66E5,25881A66E5,NENAVATH HANMANTHU,C,1,SUB_1_A9801,A9801,Foundations of Data Science,81.97,90.0,A+,,PASS,8.9,0
STU_25881A66E6,25881A66E6,ABBANBOINA HARIKA,C,1,SUB_1_A9001,A9001,Matrices and Calculus,92.0,100.0,O,,PASS,9.15,0
STU_25881A66E6,25881A66E6,ABBANBOINA HARIKA,C,1,SUB_1_A9007,A9007,Engineering Physics,87.76,90.0,A+,,PASS,9.15,0
STU_25881A66E6,25881A66E6,ABBANBOINA HARIKA,C,1,SUB_1_A9008,A9008,Engineering Physics Laboratory,88.89,100.0,O,,PASS,9.15,0
STU_25881A66E6,25881A66E6,ABBANBOINA HARIKA,C,1,SUB_1_A9021,A9021,Community Centered Design Thinking,84.62,90.0,A+,,PASS,9.15,0
STU_25881A66E6,25881A66E6,ABBANBOINA HARIKA,C,1,SUB_1_A9204,A9204,Basic Electrical Engineering,91.89,100.0,O,,PASS,9.15,0
STU_25881A66E6,25881A66E6,ABBANBOINA HARIKA,C,1,SUB_1_A9205,A9205,Basic Electrical Engineering Laboratory,82.05,100.0,O,,PASS,9.15,0
STU_25881A66E6,25881A66E6,ABBANBOINA HARIKA,C,1,SUB_1_A9302,A9302,Engineering Workshop,85.71,100.0,O,,PASS,9.15,0
STU_25881A66E6,25881A66E6,ABBANBOINA HARIKA,C,1,SUB_1_A9501,A9501,Programming for Problem Solving,92.0,80.0,A,,PASS,9.15,0
STU_25881A66E6,25881A66E6,ABBANBOINA HARIKA,C,1,SUB_1_A9502,A9502,Programming for Problem Solving Laboratory,93.33,90.0,A+,,PASS,9.15,0
STU_25881A66E6,25881A66E6,ABBANBOINA HARIKA,C,1,SUB_1_A9801,A9801,Foundations of Data Science,93.44,80.0,A,,PASS,9.15,0
STU_25881A66E7,25881A66E7,SUNKOJU HARSHITH,C,1,SUB_1_A9001,A9001,Matrices and Calculus,72.0,0.0,F,,FAIL,2.1,6
STU_25881A66E7,25881A66E7,SUNKOJU HARSHITH,C,1,SUB_1_A9007,A9007,Engineering Physics,73.47,0.0,F,,FAIL,2.1,6
STU_25881A66E7,25881A66E7,SUNKOJU HARSHITH,C,1,SUB_1_A9008,A9008,Engineering Physics Laboratory,66.67,0.0,F,,FAIL,2.1,6
STU_25881A66E7,25881A66E7,SUNKOJU HARSHITH,C,1,SUB_1_A9021,A9021,Community Centered Design Thinking,92.31,80.0,A,,PASS,2.1,6
STU_25881A66E7,25881A66E7,SUNKOJU HARSHITH,C,1,SUB_1_A9204,A9204,Basic Electrical Engineering,72.97,0.0,F,,FAIL,2.1,6
STU_25881A66E7,25881A66E7,SUNKOJU HARSHITH,C,1,SUB_1_A9205,A9205,Basic Electrical Engineering Laboratory,69.23,80.0,A,,PASS,2.1,6
STU_25881A66E7,25881A66E7,SUNKOJU HARSHITH,C,1,SUB_1_A9302,A9302,Engineering Workshop,85.71,80.0,A,,PASS,2.1,6
STU_25881A66E7,25881A66E7,SUNKOJU HARSHITH,C,1,SUB_1_A9501,A9501,Programming for Problem Solving,72.0,0.0,F,,FAIL,2.1,6
STU_25881A66E7,25881A66E7,SUNKOJU HARSHITH,C,1,SUB_1_A9502,A9502,Programming for Problem Solving Laboratory,80.0,0.0,F,,FAIL,2.1,6
STU_25881A66E7,25881A66E7,SUNKOJU HARSHITH,C,1,SUB_1_A9801,A9801,Foundations of Data Science,73.77,60.0,B,,PASS,2.1,6
STU_25881A66E8,25881A66E8,HARSHITH JHAJHRYA,C,1,SUB_1_A9001,A9001,Matrices and Calculus,92.0,100.0,O,,PASS,9.5,0
STU_25881A66E8,25881A66E8,HARSHITH JHAJHRYA,C,1,SUB_1_A9007,A9007,Engineering Physics,91.84,90.0,A+,,PASS,9.5,0
STU_25881A66E8,25881A66E8,HARSHITH JHAJHRYA,C,1,SUB_1_A9008,A9008,Engineering Physics Laboratory,92.59,100.0,O,,PASS,9.5,0
STU_25881A66E8,25881A66E8,HARSHITH JHAJHRYA,C,1,SUB_1_A9021,A9021,Community Centered Design Thinking,92.31,100.0,O,,PASS,9.5,0
STU_25881A66E8,25881A66E8,HARSHITH JHAJHRYA,C,1,SUB_1_A9204,A9204,Basic Electrical Engineering,91.89,100.0,O,,PASS,9.5,0
STU_25881A66E8,25881A66E8,HARSHITH JHAJHRYA,C,1,SUB_1_A9205,A9205,Basic Electrical Engineering Laboratory,100.0,100.0,O,,PASS,9.5,0
STU_25881A66E8,25881A66E8,HARSHITH JHAJHRYA,C,1,SUB_1_A9302,A9302,Engineering Workshop,100.0,100.0,O,,PASS,9.5,0
STU_25881A66E8,25881A66E8,HARSHITH JHAJHRYA,C,1,SUB_1_A9501,A9501,Programming for Problem Solving,90.67,90.0,A+,,PASS,9.5,0
STU_25881A66E8,25881A66E8,HARSHITH JHAJHRYA,C,1,SUB_1_A9502,A9502,Programming for Problem Solving Laboratory,73.33,90.0,A+,,PASS,9.5,0
STU_25881A66E8,25881A66E8,HARSHITH JHAJHRYA,C,1,SUB_1_A9801,A9801,Foundations of Data Science,93.44,90.0,A+,,PASS,9.5,0
STU_25881A66E9,25881A66E9,DEVULAPALLY HASINI REDDY,C,1,SUB_1_A9001,A9001,Matrices and Calculus,93.33,50.0,C,,PASS,4.95,2
STU_25881A66E9,25881A66E9,DEVULAPALLY HASINI REDDY,C,1,SUB_1_A9007,A9007,Engineering Physics,87.76,0.0,F,,FAIL,4.95,2
STU_25881A66E9,25881A66E9,DEVULAPALLY HASINI REDDY,C,1,SUB_1_A9008,A9008,Engineering Physics Laboratory,88.89,90.0,A+,,PASS,4.95,2
STU_25881A66E9,25881A66E9,DEVULAPALLY HASINI REDDY,C,1,SUB_1_A9021,A9021,Community Centered Design Thinking,92.31,100.0,O,,PASS,4.95,2
STU_25881A66E9,25881A66E9,DEVULAPALLY HASINI REDDY,C,1,SUB_1_A9204,A9204,Basic Electrical Engineering,91.89,60.0,B,,PASS,4.95,2
STU_25881A66E9,25881A66E9,DEVULAPALLY HASINI REDDY,C,1,SUB_1_A9205,A9205,Basic Electrical Engineering Laboratory,92.31,90.0,A+,,PASS,4.95,2
STU_25881A66E9,25881A66E9,DEVULAPALLY HASINI REDDY,C,1,SUB_1_A9302,A9302,Engineering Workshop,100.0,90.0,A+,,PASS,4.95,2
STU_25881A66E9,25881A66E9,DEVULAPALLY HASINI REDDY,C,1,SUB_1_A9501,A9501,Programming for Problem Solving,90.67,0.0,F,,FAIL,4.95,2
STU_25881A66E9,25881A66E9,DEVULAPALLY HASINI REDDY,C,1,SUB_1_A9502,A9502,Programming for Problem Solving Laboratory,86.67,60.0,B,,PASS,4.95,2
STU_25881A66E9,25881A66E9,DEVULAPALLY HASINI REDDY,C,1,SUB_1_A9801,A9801,Foundations of Data Science,91.8,80.0,A,,PASS,4.95,2
STU_25881A66F0,25881A66F0,G HEMANATHA REDDY,C,1,SUB_1_A9001,A9001,Matrices and Calculus,90.67,70.0,B+,,PASS,6.4,1
STU_25881A66F0,25881A66F0,G HEMANATHA REDDY,C,1,SUB_1_A9007,A9007,Engineering Physics,85.71,50.0,C,,PASS,6.4,1
STU_25881A66F0,25881A66F0,G HEMANATHA REDDY,C,1,SUB_1_A9008,A9008,Engineering Physics Laboratory,77.78,90.0,A+,,PASS,6.4,1
STU_25881A66F0,25881A66F0,G HEMANATHA REDDY,C,1,SUB_1_A9021,A9021,Community Centered Design Thinking,84.62,100.0,O,,PASS,6.4,1
STU_25881A66F0,25881A66F0,G HEMANATHA REDDY,C,1,SUB_1_A9204,A9204,Basic Electrical Engineering,91.89,0.0,F,,FAIL,6.4,1
STU_25881A66F0,25881A66F0,G HEMANATHA REDDY,C,1,SUB_1_A9205,A9205,Basic Electrical Engineering Laboratory,92.31,90.0,A+,,PASS,6.4,1
STU_25881A66F0,25881A66F0,G HEMANATHA REDDY,C,1,SUB_1_A9302,A9302,Engineering Workshop,85.71,90.0,A+,,PASS,6.4,1
STU_25881A66F0,25881A66F0,G HEMANATHA REDDY,C,1,SUB_1_A9501,A9501,Programming for Problem Solving,89.33,70.0,B+,,PASS,6.4,1
STU_25881A66F0,25881A66F0,G HEMANATHA REDDY,C,1,SUB_1_A9502,A9502,Programming for Problem Solving Laboratory,93.33,90.0,A+,,PASS,6.4,1
STU_25881A66F0,25881A66F0,G HEMANATHA REDDY,C,1,SUB_1_A9801,A9801,Foundations of Data Science,96.72,60.0,B,,PASS,6.4,1
STU_25881A66F1,25881A66F1,BASAVESHA HIREMATH,C,1,SUB_1_A9001,A9001,Matrices and Calculus,86.67,90.0,A+,,PASS,7.9,0
STU_25881A66F1,25881A66F1,BASAVESHA HIREMATH,C,1,SUB_1_A9007,A9007,Engineering Physics,73.47,70.0,B+,,PASS,7.9,0
STU_25881A66F1,25881A66F1,BASAVESHA HIREMATH,C,1,SUB_1_A9008,A9008,Engineering Physics Laboratory,88.89,90.0,A+,,PASS,7.9,0
STU_25881A66F1,25881A66F1,BASAVESHA HIREMATH,C,1,SUB_1_A9021,A9021,Community Centered Design Thinking,76.92,90.0,A+,,PASS,7.9,0
STU_25881A66F1,25881A66F1,BASAVESHA HIREMATH,C,1,SUB_1_A9204,A9204,Basic Electrical Engineering,87.84,80.0,A,,PASS,7.9,0
STU_25881A66F1,25881A66F1,BASAVESHA HIREMATH,C,1,SUB_1_A9205,A9205,Basic Electrical Engineering Laboratory,84.62,100.0,O,,PASS,7.9,0
STU_25881A66F1,25881A66F1,BASAVESHA HIREMATH,C,1,SUB_1_A9302,A9302,Engineering Workshop,100.0,90.0,A+,,PASS,7.9,0
STU_25881A66F1,25881A66F1,BASAVESHA HIREMATH,C,1,SUB_1_A9501,A9501,Programming for Problem Solving,85.33,60.0,B,,PASS,7.9,0
STU_25881A66F1,25881A66F1,BASAVESHA HIREMATH,C,1,SUB_1_A9502,A9502,Programming for Problem Solving Laboratory,93.33,90.0,A+,,PASS,7.9,0
STU_25881A66F1,25881A66F1,BASAVESHA HIREMATH,C,1,SUB_1_A9801,A9801,Foundations of Data Science,86.89,70.0,B+,,PASS,7.9,0
STU_25881A66F2,25881A66F2,SARDARNI JASMEET KAUR,C,1,SUB_1_A9001,A9001,Matrices and Calculus,85.33,70.0,B+,,PASS,7.8,0
STU_25881A66F2,25881A66F2,SARDARNI JASMEET KAUR,C,1,SUB_1_A9007,A9007,Engineering Physics,81.63,80.0,A,,PASS,7.8,0
STU_25881A66F2,25881A66F2,SARDARNI JASMEET KAUR,C,1,SUB_1_A9008,A9008,Engineering Physics Laboratory,66.67,100.0,O,,PASS,7.8,0
STU_25881A66F2,25881A66F2,SARDARNI JASMEET KAUR,C,1,SUB_1_A9021,A9021,Community Centered Design Thinking,84.62,90.0,A+,,PASS,7.8,0
STU_25881A66F2,25881A66F2,SARDARNI JASMEET KAUR,C,1,SUB_1_A9204,A9204,Basic Electrical Engineering,86.49,80.0,A,,PASS,7.8,0
STU_25881A66F2,25881A66F2,SARDARNI JASMEET KAUR,C,1,SUB_1_A9205,A9205,Basic Electrical Engineering Laboratory,84.62,100.0,O,,PASS,7.8,0
STU_25881A66F2,25881A66F2,SARDARNI JASMEET KAUR,C,1,SUB_1_A9302,A9302,Engineering Workshop,100.0,90.0,A+,,PASS,7.8,0
STU_25881A66F2,25881A66F2,SARDARNI JASMEET KAUR,C,1,SUB_1_A9501,A9501,Programming for Problem Solving,84.0,60.0,B,,PASS,7.8,0
STU_25881A66F2,25881A66F2,SARDARNI JASMEET KAUR,C,1,SUB_1_A9502,A9502,Programming for Problem Solving Laboratory,80.0,80.0,A,,PASS,7.8,0
STU_25881A66F2,25881A66F2,SARDARNI JASMEET KAUR,C,1,SUB_1_A9801,A9801,Foundations of Data Science,83.61,80.0,A,,PASS,7.8,0
STU_25881A66F3,25881A66F3,PALLEMPATI JATHIN,C,1,SUB_1_A9001,A9001,Matrices and Calculus,97.33,90.0,A+,,PASS,9.0,0
STU_25881A66F3,25881A66F3,PALLEMPATI JATHIN,C,1,SUB_1_A9007,A9007,Engineering Physics,91.84,90.0,A+,,PASS,9.0,0
STU_25881A66F3,25881A66F3,PALLEMPATI JATHIN,C,1,SUB_1_A9008,A9008,Engineering Physics Laboratory,88.89,100.0,O,,PASS,9.0,0
STU_25881A66F3,25881A66F3,PALLEMPATI JATHIN,C,1,SUB_1_A9021,A9021,Community Centered Design Thinking,92.31,100.0,O,,PASS,9.0,0
STU_25881A66F3,25881A66F3,PALLEMPATI JATHIN,C,1,SUB_1_A9204,A9204,Basic Electrical Engineering,95.95,90.0,A+,,PASS,9.0,0
STU_25881A66F3,25881A66F3,PALLEMPATI JATHIN,C,1,SUB_1_A9205,A9205,Basic Electrical Engineering Laboratory,100.0,100.0,O,,PASS,9.0,0
STU_25881A66F3,25881A66F3,PALLEMPATI JATHIN,C,1,SUB_1_A9302,A9302,Engineering Workshop,100.0,100.0,O,,PASS,9.0,0
STU_25881A66F3,25881A66F3,PALLEMPATI JATHIN,C,1,SUB_1_A9501,A9501,Programming for Problem Solving,89.33,80.0,A,,PASS,9.0,0
STU_25881A66F3,25881A66F3,PALLEMPATI JATHIN,C,1,SUB_1_A9502,A9502,Programming for Problem Solving Laboratory,86.67,80.0,A,,PASS,9.0,0
STU_25881A66F3,25881A66F3,PALLEMPATI JATHIN,C,1,SUB_1_A9801,A9801,Foundations of Data Science,95.08,90.0,A+,,PASS,9.0,0
STU_25881A66F4,25881A66F4,JARUGUMALLI JOY BENJMEN,C,1,SUB_1_A9001,A9001,Matrices and Calculus,72.0,0.0,F,,FAIL,2.35,5
STU_25881A66F4,25881A66F4,JARUGUMALLI JOY BENJMEN,C,1,SUB_1_A9007,A9007,Engineering Physics,61.22,0.0,F,,FAIL,2.35,5
STU_25881A66F4,25881A66F4,JARUGUMALLI JOY BENJMEN,C,1,SUB_1_A9008,A9008,Engineering Physics Laboratory,66.67,80.0,A,,PASS,2.35,5
STU_25881A66F4,25881A66F4,JARUGUMALLI JOY BENJMEN,C,1,SUB_1_A9021,A9021,Community Centered Design Thinking,61.54,70.0,B+,,PASS,2.35,5
STU_25881A66F4,25881A66F4,JARUGUMALLI JOY BENJMEN,C,1,SUB_1_A9204,A9204,Basic Electrical Engineering,68.92,0.0,F,,FAIL,2.35,5
STU_25881A66F4,25881A66F4,JARUGUMALLI JOY BENJMEN,C,1,SUB_1_A9205,A9205,Basic Electrical Engineering Laboratory,53.85,80.0,A,,PASS,2.35,5
STU_25881A66F4,25881A66F4,JARUGUMALLI JOY BENJMEN,C,1,SUB_1_A9302,A9302,Engineering Workshop,64.29,90.0,A+,,PASS,2.35,5
STU_25881A66F4,25881A66F4,JARUGUMALLI JOY BENJMEN,C,1,SUB_1_A9501,A9501,Programming for Problem Solving,62.67,0.0,F,,FAIL,2.35,5
STU_25881A66F4,25881A66F4,JARUGUMALLI JOY BENJMEN,C,1,SUB_1_A9502,A9502,Programming for Problem Solving Laboratory,64.44,0.0,F,,FAIL,2.35,5
STU_25881A66F4,25881A66F4,JARUGUMALLI JOY BENJMEN,C,1,SUB_1_A9801,A9801,Foundations of Data Science,67.21,50.0,C,,PASS,2.35,5
STU_25881A66F5,25881A66F5,CHILAKALA KARTHIKEYA,C,1,SUB_1_A9001,A9001,Matrices and Calculus,80.0,80.0,A,,PASS,6.4,1
STU_25881A66F5,25881A66F5,CHILAKALA KARTHIKEYA,C,1,SUB_1_A9007,A9007,Engineering Physics,67.35,60.0,B,,PASS,6.4,1
STU_25881A66F5,25881A66F5,CHILAKALA KARTHIKEYA,C,1,SUB_1_A9008,A9008,Engineering Physics Laboratory,66.67,90.0,A+,,PASS,6.4,1
STU_25881A66F5,25881A66F5,CHILAKALA KARTHIKEYA,C,1,SUB_1_A9021,A9021,Community Centered Design Thinking,84.62,70.0,B+,,PASS,6.4,1
STU_25881A66F5,25881A66F5,CHILAKALA KARTHIKEYA,C,1,SUB_1_A9204,A9204,Basic Electrical Engineering,81.08,70.0,B+,,PASS,6.4,1
STU_25881A66F5,25881A66F5,CHILAKALA KARTHIKEYA,C,1,SUB_1_A9205,A9205,Basic Electrical Engineering Laboratory,61.54,90.0,A+,,PASS,6.4,1
STU_25881A66F5,25881A66F5,CHILAKALA KARTHIKEYA,C,1,SUB_1_A9302,A9302,Engineering Workshop,85.71,90.0,A+,,PASS,6.4,1
STU_25881A66F5,25881A66F5,CHILAKALA KARTHIKEYA,C,1,SUB_1_A9501,A9501,Programming for Problem Solving,72.0,0.0,F,,FAIL,6.4,1
STU_25881A66F5,25881A66F5,CHILAKALA KARTHIKEYA,C,1,SUB_1_A9502,A9502,Programming for Problem Solving Laboratory,80.0,60.0,B,,PASS,6.4,1
STU_25881A66F5,25881A66F5,CHILAKALA KARTHIKEYA,C,1,SUB_1_A9801,A9801,Foundations of Data Science,73.77,80.0,A,,PASS,6.4,1
STU_25881A66F6,25881A66F6,BALIJA MADHUSHALINI,C,1,SUB_1_A9001,A9001,Matrices and Calculus,94.67,90.0,A+,,PASS,8.45,0
STU_25881A66F6,25881A66F6,BALIJA MADHUSHALINI,C,1,SUB_1_A9007,A9007,Engineering Physics,89.8,80.0,A,,PASS,8.45,0
STU_25881A66F6,25881A66F6,BALIJA MADHUSHALINI,C,1,SUB_1_A9008,A9008,Engineering Physics Laboratory,88.89,100.0,O,,PASS,8.45,0
STU_25881A66F6,25881A66F6,BALIJA MADHUSHALINI,C,1,SUB_1_A9021,A9021,Community Centered Design Thinking,76.92,70.0,B+,,PASS,8.45,0
STU_25881A66F6,25881A66F6,BALIJA MADHUSHALINI,C,1,SUB_1_A9204,A9204,Basic Electrical Engineering,95.95,90.0,A+,,PASS,8.45,0
STU_25881A66F6,25881A66F6,BALIJA MADHUSHALINI,C,1,SUB_1_A9205,A9205,Basic Electrical Engineering Laboratory,92.31,100.0,O,,PASS,8.45,0
STU_25881A66F6,25881A66F6,BALIJA MADHUSHALINI,C,1,SUB_1_A9302,A9302,Engineering Workshop,100.0,90.0,A+,,PASS,8.45,0
STU_25881A66F6,25881A66F6,BALIJA MADHUSHALINI,C,1,SUB_1_A9501,A9501,Programming for Problem Solving,96.0,70.0,B+,,PASS,8.45,0
STU_25881A66F6,25881A66F6,BALIJA MADHUSHALINI,C,1,SUB_1_A9502,A9502,Programming for Problem Solving Laboratory,100.0,70.0,B+,,PASS,8.45,0
STU_25881A66F6,25881A66F6,BALIJA MADHUSHALINI,C,1,SUB_1_A9801,A9801,Foundations of Data Science,93.44,90.0,A+,,PASS,8.45,0
STU_25881A66F7,25881A66F7,DEBOJIT MAJUMDAR,C,1,SUB_1_A9001,A9001,Matrices and Calculus,78.67,60.0,B,,PASS,6.25,1
STU_25881A66F7,25881A66F7,DEBOJIT MAJUMDAR,C,1,SUB_1_A9007,A9007,Engineering Physics,69.39,70.0,B+,,PASS,6.25,1
STU_25881A66F7,25881A66F7,DEBOJIT MAJUMDAR,C,1,SUB_1_A9008,A9008,Engineering Physics Laboratory,44.44,90.0,A+,,PASS,6.25,1
STU_25881A66F7,25881A66F7,DEBOJIT MAJUMDAR,C,1,SUB_1_A9021,A9021,Community Centered Design Thinking,84.62,90.0,A+,,PASS,6.25,1
STU_25881A66F7,25881A66F7,DEBOJIT MAJUMDAR,C,1,SUB_1_A9204,A9204,Basic Electrical Engineering,82.43,70.0,B+,,PASS,6.25,1
STU_25881A66F7,25881A66F7,DEBOJIT MAJUMDAR,C,1,SUB_1_A9205,A9205,Basic Electrical Engineering Laboratory,74.36,100.0,O,,PASS,6.25,1
STU_25881A66F7,25881A66F7,DEBOJIT MAJUMDAR,C,1,SUB_1_A9302,A9302,Engineering Workshop,100.0,90.0,A+,,PASS,6.25,1
STU_25881A66F7,25881A66F7,DEBOJIT MAJUMDAR,C,1,SUB_1_A9501,A9501,Programming for Problem Solving,77.33,0.0,F,,FAIL,6.25,1
STU_25881A66F7,25881A66F7,DEBOJIT MAJUMDAR,C,1,SUB_1_A9502,A9502,Programming for Problem Solving Laboratory,82.22,80.0,A,,PASS,6.25,1
STU_25881A66F7,25881A66F7,DEBOJIT MAJUMDAR,C,1,SUB_1_A9801,A9801,Foundations of Data Science,78.69,70.0,B+,,PASS,6.25,1
STU_25881A66F8,25881A66F8,BADUGU MANIVARSHITH,C,1,SUB_1_A9001,A9001,Matrices and Calculus,92.0,100.0,O,,PASS,8.75,0
STU_25881A66F8,25881A66F8,BADUGU MANIVARSHITH,C,1,SUB_1_A9007,A9007,Engineering Physics,91.84,90.0,A+,,PASS,8.75,0
STU_25881A66F8,25881A66F8,BADUGU MANIVARSHITH,C,1,SUB_1_A9008,A9008,Engineering Physics Laboratory,81.48,100.0,O,,PASS,8.75,0
STU_25881A66F8,25881A66F8,BADUGU MANIVARSHITH,C,1,SUB_1_A9021,A9021,Community Centered Design Thinking,92.31,90.0,A+,,PASS,8.75,0
STU_25881A66F8,25881A66F8,BADUGU MANIVARSHITH,C,1,SUB_1_A9204,A9204,Basic Electrical Engineering,90.54,90.0,A+,,PASS,8.75,0
STU_25881A66F8,25881A66F8,BADUGU MANIVARSHITH,C,1,SUB_1_A9205,A9205,Basic Electrical Engineering Laboratory,92.31,100.0,O,,PASS,8.75,0
STU_25881A66F8,25881A66F8,BADUGU MANIVARSHITH,C,1,SUB_1_A9302,A9302,Engineering Workshop,92.86,90.0,A+,,PASS,8.75,0
STU_25881A66F8,25881A66F8,BADUGU MANIVARSHITH,C,1,SUB_1_A9501,A9501,Programming for Problem Solving,89.33,70.0,B+,,PASS,8.75,0
STU_25881A66F8,25881A66F8,BADUGU MANIVARSHITH,C,1,SUB_1_A9502,A9502,Programming for Problem Solving Laboratory,100.0,70.0,B+,,PASS,8.75,0
STU_25881A66F8,25881A66F8,BADUGU MANIVARSHITH,C,1,SUB_1_A9801,A9801,Foundations of Data Science,95.08,80.0,A,,PASS,8.75,0
STU_25881A66F9,25881A66F9,MANCHINILLA MANOJ,C,1,SUB_1_A9001,A9001,Matrices and Calculus,81.33,70.0,B+,,PASS,7.15,0
STU_25881A66F9,25881A66F9,MANCHINILLA MANOJ,C,1,SUB_1_A9007,A9007,Engineering Physics,71.43,60.0,B,,PASS,7.15,0
STU_25881A66F9,25881A66F9,MANCHINILLA MANOJ,C,1,SUB_1_A9008,A9008,Engineering Physics Laboratory,77.78,100.0,O,,PASS,7.15,0
STU_25881A66F9,25881A66F9,MANCHINILLA MANOJ,C,1,SUB_1_A9021,A9021,Community Centered Design Thinking,69.23,70.0,B+,,PASS,7.15,0
STU_25881A66F9,25881A66F9,MANCHINILLA MANOJ,C,1,SUB_1_A9204,A9204,Basic Electrical Engineering,75.68,70.0,B+,,PASS,7.15,0
STU_25881A66F9,25881A66F9,MANCHINILLA MANOJ,C,1,SUB_1_A9205,A9205,Basic Electrical Engineering Laboratory,71.79,100.0,O,,PASS,7.15,0
STU_25881A66F9,25881A66F9,MANCHINILLA MANOJ,C,1,SUB_1_A9302,A9302,Engineering Workshop,100.0,90.0,A+,,PASS,7.15,0
STU_25881A66F9,25881A66F9,MANCHINILLA MANOJ,C,1,SUB_1_A9501,A9501,Programming for Problem Solving,78.67,50.0,C,,PASS,7.15,0
STU_25881A66F9,25881A66F9,MANCHINILLA MANOJ,C,1,SUB_1_A9502,A9502,Programming for Problem Solving Laboratory,73.33,80.0,A,,PASS,7.15,0
STU_25881A66F9,25881A66F9,MANCHINILLA MANOJ,C,1,SUB_1_A9801,A9801,Foundations of Data Science,78.69,80.0,A,,PASS,7.15,0
STU_25881A66G0,25881A66G0,BACHALWAD MARUTHI,C,1,SUB_1_A9001,A9001,Matrices and Calculus,92.0,100.0,O,,PASS,8.5,0
STU_25881A66G0,25881A66G0,BACHALWAD MARUTHI,C,1,SUB_1_A9007,A9007,Engineering Physics,91.84,80.0,A,,PASS,8.5,0
STU_25881A66G0,25881A66G0,BACHALWAD MARUTHI,C,1,SUB_1_A9008,A9008,Engineering Physics Laboratory,88.89,90.0,A+,,PASS,8.5,0
STU_25881A66G0,25881A66G0,BACHALWAD MARUTHI,C,1,SUB_1_A9021,A9021,Community Centered Design Thinking,92.31,90.0,A+,,PASS,8.5,0
STU_25881A66G0,25881A66G0,BACHALWAD MARUTHI,C,1,SUB_1_A9204,A9204,Basic Electrical Engineering,89.19,80.0,A,,PASS,8.5,0
STU_25881A66G0,25881A66G0,BACHALWAD MARUTHI,C,1,SUB_1_A9205,A9205,Basic Electrical Engineering Laboratory,76.92,100.0,O,,PASS,8.5,0
STU_25881A66G0,25881A66G0,BACHALWAD MARUTHI,C,1,SUB_1_A9302,A9302,Engineering Workshop,100.0,90.0,A+,,PASS,8.5,0
STU_25881A66G0,25881A66G0,BACHALWAD MARUTHI,C,1,SUB_1_A9501,A9501,Programming for Problem Solving,89.33,70.0,B+,,PASS,8.5,0
STU_25881A66G0,25881A66G0,BACHALWAD MARUTHI,C,1,SUB_1_A9502,A9502,Programming for Problem Solving Laboratory,86.67,80.0,A,,PASS,8.5,0
STU_25881A66G0,25881A66G0,BACHALWAD MARUTHI,C,1,SUB_1_A9801,A9801,Foundations of Data Science,90.16,80.0,A,,PASS,8.5,0
STU_25881A66G1,25881A66G1,ERUVA MOHITH,C,1,SUB_1_A9001,A9001,Matrices and Calculus,97.33,100.0,O,,PASS,8.8,0
STU_25881A66G1,25881A66G1,ERUVA MOHITH,C,1,SUB_1_A9007,A9007,Engineering Physics,89.8,80.0,A,,PASS,8.8,0
STU_25881A66G1,25881A66G1,ERUVA MOHITH,C,1,SUB_1_A9008,A9008,Engineering Physics Laboratory,88.89,100.0,O,,PASS,8.8,0
STU_25881A66G1,25881A66G1,ERUVA MOHITH,C,1,SUB_1_A9021,A9021,Community Centered Design Thinking,92.31,80.0,A,,PASS,8.8,0
STU_25881A66G1,25881A66G1,ERUVA MOHITH,C,1,SUB_1_A9204,A9204,Basic Electrical Engineering,95.95,90.0,A+,,PASS,8.8,0
STU_25881A66G1,25881A66G1,ERUVA MOHITH,C,1,SUB_1_A9205,A9205,Basic Electrical Engineering Laboratory,92.31,100.0,O,,PASS,8.8,0
STU_25881A66G1,25881A66G1,ERUVA MOHITH,C,1,SUB_1_A9302,A9302,Engineering Workshop,100.0,90.0,A+,,PASS,8.8,0
STU_25881A66G1,25881A66G1,ERUVA MOHITH,C,1,SUB_1_A9501,A9501,Programming for Problem Solving,96.0,80.0,A,,PASS,8.8,0
STU_25881A66G1,25881A66G1,ERUVA MOHITH,C,1,SUB_1_A9502,A9502,Programming for Problem Solving Laboratory,100.0,90.0,A+,,PASS,8.8,0
STU_25881A66G1,25881A66G1,ERUVA MOHITH,C,1,SUB_1_A9801,A9801,Foundations of Data Science,93.44,80.0,A,,PASS,8.8,0
STU_25881A66G2,25881A66G2,MUHAMMAD MUSTAFA,C,1,SUB_1_A9001,A9001,Matrices and Calculus,96.0,100.0,O,,PASS,9.4,0
STU_25881A66G2,25881A66G2,MUHAMMAD MUSTAFA,C,1,SUB_1_A9007,A9007,Engineering Physics,93.88,90.0,A+,,PASS,9.4,0
STU_25881A66G2,25881A66G2,MUHAMMAD MUSTAFA,C,1,SUB_1_A9008,A9008,Engineering Physics Laboratory,100.0,100.0,O,,PASS,9.4,0
STU_25881A66G2,25881A66G2,MUHAMMAD MUSTAFA,C,1,SUB_1_A9021,A9021,Community Centered Design Thinking,100.0,100.0,O,,PASS,9.4,0
STU_25881A66G2,25881A66G2,MUHAMMAD MUSTAFA,C,1,SUB_1_A9204,A9204,Basic Electrical Engineering,94.59,100.0,O,,PASS,9.4,0
STU_25881A66G2,25881A66G2,MUHAMMAD MUSTAFA,C,1,SUB_1_A9205,A9205,Basic Electrical Engineering Laboratory,85.71,100.0,O,,PASS,9.4,0
STU_25881A66G2,25881A66G2,MUHAMMAD MUSTAFA,C,1,SUB_1_A9302,A9302,Engineering Workshop,100.0,100.0,O,,PASS,9.4,0
STU_25881A66G2,25881A66G2,MUHAMMAD MUSTAFA,C,1,SUB_1_A9501,A9501,Programming for Problem Solving,92.0,80.0,A,,PASS,9.4,0
STU_25881A66G2,25881A66G2,MUHAMMAD MUSTAFA,C,1,SUB_1_A9502,A9502,Programming for Problem Solving Laboratory,80.0,100.0,O,,PASS,9.4,0
STU_25881A66G2,25881A66G2,MUHAMMAD MUSTAFA,C,1,SUB_1_A9801,A9801,Foundations of Data Science,96.72,90.0,A+,,PASS,9.4,0
STU_25881A66G3,25881A66G3,MALINENI NAGA TEJA SRI,C,1,SUB_1_A9001,A9001,Matrices and Calculus,90.67,60.0,B,,PASS,4.1,3
STU_25881A66G3,25881A66G3,MALINENI NAGA TEJA SRI,C,1,SUB_1_A9007,A9007,Engineering Physics,81.63,0.0,F,,FAIL,4.1,3
STU_25881A66G3,25881A66G3,MALINENI NAGA TEJA SRI,C,1,SUB_1_A9008,A9008,Engineering Physics Laboratory,77.78,80.0,A,,PASS,4.1,3
STU_25881A66G3,25881A66G3,MALINENI NAGA TEJA SRI,C,1,SUB_1_A9021,A9021,Community Centered Design Thinking,92.86,100.0,O,,PASS,4.1,3
STU_25881A66G3,25881A66G3,MALINENI NAGA TEJA SRI,C,1,SUB_1_A9204,A9204,Basic Electrical Engineering,90.54,0.0,F,,FAIL,4.1,3
STU_25881A66G3,25881A66G3,MALINENI NAGA TEJA SRI,C,1,SUB_1_A9205,A9205,Basic Electrical Engineering Laboratory,90.48,90.0,A+,,PASS,4.1,3
STU_25881A66G3,25881A66G3,MALINENI NAGA TEJA SRI,C,1,SUB_1_A9302,A9302,Engineering Workshop,92.86,100.0,O,,PASS,4.1,3
STU_25881A66G3,25881A66G3,MALINENI NAGA TEJA SRI,C,1,SUB_1_A9501,A9501,Programming for Problem Solving,89.33,0.0,F,,FAIL,4.1,3
STU_25881A66G3,25881A66G3,MALINENI NAGA TEJA SRI,C,1,SUB_1_A9502,A9502,Programming for Problem Solving Laboratory,86.67,60.0,B,,PASS,4.1,3
STU_25881A66G3,25881A66G3,MALINENI NAGA TEJA SRI,C,1,SUB_1_A9801,A9801,Foundations of Data Science,88.52,50.0,C,,PASS,4.1,3
STU_25881A66G4,25881A66G4,MEDIPELLI NANDHINI,C,1,SUB_1_A9001,A9001,Matrices and Calculus,90.67,100.0,O,,PASS,9.05,0
STU_25881A66G4,25881A66G4,MEDIPELLI NANDHINI,C,1,SUB_1_A9007,A9007,Engineering Physics,79.59,90.0,A+,,PASS,9.05,0
STU_25881A66G4,25881A66G4,MEDIPELLI NANDHINI,C,1,SUB_1_A9008,A9008,Engineering Physics Laboratory,55.56,100.0,O,,PASS,9.05,0
STU_25881A66G4,25881A66G4,MEDIPELLI NANDHINI,C,1,SUB_1_A9021,A9021,Community Centered Design Thinking,85.71,90.0,A+,,PASS,9.05,0
STU_25881A66G4,25881A66G4,MEDIPELLI NANDHINI,C,1,SUB_1_A9204,A9204,Basic Electrical Engineering,91.89,90.0,A+,,PASS,9.05,0
STU_25881A66G4,25881A66G4,MEDIPELLI NANDHINI,C,1,SUB_1_A9205,A9205,Basic Electrical Engineering Laboratory,92.86,100.0,O,,PASS,9.05,0
STU_25881A66G4,25881A66G4,MEDIPELLI NANDHINI,C,1,SUB_1_A9302,A9302,Engineering Workshop,100.0,100.0,O,,PASS,9.05,0
STU_25881A66G4,25881A66G4,MEDIPELLI NANDHINI,C,1,SUB_1_A9501,A9501,Programming for Problem Solving,92.0,80.0,A,,PASS,9.05,0
STU_25881A66G4,25881A66G4,MEDIPELLI NANDHINI,C,1,SUB_1_A9502,A9502,Programming for Problem Solving Laboratory,100.0,90.0,A+,,PASS,9.05,0
STU_25881A66G4,25881A66G4,MEDIPELLI NANDHINI,C,1,SUB_1_A9801,A9801,Foundations of Data Science,86.89,80.0,A,,PASS,9.05,0
STU_25881A66G5,25881A66G5,PALADI NITEESH,C,1,SUB_1_A9001,A9001,Matrices and Calculus,88.0,80.0,A,,PASS,7.45,0
STU_25881A66G5,25881A66G5,PALADI NITEESH,C,1,SUB_1_A9007,A9007,Engineering Physics,77.55,70.0,B+,,PASS,7.45,0
STU_25881A66G5,25881A66G5,PALADI NITEESH,C,1,SUB_1_A9008,A9008,Engineering Physics Laboratory,88.89,90.0,A+,,PASS,7.45,0
STU_25881A66G5,25881A66G5,PALADI NITEESH,C,1,SUB_1_A9021,A9021,Community Centered Design Thinking,92.86,90.0,A+,,PASS,7.45,0
STU_25881A66G5,25881A66G5,PALADI NITEESH,C,1,SUB_1_A9204,A9204,Basic Electrical Engineering,89.19,70.0,B+,,PASS,7.45,0
STU_25881A66G5,25881A66G5,PALADI NITEESH,C,1,SUB_1_A9205,A9205,Basic Electrical Engineering Laboratory,83.33,100.0,O,,PASS,7.45,0
STU_25881A66G5,25881A66G5,PALADI NITEESH,C,1,SUB_1_A9302,A9302,Engineering Workshop,92.86,90.0,A+,,PASS,7.45,0
STU_25881A66G5,25881A66G5,PALADI NITEESH,C,1,SUB_1_A9501,A9501,Programming for Problem Solving,81.33,50.0,C,,PASS,7.45,0
STU_25881A66G5,25881A66G5,PALADI NITEESH,C,1,SUB_1_A9502,A9502,Programming for Problem Solving Laboratory,86.67,60.0,B,,PASS,7.45,0
STU_25881A66G5,25881A66G5,PALADI NITEESH,C,1,SUB_1_A9801,A9801,Foundations of Data Science,85.25,80.0,A,,PASS,7.45,0
STU_25881A66G6,25881A66G6,RACHAKONDA POOJITHA,C,1,SUB_1_A9001,A9001,Matrices and Calculus,84.0,70.0,B+,,PASS,7.55,0
STU_25881A66G6,25881A66G6,RACHAKONDA POOJITHA,C,1,SUB_1_A9007,A9007,Engineering Physics,73.47,70.0,B+,,PASS,7.55,0
STU_25881A66G6,25881A66G6,RACHAKONDA POOJITHA,C,1,SUB_1_A9008,A9008,Engineering Physics Laboratory,55.56,90.0,A+,,PASS,7.55,0
STU_25881A66G6,25881A66G6,RACHAKONDA POOJITHA,C,1,SUB_1_A9021,A9021,Community Centered Design Thinking,92.86,90.0,A+,,PASS,7.55,0
STU_25881A66G6,25881A66G6,RACHAKONDA POOJITHA,C,1,SUB_1_A9204,A9204,Basic Electrical Engineering,85.14,80.0,A,,PASS,7.55,0
STU_25881A66G6,25881A66G6,RACHAKONDA POOJITHA,C,1,SUB_1_A9205,A9205,Basic Electrical Engineering Laboratory,83.33,100.0,O,,PASS,7.55,0
STU_25881A66G6,25881A66G6,RACHAKONDA POOJITHA,C,1,SUB_1_A9302,A9302,Engineering Workshop,100.0,100.0,O,,PASS,7.55,0
STU_25881A66G6,25881A66G6,RACHAKONDA POOJITHA,C,1,SUB_1_A9501,A9501,Programming for Problem Solving,84.0,60.0,B,,PASS,7.55,0
STU_25881A66G6,25881A66G6,RACHAKONDA POOJITHA,C,1,SUB_1_A9502,A9502,Programming for Problem Solving Laboratory,86.67,90.0,A+,,PASS,7.55,0
STU_25881A66G6,25881A66G6,RACHAKONDA POOJITHA,C,1,SUB_1_A9801,A9801,Foundations of Data Science,78.69,70.0,B+,,PASS,7.55,0
STU_25881A66G7,25881A66G7,MADAKA PRANATHI LASYA,C,1,SUB_1_A9001,A9001,Matrices and Calculus,84.0,80.0,A,,PASS,8.15,0
STU_25881A66G7,25881A66G7,MADAKA PRANATHI LASYA,C,1,SUB_1_A9007,A9007,Engineering Physics,81.63,70.0,B+,,PASS,8.15,0
STU_25881A66G7,25881A66G7,MADAKA PRANATHI LASYA,C,1,SUB_1_A9008,A9008,Engineering Physics Laboratory,77.78,90.0,A+,,PASS,8.15,0
STU_25881A66G7,25881A66G7,MADAKA PRANATHI LASYA,C,1,SUB_1_A9021,A9021,Community Centered Design Thinking,92.86,100.0,O,,PASS,8.15,0
STU_25881A66G7,25881A66G7,MADAKA PRANATHI LASYA,C,1,SUB_1_A9204,A9204,Basic Electrical Engineering,85.14,80.0,A,,PASS,8.15,0
STU_25881A66G7,25881A66G7,MADAKA PRANATHI LASYA,C,1,SUB_1_A9205,A9205,Basic Electrical Engineering Laboratory,76.19,90.0,A+,,PASS,8.15,0
STU_25881A66G7,25881A66G7,MADAKA PRANATHI LASYA,C,1,SUB_1_A9302,A9302,Engineering Workshop,100.0,100.0,O,,PASS,8.15,0
STU_25881A66G7,25881A66G7,MADAKA PRANATHI LASYA,C,1,SUB_1_A9501,A9501,Programming for Problem Solving,85.33,80.0,A,,PASS,8.15,0
STU_25881A66G7,25881A66G7,MADAKA PRANATHI LASYA,C,1,SUB_1_A9502,A9502,Programming for Problem Solving Laboratory,80.0,80.0,A,,PASS,8.15,0
STU_25881A66G7,25881A66G7,MADAKA PRANATHI LASYA,C,1,SUB_1_A9801,A9801,Foundations of Data Science,80.33,80.0,A,,PASS,8.15,0
STU_25881A66G8,25881A66G8,PULLURI RAGHU CHARAN,C,1,SUB_1_A9001,A9001,Matrices and Calculus,90.67,100.0,O,,PASS,9.05,0
STU_25881A66G8,25881A66G8,PULLURI RAGHU CHARAN,C,1,SUB_1_A9007,A9007,Engineering Physics,83.67,80.0,A,,PASS,9.05,0
STU_25881A66G8,25881A66G8,PULLURI RAGHU CHARAN,C,1,SUB_1_A9008,A9008,Engineering Physics Laboratory,55.56,100.0,O,,PASS,9.05,0
STU_25881A66G8,25881A66G8,PULLURI RAGHU CHARAN,C,1,SUB_1_A9021,A9021,Community Centered Design Thinking,92.86,90.0,A+,,PASS,9.05,0
STU_25881A66G8,25881A66G8,PULLURI RAGHU CHARAN,C,1,SUB_1_A9204,A9204,Basic Electrical Engineering,91.89,90.0,A+,,PASS,9.05,0
STU_25881A66G8,25881A66G8,PULLURI RAGHU CHARAN,C,1,SUB_1_A9205,A9205,Basic Electrical Engineering Laboratory,85.71,100.0,O,,PASS,9.05,0
STU_25881A66G8,25881A66G8,PULLURI RAGHU CHARAN,C,1,SUB_1_A9302,A9302,Engineering Workshop,92.86,100.0,O,,PASS,9.05,0
STU_25881A66G8,25881A66G8,PULLURI RAGHU CHARAN,C,1,SUB_1_A9501,A9501,Programming for Problem Solving,84.0,80.0,A,,PASS,9.05,0
STU_25881A66G8,25881A66G8,PULLURI RAGHU CHARAN,C,1,SUB_1_A9502,A9502,Programming for Problem Solving Laboratory,93.33,90.0,A+,,PASS,9.05,0
STU_25881A66G8,25881A66G8,PULLURI RAGHU CHARAN,C,1,SUB_1_A9801,A9801,Foundations of Data Science,85.25,90.0,A+,,PASS,9.05,0
STU_25881A66G9,25881A66G9,PADISHALA RAJEEV KUMAR,C,1,SUB_1_A9001,A9001,Matrices and Calculus,86.67,60.0,B,,PASS,4.1,3
STU_25881A66G9,25881A66G9,PADISHALA RAJEEV KUMAR,C,1,SUB_1_A9007,A9007,Engineering Physics,87.76,0.0,F,,FAIL,4.1,3
STU_25881A66G9,25881A66G9,PADISHALA RAJEEV KUMAR,C,1,SUB_1_A9008,A9008,Engineering Physics Laboratory,55.56,80.0,A,,PASS,4.1,3
STU_25881A66G9,25881A66G9,PADISHALA RAJEEV KUMAR,C,1,SUB_1_A9021,A9021,Community Centered Design Thinking,100.0,100.0,O,,PASS,4.1,3
STU_25881A66G9,25881A66G9,PADISHALA RAJEEV KUMAR,C,1,SUB_1_A9204,A9204,Basic Electrical Engineering,91.89,60.0,B,,PASS,4.1,3
STU_25881A66G9,25881A66G9,PADISHALA RAJEEV KUMAR,C,1,SUB_1_A9205,A9205,Basic Electrical Engineering Laboratory,78.57,100.0,O,,PASS,4.1,3
STU_25881A66G9,25881A66G9,PADISHALA RAJEEV KUMAR,C,1,SUB_1_A9302,A9302,Engineering Workshop,78.57,100.0,O,,PASS,4.1,3
STU_25881A66G9,25881A66G9,PADISHALA RAJEEV KUMAR,C,1,SUB_1_A9501,A9501,Programming for Problem Solving,86.67,0.0,F,,FAIL,4.1,3
STU_25881A66G9,25881A66G9,PADISHALA RAJEEV KUMAR,C,1,SUB_1_A9502,A9502,Programming for Problem Solving Laboratory,80.0,80.0,A,,PASS,4.1,3
STU_25881A66G9,25881A66G9,PADISHALA RAJEEV KUMAR,C,1,SUB_1_A9801,A9801,Foundations of Data Science,86.89,0.0,F,,FAIL,4.1,3
STU_25881A66H0,25881A66H0,RANGA REDDY LAASYA,C,1,SUB_1_A9001,A9001,Matrices and Calculus,85.33,70.0,B+,,PASS,5.55,1
STU_25881A66H0,25881A66H0,RANGA REDDY LAASYA,C,1,SUB_1_A9007,A9007,Engineering Physics,73.47,50.0,C,,PASS,5.55,1
STU_25881A66H0,25881A66H0,RANGA REDDY LAASYA,C,1,SUB_1_A9008,A9008,Engineering Physics Laboratory,66.67,80.0,A,,PASS,5.55,1
STU_25881A66H0,25881A66H0,RANGA REDDY LAASYA,C,1,SUB_1_A9021,A9021,Community Centered Design Thinking,71.43,60.0,B,,PASS,5.55,1
STU_25881A66H0,25881A66H0,RANGA REDDY LAASYA,C,1,SUB_1_A9204,A9204,Basic Electrical Engineering,86.49,60.0,B,,PASS,5.55,1
STU_25881A66H0,25881A66H0,RANGA REDDY LAASYA,C,1,SUB_1_A9205,A9205,Basic Electrical Engineering Laboratory,76.19,90.0,A+,,PASS,5.55,1
STU_25881A66H0,25881A66H0,RANGA REDDY LAASYA,C,1,SUB_1_A9302,A9302,Engineering Workshop,95.24,90.0,A+,,PASS,5.55,1
STU_25881A66H0,25881A66H0,RANGA REDDY LAASYA,C,1,SUB_1_A9501,A9501,Programming for Problem Solving,80.0,0.0,F,,FAIL,5.55,1
STU_25881A66H0,25881A66H0,RANGA REDDY LAASYA,C,1,SUB_1_A9502,A9502,Programming for Problem Solving Laboratory,80.0,60.0,B,,PASS,5.55,1
STU_25881A66H0,25881A66H0,RANGA REDDY LAASYA,C,1,SUB_1_A9801,A9801,Foundations of Data Science,81.97,60.0,B,,PASS,5.55,1
STU_25881A66H1,25881A66H1,POOLA REVANTH KUMAR,C,1,SUB_1_A9001,A9001,Matrices and Calculus,89.33,60.0,B,,PASS,5.5,1
STU_25881A66H1,25881A66H1,POOLA REVANTH KUMAR,C,1,SUB_1_A9007,A9007,Engineering Physics,89.8,50.0,C,,PASS,5.5,1
STU_25881A66H1,25881A66H1,POOLA REVANTH KUMAR,C,1,SUB_1_A9008,A9008,Engineering Physics Laboratory,77.78,90.0,A+,,PASS,5.5,1
STU_25881A66H1,25881A66H1,POOLA REVANTH KUMAR,C,1,SUB_1_A9021,A9021,Community Centered Design Thinking,100.0,100.0,O,,PASS,5.5,1
STU_25881A66H1,25881A66H1,POOLA REVANTH KUMAR,C,1,SUB_1_A9204,A9204,Basic Electrical Engineering,93.24,50.0,C,,PASS,5.5,1
STU_25881A66H1,25881A66H1,POOLA REVANTH KUMAR,C,1,SUB_1_A9205,A9205,Basic Electrical Engineering Laboratory,90.48,80.0,A,,PASS,5.5,1
STU_25881A66H1,25881A66H1,POOLA REVANTH KUMAR,C,1,SUB_1_A9302,A9302,Engineering Workshop,100.0,100.0,O,,PASS,5.5,1
STU_25881A66H1,25881A66H1,POOLA REVANTH KUMAR,C,1,SUB_1_A9501,A9501,Programming for Problem Solving,85.33,0.0,F,,FAIL,5.5,1
STU_25881A66H1,25881A66H1,POOLA REVANTH KUMAR,C,1,SUB_1_A9502,A9502,Programming for Problem Solving Laboratory,86.67,60.0,B,,PASS,5.5,1
STU_25881A66H1,25881A66H1,POOLA REVANTH KUMAR,C,1,SUB_1_A9801,A9801,Foundations of Data Science,88.52,60.0,B,,PASS,5.5,1
STU_25881A66H2,25881A66H2,REDDY RICHITHA REDDY,C,1,SUB_1_A9001,A9001,Matrices and Calculus,93.33,90.0,A+,,PASS,8.35,0
STU_25881A66H2,25881A66H2,REDDY RICHITHA REDDY,C,1,SUB_1_A9007,A9007,Engineering Physics,87.76,80.0,A,,PASS,8.35,0
STU_25881A66H2,25881A66H2,REDDY RICHITHA REDDY,C,1,SUB_1_A9008,A9008,Engineering Physics Laboratory,88.89,90.0,A+,,PASS,8.35,0
STU_25881A66H2,25881A66H2,REDDY RICHITHA REDDY,C,1,SUB_1_A9021,A9021,Community Centered Design Thinking,92.86,90.0,A+,,PASS,8.35,0
STU_25881A66H2,25881A66H2,REDDY RICHITHA REDDY,C,1,SUB_1_A9204,A9204,Basic Electrical Engineering,94.59,80.0,A,,PASS,8.35,0
STU_25881A66H2,25881A66H2,REDDY RICHITHA REDDY,C,1,SUB_1_A9205,A9205,Basic Electrical Engineering Laboratory,83.33,100.0,O,,PASS,8.35,0
STU_25881A66H2,25881A66H2,REDDY RICHITHA REDDY,C,1,SUB_1_A9302,A9302,Engineering Workshop,100.0,100.0,O,,PASS,8.35,0
STU_25881A66H2,25881A66H2,REDDY RICHITHA REDDY,C,1,SUB_1_A9501,A9501,Programming for Problem Solving,92.0,80.0,A,,PASS,8.35,0
STU_25881A66H2,25881A66H2,REDDY RICHITHA REDDY,C,1,SUB_1_A9502,A9502,Programming for Problem Solving Laboratory,93.33,80.0,A,,PASS,8.35,0
STU_25881A66H2,25881A66H2,REDDY RICHITHA REDDY,C,1,SUB_1_A9801,A9801,Foundations of Data Science,90.16,70.0,B+,,PASS,8.35,0
STU_25881A66H3,25881A66H3,MUNNANGI RUDRA SAI PRATAP REDDY,C,1,SUB_1_A9001,A9001,Matrices and Calculus,98.67,100.0,O,,PASS,9.55,0
STU_25881A66H3,25881A66H3,MUNNANGI RUDRA SAI PRATAP REDDY,C,1,SUB_1_A9007,A9007,Engineering Physics,97.96,90.0,A+,,PASS,9.55,0
STU_25881A66H3,25881A66H3,MUNNANGI RUDRA SAI PRATAP REDDY,C,1,SUB_1_A9008,A9008,Engineering Physics Laboratory,88.89,100.0,O,,PASS,9.55,0
STU_25881A66H3,25881A66H3,MUNNANGI RUDRA SAI PRATAP REDDY,C,1,SUB_1_A9021,A9021,Community Centered Design Thinking,100.0,100.0,O,,PASS,9.55,0
STU_25881A66H3,25881A66H3,MUNNANGI RUDRA SAI PRATAP REDDY,C,1,SUB_1_A9204,A9204,Basic Electrical Engineering,98.65,100.0,O,,PASS,9.55,0
STU_25881A66H3,25881A66H3,MUNNANGI RUDRA SAI PRATAP REDDY,C,1,SUB_1_A9205,A9205,Basic Electrical Engineering Laboratory,95.24,100.0,O,,PASS,9.55,0
STU_25881A66H3,25881A66H3,MUNNANGI RUDRA SAI PRATAP REDDY,C,1,SUB_1_A9302,A9302,Engineering Workshop,100.0,100.0,O,,PASS,9.55,0
STU_25881A66H3,25881A66H3,MUNNANGI RUDRA SAI PRATAP REDDY,C,1,SUB_1_A9501,A9501,Programming for Problem Solving,96.0,100.0,O,,PASS,9.55,0
STU_25881A66H3,25881A66H3,MUNNANGI RUDRA SAI PRATAP REDDY,C,1,SUB_1_A9502,A9502,Programming for Problem Solving Laboratory,93.33,100.0,O,,PASS,9.55,0
STU_25881A66H3,25881A66H3,MUNNANGI RUDRA SAI PRATAP REDDY,C,1,SUB_1_A9801,A9801,Foundations of Data Science,96.72,80.0,A,,PASS,9.55,0
STU_25881A66H4,25881A66H4,PENDEM SADHVIK,C,1,SUB_1_A9001,A9001,Matrices and Calculus,88.0,100.0,O,,PASS,9.3,0
STU_25881A66H4,25881A66H4,PENDEM SADHVIK,C,1,SUB_1_A9007,A9007,Engineering Physics,75.51,90.0,A+,,PASS,9.3,0
STU_25881A66H4,25881A66H4,PENDEM SADHVIK,C,1,SUB_1_A9008,A9008,Engineering Physics Laboratory,77.78,100.0,O,,PASS,9.3,0
STU_25881A66H4,25881A66H4,PENDEM SADHVIK,C,1,SUB_1_A9021,A9021,Community Centered Design Thinking,92.86,90.0,A+,,PASS,9.3,0
STU_25881A66H4,25881A66H4,PENDEM SADHVIK,C,1,SUB_1_A9204,A9204,Basic Electrical Engineering,91.89,100.0,O,,PASS,9.3,0
STU_25881A66H4,25881A66H4,PENDEM SADHVIK,C,1,SUB_1_A9205,A9205,Basic Electrical Engineering Laboratory,95.24,100.0,O,,PASS,9.3,0
STU_25881A66H4,25881A66H4,PENDEM SADHVIK,C,1,SUB_1_A9302,A9302,Engineering Workshop,92.86,90.0,A+,,PASS,9.3,0
STU_25881A66H4,25881A66H4,PENDEM SADHVIK,C,1,SUB_1_A9501,A9501,Programming for Problem Solving,85.33,80.0,A,,PASS,9.3,0
STU_25881A66H4,25881A66H4,PENDEM SADHVIK,C,1,SUB_1_A9502,A9502,Programming for Problem Solving Laboratory,80.0,100.0,O,,PASS,9.3,0
STU_25881A66H4,25881A66H4,PENDEM SADHVIK,C,1,SUB_1_A9801,A9801,Foundations of Data Science,83.61,90.0,A+,,PASS,9.3,0
STU_25881A66H5,25881A66H5,MOGILIGIDDA SAHITHI,C,1,SUB_1_A9001,A9001,Matrices and Calculus,96.0,100.0,O,,PASS,9.55,0
STU_25881A66H5,25881A66H5,MOGILIGIDDA SAHITHI,C,1,SUB_1_A9007,A9007,Engineering Physics,95.92,90.0,A+,,PASS,9.55,0
STU_25881A66H5,25881A66H5,MOGILIGIDDA SAHITHI,C,1,SUB_1_A9008,A9008,Engineering Physics Laboratory,88.89,100.0,O,,PASS,9.55,0
STU_25881A66H5,25881A66H5,MOGILIGIDDA SAHITHI,C,1,SUB_1_A9021,A9021,Community Centered Design Thinking,100.0,100.0,O,,PASS,9.55,0
STU_25881A66H5,25881A66H5,MOGILIGIDDA SAHITHI,C,1,SUB_1_A9204,A9204,Basic Electrical Engineering,97.3,100.0,O,,PASS,9.55,0
STU_25881A66H5,25881A66H5,MOGILIGIDDA SAHITHI,C,1,SUB_1_A9205,A9205,Basic Electrical Engineering Laboratory,76.19,100.0,O,,PASS,9.55,0
STU_25881A66H5,25881A66H5,MOGILIGIDDA SAHITHI,C,1,SUB_1_A9302,A9302,Engineering Workshop,100.0,100.0,O,,PASS,9.55,0
STU_25881A66H5,25881A66H5,MOGILIGIDDA SAHITHI,C,1,SUB_1_A9501,A9501,Programming for Problem Solving,96.0,90.0,A+,,PASS,9.55,0
STU_25881A66H5,25881A66H5,MOGILIGIDDA SAHITHI,C,1,SUB_1_A9502,A9502,Programming for Problem Solving Laboratory,93.33,100.0,O,,PASS,9.55,0
STU_25881A66H5,25881A66H5,MOGILIGIDDA SAHITHI,C,1,SUB_1_A9801,A9801,Foundations of Data Science,96.72,90.0,A+,,PASS,9.55,0
STU_25881A66H6,25881A66H6,C SAI NEEHAL,C,1,SUB_1_A9001,A9001,Matrices and Calculus,81.33,90.0,A+,,PASS,8.9,0
STU_25881A66H6,25881A66H6,C SAI NEEHAL,C,1,SUB_1_A9007,A9007,Engineering Physics,73.47,80.0,A,,PASS,8.9,0
STU_25881A66H6,25881A66H6,C SAI NEEHAL,C,1,SUB_1_A9008,A9008,Engineering Physics Laboratory,66.67,100.0,O,,PASS,8.9,0
STU_25881A66H6,25881A66H6,C SAI NEEHAL,C,1,SUB_1_A9021,A9021,Community Centered Design Thinking,85.71,90.0,A+,,PASS,8.9,0
STU_25881A66H6,25881A66H6,C SAI NEEHAL,C,1,SUB_1_A9204,A9204,Basic Electrical Engineering,85.14,100.0,O,,PASS,8.9,0
STU_25881A66H6,25881A66H6,C SAI NEEHAL,C,1,SUB_1_A9205,A9205,Basic Electrical Engineering Laboratory,92.86,90.0,A+,,PASS,8.9,0
STU_25881A66H6,25881A66H6,C SAI NEEHAL,C,1,SUB_1_A9302,A9302,Engineering Workshop,100.0,100.0,O,,PASS,8.9,0
STU_25881A66H6,25881A66H6,C SAI NEEHAL,C,1,SUB_1_A9501,A9501,Programming for Problem Solving,77.33,80.0,A,,PASS,8.9,0
STU_25881A66H6,25881A66H6,C SAI NEEHAL,C,1,SUB_1_A9502,A9502,Programming for Problem Solving Laboratory,80.0,90.0,A+,,PASS,8.9,0
STU_25881A66H6,25881A66H6,C SAI NEEHAL,C,1,SUB_1_A9801,A9801,Foundations of Data Science,78.69,90.0,A+,,PASS,8.9,0
STU_25881A66H7,25881A66H7,NAGUNURI SAI CHARAN TEJA,C,1,SUB_1_A9001,A9001,Matrices and Calculus,90.67,50.0,C,,PASS,4.25,3
STU_25881A66H7,25881A66H7,NAGUNURI SAI CHARAN TEJA,C,1,SUB_1_A9007,A9007,Engineering Physics,81.63,0.0,F,,FAIL,4.25,3
STU_25881A66H7,25881A66H7,NAGUNURI SAI CHARAN TEJA,C,1,SUB_1_A9008,A9008,Engineering Physics Laboratory,88.89,90.0,A+,,PASS,4.25,3
STU_25881A66H7,25881A66H7,NAGUNURI SAI CHARAN TEJA,C,1,SUB_1_A9021,A9021,Community Centered Design Thinking,85.71,90.0,A+,,PASS,4.25,3
STU_25881A66H7,25881A66H7,NAGUNURI SAI CHARAN TEJA,C,1,SUB_1_A9204,A9204,Basic Electrical Engineering,89.19,0.0,F,,FAIL,4.25,3
STU_25881A66H7,25881A66H7,NAGUNURI SAI CHARAN TEJA,C,1,SUB_1_A9205,A9205,Basic Electrical Engineering Laboratory,83.33,90.0,A+,,PASS,4.25,3
STU_25881A66H7,25881A66H7,NAGUNURI SAI CHARAN TEJA,C,1,SUB_1_A9302,A9302,Engineering Workshop,92.86,90.0,A+,,PASS,4.25,3
STU_25881A66H7,25881A66H7,NAGUNURI SAI CHARAN TEJA,C,1,SUB_1_A9501,A9501,Programming for Problem Solving,88.0,0.0,F,,FAIL,4.25,3
STU_25881A66H7,25881A66H7,NAGUNURI SAI CHARAN TEJA,C,1,SUB_1_A9502,A9502,Programming for Problem Solving Laboratory,80.0,80.0,A,,PASS,4.25,3
STU_25881A66H7,25881A66H7,NAGUNURI SAI CHARAN TEJA,C,1,SUB_1_A9801,A9801,Foundations of Data Science,86.89,70.0,B+,,PASS,4.25,3
STU_25881A66H8,25881A66H8,MUYYALI SANJAY,C,1,SUB_1_A9001,A9001,Matrices and Calculus,77.33,0.0,F,,FAIL,3.0,4
STU_25881A66H8,25881A66H8,MUYYALI SANJAY,C,1,SUB_1_A9007,A9007,Engineering Physics,79.59,0.0,F,,FAIL,3.0,4
STU_25881A66H8,25881A66H8,MUYYALI SANJAY,C,1,SUB_1_A9008,A9008,Engineering Physics Laboratory,66.67,90.0,A+,,PASS,3.0,4
STU_25881A66H8,25881A66H8,MUYYALI SANJAY,C,1,SUB_1_A9021,A9021,Community Centered Design Thinking,92.86,90.0,A+,,PASS,3.0,4
STU_25881A66H8,25881A66H8,MUYYALI SANJAY,C,1,SUB_1_A9204,A9204,Basic Electrical Engineering,77.03,0.0,F,,FAIL,3.0,4
STU_25881A66H8,25881A66H8,MUYYALI SANJAY,C,1,SUB_1_A9205,A9205,Basic Electrical Engineering Laboratory,61.9,80.0,A,,PASS,3.0,4
STU_25881A66H8,25881A66H8,MUYYALI SANJAY,C,1,SUB_1_A9302,A9302,Engineering Workshop,85.71,100.0,O,,PASS,3.0,4
STU_25881A66H8,25881A66H8,MUYYALI SANJAY,C,1,SUB_1_A9501,A9501,Programming for Problem Solving,72.0,0.0,F,,FAIL,3.0,4
STU_25881A66H8,25881A66H8,MUYYALI SANJAY,C,1,SUB_1_A9502,A9502,Programming for Problem Solving Laboratory,60.0,60.0,B,,PASS,3.0,4
STU_25881A66H8,25881A66H8,MUYYALI SANJAY,C,1,SUB_1_A9801,A9801,Foundations of Data Science,78.69,60.0,B,,PASS,3.0,4
STU_25881A66H9,25881A66H9,JERPULA SANTHOSH,C,1,SUB_1_A9001,A9001,Matrices and Calculus,78.67,50.0,C,,PASS,5.1,2
STU_25881A66H9,25881A66H9,JERPULA SANTHOSH,C,1,SUB_1_A9007,A9007,Engineering Physics,71.43,50.0,C,,PASS,5.1,2
STU_25881A66H9,25881A66H9,JERPULA SANTHOSH,C,1,SUB_1_A9008,A9008,Engineering Physics Laboratory,44.44,80.0,A,,PASS,5.1,2
STU_25881A66H9,25881A66H9,JERPULA SANTHOSH,C,1,SUB_1_A9021,A9021,Community Centered Design Thinking,92.86,90.0,A+,,PASS,5.1,2
STU_25881A66H9,25881A66H9,JERPULA SANTHOSH,C,1,SUB_1_A9204,A9204,Basic Electrical Engineering,75.68,60.0,B,,PASS,5.1,2
STU_25881A66H9,25881A66H9,JERPULA SANTHOSH,C,1,SUB_1_A9205,A9205,Basic Electrical Engineering Laboratory,76.19,90.0,A+,,PASS,5.1,2
STU_25881A66H9,25881A66H9,JERPULA SANTHOSH,C,1,SUB_1_A9302,A9302,Engineering Workshop,85.71,80.0,A,,PASS,5.1,2
STU_25881A66H9,25881A66H9,JERPULA SANTHOSH,C,1,SUB_1_A9501,A9501,Programming for Problem Solving,73.33,0.0,F,,FAIL,5.1,2
STU_25881A66H9,25881A66H9,JERPULA SANTHOSH,C,1,SUB_1_A9502,A9502,Programming for Problem Solving Laboratory,73.33,0.0,F,,FAIL,5.1,2
STU_25881A66H9,25881A66H9,JERPULA SANTHOSH,C,1,SUB_1_A9801,A9801,Foundations of Data Science,78.69,70.0,B+,,PASS,5.1,2
STU_25881A66J0,25881A66J0,MADIGA SHAILAJA,C,1,SUB_1_A9001,A9001,Matrices and Calculus,98.67,100.0,O,,PASS,8.7,0
STU_25881A66J0,25881A66J0,MADIGA SHAILAJA,C,1,SUB_1_A9007,A9007,Engineering Physics,95.92,90.0,A+,,PASS,8.7,0
STU_25881A66J0,25881A66J0,MADIGA SHAILAJA,C,1,SUB_1_A9008,A9008,Engineering Physics Laboratory,100.0,90.0,A+,,PASS,8.7,0
STU_25881A66J0,25881A66J0,MADIGA SHAILAJA,C,1,SUB_1_A9021,A9021,Community Centered Design Thinking,100.0,100.0,O,,PASS,8.7,0
STU_25881A66J0,25881A66J0,MADIGA SHAILAJA,C,1,SUB_1_A9204,A9204,Basic Electrical Engineering,94.59,90.0,A+,,PASS,8.7,0
STU_25881A66J0,25881A66J0,MADIGA SHAILAJA,C,1,SUB_1_A9205,A9205,Basic Electrical Engineering Laboratory,92.86,90.0,A+,,PASS,8.7,0
STU_25881A66J0,25881A66J0,MADIGA SHAILAJA,C,1,SUB_1_A9302,A9302,Engineering Workshop,100.0,100.0,O,,PASS,8.7,0
STU_25881A66J0,25881A66J0,MADIGA SHAILAJA,C,1,SUB_1_A9501,A9501,Programming for Problem Solving,97.33,60.0,B,,PASS,8.7,0
STU_25881A66J0,25881A66J0,MADIGA SHAILAJA,C,1,SUB_1_A9502,A9502,Programming for Problem Solving Laboratory,100.0,90.0,A+,,PASS,8.7,0
STU_25881A66J0,25881A66J0,MADIGA SHAILAJA,C,1,SUB_1_A9801,A9801,Foundations of Data Science,100.0,80.0,A,,PASS,8.7,0
STU_25881A66J1,25881A66J1,MUDDALA SHIVADEEPTHI,C,1,SUB_1_A9001,A9001,Matrices and Calculus,97.33,100.0,O,,PASS,8.65,0
STU_25881A66J1,25881A66J1,MUDDALA SHIVADEEPTHI,C,1,SUB_1_A9007,A9007,Engineering Physics,95.92,80.0,A,,PASS,8.65,0
STU_25881A66J1,25881A66J1,MUDDALA SHIVADEEPTHI,C,1,SUB_1_A9008,A9008,Engineering Physics Laboratory,100.0,100.0,O,,PASS,8.65,0
STU_25881A66J1,25881A66J1,MUDDALA SHIVADEEPTHI,C,1,SUB_1_A9021,A9021,Community Centered Design Thinking,85.71,80.0,A,,PASS,8.65,0
STU_25881A66J1,25881A66J1,MUDDALA SHIVADEEPTHI,C,1,SUB_1_A9204,A9204,Basic Electrical Engineering,98.65,100.0,O,,PASS,8.65,0
STU_25881A66J1,25881A66J1,MUDDALA SHIVADEEPTHI,C,1,SUB_1_A9205,A9205,Basic Electrical Engineering Laboratory,90.48,100.0,O,,PASS,8.65,0
STU_25881A66J1,25881A66J1,MUDDALA SHIVADEEPTHI,C,1,SUB_1_A9302,A9302,Engineering Workshop,100.0,100.0,O,,PASS,8.65,0
STU_25881A66J1,25881A66J1,MUDDALA SHIVADEEPTHI,C,1,SUB_1_A9501,A9501,Programming for Problem Solving,98.67,60.0,B,,PASS,8.65,0
STU_25881A66J1,25881A66J1,MUDDALA SHIVADEEPTHI,C,1,SUB_1_A9502,A9502,Programming for Problem Solving Laboratory,100.0,90.0,A+,,PASS,8.65,0
STU_25881A66J1,25881A66J1,MUDDALA SHIVADEEPTHI,C,1,SUB_1_A9801,A9801,Foundations of Data Science,98.36,80.0,A,,PASS,8.65,0
STU_25881A66J2,25881A66J2,SAPAVAT SINDHU,C,1,SUB_1_A9001,A9001,Matrices and Calculus,94.67,100.0,O,,PASS,9.0,0
STU_25881A66J2,25881A66J2,SAPAVAT SINDHU,C,1,SUB_1_A9007,A9007,Engineering Physics,91.84,80.0,A,,PASS,9.0,0
STU_25881A66J2,25881A66J2,SAPAVAT SINDHU,C,1,SUB_1_A9008,A9008,Engineering Physics Laboratory,88.89,100.0,O,,PASS,9.0,0
STU_25881A66J2,25881A66J2,SAPAVAT SINDHU,C,1,SUB_1_A9021,A9021,Community Centered Design Thinking,92.86,90.0,A+,,PASS,9.0,0
STU_25881A66J2,25881A66J2,SAPAVAT SINDHU,C,1,SUB_1_A9204,A9204,Basic Electrical Engineering,91.89,90.0,A+,,PASS,9.0,0
STU_25881A66J2,25881A66J2,SAPAVAT SINDHU,C,1,SUB_1_A9205,A9205,Basic Electrical Engineering Laboratory,92.86,90.0,A+,,PASS,9.0,0
STU_25881A66J2,25881A66J2,SAPAVAT SINDHU,C,1,SUB_1_A9302,A9302,Engineering Workshop,100.0,100.0,O,,PASS,9.0,0
STU_25881A66J2,25881A66J2,SAPAVAT SINDHU,C,1,SUB_1_A9501,A9501,Programming for Problem Solving,94.67,80.0,A,,PASS,9.0,0
STU_25881A66J2,25881A66J2,SAPAVAT SINDHU,C,1,SUB_1_A9502,A9502,Programming for Problem Solving Laboratory,100.0,90.0,A+,,PASS,9.0,0
STU_25881A66J2,25881A66J2,SAPAVAT SINDHU,C,1,SUB_1_A9801,A9801,Foundations of Data Science,93.44,90.0,A+,,PASS,9.0,0
STU_25881A66J3,25881A66J3,PITTALA SREE KARUNYAN,C,1,SUB_1_A9001,A9001,Matrices and Calculus,97.33,90.0,A+,,PASS,7.85,0
STU_25881A66J3,25881A66J3,PITTALA SREE KARUNYAN,C,1,SUB_1_A9007,A9007,Engineering Physics,91.84,60.0,B,,PASS,7.85,0
STU_25881A66J3,25881A66J3,PITTALA SREE KARUNYAN,C,1,SUB_1_A9008,A9008,Engineering Physics Laboratory,88.89,100.0,O,,PASS,7.85,0
STU_25881A66J3,25881A66J3,PITTALA SREE KARUNYAN,C,1,SUB_1_A9021,A9021,Community Centered Design Thinking,92.86,80.0,A,,PASS,7.85,0
STU_25881A66J3,25881A66J3,PITTALA SREE KARUNYAN,C,1,SUB_1_A9204,A9204,Basic Electrical Engineering,97.3,80.0,A,,PASS,7.85,0
STU_25881A66J3,25881A66J3,PITTALA SREE KARUNYAN,C,1,SUB_1_A9205,A9205,Basic Electrical Engineering Laboratory,92.86,100.0,O,,PASS,7.85,0
STU_25881A66J3,25881A66J3,PITTALA SREE KARUNYAN,C,1,SUB_1_A9302,A9302,Engineering Workshop,100.0,90.0,A+,,PASS,7.85,0
STU_25881A66J3,25881A66J3,PITTALA SREE KARUNYAN,C,1,SUB_1_A9501,A9501,Programming for Problem Solving,94.67,60.0,B,,PASS,7.85,0
STU_25881A66J3,25881A66J3,PITTALA SREE KARUNYAN,C,1,SUB_1_A9502,A9502,Programming for Problem Solving Laboratory,93.33,80.0,A,,PASS,7.85,0
STU_25881A66J3,25881A66J3,PITTALA SREE KARUNYAN,C,1,SUB_1_A9801,A9801,Foundations of Data Science,91.8,80.0,A,,PASS,7.85,0
STU_25881A66J4,25881A66J4,ANNADASU SRUTHI,C,1,SUB_1_A9001,A9001,Matrices and Calculus,89.33,90.0,A+,,PASS,8.0,0
STU_25881A66J4,25881A66J4,ANNADASU SRUTHI,C,1,SUB_1_A9007,A9007,Engineering Physics,81.63,70.0,B+,,PASS,8.0,0
STU_25881A66J4,25881A66J4,ANNADASU SRUTHI,C,1,SUB_1_A9008,A9008,Engineering Physics Laboratory,77.78,90.0,A+,,PASS,8.0,0
STU_25881A66J4,25881A66J4,ANNADASU SRUTHI,C,1,SUB_1_A9021,A9021,Community Centered Design Thinking,92.86,90.0,A+,,PASS,8.0,0
STU_25881A66J4,25881A66J4,ANNADASU SRUTHI,C,1,SUB_1_A9204,A9204,Basic Electrical Engineering,93.24,80.0,A,,PASS,8.0,0
STU_25881A66J4,25881A66J4,ANNADASU SRUTHI,C,1,SUB_1_A9205,A9205,Basic Electrical Engineering Laboratory,90.48,70.0,B+,,PASS,8.0,0
STU_25881A66J4,25881A66J4,ANNADASU SRUTHI,C,1,SUB_1_A9302,A9302,Engineering Workshop,92.86,100.0,O,,PASS,8.0,0
STU_25881A66J4,25881A66J4,ANNADASU SRUTHI,C,1,SUB_1_A9501,A9501,Programming for Problem Solving,86.67,70.0,B+,,PASS,8.0,0
STU_25881A66J4,25881A66J4,ANNADASU SRUTHI,C,1,SUB_1_A9502,A9502,Programming for Problem Solving Laboratory,93.33,70.0,B+,,PASS,8.0,0
STU_25881A66J4,25881A66J4,ANNADASU SRUTHI,C,1,SUB_1_A9801,A9801,Foundations of Data Science,91.8,80.0,A,,PASS,8.0,0
STU_25881A66J5,25881A66J5,AVUTHU TEJ KIRAN REDDY,C,1,SUB_1_A9001,A9001,Matrices and Calculus,78.67,100.0,O,,PASS,8.85,0
STU_25881A66J5,25881A66J5,AVUTHU TEJ KIRAN REDDY,C,1,SUB_1_A9007,A9007,Engineering Physics,81.63,80.0,A,,PASS,8.85,0
STU_25881A66J5,25881A66J5,AVUTHU TEJ KIRAN REDDY,C,1,SUB_1_A9008,A9008,Engineering Physics Laboratory,33.33,100.0,O,,PASS,8.85,0
STU_25881A66J5,25881A66J5,AVUTHU TEJ KIRAN REDDY,C,1,SUB_1_A9021,A9021,Community Centered Design Thinking,92.86,100.0,O,,PASS,8.85,0
STU_25881A66J5,25881A66J5,AVUTHU TEJ KIRAN REDDY,C,1,SUB_1_A9204,A9204,Basic Electrical Engineering,83.78,80.0,A,,PASS,8.85,0
STU_25881A66J5,25881A66J5,AVUTHU TEJ KIRAN REDDY,C,1,SUB_1_A9205,A9205,Basic Electrical Engineering Laboratory,92.86,100.0,O,,PASS,8.85,0
STU_25881A66J5,25881A66J5,AVUTHU TEJ KIRAN REDDY,C,1,SUB_1_A9302,A9302,Engineering Workshop,88.1,100.0,O,,PASS,8.85,0
STU_25881A66J5,25881A66J5,AVUTHU TEJ KIRAN REDDY,C,1,SUB_1_A9501,A9501,Programming for Problem Solving,80.0,70.0,B+,,PASS,8.85,0
STU_25881A66J5,25881A66J5,AVUTHU TEJ KIRAN REDDY,C,1,SUB_1_A9502,A9502,Programming for Problem Solving Laboratory,93.33,90.0,A+,,PASS,8.85,0
STU_25881A66J5,25881A66J5,AVUTHU TEJ KIRAN REDDY,C,1,SUB_1_A9801,A9801,Foundations of Data Science,81.97,90.0,A+,,PASS,8.85,0
STU_25881A66J6,25881A66J6,KUCHIPUDI V S K J ABHITEJAS,C,1,SUB_1_A9001,A9001,Matrices and Calculus,89.33,100.0,O,,PASS,8.75,0
STU_25881A66J6,25881A66J6,KUCHIPUDI V S K J ABHITEJAS,C,1,SUB_1_A9007,A9007,Engineering Physics,81.63,80.0,A,,PASS,8.75,0
STU_25881A66J6,25881A66J6,KUCHIPUDI V S K J ABHITEJAS,C,1,SUB_1_A9008,A9008,Engineering Physics Laboratory,88.89,100.0,O,,PASS,8.75,0
STU_25881A66J6,25881A66J6,KUCHIPUDI V S K J ABHITEJAS,C,1,SUB_1_A9021,A9021,Community Centered Design Thinking,100.0,100.0,O,,PASS,8.75,0
STU_25881A66J6,25881A66J6,KUCHIPUDI V S K J ABHITEJAS,C,1,SUB_1_A9204,A9204,Basic Electrical Engineering,86.49,90.0,A+,,PASS,8.75,0
STU_25881A66J6,25881A66J6,KUCHIPUDI V S K J ABHITEJAS,C,1,SUB_1_A9205,A9205,Basic Electrical Engineering Laboratory,71.43,100.0,O,,PASS,8.75,0
STU_25881A66J6,25881A66J6,KUCHIPUDI V S K J ABHITEJAS,C,1,SUB_1_A9302,A9302,Engineering Workshop,100.0,90.0,A+,,PASS,8.75,0
STU_25881A66J6,25881A66J6,KUCHIPUDI V S K J ABHITEJAS,C,1,SUB_1_A9501,A9501,Programming for Problem Solving,80.0,80.0,A,,PASS,8.75,0
STU_25881A66J6,25881A66J6,KUCHIPUDI V S K J ABHITEJAS,C,1,SUB_1_A9502,A9502,Programming for Problem Solving Laboratory,80.0,90.0,A+,,PASS,8.75,0
STU_25881A66J6,25881A66J6,KUCHIPUDI V S K J ABHITEJAS,C,1,SUB_1_A9801,A9801,Foundations of Data Science,86.89,70.0,B+,,PASS,8.75,0
STU_25881A66J7,25881A66J7,GANNAMANENI VARSHITH,C,1,SUB_1_A9001,A9001,Matrices and Calculus,98.67,100.0,O,,PASS,8.65,0
STU_25881A66J7,25881A66J7,GANNAMANENI VARSHITH,C,1,SUB_1_A9007,A9007,Engineering Physics,97.96,80.0,A,,PASS,8.65,0
STU_25881A66J7,25881A66J7,GANNAMANENI VARSHITH,C,1,SUB_1_A9008,A9008,Engineering Physics Laboratory,100.0,100.0,O,,PASS,8.65,0
STU_25881A66J7,25881A66J7,GANNAMANENI VARSHITH,C,1,SUB_1_A9021,A9021,Community Centered Design Thinking,100.0,90.0,A+,,PASS,8.65,0
STU_25881A66J7,25881A66J7,GANNAMANENI VARSHITH,C,1,SUB_1_A9204,A9204,Basic Electrical Engineering,98.65,80.0,A,,PASS,8.65,0
STU_25881A66J7,25881A66J7,GANNAMANENI VARSHITH,C,1,SUB_1_A9205,A9205,Basic Electrical Engineering Laboratory,95.24,90.0,A+,,PASS,8.65,0
STU_25881A66J7,25881A66J7,GANNAMANENI VARSHITH,C,1,SUB_1_A9302,A9302,Engineering Workshop,100.0,90.0,A+,,PASS,8.65,0
STU_25881A66J7,25881A66J7,GANNAMANENI VARSHITH,C,1,SUB_1_A9501,A9501,Programming for Problem Solving,94.67,80.0,A,,PASS,8.65,0
STU_25881A66J7,25881A66J7,GANNAMANENI VARSHITH,C,1,SUB_1_A9502,A9502,Programming for Problem Solving Laboratory,80.0,80.0,A,,PASS,8.65,0
STU_25881A66J7,25881A66J7,GANNAMANENI VARSHITH,C,1,SUB_1_A9801,A9801,Foundations of Data Science,96.72,80.0,A,,PASS,8.65,0
STU_25881A66J8,25881A66J8,GUGULOTH VASANTHA,C,1,SUB_1_A9001,A9001,Matrices and Calculus,84.0,0.0,F,,FAIL,1.05,7
STU_25881A66J8,25881A66J8,GUGULOTH VASANTHA,C,1,SUB_1_A9007,A9007,Engineering Physics,69.39,0.0,F,,FAIL,1.05,7
STU_25881A66J8,25881A66J8,GUGULOTH VASANTHA,C,1,SUB_1_A9008,A9008,Engineering Physics Laboratory,77.78,90.0,A+,,PASS,1.05,7
STU_25881A66J8,25881A66J8,GUGULOTH VASANTHA,C,1,SUB_1_A9021,A9021,Community Centered Design Thinking,85.71,0.0,AB,,FAIL,1.05,7
STU_25881A66J8,25881A66J8,GUGULOTH VASANTHA,C,1,SUB_1_A9204,A9204,Basic Electrical Engineering,79.73,0.0,F,,FAIL,1.05,7
STU_25881A66J8,25881A66J8,GUGULOTH VASANTHA,C,1,SUB_1_A9205,A9205,Basic Electrical Engineering Laboratory,69.05,70.0,B+,,PASS,1.05,7
STU_25881A66J8,25881A66J8,GUGULOTH VASANTHA,C,1,SUB_1_A9302,A9302,Engineering Workshop,85.71,0.0,AB,,FAIL,1.05,7
STU_25881A66J8,25881A66J8,GUGULOTH VASANTHA,C,1,SUB_1_A9501,A9501,Programming for Problem Solving,76.0,0.0,F,,FAIL,1.05,7
STU_25881A66J8,25881A66J8,GUGULOTH VASANTHA,C,1,SUB_1_A9502,A9502,Programming for Problem Solving Laboratory,80.0,50.0,C,,PASS,1.05,7
STU_25881A66J8,25881A66J8,GUGULOTH VASANTHA,C,1,SUB_1_A9801,A9801,Foundations of Data Science,81.97,0.0,F,,FAIL,1.05,7
STU_25881A66J9,25881A66J9,DONTHOJI VIGNESH,C,1,SUB_1_A9001,A9001,Matrices and Calculus,88.0,90.0,A+,,PASS,7.9,0
STU_25881A66J9,25881A66J9,DONTHOJI VIGNESH,C,1,SUB_1_A9007,A9007,Engineering Physics,85.71,90.0,A+,,PASS,7.9,0
STU_25881A66J9,25881A66J9,DONTHOJI VIGNESH,C,1,SUB_1_A9008,A9008,Engineering Physics Laboratory,88.89,80.0,A,,PASS,7.9,0
STU_25881A66J9,25881A66J9,DONTHOJI VIGNESH,C,1,SUB_1_A9021,A9021,Community Centered Design Thinking,92.86,90.0,A+,,PASS,7.9,0
STU_25881A66J9,25881A66J9,DONTHOJI VIGNESH,C,1,SUB_1_A9204,A9204,Basic Electrical Engineering,93.24,80.0,A,,PASS,7.9,0
STU_25881A66J9,25881A66J9,DONTHOJI VIGNESH,C,1,SUB_1_A9205,A9205,Basic Electrical Engineering Laboratory,85.71,70.0,B+,,PASS,7.9,0
STU_25881A66J9,25881A66J9,DONTHOJI VIGNESH,C,1,SUB_1_A9302,A9302,Engineering Workshop,100.0,100.0,O,,PASS,7.9,0
STU_25881A66J9,25881A66J9,DONTHOJI VIGNESH,C,1,SUB_1_A9501,A9501,Programming for Problem Solving,88.0,50.0,C,,PASS,7.9,0
STU_25881A66J9,25881A66J9,DONTHOJI VIGNESH,C,1,SUB_1_A9502,A9502,Programming for Problem Solving Laboratory,86.67,60.0,B,,PASS,7.9,0
STU_25881A66J9,25881A66J9,DONTHOJI VIGNESH,C,1,SUB_1_A9801,A9801,Foundations of Data Science,88.52,80.0,A,,PASS,7.9,0
STU_25881A66K0,25881A66K0,GUVVADI VISHAL RAO,C,1,SUB_1_A9001,A9001,Matrices and Calculus,89.33,100.0,O,,PASS,8.5,0
STU_25881A66K0,25881A66K0,GUVVADI VISHAL RAO,C,1,SUB_1_A9007,A9007,Engineering Physics,81.63,90.0,A+,,PASS,8.5,0
STU_25881A66K0,25881A66K0,GUVVADI VISHAL RAO,C,1,SUB_1_A9008,A9008,Engineering Physics Laboratory,77.78,100.0,O,,PASS,8.5,0
STU_25881A66K0,25881A66K0,GUVVADI VISHAL RAO,C,1,SUB_1_A9021,A9021,Community Centered Design Thinking,92.86,90.0,A+,,PASS,8.5,0
STU_25881A66K0,25881A66K0,GUVVADI VISHAL RAO,C,1,SUB_1_A9204,A9204,Basic Electrical Engineering,89.19,90.0,A+,,PASS,8.5,0
STU_25881A66K0,25881A66K0,GUVVADI VISHAL RAO,C,1,SUB_1_A9205,A9205,Basic Electrical Engineering Laboratory,92.86,100.0,O,,PASS,8.5,0
STU_25881A66K0,25881A66K0,GUVVADI VISHAL RAO,C,1,SUB_1_A9302,A9302,Engineering Workshop,100.0,90.0,A+,,PASS,8.5,0
STU_25881A66K0,25881A66K0,GUVVADI VISHAL RAO,C,1,SUB_1_A9501,A9501,Programming for Problem Solving,86.67,60.0,B,,PASS,8.5,0
STU_25881A66K0,25881A66K0,GUVVADI VISHAL RAO,C,1,SUB_1_A9502,A9502,Programming for Problem Solving Laboratory,73.33,80.0,A,,PASS,8.5,0
STU_25881A66K0,25881A66K0,GUVVADI VISHAL RAO,C,1,SUB_1_A9801,A9801,Foundations of Data Science,83.61,70.0,B+,,PASS,8.5,0
STU_25881A66K1,25881A66K1,POTHAGANI VISHNU VARDHAN,C,1,SUB_1_A9001,A9001,Matrices and Calculus,97.33,100.0,O,,PASS,8.95,0
STU_25881A66K1,25881A66K1,POTHAGANI VISHNU VARDHAN,C,1,SUB_1_A9007,A9007,Engineering Physics,91.84,80.0,A,,PASS,8.95,0
STU_25881A66K1,25881A66K1,POTHAGANI VISHNU VARDHAN,C,1,SUB_1_A9008,A9008,Engineering Physics Laboratory,88.89,100.0,O,,PASS,8.95,0
STU_25881A66K1,25881A66K1,POTHAGANI VISHNU VARDHAN,C,1,SUB_1_A9021,A9021,Community Centered Design Thinking,100.0,90.0,A+,,PASS,8.95,0
STU_25881A66K1,25881A66K1,POTHAGANI VISHNU VARDHAN,C,1,SUB_1_A9204,A9204,Basic Electrical Engineering,97.3,100.0,O,,PASS,8.95,0
STU_25881A66K1,25881A66K1,POTHAGANI VISHNU VARDHAN,C,1,SUB_1_A9205,A9205,Basic Electrical Engineering Laboratory,95.24,100.0,O,,PASS,8.95,0
STU_25881A66K1,25881A66K1,POTHAGANI VISHNU VARDHAN,C,1,SUB_1_A9302,A9302,Engineering Workshop,100.0,100.0,O,,PASS,8.95,0
STU_25881A66K1,25881A66K1,POTHAGANI VISHNU VARDHAN,C,1,SUB_1_A9501,A9501,Programming for Problem Solving,96.0,80.0,A,,PASS,8.95,0
STU_25881A66K1,25881A66K1,POTHAGANI VISHNU VARDHAN,C,1,SUB_1_A9502,A9502,Programming for Problem Solving Laboratory,100.0,80.0,A,,PASS,8.95,0
STU_25881A66K1,25881A66K1,POTHAGANI VISHNU VARDHAN,C,1,SUB_1_A9801,A9801,Foundations of Data Science,93.44,80.0,A,,PASS,8.95,0
STU_25881A66K2,25881A66K2,KARNE YOGISHWAR SAI,C,1,SUB_1_A9001,A9001,Matrices and Calculus,93.33,90.0,A+,,PASS,8.1,0
STU_25881A66K2,25881A66K2,KARNE YOGISHWAR SAI,C,1,SUB_1_A9007,A9007,Engineering Physics,87.76,70.0,B+,,PASS,8.1,0
STU_25881A66K2,25881A66K2,KARNE YOGISHWAR SAI,C,1,SUB_1_A9008,A9008,Engineering Physics Laboratory,66.67,90.0,A+,,PASS,8.1,0
STU_25881A66K2,25881A66K2,KARNE YOGISHWAR SAI,C,1,SUB_1_A9021,A9021,Community Centered Design Thinking,85.71,80.0,A,,PASS,8.1,0
STU_25881A66K2,25881A66K2,KARNE YOGISHWAR SAI,C,1,SUB_1_A9204,A9204,Basic Electrical Engineering,87.84,80.0,A,,PASS,8.1,0
STU_25881A66K2,25881A66K2,KARNE YOGISHWAR SAI,C,1,SUB_1_A9205,A9205,Basic Electrical Engineering Laboratory,95.24,100.0,O,,PASS,8.1,0
STU_25881A66K2,25881A66K2,KARNE YOGISHWAR SAI,C,1,SUB_1_A9302,A9302,Engineering Workshop,100.0,100.0,O,,PASS,8.1,0
STU_25881A66K2,25881A66K2,KARNE YOGISHWAR SAI,C,1,SUB_1_A9501,A9501,Programming for Problem Solving,86.67,70.0,B+,,PASS,8.1,0
STU_25881A66K2,25881A66K2,KARNE YOGISHWAR SAI,C,1,SUB_1_A9502,A9502,Programming for Problem Solving Laboratory,93.33,70.0,B+,,PASS,8.1,0
STU_25881A66K2,25881A66K2,KARNE YOGISHWAR SAI,C,1,SUB_1_A9801,A9801,Foundations of Data Science,86.89,80.0,A,,PASS,8.1,0
STU_25881A66K3,25881A66K3,KONDAPURAM YOUGENDER,C,1,SUB_1_A9001,A9001,Matrices and Calculus,88.0,50.0,C,,PASS,6.0,0
STU_25881A66K3,25881A66K3,KONDAPURAM YOUGENDER,C,1,SUB_1_A9007,A9007,Engineering Physics,81.63,50.0,C,,PASS,6.0,0
STU_25881A66K3,25881A66K3,KONDAPURAM YOUGENDER,C,1,SUB_1_A9008,A9008,Engineering Physics Laboratory,77.78,80.0,A,,PASS,6.0,0
STU_25881A66K3,25881A66K3,KONDAPURAM YOUGENDER,C,1,SUB_1_A9021,A9021,Community Centered Design Thinking,85.71,90.0,A+,,PASS,6.0,0
STU_25881A66K3,25881A66K3,KONDAPURAM YOUGENDER,C,1,SUB_1_A9204,A9204,Basic Electrical Engineering,87.84,60.0,B,,PASS,6.0,0
STU_25881A66K3,25881A66K3,KONDAPURAM YOUGENDER,C,1,SUB_1_A9205,A9205,Basic Electrical Engineering Laboratory,85.71,80.0,A,,PASS,6.0,0
STU_25881A66K3,25881A66K3,KONDAPURAM YOUGENDER,C,1,SUB_1_A9302,A9302,Engineering Workshop,92.86,100.0,O,,PASS,6.0,0
STU_25881A66K3,25881A66K3,KONDAPURAM YOUGENDER,C,1,SUB_1_A9501,A9501,Programming for Problem Solving,85.33,50.0,C,,PASS,6.0,0
STU_25881A66K3,25881A66K3,KONDAPURAM YOUGENDER,C,1,SUB_1_A9502,A9502,Programming for Problem Solving Laboratory,86.67,50.0,C,,PASS,6.0,0
STU_25881A66K3,25881A66K3,KONDAPURAM YOUGENDER,C,1,SUB_1_A9801,A9801,Foundations of Data Science,86.89,60.0,B,,PASS,6.0,0
STU_25881A6601,25881A6601,PIDAKALA AASHISH,A,2,SUB_2_A9002,A9002,Ordinary Differential Equations and Vector Calculus,79.73,80.0,A,,PASS,8.1,0
STU_25881A6601,25881A6601,PIDAKALA AASHISH,A,2,SUB_2_A9009,A9009,Engineering Chemistry,83.87,70.0,B+,,PASS,8.1,0
STU_25881A6601,25881A6601,PIDAKALA AASHISH,A,2,SUB_2_A9010,A9010,Engineering Chemistry Laboratory,100.0,80.0,A,,PASS,8.1,0
STU_25881A6601,25881A6601,PIDAKALA AASHISH,A,2,SUB_2_A9011,A9011,English for Skills Enhancement,80.43,80.0,A,,PASS,8.1,0
STU_25881A6601,25881A6601,PIDAKALA AASHISH,A,2,SUB_2_A9012,A9012,English Language and Communication Skills Laboratory,86.67,80.0,A,,PASS,8.1,0
STU_25881A6601,25881A6601,PIDAKALA AASHISH,A,2,SUB_2_A9022,A9022,Product Design and Development,62.22,100.0,O,,PASS,8.1,0
STU_25881A6601,25881A6601,PIDAKALA AASHISH,A,2,SUB_2_A9304,A9304,Computer Aided Engineering Graphics,75.0,90.0,A+,,PASS,8.1,0
STU_25881A6601,25881A6601,PIDAKALA AASHISH,A,2,SUB_2_A9402,A9402,Digital Electronics,88.14,80.0,A,,PASS,8.1,0
STU_25881A6601,25881A6601,PIDAKALA AASHISH,A,2,SUB_2_A9503,A9503,Data Structures,81.25,80.0,A,,PASS,8.1,0
STU_25881A6601,25881A6601,PIDAKALA AASHISH,A,2,SUB_2_A9504,A9504,Data Structures Laboratory,79.31,100.0,O,,PASS,8.1,0
STU_25881A6602,25881A6602,BIKUMALLA AASHRITA,A,2,SUB_2_A9002,A9002,Ordinary Differential Equations and Vector Calculus,81.08,80.0,A,,PASS,8.65,0
STU_25881A6602,25881A6602,BIKUMALLA AASHRITA,A,2,SUB_2_A9009,A9009,Engineering Chemistry,74.19,90.0,A+,,PASS,8.65,0
STU_25881A6602,25881A6602,BIKUMALLA AASHRITA,A,2,SUB_2_A9010,A9010,Engineering Chemistry Laboratory,100.0,100.0,O,,PASS,8.65,0
STU_25881A6602,25881A6602,BIKUMALLA AASHRITA,A,2,SUB_2_A9011,A9011,English for Skills Enhancement,78.26,80.0,A,,PASS,8.65,0
STU_25881A6602,25881A6602,BIKUMALLA AASHRITA,A,2,SUB_2_A9012,A9012,English Language and Communication Skills Laboratory,86.67,80.0,A,,PASS,8.65,0
STU_25881A6602,25881A6602,BIKUMALLA AASHRITA,A,2,SUB_2_A9022,A9022,Product Design and Development,64.44,100.0,O,,PASS,8.65,0
STU_25881A6602,25881A6602,BIKUMALLA AASHRITA,A,2,SUB_2_A9304,A9304,Computer Aided Engineering Graphics,75.0,90.0,A+,,PASS,8.65,0
STU_25881A6602,25881A6602,BIKUMALLA AASHRITA,A,2,SUB_2_A9402,A9402,Digital Electronics,89.83,90.0,A+,,PASS,8.65,0
STU_25881A6602,25881A6602,BIKUMALLA AASHRITA,A,2,SUB_2_A9503,A9503,Data Structures,87.5,80.0,A,,PASS,8.65,0
STU_25881A6602,25881A6602,BIKUMALLA AASHRITA,A,2,SUB_2_A9504,A9504,Data Structures Laboratory,100.0,100.0,O,,PASS,8.65,0
STU_25881A6603,25881A6603,GURRAPU ABHIRAM,A,2,SUB_2_A9002,A9002,Ordinary Differential Equations and Vector Calculus,72.97,70.0,B+,,PASS,7.15,0
STU_25881A6603,25881A6603,GURRAPU ABHIRAM,A,2,SUB_2_A9009,A9009,Engineering Chemistry,80.65,60.0,B,,PASS,7.15,0
STU_25881A6603,25881A6603,GURRAPU ABHIRAM,A,2,SUB_2_A9010,A9010,Engineering Chemistry Laboratory,78.57,80.0,A,,PASS,7.15,0
STU_25881A6603,25881A6603,GURRAPU ABHIRAM,A,2,SUB_2_A9011,A9011,English for Skills Enhancement,76.09,70.0,B+,,PASS,7.15,0
STU_25881A6603,25881A6603,GURRAPU ABHIRAM,A,2,SUB_2_A9012,A9012,English Language and Communication Skills Laboratory,73.33,90.0,A+,,PASS,7.15,0
STU_25881A6603,25881A6603,GURRAPU ABHIRAM,A,2,SUB_2_A9022,A9022,Product Design and Development,75.56,100.0,O,,PASS,7.15,0
STU_25881A6603,25881A6603,GURRAPU ABHIRAM,A,2,SUB_2_A9304,A9304,Computer Aided Engineering Graphics,75.0,90.0,A+,,PASS,7.15,0
STU_25881A6603,25881A6603,GURRAPU ABHIRAM,A,2,SUB_2_A9402,A9402,Digital Electronics,71.19,70.0,B+,,PASS,7.15,0
STU_25881A6603,25881A6603,GURRAPU ABHIRAM,A,2,SUB_2_A9503,A9503,Data Structures,76.56,60.0,B,,PASS,7.15,0
STU_25881A6603,25881A6603,GURRAPU ABHIRAM,A,2,SUB_2_A9504,A9504,Data Structures Laboratory,79.31,80.0,A,,PASS,7.15,0
STU_25881A6604,25881A6604,MUDAAVATH AKHIL,A,2,SUB_2_A9002,A9002,Ordinary Differential Equations and Vector Calculus,78.38,50.0,C,,PASS,6.45,0
STU_25881A6604,25881A6604,MUDAAVATH AKHIL,A,2,SUB_2_A9009,A9009,Engineering Chemistry,82.26,60.0,B,,PASS,6.45,0
STU_25881A6604,25881A6604,MUDAAVATH AKHIL,A,2,SUB_2_A9010,A9010,Engineering Chemistry Laboratory,85.71,90.0,A+,,PASS,6.45,0
STU_25881A6604,25881A6604,MUDAAVATH AKHIL,A,2,SUB_2_A9011,A9011,English for Skills Enhancement,86.96,70.0,B+,,PASS,6.45,0
STU_25881A6604,25881A6604,MUDAAVATH AKHIL,A,2,SUB_2_A9012,A9012,English Language and Communication Skills Laboratory,93.33,80.0,A,,PASS,6.45,0
STU_25881A6604,25881A6604,MUDAAVATH AKHIL,A,2,SUB_2_A9022,A9022,Product Design and Development,71.11,100.0,O,,PASS,6.45,0
STU_25881A6604,25881A6604,MUDAAVATH AKHIL,A,2,SUB_2_A9304,A9304,Computer Aided Engineering Graphics,75.0,80.0,A,,PASS,6.45,0
STU_25881A6604,25881A6604,MUDAAVATH AKHIL,A,2,SUB_2_A9402,A9402,Digital Electronics,96.61,60.0,B,,PASS,6.45,0
STU_25881A6604,25881A6604,MUDAAVATH AKHIL,A,2,SUB_2_A9503,A9503,Data Structures,87.5,50.0,C,,PASS,6.45,0
STU_25881A6604,25881A6604,MUDAAVATH AKHIL,A,2,SUB_2_A9504,A9504,Data Structures Laboratory,93.1,90.0,A+,,PASS,6.45,0
STU_25881A6605,25881A6605,PURI AKSHAY KUMAR,A,2,SUB_2_A9002,A9002,Ordinary Differential Equations and Vector Calculus,72.97,60.0,B,,PASS,6.85,0
STU_25881A6605,25881A6605,PURI AKSHAY KUMAR,A,2,SUB_2_A9009,A9009,Engineering Chemistry,80.65,70.0,B+,,PASS,6.85,0
STU_25881A6605,25881A6605,PURI AKSHAY KUMAR,A,2,SUB_2_A9010,A9010,Engineering Chemistry Laboratory,92.86,90.0,A+,,PASS,6.85,0
STU_25881A6605,25881A6605,PURI AKSHAY KUMAR,A,2,SUB_2_A9011,A9011,English for Skills Enhancement,86.96,70.0,B+,,PASS,6.85,0
STU_25881A6605,25881A6605,PURI AKSHAY KUMAR,A,2,SUB_2_A9012,A9012,English Language and Communication Skills Laboratory,100.0,90.0,A+,,PASS,6.85,0
STU_25881A6605,25881A6605,PURI AKSHAY KUMAR,A,2,SUB_2_A9022,A9022,Product Design and Development,75.56,100.0,O,,PASS,6.85,0
STU_25881A6605,25881A6605,PURI AKSHAY KUMAR,A,2,SUB_2_A9304,A9304,Computer Aided Engineering Graphics,75.0,90.0,A+,,PASS,6.85,0
STU_25881A6605,25881A6605,PURI AKSHAY KUMAR,A,2,SUB_2_A9402,A9402,Digital Electronics,89.83,60.0,B,,PASS,6.85,0
STU_25881A6605,25881A6605,PURI AKSHAY KUMAR,A,2,SUB_2_A9503,A9503,Data Structures,82.81,50.0,C,,PASS,6.85,0
STU_25881A6605,25881A6605,PURI AKSHAY KUMAR,A,2,SUB_2_A9504,A9504,Data Structures Laboratory,100.0,80.0,A,,PASS,6.85,0
STU_25881A6606,25881A6606,TIPPARTHY AKSHAY,A,2,SUB_2_A9002,A9002,Ordinary Differential Equations and Vector Calculus,91.89,70.0,B+,,PASS,5.95,1
STU_25881A6606,25881A6606,TIPPARTHY AKSHAY,A,2,SUB_2_A9009,A9009,Engineering Chemistry,87.1,50.0,C,,PASS,5.95,1
STU_25881A6606,25881A6606,TIPPARTHY AKSHAY,A,2,SUB_2_A9010,A9010,Engineering Chemistry Laboratory,92.86,80.0,A,,PASS,5.95,1
STU_25881A6606,25881A6606,TIPPARTHY AKSHAY,A,2,SUB_2_A9011,A9011,English for Skills Enhancement,71.74,70.0,B+,,PASS,5.95,1
STU_25881A6606,25881A6606,TIPPARTHY AKSHAY,A,2,SUB_2_A9012,A9012,English Language and Communication Skills Laboratory,93.33,90.0,A+,,PASS,5.95,1
STU_25881A6606,25881A6606,TIPPARTHY AKSHAY,A,2,SUB_2_A9022,A9022,Product Design and Development,75.56,100.0,O,,PASS,5.95,1
STU_25881A6606,25881A6606,TIPPARTHY AKSHAY,A,2,SUB_2_A9304,A9304,Computer Aided Engineering Graphics,87.5,90.0,A+,,PASS,5.95,1
STU_25881A6606,25881A6606,TIPPARTHY AKSHAY,A,2,SUB_2_A9402,A9402,Digital Electronics,86.44,60.0,B,,PASS,5.95,1
STU_25881A6606,25881A6606,TIPPARTHY AKSHAY,A,2,SUB_2_A9503,A9503,Data Structures,71.88,0.0,F,,FAIL,5.95,1
STU_25881A6606,25881A6606,TIPPARTHY AKSHAY,A,2,SUB_2_A9504,A9504,Data Structures Laboratory,72.41,80.0,A,,PASS,5.95,1
STU_25881A6607,25881A6607,UYYALA AKSHAYA,A,2,SUB_2_A9002,A9002,Ordinary Differential Equations and Vector Calculus,78.38,0.0,F,,FAIL,5.8,1
STU_25881A6607,25881A6607,UYYALA AKSHAYA,A,2,SUB_2_A9009,A9009,Engineering Chemistry,82.26,60.0,B,,PASS,5.8,1
STU_25881A6607,25881A6607,UYYALA AKSHAYA,A,2,SUB_2_A9010,A9010,Engineering Chemistry Laboratory,71.43,90.0,A+,,PASS,5.8,1
STU_25881A6607,25881A6607,UYYALA AKSHAYA,A,2,SUB_2_A9011,A9011,English for Skills Enhancement,84.78,80.0,A,,PASS,5.8,1
STU_25881A6607,25881A6607,UYYALA AKSHAYA,A,2,SUB_2_A9012,A9012,English Language and Communication Skills Laboratory,73.33,90.0,A+,,PASS,5.8,1
STU_25881A6607,25881A6607,UYYALA AKSHAYA,A,2,SUB_2_A9022,A9022,Product Design and Development,62.22,100.0,O,,PASS,5.8,1
STU_25881A6607,25881A6607,UYYALA AKSHAYA,A,2,SUB_2_A9304,A9304,Computer Aided Engineering Graphics,62.5,90.0,A+,,PASS,5.8,1
STU_25881A6607,25881A6607,UYYALA AKSHAYA,A,2,SUB_2_A9402,A9402,Digital Electronics,83.05,70.0,B+,,PASS,5.8,1
STU_25881A6607,25881A6607,UYYALA AKSHAYA,A,2,SUB_2_A9503,A9503,Data Structures,79.69,50.0,C,,PASS,5.8,1
STU_25881A6607,25881A6607,UYYALA AKSHAYA,A,2,SUB_2_A9504,A9504,Data Structures Laboratory,72.41,90.0,A+,,PASS,5.8,1
STU_25881A6608,25881A6608,SIRAMSETTI ANUSHA,A,2,SUB_2_A9002,A9002,Ordinary Differential Equations and Vector Calculus,85.14,100.0,O,,PASS,9.5,0
STU_25881A6608,25881A6608,SIRAMSETTI ANUSHA,A,2,SUB_2_A9009,A9009,Engineering Chemistry,85.48,90.0,A+,,PASS,9.5,0
STU_25881A6608,25881A6608,SIRAMSETTI ANUSHA,A,2,SUB_2_A9010,A9010,Engineering Chemistry Laboratory,92.86,100.0,O,,PASS,9.5,0
STU_25881A6608,25881A6608,SIRAMSETTI ANUSHA,A,2,SUB_2_A9011,A9011,English for Skills Enhancement,86.96,90.0,A+,,PASS,9.5,0
STU_25881A6608,25881A6608,SIRAMSETTI ANUSHA,A,2,SUB_2_A9012,A9012,English Language and Communication Skills Laboratory,100.0,90.0,A+,,PASS,9.5,0
STU_25881A6608,25881A6608,SIRAMSETTI ANUSHA,A,2,SUB_2_A9022,A9022,Product Design and Development,88.89,100.0,O,,PASS,9.5,0
STU_25881A6608,25881A6608,SIRAMSETTI ANUSHA,A,2,SUB_2_A9304,A9304,Computer Aided Engineering Graphics,93.75,90.0,A+,,PASS,9.5,0
STU_25881A6608,25881A6608,SIRAMSETTI ANUSHA,A,2,SUB_2_A9402,A9402,Digital Electronics,89.83,100.0,O,,PASS,9.5,0
STU_25881A6608,25881A6608,SIRAMSETTI ANUSHA,A,2,SUB_2_A9503,A9503,Data Structures,93.75,90.0,A+,,PASS,9.5,0
STU_25881A6608,25881A6608,SIRAMSETTI ANUSHA,A,2,SUB_2_A9504,A9504,Data Structures Laboratory,100.0,100.0,O,,PASS,9.5,0
STU_25881A6609,25881A6609,BYRI CHANDAN KUMAR,A,2,SUB_2_A9002,A9002,Ordinary Differential Equations and Vector Calculus,66.22,80.0,A,,PASS,8.65,0
STU_25881A6609,25881A6609,BYRI CHANDAN KUMAR,A,2,SUB_2_A9009,A9009,Engineering Chemistry,70.97,80.0,A,,PASS,8.65,0
STU_25881A6609,25881A6609,BYRI CHANDAN KUMAR,A,2,SUB_2_A9010,A9010,Engineering Chemistry Laboratory,92.86,90.0,A+,,PASS,8.65,0
STU_25881A6609,25881A6609,BYRI CHANDAN KUMAR,A,2,SUB_2_A9011,A9011,English for Skills Enhancement,73.91,80.0,A,,PASS,8.65,0
STU_25881A6609,25881A6609,BYRI CHANDAN KUMAR,A,2,SUB_2_A9012,A9012,English Language and Communication Skills Laboratory,86.67,90.0,A+,,PASS,8.65,0
STU_25881A6609,25881A6609,BYRI CHANDAN KUMAR,A,2,SUB_2_A9022,A9022,Product Design and Development,75.56,100.0,O,,PASS,8.65,0
STU_25881A6609,25881A6609,BYRI CHANDAN KUMAR,A,2,SUB_2_A9304,A9304,Computer Aided Engineering Graphics,62.5,90.0,A+,,PASS,8.65,0
STU_25881A6609,25881A6609,BYRI CHANDAN KUMAR,A,2,SUB_2_A9402,A9402,Digital Electronics,86.44,90.0,A+,,PASS,8.65,0
STU_25881A6609,25881A6609,BYRI CHANDAN KUMAR,A,2,SUB_2_A9503,A9503,Data Structures,75.0,90.0,A+,,PASS,8.65,0
STU_25881A6609,25881A6609,BYRI CHANDAN KUMAR,A,2,SUB_2_A9504,A9504,Data Structures Laboratory,79.31,100.0,O,,PASS,8.65,0
STU_25881A6610,25881A6610,V DEEKSHITH REDDY,A,2,SUB_2_A9002,A9002,Ordinary Differential Equations and Vector Calculus,71.62,90.0,A+,,PASS,8.55,0
STU_25881A6610,25881A6610,V DEEKSHITH REDDY,A,2,SUB_2_A9009,A9009,Engineering Chemistry,75.81,80.0,A,,PASS,8.55,0
STU_25881A6610,25881A6610,V DEEKSHITH REDDY,A,2,SUB_2_A9010,A9010,Engineering Chemistry Laboratory,92.86,90.0,A+,,PASS,8.55,0
STU_25881A6610,25881A6610,V DEEKSHITH REDDY,A,2,SUB_2_A9011,A9011,English for Skills Enhancement,86.96,80.0,A,,PASS,8.55,0
STU_25881A6610,25881A6610,V DEEKSHITH REDDY,A,2,SUB_2_A9012,A9012,English Language and Communication Skills Laboratory,86.67,90.0,A+,,PASS,8.55,0
STU_25881A6610,25881A6610,V DEEKSHITH REDDY,A,2,SUB_2_A9022,A9022,Product Design and Development,68.89,100.0,O,,PASS,8.55,0
STU_25881A6610,25881A6610,V DEEKSHITH REDDY,A,2,SUB_2_A9304,A9304,Computer Aided Engineering Graphics,68.75,90.0,A+,,PASS,8.55,0
STU_25881A6610,25881A6610,V DEEKSHITH REDDY,A,2,SUB_2_A9402,A9402,Digital Electronics,83.05,80.0,A,,PASS,8.55,0
STU_25881A6610,25881A6610,V DEEKSHITH REDDY,A,2,SUB_2_A9503,A9503,Data Structures,76.56,80.0,A,,PASS,8.55,0
STU_25881A6610,25881A6610,V DEEKSHITH REDDY,A,2,SUB_2_A9504,A9504,Data Structures Laboratory,86.21,100.0,O,,PASS,8.55,0
STU_25881A6611,25881A6611,NERELLA DEEPIKA,A,2,SUB_2_A9002,A9002,Ordinary Differential Equations and Vector Calculus,85.14,90.0,A+,,PASS,9.25,0
STU_25881A6611,25881A6611,NERELLA DEEPIKA,A,2,SUB_2_A9009,A9009,Engineering Chemistry,87.1,90.0,A+,,PASS,9.25,0
STU_25881A6611,25881A6611,NERELLA DEEPIKA,A,2,SUB_2_A9010,A9010,Engineering Chemistry Laboratory,92.86,100.0,O,,PASS,9.25,0
STU_25881A6611,25881A6611,NERELLA DEEPIKA,A,2,SUB_2_A9011,A9011,English for Skills Enhancement,86.96,90.0,A+,,PASS,9.25,0
STU_25881A6611,25881A6611,NERELLA DEEPIKA,A,2,SUB_2_A9012,A9012,English Language and Communication Skills Laboratory,100.0,90.0,A+,,PASS,9.25,0
STU_25881A6611,25881A6611,NERELLA DEEPIKA,A,2,SUB_2_A9022,A9022,Product Design and Development,75.56,100.0,O,,PASS,9.25,0
STU_25881A6611,25881A6611,NERELLA DEEPIKA,A,2,SUB_2_A9304,A9304,Computer Aided Engineering Graphics,87.5,90.0,A+,,PASS,9.25,0
STU_25881A6611,25881A6611,NERELLA DEEPIKA,A,2,SUB_2_A9402,A9402,Digital Electronics,84.75,100.0,O,,PASS,9.25,0
STU_25881A6611,25881A6611,NERELLA DEEPIKA,A,2,SUB_2_A9503,A9503,Data Structures,89.06,90.0,A+,,PASS,9.25,0
STU_25881A6611,25881A6611,NERELLA DEEPIKA,A,2,SUB_2_A9504,A9504,Data Structures Laboratory,100.0,90.0,A+,,PASS,9.25,0
STU_25881A6612,25881A6612,THUMU ESWAR,A,2,SUB_2_A9002,A9002,Ordinary Differential Equations and Vector Calculus,79.73,60.0,B,,PASS,6.5,0
STU_25881A6612,25881A6612,THUMU ESWAR,A,2,SUB_2_A9009,A9009,Engineering Chemistry,75.81,60.0,B,,PASS,6.5,0
STU_25881A6612,25881A6612,THUMU ESWAR,A,2,SUB_2_A9010,A9010,Engineering Chemistry Laboratory,85.71,70.0,B+,,PASS,6.5,0
STU_25881A6612,25881A6612,THUMU ESWAR,A,2,SUB_2_A9011,A9011,English for Skills Enhancement,69.57,80.0,A,,PASS,6.5,0
STU_25881A6612,25881A6612,THUMU ESWAR,A,2,SUB_2_A9012,A9012,English Language and Communication Skills Laboratory,86.67,80.0,A,,PASS,6.5,0
STU_25881A6612,25881A6612,THUMU ESWAR,A,2,SUB_2_A9022,A9022,Product Design and Development,68.89,100.0,O,,PASS,6.5,0
STU_25881A6612,25881A6612,THUMU ESWAR,A,2,SUB_2_A9304,A9304,Computer Aided Engineering Graphics,81.25,90.0,A+,,PASS,6.5,0
STU_25881A6612,25881A6612,THUMU ESWAR,A,2,SUB_2_A9402,A9402,Digital Electronics,79.66,50.0,C,,PASS,6.5,0
STU_25881A6612,25881A6612,THUMU ESWAR,A,2,SUB_2_A9503,A9503,Data Structures,75.0,50.0,C,,PASS,6.5,0
STU_25881A6612,25881A6612,THUMU ESWAR,A,2,SUB_2_A9504,A9504,Data Structures Laboratory,79.31,80.0,A,,PASS,6.5,0
STU_25881A6613,25881A6613,GUNDALA GOURI PRIYA,A,2,SUB_2_A9002,A9002,Ordinary Differential Equations and Vector Calculus,86.49,100.0,O,,PASS,9.25,0
STU_25881A6613,25881A6613,GUNDALA GOURI PRIYA,A,2,SUB_2_A9009,A9009,Engineering Chemistry,82.26,80.0,A,,PASS,9.25,0
STU_25881A6613,25881A6613,GUNDALA GOURI PRIYA,A,2,SUB_2_A9010,A9010,Engineering Chemistry Laboratory,85.71,100.0,O,,PASS,9.25,0
STU_25881A6613,25881A6613,GUNDALA GOURI PRIYA,A,2,SUB_2_A9011,A9011,English for Skills Enhancement,84.78,90.0,A+,,PASS,9.25,0
STU_25881A6613,25881A6613,GUNDALA GOURI PRIYA,A,2,SUB_2_A9012,A9012,English Language and Communication Skills Laboratory,93.33,80.0,A,,PASS,9.25,0
STU_25881A6613,25881A6613,GUNDALA GOURI PRIYA,A,2,SUB_2_A9022,A9022,Product Design and Development,82.22,100.0,O,,PASS,9.25,0
STU_25881A6613,25881A6613,GUNDALA GOURI PRIYA,A,2,SUB_2_A9304,A9304,Computer Aided Engineering Graphics,81.25,90.0,A+,,PASS,9.25,0
STU_25881A6613,25881A6613,GUNDALA GOURI PRIYA,A,2,SUB_2_A9402,A9402,Digital Electronics,89.83,100.0,O,,PASS,9.25,0
STU_25881A6613,25881A6613,GUNDALA GOURI PRIYA,A,2,SUB_2_A9503,A9503,Data Structures,81.25,90.0,A+,,PASS,9.25,0
STU_25881A6613,25881A6613,GUNDALA GOURI PRIYA,A,2,SUB_2_A9504,A9504,Data Structures Laboratory,93.1,90.0,A+,,PASS,9.25,0
STU_25881A6614,25881A6614,THOKALA GOUTHAM REDDY,A,2,SUB_2_A9002,A9002,Ordinary Differential Equations and Vector Calculus,60.81,0.0,F,,FAIL,5.7,1
STU_25881A6614,25881A6614,THOKALA GOUTHAM REDDY,A,2,SUB_2_A9009,A9009,Engineering Chemistry,72.58,70.0,B+,,PASS,5.7,1
STU_25881A6614,25881A6614,THOKALA GOUTHAM REDDY,A,2,SUB_2_A9010,A9010,Engineering Chemistry Laboratory,85.71,80.0,A,,PASS,5.7,1
STU_25881A6614,25881A6614,THOKALA GOUTHAM REDDY,A,2,SUB_2_A9011,A9011,English for Skills Enhancement,71.74,70.0,B+,,PASS,5.7,1
STU_25881A6614,25881A6614,THOKALA GOUTHAM REDDY,A,2,SUB_2_A9012,A9012,English Language and Communication Skills Laboratory,80.0,80.0,A,,PASS,5.7,1
STU_25881A6614,25881A6614,THOKALA GOUTHAM REDDY,A,2,SUB_2_A9022,A9022,Product Design and Development,62.22,100.0,O,,PASS,5.7,1
STU_25881A6614,25881A6614,THOKALA GOUTHAM REDDY,A,2,SUB_2_A9304,A9304,Computer Aided Engineering Graphics,81.25,90.0,A+,,PASS,5.7,1
STU_25881A6614,25881A6614,THOKALA GOUTHAM REDDY,A,2,SUB_2_A9402,A9402,Digital Electronics,84.75,60.0,B,,PASS,5.7,1
STU_25881A6614,25881A6614,THOKALA GOUTHAM REDDY,A,2,SUB_2_A9503,A9503,Data Structures,57.81,60.0,B,,PASS,5.7,1
STU_25881A6614,25881A6614,THOKALA GOUTHAM REDDY,A,2,SUB_2_A9504,A9504,Data Structures Laboratory,79.31,80.0,A,,PASS,5.7,1
STU_25881A6615,25881A6615,K HARI HARA VARDHAN GOUD,A,2,SUB_2_A9002,A9002,Ordinary Differential Equations and Vector Calculus,86.49,60.0,B,,PASS,7.15,0
STU_25881A6615,25881A6615,K HARI HARA VARDHAN GOUD,A,2,SUB_2_A9009,A9009,Engineering Chemistry,83.87,70.0,B+,,PASS,7.15,0
STU_25881A6615,25881A6615,K HARI HARA VARDHAN GOUD,A,2,SUB_2_A9010,A9010,Engineering Chemistry Laboratory,85.71,70.0,B+,,PASS,7.15,0
STU_25881A6615,25881A6615,K HARI HARA VARDHAN GOUD,A,2,SUB_2_A9011,A9011,English for Skills Enhancement,91.3,70.0,B+,,PASS,7.15,0
STU_25881A6615,25881A6615,K HARI HARA VARDHAN GOUD,A,2,SUB_2_A9012,A9012,English Language and Communication Skills Laboratory,100.0,80.0,A,,PASS,7.15,0
STU_25881A6615,25881A6615,K HARI HARA VARDHAN GOUD,A,2,SUB_2_A9022,A9022,Product Design and Development,75.56,100.0,O,,PASS,7.15,0
STU_25881A6615,25881A6615,K HARI HARA VARDHAN GOUD,A,2,SUB_2_A9304,A9304,Computer Aided Engineering Graphics,81.25,90.0,A+,,PASS,7.15,0
STU_25881A6615,25881A6615,K HARI HARA VARDHAN GOUD,A,2,SUB_2_A9402,A9402,Digital Electronics,84.75,70.0,B+,,PASS,7.15,0
STU_25881A6615,25881A6615,K HARI HARA VARDHAN GOUD,A,2,SUB_2_A9503,A9503,Data Structures,82.81,70.0,B+,,PASS,7.15,0
STU_25881A6615,25881A6615,K HARI HARA VARDHAN GOUD,A,2,SUB_2_A9504,A9504,Data Structures Laboratory,93.1,80.0,A,,PASS,7.15,0
STU_25881A6616,25881A6616,RAPARTHI HARI CHARAN,A,2,SUB_2_A9002,A9002,Ordinary Differential Equations and Vector Calculus,79.73,0.0,F,,FAIL,3.45,3
STU_25881A6616,25881A6616,RAPARTHI HARI CHARAN,A,2,SUB_2_A9009,A9009,Engineering Chemistry,83.87,50.0,C,,PASS,3.45,3
STU_25881A6616,25881A6616,RAPARTHI HARI CHARAN,A,2,SUB_2_A9010,A9010,Engineering Chemistry Laboratory,78.57,70.0,B+,,PASS,3.45,3
STU_25881A6616,25881A6616,RAPARTHI HARI CHARAN,A,2,SUB_2_A9011,A9011,English for Skills Enhancement,84.78,70.0,B+,,PASS,3.45,3
STU_25881A6616,25881A6616,RAPARTHI HARI CHARAN,A,2,SUB_2_A9012,A9012,English Language and Communication Skills Laboratory,93.33,70.0,B+,,PASS,3.45,3
STU_25881A6616,25881A6616,RAPARTHI HARI CHARAN,A,2,SUB_2_A9022,A9022,Product Design and Development,55.56,100.0,O,,PASS,3.45,3
STU_25881A6616,25881A6616,RAPARTHI HARI CHARAN,A,2,SUB_2_A9304,A9304,Computer Aided Engineering Graphics,87.5,80.0,A,,PASS,3.45,3
STU_25881A6616,25881A6616,RAPARTHI HARI CHARAN,A,2,SUB_2_A9402,A9402,Digital Electronics,83.05,0.0,F,,FAIL,3.45,3
STU_25881A6616,25881A6616,RAPARTHI HARI CHARAN,A,2,SUB_2_A9503,A9503,Data Structures,76.56,0.0,F,,FAIL,3.45,3
STU_25881A6616,25881A6616,RAPARTHI HARI CHARAN,A,2,SUB_2_A9504,A9504,Data Structures Laboratory,93.1,80.0,A,,PASS,3.45,3
STU_25881A6617,25881A6617,SAGRLA HARIKA,A,2,SUB_2_A9002,A9002,Ordinary Differential Equations and Vector Calculus,82.43,70.0,B+,,PASS,7.4,0
STU_25881A6617,25881A6617,SAGRLA HARIKA,A,2,SUB_2_A9009,A9009,Engineering Chemistry,77.42,70.0,B+,,PASS,7.4,0
STU_25881A6617,25881A6617,SAGRLA HARIKA,A,2,SUB_2_A9010,A9010,Engineering Chemistry Laboratory,85.71,90.0,A+,,PASS,7.4,0
STU_25881A6617,25881A6617,SAGRLA HARIKA,A,2,SUB_2_A9011,A9011,English for Skills Enhancement,78.26,70.0,B+,,PASS,7.4,0
STU_25881A6617,25881A6617,SAGRLA HARIKA,A,2,SUB_2_A9012,A9012,English Language and Communication Skills Laboratory,86.67,80.0,A,,PASS,7.4,0
STU_25881A6617,25881A6617,SAGRLA HARIKA,A,2,SUB_2_A9022,A9022,Product Design and Development,84.44,100.0,O,,PASS,7.4,0
STU_25881A6617,25881A6617,SAGRLA HARIKA,A,2,SUB_2_A9304,A9304,Computer Aided Engineering Graphics,81.25,80.0,A,,PASS,7.4,0
STU_25881A6617,25881A6617,SAGRLA HARIKA,A,2,SUB_2_A9402,A9402,Digital Electronics,83.05,70.0,B+,,PASS,7.4,0
STU_25881A6617,25881A6617,SAGRLA HARIKA,A,2,SUB_2_A9503,A9503,Data Structures,87.5,70.0,B+,,PASS,7.4,0
STU_25881A6617,25881A6617,SAGRLA HARIKA,A,2,SUB_2_A9504,A9504,Data Structures Laboratory,93.1,80.0,A,,PASS,7.4,0
STU_25881A6618,25881A6618,HARIKA DAVUPATI,A,2,SUB_2_A9002,A9002,Ordinary Differential Equations and Vector Calculus,93.24,70.0,B+,,PASS,8.05,0
STU_25881A6618,25881A6618,HARIKA DAVUPATI,A,2,SUB_2_A9009,A9009,Engineering Chemistry,91.94,70.0,B+,,PASS,8.05,0
STU_25881A6618,25881A6618,HARIKA DAVUPATI,A,2,SUB_2_A9010,A9010,Engineering Chemistry Laboratory,92.86,90.0,A+,,PASS,8.05,0
STU_25881A6618,25881A6618,HARIKA DAVUPATI,A,2,SUB_2_A9011,A9011,English for Skills Enhancement,93.48,90.0,A+,,PASS,8.05,0
STU_25881A6618,25881A6618,HARIKA DAVUPATI,A,2,SUB_2_A9012,A9012,English Language and Communication Skills Laboratory,100.0,90.0,A+,,PASS,8.05,0
STU_25881A6618,25881A6618,HARIKA DAVUPATI,A,2,SUB_2_A9022,A9022,Product Design and Development,82.22,100.0,O,,PASS,8.05,0
STU_25881A6618,25881A6618,HARIKA DAVUPATI,A,2,SUB_2_A9304,A9304,Computer Aided Engineering Graphics,93.75,90.0,A+,,PASS,8.05,0
STU_25881A6618,25881A6618,HARIKA DAVUPATI,A,2,SUB_2_A9402,A9402,Digital Electronics,89.83,80.0,A,,PASS,8.05,0
STU_25881A6618,25881A6618,HARIKA DAVUPATI,A,2,SUB_2_A9503,A9503,Data Structures,95.31,80.0,A,,PASS,8.05,0
STU_25881A6618,25881A6618,HARIKA DAVUPATI,A,2,SUB_2_A9504,A9504,Data Structures Laboratory,93.1,90.0,A+,,PASS,8.05,0
STU_25881A6619,25881A6619,ABDUL HASEEB AHMED,A,2,SUB_2_A9002,A9002,Ordinary Differential Equations and Vector Calculus,56.76,60.0,B,,PASS,7.25,0
STU_25881A6619,25881A6619,ABDUL HASEEB AHMED,A,2,SUB_2_A9009,A9009,Engineering Chemistry,66.13,80.0,A,,PASS,7.25,0
STU_25881A6619,25881A6619,ABDUL HASEEB AHMED,A,2,SUB_2_A9010,A9010,Engineering Chemistry Laboratory,78.57,90.0,A+,,PASS,7.25,0
STU_25881A6619,25881A6619,ABDUL HASEEB AHMED,A,2,SUB_2_A9011,A9011,English for Skills Enhancement,76.09,80.0,A,,PASS,7.25,0
STU_25881A6619,25881A6619,ABDUL HASEEB AHMED,A,2,SUB_2_A9012,A9012,English Language and Communication Skills Laboratory,73.33,90.0,A+,,PASS,7.25,0
STU_25881A6619,25881A6619,ABDUL HASEEB AHMED,A,2,SUB_2_A9022,A9022,Product Design and Development,88.89,100.0,O,,PASS,7.25,0
STU_25881A6619,25881A6619,ABDUL HASEEB AHMED,A,2,SUB_2_A9304,A9304,Computer Aided Engineering Graphics,62.5,80.0,A,,PASS,7.25,0
STU_25881A6619,25881A6619,ABDUL HASEEB AHMED,A,2,SUB_2_A9402,A9402,Digital Electronics,76.27,60.0,B,,PASS,7.25,0
STU_25881A6619,25881A6619,ABDUL HASEEB AHMED,A,2,SUB_2_A9503,A9503,Data Structures,76.56,60.0,B,,PASS,7.25,0
STU_25881A6619,25881A6619,ABDUL HASEEB AHMED,A,2,SUB_2_A9504,A9504,Data Structures Laboratory,93.1,90.0,A+,,PASS,7.25,0
STU_25881A6620,25881A6620,KUNTA JASHWANTH,A,2,SUB_2_A9002,A9002,Ordinary Differential Equations and Vector Calculus,79.73,90.0,A+,,PASS,8.85,0
STU_25881A6620,25881A6620,KUNTA JASHWANTH,A,2,SUB_2_A9009,A9009,Engineering Chemistry,82.26,90.0,A+,,PASS,8.85,0
STU_25881A6620,25881A6620,KUNTA JASHWANTH,A,2,SUB_2_A9010,A9010,Engineering Chemistry Laboratory,100.0,100.0,O,,PASS,8.85,0
STU_25881A6620,25881A6620,KUNTA JASHWANTH,A,2,SUB_2_A9011,A9011,English for Skills Enhancement,82.61,80.0,A,,PASS,8.85,0
STU_25881A6620,25881A6620,KUNTA JASHWANTH,A,2,SUB_2_A9012,A9012,English Language and Communication Skills Laboratory,86.67,80.0,A,,PASS,8.85,0
STU_25881A6620,25881A6620,KUNTA JASHWANTH,A,2,SUB_2_A9022,A9022,Product Design and Development,55.56,100.0,O,,PASS,8.85,0
STU_25881A6620,25881A6620,KUNTA JASHWANTH,A,2,SUB_2_A9304,A9304,Computer Aided Engineering Graphics,87.5,90.0,A+,,PASS,8.85,0
STU_25881A6620,25881A6620,KUNTA JASHWANTH,A,2,SUB_2_A9402,A9402,Digital Electronics,86.44,90.0,A+,,PASS,8.85,0
STU_25881A6620,25881A6620,KUNTA JASHWANTH,A,2,SUB_2_A9503,A9503,Data Structures,79.69,80.0,A,,PASS,8.85,0
STU_25881A6620,25881A6620,KUNTA JASHWANTH,A,2,SUB_2_A9504,A9504,Data Structures Laboratory,86.21,100.0,O,,PASS,8.85,0
STU_25881A6621,25881A6621,MADAGANI JASHWANTH,A,2,SUB_2_A9002,A9002,Ordinary Differential Equations and Vector Calculus,75.68,0.0,F,,FAIL,3.4,3
STU_25881A6621,25881A6621,MADAGANI JASHWANTH,A,2,SUB_2_A9009,A9009,Engineering Chemistry,75.81,0.0,F,,FAIL,3.4,3
STU_25881A6621,25881A6621,MADAGANI JASHWANTH,A,2,SUB_2_A9010,A9010,Engineering Chemistry Laboratory,100.0,60.0,B,,PASS,3.4,3
STU_25881A6621,25881A6621,MADAGANI JASHWANTH,A,2,SUB_2_A9011,A9011,English for Skills Enhancement,80.43,70.0,B+,,PASS,3.4,3
STU_25881A6621,25881A6621,MADAGANI JASHWANTH,A,2,SUB_2_A9012,A9012,English Language and Communication Skills Laboratory,93.33,70.0,B+,,PASS,3.4,3
STU_25881A6621,25881A6621,MADAGANI JASHWANTH,A,2,SUB_2_A9022,A9022,Product Design and Development,75.56,100.0,O,,PASS,3.4,3
STU_25881A6621,25881A6621,MADAGANI JASHWANTH,A,2,SUB_2_A9304,A9304,Computer Aided Engineering Graphics,68.75,80.0,A,,PASS,3.4,3
STU_25881A6621,25881A6621,MADAGANI JASHWANTH,A,2,SUB_2_A9402,A9402,Digital Electronics,86.44,50.0,C,,PASS,3.4,3
STU_25881A6621,25881A6621,MADAGANI JASHWANTH,A,2,SUB_2_A9503,A9503,Data Structures,78.12,0.0,F,,FAIL,3.4,3
STU_25881A6621,25881A6621,MADAGANI JASHWANTH,A,2,SUB_2_A9504,A9504,Data Structures Laboratory,93.1,80.0,A,,PASS,3.4,3
STU_25881A6622,25881A6622,PENDYALA JESHWANTH,A,2,SUB_2_A9002,A9002,Ordinary Differential Equations and Vector Calculus,58.11,0.0,F,,FAIL,2.65,4
STU_25881A6622,25881A6622,PENDYALA JESHWANTH,A,2,SUB_2_A9009,A9009,Engineering Chemistry,67.74,0.0,F,,FAIL,2.65,4
STU_25881A6622,25881A6622,PENDYALA JESHWANTH,A,2,SUB_2_A9010,A9010,Engineering Chemistry Laboratory,78.57,70.0,B+,,PASS,2.65,4
STU_25881A6622,25881A6622,PENDYALA JESHWANTH,A,2,SUB_2_A9011,A9011,English for Skills Enhancement,78.26,60.0,B,,PASS,2.65,4
STU_25881A6622,25881A6622,PENDYALA JESHWANTH,A,2,SUB_2_A9012,A9012,English Language and Communication Skills Laboratory,66.67,80.0,A,,PASS,2.65,4
STU_25881A6622,25881A6622,PENDYALA JESHWANTH,A,2,SUB_2_A9022,A9022,Product Design and Development,88.89,100.0,O,,PASS,2.65,4
STU_25881A6622,25881A6622,PENDYALA JESHWANTH,A,2,SUB_2_A9304,A9304,Computer Aided Engineering Graphics,43.75,80.0,A,,PASS,2.65,4
STU_25881A6622,25881A6622,PENDYALA JESHWANTH,A,2,SUB_2_A9402,A9402,Digital Electronics,71.19,0.0,F,,FAIL,2.65,4
STU_25881A6622,25881A6622,PENDYALA JESHWANTH,A,2,SUB_2_A9503,A9503,Data Structures,65.62,0.0,F,,FAIL,2.65,4
STU_25881A6622,25881A6622,PENDYALA JESHWANTH,A,2,SUB_2_A9504,A9504,Data Structures Laboratory,72.41,80.0,A,,PASS,2.65,4
STU_25881A6623,25881A6623,MANDHA LAKSHMIKAR REDDY,A,2,SUB_2_A9002,A9002,Ordinary Differential Equations and Vector Calculus,79.73,70.0,B+,,PASS,8.1,0
STU_25881A6623,25881A6623,MANDHA LAKSHMIKAR REDDY,A,2,SUB_2_A9009,A9009,Engineering Chemistry,82.26,90.0,A+,,PASS,8.1,0
STU_25881A6623,25881A6623,MANDHA LAKSHMIKAR REDDY,A,2,SUB_2_A9010,A9010,Engineering Chemistry Laboratory,92.86,90.0,A+,,PASS,8.1,0
STU_25881A6623,25881A6623,MANDHA LAKSHMIKAR REDDY,A,2,SUB_2_A9011,A9011,English for Skills Enhancement,80.43,90.0,A+,,PASS,8.1,0
STU_25881A6623,25881A6623,MANDHA LAKSHMIKAR REDDY,A,2,SUB_2_A9012,A9012,English Language and Communication Skills Laboratory,80.0,80.0,A,,PASS,8.1,0
STU_25881A6623,25881A6623,MANDHA LAKSHMIKAR REDDY,A,2,SUB_2_A9022,A9022,Product Design and Development,82.22,100.0,O,,PASS,8.1,0
STU_25881A6623,25881A6623,MANDHA LAKSHMIKAR REDDY,A,2,SUB_2_A9304,A9304,Computer Aided Engineering Graphics,68.75,90.0,A+,,PASS,8.1,0
STU_25881A6623,25881A6623,MANDHA LAKSHMIKAR REDDY,A,2,SUB_2_A9402,A9402,Digital Electronics,83.05,80.0,A,,PASS,8.1,0
STU_25881A6623,25881A6623,MANDHA LAKSHMIKAR REDDY,A,2,SUB_2_A9503,A9503,Data Structures,76.56,70.0,B+,,PASS,8.1,0
STU_25881A6623,25881A6623,MANDHA LAKSHMIKAR REDDY,A,2,SUB_2_A9504,A9504,Data Structures Laboratory,86.21,80.0,A,,PASS,8.1,0
STU_25881A6624,25881A6624,K LOKESH,A,2,SUB_2_A9002,A9002,Ordinary Differential Equations and Vector Calculus,68.92,100.0,O,,PASS,9.15,0
STU_25881A6624,25881A6624,K LOKESH,A,2,SUB_2_A9009,A9009,Engineering Chemistry,74.19,80.0,A,,PASS,9.15,0
STU_25881A6624,25881A6624,K LOKESH,A,2,SUB_2_A9010,A9010,Engineering Chemistry Laboratory,78.57,100.0,O,,PASS,9.15,0
STU_25881A6624,25881A6624,K LOKESH,A,2,SUB_2_A9011,A9011,English for Skills Enhancement,84.78,90.0,A+,,PASS,9.15,0
STU_25881A6624,25881A6624,K LOKESH,A,2,SUB_2_A9012,A9012,English Language and Communication Skills Laboratory,80.0,80.0,A,,PASS,9.15,0
STU_25881A6624,25881A6624,K LOKESH,A,2,SUB_2_A9022,A9022,Product Design and Development,62.22,100.0,O,,PASS,9.15,0
STU_25881A6624,25881A6624,K LOKESH,A,2,SUB_2_A9304,A9304,Computer Aided Engineering Graphics,62.5,90.0,A+,,PASS,9.15,0
STU_25881A6624,25881A6624,K LOKESH,A,2,SUB_2_A9402,A9402,Digital Electronics,81.36,90.0,A+,,PASS,9.15,0
STU_25881A6624,25881A6624,K LOKESH,A,2,SUB_2_A9503,A9503,Data Structures,81.25,90.0,A+,,PASS,9.15,0
STU_25881A6624,25881A6624,K LOKESH,A,2,SUB_2_A9504,A9504,Data Structures Laboratory,86.21,100.0,O,,PASS,9.15,0
STU_25881A6625,25881A6625,MANASA SHARMA K,A,2,SUB_2_A9002,A9002,Ordinary Differential Equations and Vector Calculus,72.97,90.0,A+,,PASS,8.35,0
STU_25881A6625,25881A6625,MANASA SHARMA K,A,2,SUB_2_A9009,A9009,Engineering Chemistry,77.42,70.0,B+,,PASS,8.35,0
STU_25881A6625,25881A6625,MANASA SHARMA K,A,2,SUB_2_A9010,A9010,Engineering Chemistry Laboratory,80.95,90.0,A+,,PASS,8.35,0
STU_25881A6625,25881A6625,MANASA SHARMA K,A,2,SUB_2_A9011,A9011,English for Skills Enhancement,82.61,80.0,A,,PASS,8.35,0
STU_25881A6625,25881A6625,MANASA SHARMA K,A,2,SUB_2_A9012,A9012,English Language and Communication Skills Laboratory,86.67,80.0,A,,PASS,8.35,0
STU_25881A6625,25881A6625,MANASA SHARMA K,A,2,SUB_2_A9022,A9022,Product Design and Development,68.89,100.0,O,,PASS,8.35,0
STU_25881A6625,25881A6625,MANASA SHARMA K,A,2,SUB_2_A9304,A9304,Computer Aided Engineering Graphics,75.0,90.0,A+,,PASS,8.35,0
STU_25881A6625,25881A6625,MANASA SHARMA K,A,2,SUB_2_A9402,A9402,Digital Electronics,83.05,80.0,A,,PASS,8.35,0
STU_25881A6625,25881A6625,MANASA SHARMA K,A,2,SUB_2_A9503,A9503,Data Structures,73.44,80.0,A,,PASS,8.35,0
STU_25881A6625,25881A6625,MANASA SHARMA K,A,2,SUB_2_A9504,A9504,Data Structures Laboratory,79.31,100.0,O,,PASS,8.35,0
STU_25881A6626,25881A6626,JUVVANTHULA MANEESH REDDY,A,2,SUB_2_A9002,A9002,Ordinary Differential Equations and Vector Calculus,70.27,0.0,F,,FAIL,2.7,4
STU_25881A6626,25881A6626,JUVVANTHULA MANEESH REDDY,A,2,SUB_2_A9009,A9009,Engineering Chemistry,79.03,50.0,C,,PASS,2.7,4
STU_25881A6626,25881A6626,JUVVANTHULA MANEESH REDDY,A,2,SUB_2_A9010,A9010,Engineering Chemistry Laboratory,78.57,70.0,B+,,PASS,2.7,4
STU_25881A6626,25881A6626,JUVVANTHULA MANEESH REDDY,A,2,SUB_2_A9011,A9011,English for Skills Enhancement,78.26,0.0,F,,FAIL,2.7,4
STU_25881A6626,25881A6626,JUVVANTHULA MANEESH REDDY,A,2,SUB_2_A9012,A9012,English Language and Communication Skills Laboratory,86.67,70.0,B+,,PASS,2.7,4
STU_25881A6626,25881A6626,JUVVANTHULA MANEESH REDDY,A,2,SUB_2_A9022,A9022,Product Design and Development,48.89,100.0,O,,PASS,2.7,4
STU_25881A6626,25881A6626,JUVVANTHULA MANEESH REDDY,A,2,SUB_2_A9304,A9304,Computer Aided Engineering Graphics,68.75,70.0,B+,,PASS,2.7,4
STU_25881A6626,25881A6626,JUVVANTHULA MANEESH REDDY,A,2,SUB_2_A9402,A9402,Digital Electronics,94.92,0.0,F,,FAIL,2.7,4
STU_25881A6626,25881A6626,JUVVANTHULA MANEESH REDDY,A,2,SUB_2_A9503,A9503,Data Structures,82.81,0.0,F,,FAIL,2.7,4
STU_25881A6626,25881A6626,JUVVANTHULA MANEESH REDDY,A,2,SUB_2_A9504,A9504,Data Structures Laboratory,93.1,80.0,A,,PASS,2.7,4
STU_25881A6627,25881A6627,POCHABOINA MANISH YADAV,A,2,SUB_2_A9002,A9002,Ordinary Differential Equations and Vector Calculus,85.14,90.0,A+,,PASS,8.55,0
STU_25881A6627,25881A6627,POCHABOINA MANISH YADAV,A,2,SUB_2_A9009,A9009,Engineering Chemistry,82.26,90.0,A+,,PASS,8.55,0
STU_25881A6627,25881A6627,POCHABOINA MANISH YADAV,A,2,SUB_2_A9010,A9010,Engineering Chemistry Laboratory,78.57,100.0,O,,PASS,8.55,0
STU_25881A6627,25881A6627,POCHABOINA MANISH YADAV,A,2,SUB_2_A9011,A9011,English for Skills Enhancement,84.78,80.0,A,,PASS,8.55,0
STU_25881A6627,25881A6627,POCHABOINA MANISH YADAV,A,2,SUB_2_A9012,A9012,English Language and Communication Skills Laboratory,86.67,90.0,A+,,PASS,8.55,0
STU_25881A6627,25881A6627,POCHABOINA MANISH YADAV,A,2,SUB_2_A9022,A9022,Product Design and Development,62.22,100.0,O,,PASS,8.55,0
STU_25881A6627,25881A6627,POCHABOINA MANISH YADAV,A,2,SUB_2_A9304,A9304,Computer Aided Engineering Graphics,68.75,90.0,A+,,PASS,8.55,0
STU_25881A6627,25881A6627,POCHABOINA MANISH YADAV,A,2,SUB_2_A9402,A9402,Digital Electronics,89.83,70.0,B+,,PASS,8.55,0
STU_25881A6627,25881A6627,POCHABOINA MANISH YADAV,A,2,SUB_2_A9503,A9503,Data Structures,85.94,80.0,A,,PASS,8.55,0
STU_25881A6627,25881A6627,POCHABOINA MANISH YADAV,A,2,SUB_2_A9504,A9504,Data Structures Laboratory,93.1,90.0,A+,,PASS,8.55,0
STU_25881A6628,25881A6628,JERIPOTHULA MOKSHA,A,2,SUB_2_A9002,A9002,Ordinary Differential Equations and Vector Calculus,71.62,80.0,A,,PASS,8.15,0
STU_25881A6628,25881A6628,JERIPOTHULA MOKSHA,A,2,SUB_2_A9009,A9009,Engineering Chemistry,80.65,70.0,B+,,PASS,8.15,0
STU_25881A6628,25881A6628,JERIPOTHULA MOKSHA,A,2,SUB_2_A9010,A9010,Engineering Chemistry Laboratory,92.86,100.0,O,,PASS,8.15,0
STU_25881A6628,25881A6628,JERIPOTHULA MOKSHA,A,2,SUB_2_A9011,A9011,English for Skills Enhancement,73.91,80.0,A,,PASS,8.15,0
STU_25881A6628,25881A6628,JERIPOTHULA MOKSHA,A,2,SUB_2_A9012,A9012,English Language and Communication Skills Laboratory,91.11,90.0,A+,,PASS,8.15,0
STU_25881A6628,25881A6628,JERIPOTHULA MOKSHA,A,2,SUB_2_A9022,A9022,Product Design and Development,82.22,100.0,O,,PASS,8.15,0
STU_25881A6628,25881A6628,JERIPOTHULA MOKSHA,A,2,SUB_2_A9304,A9304,Computer Aided Engineering Graphics,81.25,90.0,A+,,PASS,8.15,0
STU_25881A6628,25881A6628,JERIPOTHULA MOKSHA,A,2,SUB_2_A9402,A9402,Digital Electronics,77.97,80.0,A,,PASS,8.15,0
STU_25881A6628,25881A6628,JERIPOTHULA MOKSHA,A,2,SUB_2_A9503,A9503,Data Structures,89.06,80.0,A,,PASS,8.15,0
STU_25881A6628,25881A6628,JERIPOTHULA MOKSHA,A,2,SUB_2_A9504,A9504,Data Structures Laboratory,86.21,80.0,A,,PASS,8.15,0
STU_25881A6629,25881A6629,MOHAMMED MUDDABIR AHMED,A,2,SUB_2_A9002,A9002,Ordinary Differential Equations and Vector Calculus,62.16,50.0,C,,PASS,6.65,0
STU_25881A6629,25881A6629,MOHAMMED MUDDABIR AHMED,A,2,SUB_2_A9009,A9009,Engineering Chemistry,75.81,60.0,B,,PASS,6.65,0
STU_25881A6629,25881A6629,MOHAMMED MUDDABIR AHMED,A,2,SUB_2_A9010,A9010,Engineering Chemistry Laboratory,92.86,80.0,A,,PASS,6.65,0
STU_25881A6629,25881A6629,MOHAMMED MUDDABIR AHMED,A,2,SUB_2_A9011,A9011,English for Skills Enhancement,76.09,90.0,A+,,PASS,6.65,0
STU_25881A6629,25881A6629,MOHAMMED MUDDABIR AHMED,A,2,SUB_2_A9012,A9012,English Language and Communication Skills Laboratory,80.0,90.0,A+,,PASS,6.65,0
STU_25881A6629,25881A6629,MOHAMMED MUDDABIR AHMED,A,2,SUB_2_A9022,A9022,Product Design and Development,88.89,100.0,O,,PASS,6.65,0
STU_25881A6629,25881A6629,MOHAMMED MUDDABIR AHMED,A,2,SUB_2_A9304,A9304,Computer Aided Engineering Graphics,75.0,80.0,A,,PASS,6.65,0
STU_25881A6629,25881A6629,MOHAMMED MUDDABIR AHMED,A,2,SUB_2_A9402,A9402,Digital Electronics,84.75,60.0,B,,PASS,6.65,0
STU_25881A6629,25881A6629,MOHAMMED MUDDABIR AHMED,A,2,SUB_2_A9503,A9503,Data Structures,81.25,50.0,C,,PASS,6.65,0
STU_25881A6629,25881A6629,MOHAMMED MUDDABIR AHMED,A,2,SUB_2_A9504,A9504,Data Structures Laboratory,86.21,90.0,A+,,PASS,6.65,0
STU_25881A6630,25881A6630,MOHAMMED NAJEEB AHMED,A,2,SUB_2_A9002,A9002,Ordinary Differential Equations and Vector Calculus,74.32,80.0,A,,PASS,8.85,0
STU_25881A6630,25881A6630,MOHAMMED NAJEEB AHMED,A,2,SUB_2_A9009,A9009,Engineering Chemistry,75.81,90.0,A+,,PASS,8.85,0
STU_25881A6630,25881A6630,MOHAMMED NAJEEB AHMED,A,2,SUB_2_A9010,A9010,Engineering Chemistry Laboratory,100.0,90.0,A+,,PASS,8.85,0
STU_25881A6630,25881A6630,MOHAMMED NAJEEB AHMED,A,2,SUB_2_A9011,A9011,English for Skills Enhancement,80.43,90.0,A+,,PASS,8.85,0
STU_25881A6630,25881A6630,MOHAMMED NAJEEB AHMED,A,2,SUB_2_A9012,A9012,English Language and Communication Skills Laboratory,80.0,90.0,A+,,PASS,8.85,0
STU_25881A6630,25881A6630,MOHAMMED NAJEEB AHMED,A,2,SUB_2_A9022,A9022,Product Design and Development,68.89,100.0,O,,PASS,8.85,0
STU_25881A6630,25881A6630,MOHAMMED NAJEEB AHMED,A,2,SUB_2_A9304,A9304,Computer Aided Engineering Graphics,81.25,90.0,A+,,PASS,8.85,0
STU_25881A6630,25881A6630,MOHAMMED NAJEEB AHMED,A,2,SUB_2_A9402,A9402,Digital Electronics,88.14,100.0,O,,PASS,8.85,0
STU_25881A6630,25881A6630,MOHAMMED NAJEEB AHMED,A,2,SUB_2_A9503,A9503,Data Structures,89.06,80.0,A,,PASS,8.85,0
STU_25881A6630,25881A6630,MOHAMMED NAJEEB AHMED,A,2,SUB_2_A9504,A9504,Data Structures Laboratory,93.1,90.0,A+,,PASS,8.85,0
STU_25881A6631,25881A6631,ITTABOYINA NIKHIL,A,2,SUB_2_A9002,A9002,Ordinary Differential Equations and Vector Calculus,81.08,90.0,A+,,PASS,9.35,0
STU_25881A6631,25881A6631,ITTABOYINA NIKHIL,A,2,SUB_2_A9009,A9009,Engineering Chemistry,79.03,90.0,A+,,PASS,9.35,0
STU_25881A6631,25881A6631,ITTABOYINA NIKHIL,A,2,SUB_2_A9010,A9010,Engineering Chemistry Laboratory,85.71,100.0,O,,PASS,9.35,0
STU_25881A6631,25881A6631,ITTABOYINA NIKHIL,A,2,SUB_2_A9011,A9011,English for Skills Enhancement,86.96,90.0,A+,,PASS,9.35,0
STU_25881A6631,25881A6631,ITTABOYINA NIKHIL,A,2,SUB_2_A9012,A9012,English Language and Communication Skills Laboratory,93.33,90.0,A+,,PASS,9.35,0
STU_25881A6631,25881A6631,ITTABOYINA NIKHIL,A,2,SUB_2_A9022,A9022,Product Design and Development,75.56,100.0,O,,PASS,9.35,0
STU_25881A6631,25881A6631,ITTABOYINA NIKHIL,A,2,SUB_2_A9304,A9304,Computer Aided Engineering Graphics,93.75,100.0,O,,PASS,9.35,0
STU_25881A6631,25881A6631,ITTABOYINA NIKHIL,A,2,SUB_2_A9402,A9402,Digital Electronics,83.05,100.0,O,,PASS,9.35,0
STU_25881A6631,25881A6631,ITTABOYINA NIKHIL,A,2,SUB_2_A9503,A9503,Data Structures,87.5,90.0,A+,,PASS,9.35,0
STU_25881A6631,25881A6631,ITTABOYINA NIKHIL,A,2,SUB_2_A9504,A9504,Data Structures Laboratory,93.1,100.0,O,,PASS,9.35,0
STU_25881A6632,25881A6632,PARVATHA NISHANTH KUMAR,A,2,SUB_2_A9002,A9002,Ordinary Differential Equations and Vector Calculus,94.59,70.0,B+,,PASS,7.75,0
STU_25881A6632,25881A6632,PARVATHA NISHANTH KUMAR,A,2,SUB_2_A9009,A9009,Engineering Chemistry,93.55,70.0,B+,,PASS,7.75,0
STU_25881A6632,25881A6632,PARVATHA NISHANTH KUMAR,A,2,SUB_2_A9010,A9010,Engineering Chemistry Laboratory,100.0,90.0,A+,,PASS,7.75,0
STU_25881A6632,25881A6632,PARVATHA NISHANTH KUMAR,A,2,SUB_2_A9011,A9011,English for Skills Enhancement,93.48,90.0,A+,,PASS,7.75,0
STU_25881A6632,25881A6632,PARVATHA NISHANTH KUMAR,A,2,SUB_2_A9012,A9012,English Language and Communication Skills Laboratory,86.67,90.0,A+,,PASS,7.75,0
STU_25881A6632,25881A6632,PARVATHA NISHANTH KUMAR,A,2,SUB_2_A9022,A9022,Product Design and Development,88.89,100.0,O,,PASS,7.75,0
STU_25881A6632,25881A6632,PARVATHA NISHANTH KUMAR,A,2,SUB_2_A9304,A9304,Computer Aided Engineering Graphics,87.5,90.0,A+,,PASS,7.75,0
STU_25881A6632,25881A6632,PARVATHA NISHANTH KUMAR,A,2,SUB_2_A9402,A9402,Digital Electronics,89.83,70.0,B+,,PASS,7.75,0
STU_25881A6632,25881A6632,PARVATHA NISHANTH KUMAR,A,2,SUB_2_A9503,A9503,Data Structures,87.5,70.0,B+,,PASS,7.75,0
STU_25881A6632,25881A6632,PARVATHA NISHANTH KUMAR,A,2,SUB_2_A9504,A9504,Data Structures Laboratory,93.1,90.0,A+,,PASS,7.75,0
STU_25881A6633,25881A6633,MEESALA NITHISH KUMAR,A,2,SUB_2_A9002,A9002,Ordinary Differential Equations and Vector Calculus,85.14,90.0,A+,,PASS,8.4,0
STU_25881A6633,25881A6633,MEESALA NITHISH KUMAR,A,2,SUB_2_A9009,A9009,Engineering Chemistry,80.65,80.0,A,,PASS,8.4,0
STU_25881A6633,25881A6633,MEESALA NITHISH KUMAR,A,2,SUB_2_A9010,A9010,Engineering Chemistry Laboratory,85.71,100.0,O,,PASS,8.4,0
STU_25881A6633,25881A6633,MEESALA NITHISH KUMAR,A,2,SUB_2_A9011,A9011,English for Skills Enhancement,86.96,80.0,A,,PASS,8.4,0
STU_25881A6633,25881A6633,MEESALA NITHISH KUMAR,A,2,SUB_2_A9012,A9012,English Language and Communication Skills Laboratory,75.56,90.0,A+,,PASS,8.4,0
STU_25881A6633,25881A6633,MEESALA NITHISH KUMAR,A,2,SUB_2_A9022,A9022,Product Design and Development,73.33,100.0,O,,PASS,8.4,0
STU_25881A6633,25881A6633,MEESALA NITHISH KUMAR,A,2,SUB_2_A9304,A9304,Computer Aided Engineering Graphics,87.5,90.0,A+,,PASS,8.4,0
STU_25881A6633,25881A6633,MEESALA NITHISH KUMAR,A,2,SUB_2_A9402,A9402,Digital Electronics,84.75,80.0,A,,PASS,8.4,0
STU_25881A6633,25881A6633,MEESALA NITHISH KUMAR,A,2,SUB_2_A9503,A9503,Data Structures,89.06,70.0,B+,,PASS,8.4,0
STU_25881A6633,25881A6633,MEESALA NITHISH KUMAR,A,2,SUB_2_A9504,A9504,Data Structures Laboratory,93.1,90.0,A+,,PASS,8.4,0
STU_25881A6634,25881A6634,THOTA PRANEETH REDDY,A,2,SUB_2_A9002,A9002,Ordinary Differential Equations and Vector Calculus,72.97,90.0,A+,,PASS,8.65,0
STU_25881A6634,25881A6634,THOTA PRANEETH REDDY,A,2,SUB_2_A9009,A9009,Engineering Chemistry,77.42,90.0,A+,,PASS,8.65,0
STU_25881A6634,25881A6634,THOTA PRANEETH REDDY,A,2,SUB_2_A9010,A9010,Engineering Chemistry Laboratory,92.86,100.0,O,,PASS,8.65,0
STU_25881A6634,25881A6634,THOTA PRANEETH REDDY,A,2,SUB_2_A9011,A9011,English for Skills Enhancement,80.43,80.0,A,,PASS,8.65,0
STU_25881A6634,25881A6634,THOTA PRANEETH REDDY,A,2,SUB_2_A9012,A9012,English Language and Communication Skills Laboratory,80.0,80.0,A,,PASS,8.65,0
STU_25881A6634,25881A6634,THOTA PRANEETH REDDY,A,2,SUB_2_A9022,A9022,Product Design and Development,81.25,100.0,O,,PASS,8.65,0
STU_25881A6634,25881A6634,THOTA PRANEETH REDDY,A,2,SUB_2_A9304,A9304,Computer Aided Engineering Graphics,80.0,90.0,A+,,PASS,8.65,0
STU_25881A6634,25881A6634,THOTA PRANEETH REDDY,A,2,SUB_2_A9402,A9402,Digital Electronics,81.36,80.0,A,,PASS,8.65,0
STU_25881A6634,25881A6634,THOTA PRANEETH REDDY,A,2,SUB_2_A9503,A9503,Data Structures,87.5,80.0,A,,PASS,8.65,0
STU_25881A6634,25881A6634,THOTA PRANEETH REDDY,A,2,SUB_2_A9504,A9504,Data Structures Laboratory,89.66,90.0,A+,,PASS,8.65,0
STU_25881A6635,25881A6635,KALLURI RAM CHARAN,A,2,SUB_2_A9002,A9002,Ordinary Differential Equations and Vector Calculus,70.27,0.0,F,,FAIL,5.35,1
STU_25881A6635,25881A6635,KALLURI RAM CHARAN,A,2,SUB_2_A9009,A9009,Engineering Chemistry,70.97,60.0,B,,PASS,5.35,1
STU_25881A6635,25881A6635,KALLURI RAM CHARAN,A,2,SUB_2_A9010,A9010,Engineering Chemistry Laboratory,85.71,70.0,B+,,PASS,5.35,1
STU_25881A6635,25881A6635,KALLURI RAM CHARAN,A,2,SUB_2_A9011,A9011,English for Skills Enhancement,78.26,70.0,B+,,PASS,5.35,1
STU_25881A6635,25881A6635,KALLURI RAM CHARAN,A,2,SUB_2_A9012,A9012,English Language and Communication Skills Laboratory,86.67,80.0,A,,PASS,5.35,1
STU_25881A6635,25881A6635,KALLURI RAM CHARAN,A,2,SUB_2_A9022,A9022,Product Design and Development,100.0,100.0,O,,PASS,5.35,1
STU_25881A6635,25881A6635,KALLURI RAM CHARAN,A,2,SUB_2_A9304,A9304,Computer Aided Engineering Graphics,86.67,90.0,A+,,PASS,5.35,1
STU_25881A6635,25881A6635,KALLURI RAM CHARAN,A,2,SUB_2_A9402,A9402,Digital Electronics,79.66,60.0,B,,PASS,5.35,1
STU_25881A6635,25881A6635,KALLURI RAM CHARAN,A,2,SUB_2_A9503,A9503,Data Structures,71.88,50.0,C,,PASS,5.35,1
STU_25881A6635,25881A6635,KALLURI RAM CHARAN,A,2,SUB_2_A9504,A9504,Data Structures Laboratory,79.31,80.0,A,,PASS,5.35,1
STU_25881A6636,25881A6636,RAMAVATH RAM CHARAN,A,2,SUB_2_A9002,A9002,Ordinary Differential Equations and Vector Calculus,77.03,0.0,F,,FAIL,3.7,3
STU_25881A6636,25881A6636,RAMAVATH RAM CHARAN,A,2,SUB_2_A9009,A9009,Engineering Chemistry,80.65,0.0,F,,FAIL,3.7,3
STU_25881A6636,25881A6636,RAMAVATH RAM CHARAN,A,2,SUB_2_A9010,A9010,Engineering Chemistry Laboratory,85.71,70.0,B+,,PASS,3.7,3
STU_25881A6636,25881A6636,RAMAVATH RAM CHARAN,A,2,SUB_2_A9011,A9011,English for Skills Enhancement,82.61,80.0,A,,PASS,3.7,3
STU_25881A6636,25881A6636,RAMAVATH RAM CHARAN,A,2,SUB_2_A9012,A9012,English Language and Communication Skills Laboratory,53.33,80.0,A,,PASS,3.7,3
STU_25881A6636,25881A6636,RAMAVATH RAM CHARAN,A,2,SUB_2_A9022,A9022,Product Design and Development,81.25,100.0,O,,PASS,3.7,3
STU_25881A6636,25881A6636,RAMAVATH RAM CHARAN,A,2,SUB_2_A9304,A9304,Computer Aided Engineering Graphics,46.67,80.0,A,,PASS,3.7,3
STU_25881A6636,25881A6636,RAMAVATH RAM CHARAN,A,2,SUB_2_A9402,A9402,Digital Electronics,81.36,0.0,F,,FAIL,3.7,3
STU_25881A6636,25881A6636,RAMAVATH RAM CHARAN,A,2,SUB_2_A9503,A9503,Data Structures,79.69,60.0,B,,PASS,3.7,3
STU_25881A6636,25881A6636,RAMAVATH RAM CHARAN,A,2,SUB_2_A9504,A9504,Data Structures Laboratory,79.31,70.0,B+,,PASS,3.7,3
STU_25881A6637,25881A6637,SIRIPELLY RAMAKRISHNA,A,2,SUB_2_A9002,A9002,Ordinary Differential Equations and Vector Calculus,67.57,70.0,B+,,PASS,7.4,0
STU_25881A6637,25881A6637,SIRIPELLY RAMAKRISHNA,A,2,SUB_2_A9009,A9009,Engineering Chemistry,59.68,70.0,B+,,PASS,7.4,0
STU_25881A6637,25881A6637,SIRIPELLY RAMAKRISHNA,A,2,SUB_2_A9010,A9010,Engineering Chemistry Laboratory,71.43,100.0,O,,PASS,7.4,0
STU_25881A6637,25881A6637,SIRIPELLY RAMAKRISHNA,A,2,SUB_2_A9011,A9011,English for Skills Enhancement,73.91,80.0,A,,PASS,7.4,0
STU_25881A6637,25881A6637,SIRIPELLY RAMAKRISHNA,A,2,SUB_2_A9012,A9012,English Language and Communication Skills Laboratory,60.0,80.0,A,,PASS,7.4,0
STU_25881A6637,25881A6637,SIRIPELLY RAMAKRISHNA,A,2,SUB_2_A9022,A9022,Product Design and Development,87.5,100.0,O,,PASS,7.4,0
STU_25881A6637,25881A6637,SIRIPELLY RAMAKRISHNA,A,2,SUB_2_A9304,A9304,Computer Aided Engineering Graphics,66.67,90.0,A+,,PASS,7.4,0
STU_25881A6637,25881A6637,SIRIPELLY RAMAKRISHNA,A,2,SUB_2_A9402,A9402,Digital Electronics,72.88,60.0,B,,PASS,7.4,0
STU_25881A6637,25881A6637,SIRIPELLY RAMAKRISHNA,A,2,SUB_2_A9503,A9503,Data Structures,75.0,70.0,B+,,PASS,7.4,0
STU_25881A6637,25881A6637,SIRIPELLY RAMAKRISHNA,A,2,SUB_2_A9504,A9504,Data Structures Laboratory,86.21,70.0,B+,,PASS,7.4,0
STU_25881A6638,25881A6638,BANDI RAMCHARAN,A,2,SUB_2_A9002,A9002,Ordinary Differential Equations and Vector Calculus,64.86,90.0,A+,,PASS,8.45,0
STU_25881A6638,25881A6638,BANDI RAMCHARAN,A,2,SUB_2_A9009,A9009,Engineering Chemistry,74.19,80.0,A,,PASS,8.45,0
STU_25881A6638,25881A6638,BANDI RAMCHARAN,A,2,SUB_2_A9010,A9010,Engineering Chemistry Laboratory,78.57,70.0,B+,,PASS,8.45,0
STU_25881A6638,25881A6638,BANDI RAMCHARAN,A,2,SUB_2_A9011,A9011,English for Skills Enhancement,78.26,80.0,A,,PASS,8.45,0
STU_25881A6638,25881A6638,BANDI RAMCHARAN,A,2,SUB_2_A9012,A9012,English Language and Communication Skills Laboratory,80.0,80.0,A,,PASS,8.45,0
STU_25881A6638,25881A6638,BANDI RAMCHARAN,A,2,SUB_2_A9022,A9022,Product Design and Development,81.25,100.0,O,,PASS,8.45,0
STU_25881A6638,25881A6638,BANDI RAMCHARAN,A,2,SUB_2_A9304,A9304,Computer Aided Engineering Graphics,100.0,90.0,A+,,PASS,8.45,0
STU_25881A6638,25881A6638,BANDI RAMCHARAN,A,2,SUB_2_A9402,A9402,Digital Electronics,79.66,80.0,A,,PASS,8.45,0
STU_25881A6638,25881A6638,BANDI RAMCHARAN,A,2,SUB_2_A9503,A9503,Data Structures,76.56,90.0,A+,,PASS,8.45,0
STU_25881A6638,25881A6638,BANDI RAMCHARAN,A,2,SUB_2_A9504,A9504,Data Structures Laboratory,93.1,80.0,A,,PASS,8.45,0
STU_25881A6639,25881A6639,ANKAM RISHITHA,A,2,SUB_2_A9002,A9002,Ordinary Differential Equations and Vector Calculus,89.19,90.0,A+,,PASS,8.65,0
STU_25881A6639,25881A6639,ANKAM RISHITHA,A,2,SUB_2_A9009,A9009,Engineering Chemistry,82.26,80.0,A,,PASS,8.65,0
STU_25881A6639,25881A6639,ANKAM RISHITHA,A,2,SUB_2_A9010,A9010,Engineering Chemistry Laboratory,85.71,80.0,A,,PASS,8.65,0
STU_25881A6639,25881A6639,ANKAM RISHITHA,A,2,SUB_2_A9011,A9011,English for Skills Enhancement,86.96,90.0,A+,,PASS,8.65,0
STU_25881A6639,25881A6639,ANKAM RISHITHA,A,2,SUB_2_A9012,A9012,English Language and Communication Skills Laboratory,93.33,90.0,A+,,PASS,8.65,0
STU_25881A6639,25881A6639,ANKAM RISHITHA,A,2,SUB_2_A9022,A9022,Product Design and Development,87.5,100.0,O,,PASS,8.65,0
STU_25881A6639,25881A6639,ANKAM RISHITHA,A,2,SUB_2_A9304,A9304,Computer Aided Engineering Graphics,82.22,100.0,O,,PASS,8.65,0
STU_25881A6639,25881A6639,ANKAM RISHITHA,A,2,SUB_2_A9402,A9402,Digital Electronics,93.22,80.0,A,,PASS,8.65,0
STU_25881A6639,25881A6639,ANKAM RISHITHA,A,2,SUB_2_A9503,A9503,Data Structures,79.69,80.0,A,,PASS,8.65,0
STU_25881A6639,25881A6639,ANKAM RISHITHA,A,2,SUB_2_A9504,A9504,Data Structures Laboratory,93.1,100.0,O,,PASS,8.65,0
STU_25881A6640,25881A6640,PALVAI SAHAN REDDY,A,2,SUB_2_A9002,A9002,Ordinary Differential Equations and Vector Calculus,70.27,0.0,F,,FAIL,3.55,3
STU_25881A6640,25881A6640,PALVAI SAHAN REDDY,A,2,SUB_2_A9009,A9009,Engineering Chemistry,77.42,50.0,C,,PASS,3.55,3
STU_25881A6640,25881A6640,PALVAI SAHAN REDDY,A,2,SUB_2_A9010,A9010,Engineering Chemistry Laboratory,85.71,60.0,B,,PASS,3.55,3
STU_25881A6640,25881A6640,PALVAI SAHAN REDDY,A,2,SUB_2_A9011,A9011,English for Skills Enhancement,80.43,80.0,A,,PASS,3.55,3
STU_25881A6640,25881A6640,PALVAI SAHAN REDDY,A,2,SUB_2_A9012,A9012,English Language and Communication Skills Laboratory,86.67,80.0,A,,PASS,3.55,3
STU_25881A6640,25881A6640,PALVAI SAHAN REDDY,A,2,SUB_2_A9022,A9022,Product Design and Development,87.5,100.0,O,,PASS,3.55,3
STU_25881A6640,25881A6640,PALVAI SAHAN REDDY,A,2,SUB_2_A9304,A9304,Computer Aided Engineering Graphics,93.33,90.0,A+,,PASS,3.55,3
STU_25881A6640,25881A6640,PALVAI SAHAN REDDY,A,2,SUB_2_A9402,A9402,Digital Electronics,79.66,0.0,F,,FAIL,3.55,3
STU_25881A6640,25881A6640,PALVAI SAHAN REDDY,A,2,SUB_2_A9503,A9503,Data Structures,75.0,0.0,F,,FAIL,3.55,3
STU_25881A6640,25881A6640,PALVAI SAHAN REDDY,A,2,SUB_2_A9504,A9504,Data Structures Laboratory,93.1,70.0,B+,,PASS,3.55,3
STU_25881A6641,25881A6641,GATTU SAI NATH,A,2,SUB_2_A9002,A9002,Ordinary Differential Equations and Vector Calculus,71.62,60.0,B,,PASS,7.0,0
STU_25881A6641,25881A6641,GATTU SAI NATH,A,2,SUB_2_A9009,A9009,Engineering Chemistry,77.42,60.0,B,,PASS,7.0,0
STU_25881A6641,25881A6641,GATTU SAI NATH,A,2,SUB_2_A9010,A9010,Engineering Chemistry Laboratory,85.71,70.0,B+,,PASS,7.0,0
STU_25881A6641,25881A6641,GATTU SAI NATH,A,2,SUB_2_A9011,A9011,English for Skills Enhancement,80.43,80.0,A,,PASS,7.0,0
STU_25881A6641,25881A6641,GATTU SAI NATH,A,2,SUB_2_A9012,A9012,English Language and Communication Skills Laboratory,66.67,80.0,A,,PASS,7.0,0
STU_25881A6641,25881A6641,GATTU SAI NATH,A,2,SUB_2_A9022,A9022,Product Design and Development,87.5,100.0,O,,PASS,7.0,0
STU_25881A6641,25881A6641,GATTU SAI NATH,A,2,SUB_2_A9304,A9304,Computer Aided Engineering Graphics,73.33,90.0,A+,,PASS,7.0,0
STU_25881A6641,25881A6641,GATTU SAI NATH,A,2,SUB_2_A9402,A9402,Digital Electronics,71.19,60.0,B,,PASS,7.0,0
STU_25881A6641,25881A6641,GATTU SAI NATH,A,2,SUB_2_A9503,A9503,Data Structures,76.56,70.0,B+,,PASS,7.0,0
STU_25881A6641,25881A6641,GATTU SAI NATH,A,2,SUB_2_A9504,A9504,Data Structures Laboratory,79.31,90.0,A+,,PASS,7.0,0
STU_25881A6642,25881A6642,SIDDAMSETTI SAI VAISHNAVI,A,2,SUB_2_A9002,A9002,Ordinary Differential Equations and Vector Calculus,93.24,80.0,A,,PASS,8.6,0
STU_25881A6642,25881A6642,SIDDAMSETTI SAI VAISHNAVI,A,2,SUB_2_A9009,A9009,Engineering Chemistry,90.32,90.0,A+,,PASS,8.6,0
STU_25881A6642,25881A6642,SIDDAMSETTI SAI VAISHNAVI,A,2,SUB_2_A9010,A9010,Engineering Chemistry Laboratory,92.86,90.0,A+,,PASS,8.6,0
STU_25881A6642,25881A6642,SIDDAMSETTI SAI VAISHNAVI,A,2,SUB_2_A9011,A9011,English for Skills Enhancement,91.3,80.0,A,,PASS,8.6,0
STU_25881A6642,25881A6642,SIDDAMSETTI SAI VAISHNAVI,A,2,SUB_2_A9012,A9012,English Language and Communication Skills Laboratory,86.67,80.0,A,,PASS,8.6,0
STU_25881A6642,25881A6642,SIDDAMSETTI SAI VAISHNAVI,A,2,SUB_2_A9022,A9022,Product Design and Development,87.5,100.0,O,,PASS,8.6,0
STU_25881A6642,25881A6642,SIDDAMSETTI SAI VAISHNAVI,A,2,SUB_2_A9304,A9304,Computer Aided Engineering Graphics,93.33,90.0,A+,,PASS,8.6,0
STU_25881A6642,25881A6642,SIDDAMSETTI SAI VAISHNAVI,A,2,SUB_2_A9402,A9402,Digital Electronics,94.92,90.0,A+,,PASS,8.6,0
STU_25881A6642,25881A6642,SIDDAMSETTI SAI VAISHNAVI,A,2,SUB_2_A9503,A9503,Data Structures,96.88,80.0,A,,PASS,8.6,0
STU_25881A6642,25881A6642,SIDDAMSETTI SAI VAISHNAVI,A,2,SUB_2_A9504,A9504,Data Structures Laboratory,100.0,100.0,O,,PASS,8.6,0
STU_25881A6643,25881A6643,SAICHARAN REDDY KARNATI,A,2,SUB_2_A9002,A9002,Ordinary Differential Equations and Vector Calculus,89.19,0.0,F,,FAIL,3.4,3
STU_25881A6643,25881A6643,SAICHARAN REDDY KARNATI,A,2,SUB_2_A9009,A9009,Engineering Chemistry,83.87,50.0,C,,PASS,3.4,3
STU_25881A6643,25881A6643,SAICHARAN REDDY KARNATI,A,2,SUB_2_A9010,A9010,Engineering Chemistry Laboratory,100.0,60.0,B,,PASS,3.4,3
STU_25881A6643,25881A6643,SAICHARAN REDDY KARNATI,A,2,SUB_2_A9011,A9011,English for Skills Enhancement,84.78,60.0,B,,PASS,3.4,3
STU_25881A6643,25881A6643,SAICHARAN REDDY KARNATI,A,2,SUB_2_A9012,A9012,English Language and Communication Skills Laboratory,80.0,80.0,A,,PASS,3.4,3
STU_25881A6643,25881A6643,SAICHARAN REDDY KARNATI,A,2,SUB_2_A9022,A9022,Product Design and Development,93.75,100.0,O,,PASS,3.4,3
STU_25881A6643,25881A6643,SAICHARAN REDDY KARNATI,A,2,SUB_2_A9304,A9304,Computer Aided Engineering Graphics,73.33,90.0,A+,,PASS,3.4,3
STU_25881A6643,25881A6643,SAICHARAN REDDY KARNATI,A,2,SUB_2_A9402,A9402,Digital Electronics,96.61,0.0,F,,FAIL,3.4,3
STU_25881A6643,25881A6643,SAICHARAN REDDY KARNATI,A,2,SUB_2_A9503,A9503,Data Structures,85.94,0.0,F,,FAIL,3.4,3
STU_25881A6643,25881A6643,SAICHARAN REDDY KARNATI,A,2,SUB_2_A9504,A9504,Data Structures Laboratory,86.21,80.0,A,,PASS,3.4,3
STU_25881A6644,25881A6644,MEKALA SAISRI,A,2,SUB_2_A9002,A9002,Ordinary Differential Equations and Vector Calculus,74.32,80.0,A,,PASS,8.3,0
STU_25881A6644,25881A6644,MEKALA SAISRI,A,2,SUB_2_A9009,A9009,Engineering Chemistry,79.03,70.0,B+,,PASS,8.3,0
STU_25881A6644,25881A6644,MEKALA SAISRI,A,2,SUB_2_A9010,A9010,Engineering Chemistry Laboratory,92.86,100.0,O,,PASS,8.3,0
STU_25881A6644,25881A6644,MEKALA SAISRI,A,2,SUB_2_A9011,A9011,English for Skills Enhancement,86.96,80.0,A,,PASS,8.3,0
STU_25881A6644,25881A6644,MEKALA SAISRI,A,2,SUB_2_A9012,A9012,English Language and Communication Skills Laboratory,86.67,80.0,A,,PASS,8.3,0
STU_25881A6644,25881A6644,MEKALA SAISRI,A,2,SUB_2_A9022,A9022,Product Design and Development,81.25,100.0,O,,PASS,8.3,0
STU_25881A6644,25881A6644,MEKALA SAISRI,A,2,SUB_2_A9304,A9304,Computer Aided Engineering Graphics,80.0,90.0,A+,,PASS,8.3,0
STU_25881A6644,25881A6644,MEKALA SAISRI,A,2,SUB_2_A9402,A9402,Digital Electronics,76.27,80.0,A,,PASS,8.3,0
STU_25881A6644,25881A6644,MEKALA SAISRI,A,2,SUB_2_A9503,A9503,Data Structures,76.56,90.0,A+,,PASS,8.3,0
STU_25881A6644,25881A6644,MEKALA SAISRI,A,2,SUB_2_A9504,A9504,Data Structures Laboratory,86.21,90.0,A+,,PASS,8.3,0
STU_25881A6645,25881A6645,SYED SHAHNAWAZ,A,2,SUB_2_A9002,A9002,Ordinary Differential Equations and Vector Calculus,78.38,70.0,B+,,PASS,6.7,0
STU_25881A6645,25881A6645,SYED SHAHNAWAZ,A,2,SUB_2_A9009,A9009,Engineering Chemistry,66.13,50.0,C,,PASS,6.7,0
STU_25881A6645,25881A6645,SYED SHAHNAWAZ,A,2,SUB_2_A9010,A9010,Engineering Chemistry Laboratory,78.57,60.0,B,,PASS,6.7,0
STU_25881A6645,25881A6645,SYED SHAHNAWAZ,A,2,SUB_2_A9011,A9011,English for Skills Enhancement,71.74,80.0,A,,PASS,6.7,0
STU_25881A6645,25881A6645,SYED SHAHNAWAZ,A,2,SUB_2_A9012,A9012,English Language and Communication Skills Laboratory,86.67,80.0,A,,PASS,6.7,0
STU_25881A6645,25881A6645,SYED SHAHNAWAZ,A,2,SUB_2_A9022,A9022,Product Design and Development,93.75,100.0,O,,PASS,6.7,0
STU_25881A6645,25881A6645,SYED SHAHNAWAZ,A,2,SUB_2_A9304,A9304,Computer Aided Engineering Graphics,100.0,90.0,A+,,PASS,6.7,0
STU_25881A6645,25881A6645,SYED SHAHNAWAZ,A,2,SUB_2_A9402,A9402,Digital Electronics,79.66,60.0,B,,PASS,6.7,0
STU_25881A6645,25881A6645,SYED SHAHNAWAZ,A,2,SUB_2_A9503,A9503,Data Structures,67.19,50.0,C,,PASS,6.7,0
STU_25881A6645,25881A6645,SYED SHAHNAWAZ,A,2,SUB_2_A9504,A9504,Data Structures Laboratory,79.31,90.0,A+,,PASS,6.7,0
STU_25881A6646,25881A6646,DHARAVATH SHARATH KUMAR,A,2,SUB_2_A9002,A9002,Ordinary Differential Equations and Vector Calculus,72.97,60.0,B,,PASS,6.8,0
STU_25881A6646,25881A6646,DHARAVATH SHARATH KUMAR,A,2,SUB_2_A9009,A9009,Engineering Chemistry,79.03,60.0,B,,PASS,6.8,0
STU_25881A6646,25881A6646,DHARAVATH SHARATH KUMAR,A,2,SUB_2_A9010,A9010,Engineering Chemistry Laboratory,78.57,70.0,B+,,PASS,6.8,0
STU_25881A6646,25881A6646,DHARAVATH SHARATH KUMAR,A,2,SUB_2_A9011,A9011,English for Skills Enhancement,80.43,80.0,A,,PASS,6.8,0
STU_25881A6646,25881A6646,DHARAVATH SHARATH KUMAR,A,2,SUB_2_A9012,A9012,English Language and Communication Skills Laboratory,80.0,80.0,A,,PASS,6.8,0
STU_25881A6646,25881A6646,DHARAVATH SHARATH KUMAR,A,2,SUB_2_A9022,A9022,Product Design and Development,93.75,100.0,O,,PASS,6.8,0
STU_25881A6646,25881A6646,DHARAVATH SHARATH KUMAR,A,2,SUB_2_A9304,A9304,Computer Aided Engineering Graphics,95.56,90.0,A+,,PASS,6.8,0
STU_25881A6646,25881A6646,DHARAVATH SHARATH KUMAR,A,2,SUB_2_A9402,A9402,Digital Electronics,83.05,70.0,B+,,PASS,6.8,0
STU_25881A6646,25881A6646,DHARAVATH SHARATH KUMAR,A,2,SUB_2_A9503,A9503,Data Structures,82.81,50.0,C,,PASS,6.8,0
STU_25881A6646,25881A6646,DHARAVATH SHARATH KUMAR,A,2,SUB_2_A9504,A9504,Data Structures Laboratory,100.0,80.0,A,,PASS,6.8,0
STU_25881A6647,25881A6647,CH SHREYAS,A,2,SUB_2_A9002,A9002,Ordinary Differential Equations and Vector Calculus,71.62,80.0,A,,PASS,7.5,0
STU_25881A6647,25881A6647,CH SHREYAS,A,2,SUB_2_A9009,A9009,Engineering Chemistry,75.81,70.0,B+,,PASS,7.5,0
STU_25881A6647,25881A6647,CH SHREYAS,A,2,SUB_2_A9010,A9010,Engineering Chemistry Laboratory,92.86,70.0,B+,,PASS,7.5,0
STU_25881A6647,25881A6647,CH SHREYAS,A,2,SUB_2_A9011,A9011,English for Skills Enhancement,71.74,80.0,A,,PASS,7.5,0
STU_25881A6647,25881A6647,CH SHREYAS,A,2,SUB_2_A9012,A9012,English Language and Communication Skills Laboratory,93.33,80.0,A,,PASS,7.5,0
STU_25881A6647,25881A6647,CH SHREYAS,A,2,SUB_2_A9022,A9022,Product Design and Development,93.75,100.0,O,,PASS,7.5,0
STU_25881A6647,25881A6647,CH SHREYAS,A,2,SUB_2_A9304,A9304,Computer Aided Engineering Graphics,86.67,90.0,A+,,PASS,7.5,0
STU_25881A6647,25881A6647,CH SHREYAS,A,2,SUB_2_A9402,A9402,Digital Electronics,83.05,60.0,B,,PASS,7.5,0
STU_25881A6647,25881A6647,CH SHREYAS,A,2,SUB_2_A9503,A9503,Data Structures,70.31,70.0,B+,,PASS,7.5,0
STU_25881A6647,25881A6647,CH SHREYAS,A,2,SUB_2_A9504,A9504,Data Structures Laboratory,79.31,80.0,A,,PASS,7.5,0
STU_25881A6648,25881A6648,THALLA SHRINIDHI,A,2,SUB_2_A9002,A9002,Ordinary Differential Equations and Vector Calculus,75.68,50.0,C,,PASS,6.9,0
STU_25881A6648,25881A6648,THALLA SHRINIDHI,A,2,SUB_2_A9009,A9009,Engineering Chemistry,82.26,70.0,B+,,PASS,6.9,0
STU_25881A6648,25881A6648,THALLA SHRINIDHI,A,2,SUB_2_A9010,A9010,Engineering Chemistry Laboratory,100.0,80.0,A,,PASS,6.9,0
STU_25881A6648,25881A6648,THALLA SHRINIDHI,A,2,SUB_2_A9011,A9011,English for Skills Enhancement,80.43,80.0,A,,PASS,6.9,0
STU_25881A6648,25881A6648,THALLA SHRINIDHI,A,2,SUB_2_A9012,A9012,English Language and Communication Skills Laboratory,93.33,90.0,A+,,PASS,6.9,0
STU_25881A6648,25881A6648,THALLA SHRINIDHI,A,2,SUB_2_A9022,A9022,Product Design and Development,81.25,100.0,O,,PASS,6.9,0
STU_25881A6648,25881A6648,THALLA SHRINIDHI,A,2,SUB_2_A9304,A9304,Computer Aided Engineering Graphics,86.67,90.0,A+,,PASS,6.9,0
STU_25881A6648,25881A6648,THALLA SHRINIDHI,A,2,SUB_2_A9402,A9402,Digital Electronics,91.53,50.0,C,,PASS,6.9,0
STU_25881A6648,25881A6648,THALLA SHRINIDHI,A,2,SUB_2_A9503,A9503,Data Structures,79.69,70.0,B+,,PASS,6.9,0
STU_25881A6648,25881A6648,THALLA SHRINIDHI,A,2,SUB_2_A9504,A9504,Data Structures Laboratory,79.31,90.0,A+,,PASS,6.9,0
STU_25881A6649,25881A6649,KARPE SIRIVALLI,A,2,SUB_2_A9002,A9002,Ordinary Differential Equations and Vector Calculus,94.59,100.0,O,,PASS,8.7,0
STU_25881A6649,25881A6649,KARPE SIRIVALLI,A,2,SUB_2_A9009,A9009,Engineering Chemistry,95.16,70.0,B+,,PASS,8.7,0
STU_25881A6649,25881A6649,KARPE SIRIVALLI,A,2,SUB_2_A9010,A9010,Engineering Chemistry Laboratory,92.86,90.0,A+,,PASS,8.7,0
STU_25881A6649,25881A6649,KARPE SIRIVALLI,A,2,SUB_2_A9011,A9011,English for Skills Enhancement,93.48,90.0,A+,,PASS,8.7,0
STU_25881A6649,25881A6649,KARPE SIRIVALLI,A,2,SUB_2_A9012,A9012,English Language and Communication Skills Laboratory,93.33,90.0,A+,,PASS,8.7,0
STU_25881A6649,25881A6649,KARPE SIRIVALLI,A,2,SUB_2_A9022,A9022,Product Design and Development,93.75,100.0,O,,PASS,8.7,0
STU_25881A6649,25881A6649,KARPE SIRIVALLI,A,2,SUB_2_A9304,A9304,Computer Aided Engineering Graphics,80.0,100.0,O,,PASS,8.7,0
STU_25881A6649,25881A6649,KARPE SIRIVALLI,A,2,SUB_2_A9402,A9402,Digital Electronics,94.92,90.0,A+,,PASS,8.7,0
STU_25881A6649,25881A6649,KARPE SIRIVALLI,A,2,SUB_2_A9503,A9503,Data Structures,92.19,70.0,B+,,PASS,8.7,0
STU_25881A6649,25881A6649,KARPE SIRIVALLI,A,2,SUB_2_A9504,A9504,Data Structures Laboratory,96.55,90.0,A+,,PASS,8.7,0
STU_25881A6650,25881A6650,APPANA SOWMYA SRI,A,2,SUB_2_A9002,A9002,Ordinary Differential Equations and Vector Calculus,47.3,0.0,F,,FAIL,1.4,7
STU_25881A6650,25881A6650,APPANA SOWMYA SRI,A,2,SUB_2_A9009,A9009,Engineering Chemistry,61.29,0.0,F,,FAIL,1.4,7
STU_25881A6650,25881A6650,APPANA SOWMYA SRI,A,2,SUB_2_A9010,A9010,Engineering Chemistry Laboratory,71.43,60.0,B,,PASS,1.4,7
STU_25881A6650,25881A6650,APPANA SOWMYA SRI,A,2,SUB_2_A9011,A9011,English for Skills Enhancement,73.91,60.0,B,,PASS,1.4,7
STU_25881A6650,25881A6650,APPANA SOWMYA SRI,A,2,SUB_2_A9012,A9012,English Language and Communication Skills Laboratory,66.67,0.0,AB,,FAIL,1.4,7
STU_25881A6650,25881A6650,APPANA SOWMYA SRI,A,2,SUB_2_A9022,A9022,Product Design and Development,75.0,100.0,O,,PASS,1.4,7
STU_25881A6650,25881A6650,APPANA SOWMYA SRI,A,2,SUB_2_A9304,A9304,Computer Aided Engineering Graphics,66.67,0.0,AB,,FAIL,1.4,7
STU_25881A6650,25881A6650,APPANA SOWMYA SRI,A,2,SUB_2_A9402,A9402,Digital Electronics,67.8,0.0,F,,FAIL,1.4,7
STU_25881A6650,25881A6650,APPANA SOWMYA SRI,A,2,SUB_2_A9503,A9503,Data Structures,62.5,0.0,F,,FAIL,1.4,7
STU_25881A6650,25881A6650,APPANA SOWMYA SRI,A,2,SUB_2_A9504,A9504,Data Structures Laboratory,82.76,0.0,AB,,FAIL,1.4,7
STU_25881A6651,25881A6651,SANGANI SRI CHANDANA,A,2,SUB_2_A9002,A9002,Ordinary Differential Equations and Vector Calculus,72.97,100.0,O,,PASS,9.25,0
STU_25881A6651,25881A6651,SANGANI SRI CHANDANA,A,2,SUB_2_A9009,A9009,Engineering Chemistry,82.26,90.0,A+,,PASS,9.25,0
STU_25881A6651,25881A6651,SANGANI SRI CHANDANA,A,2,SUB_2_A9010,A9010,Engineering Chemistry Laboratory,85.71,100.0,O,,PASS,9.25,0
STU_25881A6651,25881A6651,SANGANI SRI CHANDANA,A,2,SUB_2_A9011,A9011,English for Skills Enhancement,86.96,80.0,A,,PASS,9.25,0
STU_25881A6651,25881A6651,SANGANI SRI CHANDANA,A,2,SUB_2_A9012,A9012,English Language and Communication Skills Laboratory,86.67,90.0,A+,,PASS,9.25,0
STU_25881A6651,25881A6651,SANGANI SRI CHANDANA,A,2,SUB_2_A9022,A9022,Product Design and Development,87.5,100.0,O,,PASS,9.25,0
STU_25881A6651,25881A6651,SANGANI SRI CHANDANA,A,2,SUB_2_A9304,A9304,Computer Aided Engineering Graphics,86.67,90.0,A+,,PASS,9.25,0
STU_25881A6651,25881A6651,SANGANI SRI CHANDANA,A,2,SUB_2_A9402,A9402,Digital Electronics,77.97,100.0,O,,PASS,9.25,0
STU_25881A6651,25881A6651,SANGANI SRI CHANDANA,A,2,SUB_2_A9503,A9503,Data Structures,82.81,80.0,A,,PASS,9.25,0
STU_25881A6651,25881A6651,SANGANI SRI CHANDANA,A,2,SUB_2_A9504,A9504,Data Structures Laboratory,93.1,100.0,O,,PASS,9.25,0
STU_25881A6652,25881A6652,PEDDI SRICHARAN,A,2,SUB_2_A9002,A9002,Ordinary Differential Equations and Vector Calculus,71.62,80.0,A,,PASS,8.3,0
STU_25881A6652,25881A6652,PEDDI SRICHARAN,A,2,SUB_2_A9009,A9009,Engineering Chemistry,69.35,90.0,A+,,PASS,8.3,0
STU_25881A6652,25881A6652,PEDDI SRICHARAN,A,2,SUB_2_A9010,A9010,Engineering Chemistry Laboratory,78.57,70.0,B+,,PASS,8.3,0
STU_25881A6652,25881A6652,PEDDI SRICHARAN,A,2,SUB_2_A9011,A9011,English for Skills Enhancement,73.91,80.0,A,,PASS,8.3,0
STU_25881A6652,25881A6652,PEDDI SRICHARAN,A,2,SUB_2_A9012,A9012,English Language and Communication Skills Laboratory,86.67,80.0,A,,PASS,8.3,0
STU_25881A6652,25881A6652,PEDDI SRICHARAN,A,2,SUB_2_A9022,A9022,Product Design and Development,87.5,100.0,O,,PASS,8.3,0
STU_25881A6652,25881A6652,PEDDI SRICHARAN,A,2,SUB_2_A9304,A9304,Computer Aided Engineering Graphics,80.0,100.0,O,,PASS,8.3,0
STU_25881A6652,25881A6652,PEDDI SRICHARAN,A,2,SUB_2_A9402,A9402,Digital Electronics,77.97,80.0,A,,PASS,8.3,0
STU_25881A6652,25881A6652,PEDDI SRICHARAN,A,2,SUB_2_A9503,A9503,Data Structures,70.31,80.0,A,,PASS,8.3,0
STU_25881A6652,25881A6652,PEDDI SRICHARAN,A,2,SUB_2_A9504,A9504,Data Structures Laboratory,72.41,80.0,A,,PASS,8.3,0
STU_25881A6653,25881A6653,JAVVAJI SRIJITH,A,2,SUB_2_A9002,A9002,Ordinary Differential Equations and Vector Calculus,77.03,80.0,A,,PASS,8.3,0
STU_25881A6653,25881A6653,JAVVAJI SRIJITH,A,2,SUB_2_A9009,A9009,Engineering Chemistry,85.48,80.0,A,,PASS,8.3,0
STU_25881A6653,25881A6653,JAVVAJI SRIJITH,A,2,SUB_2_A9010,A9010,Engineering Chemistry Laboratory,92.86,80.0,A,,PASS,8.3,0
STU_25881A6653,25881A6653,JAVVAJI SRIJITH,A,2,SUB_2_A9011,A9011,English for Skills Enhancement,86.96,90.0,A+,,PASS,8.3,0
STU_25881A6653,25881A6653,JAVVAJI SRIJITH,A,2,SUB_2_A9012,A9012,English Language and Communication Skills Laboratory,86.67,90.0,A+,,PASS,8.3,0
STU_25881A6653,25881A6653,JAVVAJI SRIJITH,A,2,SUB_2_A9022,A9022,Product Design and Development,87.5,100.0,O,,PASS,8.3,0
STU_25881A6653,25881A6653,JAVVAJI SRIJITH,A,2,SUB_2_A9304,A9304,Computer Aided Engineering Graphics,86.67,100.0,O,,PASS,8.3,0
STU_25881A6653,25881A6653,JAVVAJI SRIJITH,A,2,SUB_2_A9402,A9402,Digital Electronics,84.75,80.0,A,,PASS,8.3,0
STU_25881A6653,25881A6653,JAVVAJI SRIJITH,A,2,SUB_2_A9503,A9503,Data Structures,82.81,80.0,A,,PASS,8.3,0
STU_25881A6653,25881A6653,JAVVAJI SRIJITH,A,2,SUB_2_A9504,A9504,Data Structures Laboratory,86.21,70.0,B+,,PASS,8.3,0
STU_25881A6654,25881A6654,MORTHAD SRINIDHI,A,2,SUB_2_A9002,A9002,Ordinary Differential Equations and Vector Calculus,78.38,80.0,A,,PASS,8.0,0
STU_25881A6654,25881A6654,MORTHAD SRINIDHI,A,2,SUB_2_A9009,A9009,Engineering Chemistry,75.81,70.0,B+,,PASS,8.0,0
STU_25881A6654,25881A6654,MORTHAD SRINIDHI,A,2,SUB_2_A9010,A9010,Engineering Chemistry Laboratory,92.86,90.0,A+,,PASS,8.0,0
STU_25881A6654,25881A6654,MORTHAD SRINIDHI,A,2,SUB_2_A9011,A9011,English for Skills Enhancement,80.43,80.0,A,,PASS,8.0,0
STU_25881A6654,25881A6654,MORTHAD SRINIDHI,A,2,SUB_2_A9012,A9012,English Language and Communication Skills Laboratory,93.33,90.0,A+,,PASS,8.0,0
STU_25881A6654,25881A6654,MORTHAD SRINIDHI,A,2,SUB_2_A9022,A9022,Product Design and Development,87.5,100.0,O,,PASS,8.0,0
STU_25881A6654,25881A6654,MORTHAD SRINIDHI,A,2,SUB_2_A9304,A9304,Computer Aided Engineering Graphics,93.33,90.0,A+,,PASS,8.0,0
STU_25881A6654,25881A6654,MORTHAD SRINIDHI,A,2,SUB_2_A9402,A9402,Digital Electronics,86.44,80.0,A,,PASS,8.0,0
STU_25881A6654,25881A6654,MORTHAD SRINIDHI,A,2,SUB_2_A9503,A9503,Data Structures,82.81,70.0,B+,,PASS,8.0,0
STU_25881A6654,25881A6654,MORTHAD SRINIDHI,A,2,SUB_2_A9504,A9504,Data Structures Laboratory,100.0,90.0,A+,,PASS,8.0,0
STU_25881A6655,25881A6655,CHANDA SRINIVASA SHAILESH GUPTA,A,2,SUB_2_A9002,A9002,Ordinary Differential Equations and Vector Calculus,91.89,50.0,C,,PASS,7.05,0
STU_25881A6655,25881A6655,CHANDA SRINIVASA SHAILESH GUPTA,A,2,SUB_2_A9009,A9009,Engineering Chemistry,88.71,70.0,B+,,PASS,7.05,0
STU_25881A6655,25881A6655,CHANDA SRINIVASA SHAILESH GUPTA,A,2,SUB_2_A9010,A9010,Engineering Chemistry Laboratory,100.0,80.0,A,,PASS,7.05,0
STU_25881A6655,25881A6655,CHANDA SRINIVASA SHAILESH GUPTA,A,2,SUB_2_A9011,A9011,English for Skills Enhancement,86.96,70.0,B+,,PASS,7.05,0
STU_25881A6655,25881A6655,CHANDA SRINIVASA SHAILESH GUPTA,A,2,SUB_2_A9012,A9012,English Language and Communication Skills Laboratory,86.67,80.0,A,,PASS,7.05,0
STU_25881A6655,25881A6655,CHANDA SRINIVASA SHAILESH GUPTA,A,2,SUB_2_A9022,A9022,Product Design and Development,93.75,100.0,O,,PASS,7.05,0
STU_25881A6655,25881A6655,CHANDA SRINIVASA SHAILESH GUPTA,A,2,SUB_2_A9304,A9304,Computer Aided Engineering Graphics,86.67,90.0,A+,,PASS,7.05,0
STU_25881A6655,25881A6655,CHANDA SRINIVASA SHAILESH GUPTA,A,2,SUB_2_A9402,A9402,Digital Electronics,100.0,60.0,B,,PASS,7.05,0
STU_25881A6655,25881A6655,CHANDA SRINIVASA SHAILESH GUPTA,A,2,SUB_2_A9503,A9503,Data Structures,96.88,80.0,A,,PASS,7.05,0
STU_25881A6655,25881A6655,CHANDA SRINIVASA SHAILESH GUPTA,A,2,SUB_2_A9504,A9504,Data Structures Laboratory,100.0,90.0,A+,,PASS,7.05,0
STU_25881A6656,25881A6656,Y SRIRAM,A,2,SUB_2_A9002,A9002,Ordinary Differential Equations and Vector Calculus,75.68,90.0,A+,,PASS,7.65,0
STU_25881A6656,25881A6656,Y SRIRAM,A,2,SUB_2_A9009,A9009,Engineering Chemistry,61.29,60.0,B,,PASS,7.65,0
STU_25881A6656,25881A6656,Y SRIRAM,A,2,SUB_2_A9010,A9010,Engineering Chemistry Laboratory,85.71,80.0,A,,PASS,7.65,0
STU_25881A6656,25881A6656,Y SRIRAM,A,2,SUB_2_A9011,A9011,English for Skills Enhancement,69.57,70.0,B+,,PASS,7.65,0
STU_25881A6656,25881A6656,Y SRIRAM,A,2,SUB_2_A9012,A9012,English Language and Communication Skills Laboratory,80.0,80.0,A,,PASS,7.65,0
STU_25881A6656,25881A6656,Y SRIRAM,A,2,SUB_2_A9022,A9022,Product Design and Development,87.5,100.0,O,,PASS,7.65,0
STU_25881A6656,25881A6656,Y SRIRAM,A,2,SUB_2_A9304,A9304,Computer Aided Engineering Graphics,100.0,90.0,A+,,PASS,7.65,0
STU_25881A6656,25881A6656,Y SRIRAM,A,2,SUB_2_A9402,A9402,Digital Electronics,83.05,70.0,B+,,PASS,7.65,0
STU_25881A6656,25881A6656,Y SRIRAM,A,2,SUB_2_A9503,A9503,Data Structures,67.19,70.0,B+,,PASS,7.65,0
STU_25881A6656,25881A6656,Y SRIRAM,A,2,SUB_2_A9504,A9504,Data Structures Laboratory,86.21,80.0,A,,PASS,7.65,0
STU_25881A6657,25881A6657,THIPPANI SUDEEKSHA REDDY,A,2,SUB_2_A9002,A9002,Ordinary Differential Equations and Vector Calculus,48.65,0.0,F,,FAIL,4.6,2
STU_25881A6657,25881A6657,THIPPANI SUDEEKSHA REDDY,A,2,SUB_2_A9009,A9009,Engineering Chemistry,70.97,0.0,F,,FAIL,4.6,2
STU_25881A6657,25881A6657,THIPPANI SUDEEKSHA REDDY,A,2,SUB_2_A9010,A9010,Engineering Chemistry Laboratory,71.43,60.0,B,,PASS,4.6,2
STU_25881A6657,25881A6657,THIPPANI SUDEEKSHA REDDY,A,2,SUB_2_A9011,A9011,English for Skills Enhancement,63.04,90.0,A+,,PASS,4.6,2
STU_25881A6657,25881A6657,THIPPANI SUDEEKSHA REDDY,A,2,SUB_2_A9012,A9012,English Language and Communication Skills Laboratory,66.67,80.0,A,,PASS,4.6,2
STU_25881A6657,25881A6657,THIPPANI SUDEEKSHA REDDY,A,2,SUB_2_A9022,A9022,Product Design and Development,75.0,100.0,O,,PASS,4.6,2
STU_25881A6657,25881A6657,THIPPANI SUDEEKSHA REDDY,A,2,SUB_2_A9304,A9304,Computer Aided Engineering Graphics,66.67,90.0,A+,,PASS,4.6,2
STU_25881A6657,25881A6657,THIPPANI SUDEEKSHA REDDY,A,2,SUB_2_A9402,A9402,Digital Electronics,64.41,50.0,C,,PASS,4.6,2
STU_25881A6657,25881A6657,THIPPANI SUDEEKSHA REDDY,A,2,SUB_2_A9503,A9503,Data Structures,59.38,60.0,B,,PASS,4.6,2
STU_25881A6657,25881A6657,THIPPANI SUDEEKSHA REDDY,A,2,SUB_2_A9504,A9504,Data Structures Laboratory,82.76,80.0,A,,PASS,4.6,2
STU_25881A6658,25881A6658,MOHAMMED SUFIYAN,A,2,SUB_2_A9002,A9002,Ordinary Differential Equations and Vector Calculus,72.97,0.0,F,,FAIL,5.85,1
STU_25881A6658,25881A6658,MOHAMMED SUFIYAN,A,2,SUB_2_A9009,A9009,Engineering Chemistry,85.48,70.0,B+,,PASS,5.85,1
STU_25881A6658,25881A6658,MOHAMMED SUFIYAN,A,2,SUB_2_A9010,A9010,Engineering Chemistry Laboratory,92.86,70.0,B+,,PASS,5.85,1
STU_25881A6658,25881A6658,MOHAMMED SUFIYAN,A,2,SUB_2_A9011,A9011,English for Skills Enhancement,86.96,80.0,A,,PASS,5.85,1
STU_25881A6658,25881A6658,MOHAMMED SUFIYAN,A,2,SUB_2_A9012,A9012,English Language and Communication Skills Laboratory,86.67,90.0,A+,,PASS,5.85,1
STU_25881A6658,25881A6658,MOHAMMED SUFIYAN,A,2,SUB_2_A9022,A9022,Product Design and Development,81.25,100.0,O,,PASS,5.85,1
STU_25881A6658,25881A6658,MOHAMMED SUFIYAN,A,2,SUB_2_A9304,A9304,Computer Aided Engineering Graphics,93.33,90.0,A+,,PASS,5.85,1
STU_25881A6658,25881A6658,MOHAMMED SUFIYAN,A,2,SUB_2_A9402,A9402,Digital Electronics,88.14,50.0,C,,PASS,5.85,1
STU_25881A6658,25881A6658,MOHAMMED SUFIYAN,A,2,SUB_2_A9503,A9503,Data Structures,89.06,70.0,B+,,PASS,5.85,1
STU_25881A6658,25881A6658,MOHAMMED SUFIYAN,A,2,SUB_2_A9504,A9504,Data Structures Laboratory,100.0,90.0,A+,,PASS,5.85,1
STU_25881A6659,25881A6659,MANDLA VAISHALI,A,2,SUB_2_A9002,A9002,Ordinary Differential Equations and Vector Calculus,78.38,90.0,A+,,PASS,9.0,0
STU_25881A6659,25881A6659,MANDLA VAISHALI,A,2,SUB_2_A9009,A9009,Engineering Chemistry,85.48,80.0,A,,PASS,9.0,0
STU_25881A6659,25881A6659,MANDLA VAISHALI,A,2,SUB_2_A9010,A9010,Engineering Chemistry Laboratory,100.0,90.0,A+,,PASS,9.0,0
STU_25881A6659,25881A6659,MANDLA VAISHALI,A,2,SUB_2_A9011,A9011,English for Skills Enhancement,84.78,90.0,A+,,PASS,9.0,0
STU_25881A6659,25881A6659,MANDLA VAISHALI,A,2,SUB_2_A9012,A9012,English Language and Communication Skills Laboratory,80.0,90.0,A+,,PASS,9.0,0
STU_25881A6659,25881A6659,MANDLA VAISHALI,A,2,SUB_2_A9022,A9022,Product Design and Development,93.75,100.0,O,,PASS,9.0,0
STU_25881A6659,25881A6659,MANDLA VAISHALI,A,2,SUB_2_A9304,A9304,Computer Aided Engineering Graphics,93.33,100.0,O,,PASS,9.0,0
STU_25881A6659,25881A6659,MANDLA VAISHALI,A,2,SUB_2_A9402,A9402,Digital Electronics,91.53,90.0,A+,,PASS,9.0,0
STU_25881A6659,25881A6659,MANDLA VAISHALI,A,2,SUB_2_A9503,A9503,Data Structures,92.19,90.0,A+,,PASS,9.0,0
STU_25881A6659,25881A6659,MANDLA VAISHALI,A,2,SUB_2_A9504,A9504,Data Structures Laboratory,93.1,100.0,O,,PASS,9.0,0
STU_25881A6660,25881A6660,NAGABANDI VAISHNAVI,A,2,SUB_2_A9002,A9002,Ordinary Differential Equations and Vector Calculus,72.97,80.0,A,,PASS,8.45,0
STU_25881A6660,25881A6660,NAGABANDI VAISHNAVI,A,2,SUB_2_A9009,A9009,Engineering Chemistry,74.19,90.0,A+,,PASS,8.45,0
STU_25881A6660,25881A6660,NAGABANDI VAISHNAVI,A,2,SUB_2_A9010,A9010,Engineering Chemistry Laboratory,92.86,90.0,A+,,PASS,8.45,0
STU_25881A6660,25881A6660,NAGABANDI VAISHNAVI,A,2,SUB_2_A9011,A9011,English for Skills Enhancement,80.43,80.0,A,,PASS,8.45,0
STU_25881A6660,25881A6660,NAGABANDI VAISHNAVI,A,2,SUB_2_A9012,A9012,English Language and Communication Skills Laboratory,86.67,90.0,A+,,PASS,8.45,0
STU_25881A6660,25881A6660,NAGABANDI VAISHNAVI,A,2,SUB_2_A9022,A9022,Product Design and Development,75.0,100.0,O,,PASS,8.45,0
STU_25881A6660,25881A6660,NAGABANDI VAISHNAVI,A,2,SUB_2_A9304,A9304,Computer Aided Engineering Graphics,93.33,90.0,A+,,PASS,8.45,0
STU_25881A6660,25881A6660,NAGABANDI VAISHNAVI,A,2,SUB_2_A9402,A9402,Digital Electronics,88.14,80.0,A,,PASS,8.45,0
STU_25881A6660,25881A6660,NAGABANDI VAISHNAVI,A,2,SUB_2_A9503,A9503,Data Structures,85.94,80.0,A,,PASS,8.45,0
STU_25881A6660,25881A6660,NAGABANDI VAISHNAVI,A,2,SUB_2_A9504,A9504,Data Structures Laboratory,100.0,90.0,A+,,PASS,8.45,0
STU_25881A6661,25881A6661,SATU VAMSHI KRISHNA,A,2,SUB_2_A9002,A9002,Ordinary Differential Equations and Vector Calculus,71.62,50.0,C,,PASS,6.7,0
STU_25881A6661,25881A6661,SATU VAMSHI KRISHNA,A,2,SUB_2_A9009,A9009,Engineering Chemistry,74.19,60.0,B,,PASS,6.7,0
STU_25881A6661,25881A6661,SATU VAMSHI KRISHNA,A,2,SUB_2_A9010,A9010,Engineering Chemistry Laboratory,92.86,80.0,A,,PASS,6.7,0
STU_25881A6661,25881A6661,SATU VAMSHI KRISHNA,A,2,SUB_2_A9011,A9011,English for Skills Enhancement,76.09,70.0,B+,,PASS,6.7,0
STU_25881A6661,25881A6661,SATU VAMSHI KRISHNA,A,2,SUB_2_A9012,A9012,English Language and Communication Skills Laboratory,73.33,80.0,A,,PASS,6.7,0
STU_25881A6661,25881A6661,SATU VAMSHI KRISHNA,A,2,SUB_2_A9022,A9022,Product Design and Development,87.5,100.0,O,,PASS,6.7,0
STU_25881A6661,25881A6661,SATU VAMSHI KRISHNA,A,2,SUB_2_A9304,A9304,Computer Aided Engineering Graphics,80.0,90.0,A+,,PASS,6.7,0
STU_25881A6661,25881A6661,SATU VAMSHI KRISHNA,A,2,SUB_2_A9402,A9402,Digital Electronics,81.36,60.0,B,,PASS,6.7,0
STU_25881A6661,25881A6661,SATU VAMSHI KRISHNA,A,2,SUB_2_A9503,A9503,Data Structures,82.81,70.0,B+,,PASS,6.7,0
STU_25881A6661,25881A6661,SATU VAMSHI KRISHNA,A,2,SUB_2_A9504,A9504,Data Structures Laboratory,79.31,80.0,A,,PASS,6.7,0
STU_25881A6662,25881A6662,P VEERA SHANKAR REDDY,A,2,SUB_2_A9002,A9002,Ordinary Differential Equations and Vector Calculus,79.73,100.0,O,,PASS,9.1,0
STU_25881A6662,25881A6662,P VEERA SHANKAR REDDY,A,2,SUB_2_A9009,A9009,Engineering Chemistry,83.87,90.0,A+,,PASS,9.1,0
STU_25881A6662,25881A6662,P VEERA SHANKAR REDDY,A,2,SUB_2_A9010,A9010,Engineering Chemistry Laboratory,100.0,100.0,O,,PASS,9.1,0
STU_25881A6662,25881A6662,P VEERA SHANKAR REDDY,A,2,SUB_2_A9011,A9011,English for Skills Enhancement,86.96,80.0,A,,PASS,9.1,0
STU_25881A6662,25881A6662,P VEERA SHANKAR REDDY,A,2,SUB_2_A9012,A9012,English Language and Communication Skills Laboratory,73.33,80.0,A,,PASS,9.1,0
STU_25881A6662,25881A6662,P VEERA SHANKAR REDDY,A,2,SUB_2_A9022,A9022,Product Design and Development,93.75,100.0,O,,PASS,9.1,0
STU_25881A6662,25881A6662,P VEERA SHANKAR REDDY,A,2,SUB_2_A9304,A9304,Computer Aided Engineering Graphics,86.67,100.0,O,,PASS,9.1,0
STU_25881A6662,25881A6662,P VEERA SHANKAR REDDY,A,2,SUB_2_A9402,A9402,Digital Electronics,91.53,90.0,A+,,PASS,9.1,0
STU_25881A6662,25881A6662,P VEERA SHANKAR REDDY,A,2,SUB_2_A9503,A9503,Data Structures,92.19,80.0,A,,PASS,9.1,0
STU_25881A6662,25881A6662,P VEERA SHANKAR REDDY,A,2,SUB_2_A9504,A9504,Data Structures Laboratory,100.0,100.0,O,,PASS,9.1,0
STU_25881A6663,25881A6663,BURAM VIASHNAVI,A,2,SUB_2_A9002,A9002,Ordinary Differential Equations and Vector Calculus,81.08,60.0,B,,PASS,6.85,0
STU_25881A6663,25881A6663,BURAM VIASHNAVI,A,2,SUB_2_A9009,A9009,Engineering Chemistry,83.87,60.0,B,,PASS,6.85,0
STU_25881A6663,25881A6663,BURAM VIASHNAVI,A,2,SUB_2_A9010,A9010,Engineering Chemistry Laboratory,92.86,90.0,A+,,PASS,6.85,0
STU_25881A6663,25881A6663,BURAM VIASHNAVI,A,2,SUB_2_A9011,A9011,English for Skills Enhancement,86.96,70.0,B+,,PASS,6.85,0
STU_25881A6663,25881A6663,BURAM VIASHNAVI,A,2,SUB_2_A9012,A9012,English Language and Communication Skills Laboratory,86.67,80.0,A,,PASS,6.85,0
STU_25881A6663,25881A6663,BURAM VIASHNAVI,A,2,SUB_2_A9022,A9022,Product Design and Development,93.75,100.0,O,,PASS,6.85,0
STU_25881A6663,25881A6663,BURAM VIASHNAVI,A,2,SUB_2_A9304,A9304,Computer Aided Engineering Graphics,100.0,90.0,A+,,PASS,6.85,0
STU_25881A6663,25881A6663,BURAM VIASHNAVI,A,2,SUB_2_A9402,A9402,Digital Electronics,88.14,60.0,B,,PASS,6.85,0
STU_25881A6663,25881A6663,BURAM VIASHNAVI,A,2,SUB_2_A9503,A9503,Data Structures,93.75,60.0,B,,PASS,6.85,0
STU_25881A6663,25881A6663,BURAM VIASHNAVI,A,2,SUB_2_A9504,A9504,Data Structures Laboratory,100.0,90.0,A+,,PASS,6.85,0
STU_25881A6664,25881A6664,NEERUDU VIVEK,A,2,SUB_2_A9002,A9002,Ordinary Differential Equations and Vector Calculus,74.32,90.0,A+,,PASS,9.0,0
STU_25881A6664,25881A6664,NEERUDU VIVEK,A,2,SUB_2_A9009,A9009,Engineering Chemistry,80.65,90.0,A+,,PASS,9.0,0
STU_25881A6664,25881A6664,NEERUDU VIVEK,A,2,SUB_2_A9010,A9010,Engineering Chemistry Laboratory,92.86,80.0,A,,PASS,9.0,0
STU_25881A6664,25881A6664,NEERUDU VIVEK,A,2,SUB_2_A9011,A9011,English for Skills Enhancement,78.26,90.0,A+,,PASS,9.0,0
STU_25881A6664,25881A6664,NEERUDU VIVEK,A,2,SUB_2_A9012,A9012,English Language and Communication Skills Laboratory,86.67,80.0,A,,PASS,9.0,0
STU_25881A6664,25881A6664,NEERUDU VIVEK,A,2,SUB_2_A9022,A9022,Product Design and Development,81.25,100.0,O,,PASS,9.0,0
STU_25881A6664,25881A6664,NEERUDU VIVEK,A,2,SUB_2_A9304,A9304,Computer Aided Engineering Graphics,86.67,90.0,A+,,PASS,9.0,0
STU_25881A6664,25881A6664,NEERUDU VIVEK,A,2,SUB_2_A9402,A9402,Digital Electronics,88.14,90.0,A+,,PASS,9.0,0
STU_25881A6664,25881A6664,NEERUDU VIVEK,A,2,SUB_2_A9503,A9503,Data Structures,79.69,90.0,A+,,PASS,9.0,0
STU_25881A6664,25881A6664,NEERUDU VIVEK,A,2,SUB_2_A9504,A9504,Data Structures Laboratory,86.21,100.0,O,,PASS,9.0,0
STU_25881A6665,25881A6665,KAMATHAM YASHWANTH,A,2,SUB_2_A9002,A9002,Ordinary Differential Equations and Vector Calculus,62.16,0.0,F,,FAIL,3.7,3
STU_25881A6665,25881A6665,KAMATHAM YASHWANTH,A,2,SUB_2_A9009,A9009,Engineering Chemistry,70.97,0.0,F,,FAIL,3.7,3
STU_25881A6665,25881A6665,KAMATHAM YASHWANTH,A,2,SUB_2_A9010,A9010,Engineering Chemistry Laboratory,100.0,80.0,A,,PASS,3.7,3
STU_25881A6665,25881A6665,KAMATHAM YASHWANTH,A,2,SUB_2_A9011,A9011,English for Skills Enhancement,78.26,80.0,A,,PASS,3.7,3
STU_25881A6665,25881A6665,KAMATHAM YASHWANTH,A,2,SUB_2_A9012,A9012,English Language and Communication Skills Laboratory,66.67,90.0,A+,,PASS,3.7,3
STU_25881A6665,25881A6665,KAMATHAM YASHWANTH,A,2,SUB_2_A9022,A9022,Product Design and Development,93.75,100.0,O,,PASS,3.7,3
STU_25881A6665,25881A6665,KAMATHAM YASHWANTH,A,2,SUB_2_A9304,A9304,Computer Aided Engineering Graphics,80.0,80.0,A,,PASS,3.7,3
STU_25881A6665,25881A6665,KAMATHAM YASHWANTH,A,2,SUB_2_A9402,A9402,Digital Electronics,77.97,0.0,F,,FAIL,3.7,3
STU_25881A6665,25881A6665,KAMATHAM YASHWANTH,A,2,SUB_2_A9503,A9503,Data Structures,67.19,50.0,C,,PASS,3.7,3
STU_25881A6665,25881A6665,KAMATHAM YASHWANTH,A,2,SUB_2_A9504,A9504,Data Structures Laboratory,79.31,80.0,A,,PASS,3.7,3
STU_25881A6666,25881A6666,GUDA ADHI YADAV,B,2,SUB_2_A9002,A9002,Ordinary Differential Equations and Vector Calculus,81.58,90.0,A+,,PASS,8.7,0
STU_25881A6666,25881A6666,GUDA ADHI YADAV,B,2,SUB_2_A9009,A9009,Engineering Chemistry,75.0,80.0,A,,PASS,8.7,0
STU_25881A6666,25881A6666,GUDA ADHI YADAV,B,2,SUB_2_A9010,A9010,Engineering Chemistry Laboratory,80.0,100.0,O,,PASS,8.7,0
STU_25881A6666,25881A6666,GUDA ADHI YADAV,B,2,SUB_2_A9011,A9011,English for Skills Enhancement,93.48,80.0,A,,PASS,8.7,0
STU_25881A6666,25881A6666,GUDA ADHI YADAV,B,2,SUB_2_A9012,A9012,English Language and Communication Skills Laboratory,75.0,100.0,O,,PASS,8.7,0
STU_25881A6666,25881A6666,GUDA ADHI YADAV,B,2,SUB_2_A9022,A9022,Product Design and Development,64.29,80.0,A,,PASS,8.7,0
STU_25881A6666,25881A6666,GUDA ADHI YADAV,B,2,SUB_2_A9304,A9304,Computer Aided Engineering Graphics,93.33,90.0,A+,,PASS,8.7,0
STU_25881A6666,25881A6666,GUDA ADHI YADAV,B,2,SUB_2_A9402,A9402,Digital Electronics,88.33,90.0,A+,,PASS,8.7,0
STU_25881A6666,25881A6666,GUDA ADHI YADAV,B,2,SUB_2_A9503,A9503,Data Structures,88.71,80.0,A,,PASS,8.7,0
STU_25881A6666,25881A6666,GUDA ADHI YADAV,B,2,SUB_2_A9504,A9504,Data Structures Laboratory,87.1,100.0,O,,PASS,8.7,0
STU_25881A6667,25881A6667,PALAMOOR ADITHYA GOUD,B,2,SUB_2_A9002,A9002,Ordinary Differential Equations and Vector Calculus,77.63,90.0,A+,,PASS,8.45,0
STU_25881A6667,25881A6667,PALAMOOR ADITHYA GOUD,B,2,SUB_2_A9009,A9009,Engineering Chemistry,68.33,70.0,B+,,PASS,8.45,0
STU_25881A6667,25881A6667,PALAMOOR ADITHYA GOUD,B,2,SUB_2_A9010,A9010,Engineering Chemistry Laboratory,73.33,90.0,A+,,PASS,8.45,0
STU_25881A6667,25881A6667,PALAMOOR ADITHYA GOUD,B,2,SUB_2_A9011,A9011,English for Skills Enhancement,78.26,80.0,A,,PASS,8.45,0
STU_25881A6667,25881A6667,PALAMOOR ADITHYA GOUD,B,2,SUB_2_A9012,A9012,English Language and Communication Skills Laboratory,75.0,100.0,O,,PASS,8.45,0
STU_25881A6667,25881A6667,PALAMOOR ADITHYA GOUD,B,2,SUB_2_A9022,A9022,Product Design and Development,71.43,100.0,O,,PASS,8.45,0
STU_25881A6667,25881A6667,PALAMOOR ADITHYA GOUD,B,2,SUB_2_A9304,A9304,Computer Aided Engineering Graphics,93.33,90.0,A+,,PASS,8.45,0
STU_25881A6667,25881A6667,PALAMOOR ADITHYA GOUD,B,2,SUB_2_A9402,A9402,Digital Electronics,58.33,70.0,B+,,PASS,8.45,0
STU_25881A6667,25881A6667,PALAMOOR ADITHYA GOUD,B,2,SUB_2_A9503,A9503,Data Structures,74.19,90.0,A+,,PASS,8.45,0
STU_25881A6667,25881A6667,PALAMOOR ADITHYA GOUD,B,2,SUB_2_A9504,A9504,Data Structures Laboratory,93.55,100.0,O,,PASS,8.45,0
STU_25881A6668,25881A6668,SHAHBAZ AHMED KHAN,B,2,SUB_2_A9002,A9002,Ordinary Differential Equations and Vector Calculus,81.58,60.0,B,,PASS,8.0,0
STU_25881A6668,25881A6668,SHAHBAZ AHMED KHAN,B,2,SUB_2_A9009,A9009,Engineering Chemistry,83.33,80.0,A,,PASS,8.0,0
STU_25881A6668,25881A6668,SHAHBAZ AHMED KHAN,B,2,SUB_2_A9010,A9010,Engineering Chemistry Laboratory,86.67,90.0,A+,,PASS,8.0,0
STU_25881A6668,25881A6668,SHAHBAZ AHMED KHAN,B,2,SUB_2_A9011,A9011,English for Skills Enhancement,82.61,80.0,A,,PASS,8.0,0
STU_25881A6668,25881A6668,SHAHBAZ AHMED KHAN,B,2,SUB_2_A9012,A9012,English Language and Communication Skills Laboratory,83.33,90.0,A+,,PASS,8.0,0
STU_25881A6668,25881A6668,SHAHBAZ AHMED KHAN,B,2,SUB_2_A9022,A9022,Product Design and Development,28.57,90.0,A+,,PASS,8.0,0
STU_25881A6668,25881A6668,SHAHBAZ AHMED KHAN,B,2,SUB_2_A9304,A9304,Computer Aided Engineering Graphics,93.33,90.0,A+,,PASS,8.0,0
STU_25881A6668,25881A6668,SHAHBAZ AHMED KHAN,B,2,SUB_2_A9402,A9402,Digital Electronics,81.67,90.0,A+,,PASS,8.0,0
STU_25881A6668,25881A6668,SHAHBAZ AHMED KHAN,B,2,SUB_2_A9503,A9503,Data Structures,85.48,80.0,A,,PASS,8.0,0
STU_25881A6668,25881A6668,SHAHBAZ AHMED KHAN,B,2,SUB_2_A9504,A9504,Data Structures Laboratory,93.55,90.0,A+,,PASS,8.0,0
STU_25881A6669,25881A6669,KARLA AKSHYA REDDY,B,2,SUB_2_A9002,A9002,Ordinary Differential Equations and Vector Calculus,80.26,90.0,A+,,PASS,8.7,0
STU_25881A6669,25881A6669,KARLA AKSHYA REDDY,B,2,SUB_2_A9009,A9009,Engineering Chemistry,80.0,80.0,A,,PASS,8.7,0
STU_25881A6669,25881A6669,KARLA AKSHYA REDDY,B,2,SUB_2_A9010,A9010,Engineering Chemistry Laboratory,93.33,100.0,O,,PASS,8.7,0
STU_25881A6669,25881A6669,KARLA AKSHYA REDDY,B,2,SUB_2_A9011,A9011,English for Skills Enhancement,82.61,90.0,A+,,PASS,8.7,0
STU_25881A6669,25881A6669,KARLA AKSHYA REDDY,B,2,SUB_2_A9012,A9012,English Language and Communication Skills Laboratory,68.75,90.0,A+,,PASS,8.7,0
STU_25881A6669,25881A6669,KARLA AKSHYA REDDY,B,2,SUB_2_A9022,A9022,Product Design and Development,78.57,90.0,A+,,PASS,8.7,0
STU_25881A6669,25881A6669,KARLA AKSHYA REDDY,B,2,SUB_2_A9304,A9304,Computer Aided Engineering Graphics,86.67,80.0,A,,PASS,8.7,0
STU_25881A6669,25881A6669,KARLA AKSHYA REDDY,B,2,SUB_2_A9402,A9402,Digital Electronics,86.67,80.0,A,,PASS,8.7,0
STU_25881A6669,25881A6669,KARLA AKSHYA REDDY,B,2,SUB_2_A9503,A9503,Data Structures,82.26,90.0,A+,,PASS,8.7,0
STU_25881A6669,25881A6669,KARLA AKSHYA REDDY,B,2,SUB_2_A9504,A9504,Data Structures Laboratory,87.1,90.0,A+,,PASS,8.7,0
STU_25881A6670,25881A6670,PADAMATI ASHWITHA REDDY,B,2,SUB_2_A9002,A9002,Ordinary Differential Equations and Vector Calculus,81.58,80.0,A,,PASS,8.0,0
STU_25881A6670,25881A6670,PADAMATI ASHWITHA REDDY,B,2,SUB_2_A9009,A9009,Engineering Chemistry,75.0,70.0,B+,,PASS,8.0,0
STU_25881A6670,25881A6670,PADAMATI ASHWITHA REDDY,B,2,SUB_2_A9010,A9010,Engineering Chemistry Laboratory,80.0,90.0,A+,,PASS,8.0,0
STU_25881A6670,25881A6670,PADAMATI ASHWITHA REDDY,B,2,SUB_2_A9011,A9011,English for Skills Enhancement,86.96,80.0,A,,PASS,8.0,0
STU_25881A6670,25881A6670,PADAMATI ASHWITHA REDDY,B,2,SUB_2_A9012,A9012,English Language and Communication Skills Laboratory,68.75,90.0,A+,,PASS,8.0,0
STU_25881A6670,25881A6670,PADAMATI ASHWITHA REDDY,B,2,SUB_2_A9022,A9022,Product Design and Development,71.43,90.0,A+,,PASS,8.0,0
STU_25881A6670,25881A6670,PADAMATI ASHWITHA REDDY,B,2,SUB_2_A9304,A9304,Computer Aided Engineering Graphics,86.67,80.0,A,,PASS,8.0,0
STU_25881A6670,25881A6670,PADAMATI ASHWITHA REDDY,B,2,SUB_2_A9402,A9402,Digital Electronics,80.0,90.0,A+,,PASS,8.0,0
STU_25881A6670,25881A6670,PADAMATI ASHWITHA REDDY,B,2,SUB_2_A9503,A9503,Data Structures,88.71,70.0,B+,,PASS,8.0,0
STU_25881A6670,25881A6670,PADAMATI ASHWITHA REDDY,B,2,SUB_2_A9504,A9504,Data Structures Laboratory,87.1,80.0,A,,PASS,8.0,0
STU_25881A6671,25881A6671,PUSULURI BIPIN,B,2,SUB_2_A9002,A9002,Ordinary Differential Equations and Vector Calculus,85.53,90.0,A+,,PASS,8.95,0
STU_25881A6671,25881A6671,PUSULURI BIPIN,B,2,SUB_2_A9009,A9009,Engineering Chemistry,80.0,90.0,A+,,PASS,8.95,0
STU_25881A6671,25881A6671,PUSULURI BIPIN,B,2,SUB_2_A9010,A9010,Engineering Chemistry Laboratory,86.67,90.0,A+,,PASS,8.95,0
STU_25881A6671,25881A6671,PUSULURI BIPIN,B,2,SUB_2_A9011,A9011,English for Skills Enhancement,80.43,80.0,A,,PASS,8.95,0
STU_25881A6671,25881A6671,PUSULURI BIPIN,B,2,SUB_2_A9012,A9012,English Language and Communication Skills Laboratory,93.75,80.0,A,,PASS,8.95,0
STU_25881A6671,25881A6671,PUSULURI BIPIN,B,2,SUB_2_A9022,A9022,Product Design and Development,78.57,100.0,O,,PASS,8.95,0
STU_25881A6671,25881A6671,PUSULURI BIPIN,B,2,SUB_2_A9304,A9304,Computer Aided Engineering Graphics,100.0,90.0,A+,,PASS,8.95,0
STU_25881A6671,25881A6671,PUSULURI BIPIN,B,2,SUB_2_A9402,A9402,Digital Electronics,78.33,90.0,A+,,PASS,8.95,0
STU_25881A6671,25881A6671,PUSULURI BIPIN,B,2,SUB_2_A9503,A9503,Data Structures,88.71,90.0,A+,,PASS,8.95,0
STU_25881A6671,25881A6671,PUSULURI BIPIN,B,2,SUB_2_A9504,A9504,Data Structures Laboratory,100.0,100.0,O,,PASS,8.95,0
STU_25881A6672,25881A6672,PUNNA CHARAN TEJ,B,2,SUB_2_A9002,A9002,Ordinary Differential Equations and Vector Calculus,73.68,80.0,A,,PASS,7.9,0
STU_25881A6672,25881A6672,PUNNA CHARAN TEJ,B,2,SUB_2_A9009,A9009,Engineering Chemistry,75.0,80.0,A,,PASS,7.9,0
STU_25881A6672,25881A6672,PUNNA CHARAN TEJ,B,2,SUB_2_A9010,A9010,Engineering Chemistry Laboratory,86.67,90.0,A+,,PASS,7.9,0
STU_25881A6672,25881A6672,PUNNA CHARAN TEJ,B,2,SUB_2_A9011,A9011,English for Skills Enhancement,84.78,90.0,A+,,PASS,7.9,0
STU_25881A6672,25881A6672,PUNNA CHARAN TEJ,B,2,SUB_2_A9012,A9012,English Language and Communication Skills Laboratory,81.25,90.0,A+,,PASS,7.9,0
STU_25881A6672,25881A6672,PUNNA CHARAN TEJ,B,2,SUB_2_A9022,A9022,Product Design and Development,57.14,80.0,A,,PASS,7.9,0
STU_25881A6672,25881A6672,PUNNA CHARAN TEJ,B,2,SUB_2_A9304,A9304,Computer Aided Engineering Graphics,73.33,80.0,A,,PASS,7.9,0
STU_25881A6672,25881A6672,PUNNA CHARAN TEJ,B,2,SUB_2_A9402,A9402,Digital Electronics,78.33,70.0,B+,,PASS,7.9,0
STU_25881A6672,25881A6672,PUNNA CHARAN TEJ,B,2,SUB_2_A9503,A9503,Data Structures,77.42,70.0,B+,,PASS,7.9,0
STU_25881A6672,25881A6672,PUNNA CHARAN TEJ,B,2,SUB_2_A9504,A9504,Data Structures Laboratory,80.65,80.0,A,,PASS,7.9,0
STU_25881A6673,25881A6673,BODDU DAVID RAJ,B,2,SUB_2_A9002,A9002,Ordinary Differential Equations and Vector Calculus,84.21,80.0,A,,PASS,8.2,0
STU_25881A6673,25881A6673,BODDU DAVID RAJ,B,2,SUB_2_A9009,A9009,Engineering Chemistry,68.33,70.0,B+,,PASS,8.2,0
STU_25881A6673,25881A6673,BODDU DAVID RAJ,B,2,SUB_2_A9010,A9010,Engineering Chemistry Laboratory,86.67,90.0,A+,,PASS,8.2,0
STU_25881A6673,25881A6673,BODDU DAVID RAJ,B,2,SUB_2_A9011,A9011,English for Skills Enhancement,73.91,80.0,A,,PASS,8.2,0
STU_25881A6673,25881A6673,BODDU DAVID RAJ,B,2,SUB_2_A9012,A9012,English Language and Communication Skills Laboratory,87.5,100.0,O,,PASS,8.2,0
STU_25881A6673,25881A6673,BODDU DAVID RAJ,B,2,SUB_2_A9022,A9022,Product Design and Development,71.43,100.0,O,,PASS,8.2,0
STU_25881A6673,25881A6673,BODDU DAVID RAJ,B,2,SUB_2_A9304,A9304,Computer Aided Engineering Graphics,93.33,90.0,A+,,PASS,8.2,0
STU_25881A6673,25881A6673,BODDU DAVID RAJ,B,2,SUB_2_A9402,A9402,Digital Electronics,71.67,90.0,A+,,PASS,8.2,0
STU_25881A6673,25881A6673,BODDU DAVID RAJ,B,2,SUB_2_A9503,A9503,Data Structures,85.48,70.0,B+,,PASS,8.2,0
STU_25881A6673,25881A6673,BODDU DAVID RAJ,B,2,SUB_2_A9504,A9504,Data Structures Laboratory,93.55,90.0,A+,,PASS,8.2,0
STU_25881A6674,25881A6674,ARASANI DEEPIKA,B,2,SUB_2_A9002,A9002,Ordinary Differential Equations and Vector Calculus,80.26,0.0,F,,FAIL,4.55,2
STU_25881A6674,25881A6674,ARASANI DEEPIKA,B,2,SUB_2_A9009,A9009,Engineering Chemistry,75.0,50.0,C,,PASS,4.55,2
STU_25881A6674,25881A6674,ARASANI DEEPIKA,B,2,SUB_2_A9010,A9010,Engineering Chemistry Laboratory,80.0,70.0,B+,,PASS,4.55,2
STU_25881A6674,25881A6674,ARASANI DEEPIKA,B,2,SUB_2_A9011,A9011,English for Skills Enhancement,67.39,0.0,F,,FAIL,4.55,2
STU_25881A6674,25881A6674,ARASANI DEEPIKA,B,2,SUB_2_A9012,A9012,English Language and Communication Skills Laboratory,81.25,70.0,B+,,PASS,4.55,2
STU_25881A6674,25881A6674,ARASANI DEEPIKA,B,2,SUB_2_A9022,A9022,Product Design and Development,64.29,80.0,A,,PASS,4.55,2
STU_25881A6674,25881A6674,ARASANI DEEPIKA,B,2,SUB_2_A9304,A9304,Computer Aided Engineering Graphics,80.0,70.0,B+,,PASS,4.55,2
STU_25881A6674,25881A6674,ARASANI DEEPIKA,B,2,SUB_2_A9402,A9402,Digital Electronics,75.0,60.0,B,,PASS,4.55,2
STU_25881A6674,25881A6674,ARASANI DEEPIKA,B,2,SUB_2_A9503,A9503,Data Structures,79.03,70.0,B+,,PASS,4.55,2
STU_25881A6674,25881A6674,ARASANI DEEPIKA,B,2,SUB_2_A9504,A9504,Data Structures Laboratory,87.1,80.0,A,,PASS,4.55,2
STU_25881A6675,25881A6675,DUNNA DURGA VENKATA SAI,B,2,SUB_2_A9002,A9002,Ordinary Differential Equations and Vector Calculus,77.63,0.0,F,,FAIL,3.05,3
STU_25881A6675,25881A6675,DUNNA DURGA VENKATA SAI,B,2,SUB_2_A9009,A9009,Engineering Chemistry,75.0,0.0,F,,FAIL,3.05,3
STU_25881A6675,25881A6675,DUNNA DURGA VENKATA SAI,B,2,SUB_2_A9010,A9010,Engineering Chemistry Laboratory,80.0,70.0,B+,,PASS,3.05,3
STU_25881A6675,25881A6675,DUNNA DURGA VENKATA SAI,B,2,SUB_2_A9011,A9011,English for Skills Enhancement,71.74,60.0,B,,PASS,3.05,3
STU_25881A6675,25881A6675,DUNNA DURGA VENKATA SAI,B,2,SUB_2_A9012,A9012,English Language and Communication Skills Laboratory,60.42,70.0,B+,,PASS,3.05,3
STU_25881A6675,25881A6675,DUNNA DURGA VENKATA SAI,B,2,SUB_2_A9022,A9022,Product Design and Development,50.0,80.0,A,,PASS,3.05,3
STU_25881A6675,25881A6675,DUNNA DURGA VENKATA SAI,B,2,SUB_2_A9304,A9304,Computer Aided Engineering Graphics,93.33,50.0,C,,PASS,3.05,3
STU_25881A6675,25881A6675,DUNNA DURGA VENKATA SAI,B,2,SUB_2_A9402,A9402,Digital Electronics,83.33,50.0,C,,PASS,3.05,3
STU_25881A6675,25881A6675,DUNNA DURGA VENKATA SAI,B,2,SUB_2_A9503,A9503,Data Structures,82.26,0.0,F,,FAIL,3.05,3
STU_25881A6675,25881A6675,DUNNA DURGA VENKATA SAI,B,2,SUB_2_A9504,A9504,Data Structures Laboratory,80.65,70.0,B+,,PASS,3.05,3
STU_25881A6676,25881A6676,B GOKUL SAI REDDY,B,2,SUB_2_A9002,A9002,Ordinary Differential Equations and Vector Calculus,77.63,100.0,O,,PASS,8.7,0
STU_25881A6676,25881A6676,B GOKUL SAI REDDY,B,2,SUB_2_A9009,A9009,Engineering Chemistry,56.67,80.0,A,,PASS,8.7,0
STU_25881A6676,25881A6676,B GOKUL SAI REDDY,B,2,SUB_2_A9010,A9010,Engineering Chemistry Laboratory,93.33,90.0,A+,,PASS,8.7,0
STU_25881A6676,25881A6676,B GOKUL SAI REDDY,B,2,SUB_2_A9011,A9011,English for Skills Enhancement,89.13,80.0,A,,PASS,8.7,0
STU_25881A6676,25881A6676,B GOKUL SAI REDDY,B,2,SUB_2_A9012,A9012,English Language and Communication Skills Laboratory,81.25,90.0,A+,,PASS,8.7,0
STU_25881A6676,25881A6676,B GOKUL SAI REDDY,B,2,SUB_2_A9022,A9022,Product Design and Development,78.57,90.0,A+,,PASS,8.7,0
STU_25881A6676,25881A6676,B GOKUL SAI REDDY,B,2,SUB_2_A9304,A9304,Computer Aided Engineering Graphics,93.33,90.0,A+,,PASS,8.7,0
STU_25881A6676,25881A6676,B GOKUL SAI REDDY,B,2,SUB_2_A9402,A9402,Digital Electronics,81.67,80.0,A,,PASS,8.7,0
STU_25881A6676,25881A6676,B GOKUL SAI REDDY,B,2,SUB_2_A9503,A9503,Data Structures,88.71,80.0,A,,PASS,8.7,0
STU_25881A6676,25881A6676,B GOKUL SAI REDDY,B,2,SUB_2_A9504,A9504,Data Structures Laboratory,100.0,100.0,O,,PASS,8.7,0
STU_25881A6677,25881A6677,NITI GOYAL,B,2,SUB_2_A9002,A9002,Ordinary Differential Equations and Vector Calculus,78.95,90.0,A+,,PASS,9.2,0
STU_25881A6677,25881A6677,NITI GOYAL,B,2,SUB_2_A9009,A9009,Engineering Chemistry,85.0,90.0,A+,,PASS,9.2,0
STU_25881A6677,25881A6677,NITI GOYAL,B,2,SUB_2_A9010,A9010,Engineering Chemistry Laboratory,80.0,90.0,A+,,PASS,9.2,0
STU_25881A6677,25881A6677,NITI GOYAL,B,2,SUB_2_A9011,A9011,English for Skills Enhancement,82.61,90.0,A+,,PASS,9.2,0
STU_25881A6677,25881A6677,NITI GOYAL,B,2,SUB_2_A9012,A9012,English Language and Communication Skills Laboratory,68.75,100.0,O,,PASS,9.2,0
STU_25881A6677,25881A6677,NITI GOYAL,B,2,SUB_2_A9022,A9022,Product Design and Development,85.71,90.0,A+,,PASS,9.2,0
STU_25881A6677,25881A6677,NITI GOYAL,B,2,SUB_2_A9304,A9304,Computer Aided Engineering Graphics,93.33,90.0,A+,,PASS,9.2,0
STU_25881A6677,25881A6677,NITI GOYAL,B,2,SUB_2_A9402,A9402,Digital Electronics,90.0,100.0,O,,PASS,9.2,0
STU_25881A6677,25881A6677,NITI GOYAL,B,2,SUB_2_A9503,A9503,Data Structures,82.26,90.0,A+,,PASS,9.2,0
STU_25881A6677,25881A6677,NITI GOYAL,B,2,SUB_2_A9504,A9504,Data Structures Laboratory,93.55,90.0,A+,,PASS,9.2,0
STU_25881A6678,25881A6678,GUDALA GRACE PAUL,B,2,SUB_2_A9002,A9002,Ordinary Differential Equations and Vector Calculus,75.0,70.0,B+,,PASS,7.45,0
STU_25881A6678,25881A6678,GUDALA GRACE PAUL,B,2,SUB_2_A9009,A9009,Engineering Chemistry,80.0,80.0,A,,PASS,7.45,0
STU_25881A6678,25881A6678,GUDALA GRACE PAUL,B,2,SUB_2_A9010,A9010,Engineering Chemistry Laboratory,86.67,90.0,A+,,PASS,7.45,0
STU_25881A6678,25881A6678,GUDALA GRACE PAUL,B,2,SUB_2_A9011,A9011,English for Skills Enhancement,80.43,80.0,A,,PASS,7.45,0
STU_25881A6678,25881A6678,GUDALA GRACE PAUL,B,2,SUB_2_A9012,A9012,English Language and Communication Skills Laboratory,81.25,80.0,A,,PASS,7.45,0
STU_25881A6678,25881A6678,GUDALA GRACE PAUL,B,2,SUB_2_A9022,A9022,Product Design and Development,57.14,80.0,A,,PASS,7.45,0
STU_25881A6678,25881A6678,GUDALA GRACE PAUL,B,2,SUB_2_A9304,A9304,Computer Aided Engineering Graphics,66.67,70.0,B+,,PASS,7.45,0
STU_25881A6678,25881A6678,GUDALA GRACE PAUL,B,2,SUB_2_A9402,A9402,Digital Electronics,78.33,70.0,B+,,PASS,7.45,0
STU_25881A6678,25881A6678,GUDALA GRACE PAUL,B,2,SUB_2_A9503,A9503,Data Structures,80.65,70.0,B+,,PASS,7.45,0
STU_25881A6678,25881A6678,GUDALA GRACE PAUL,B,2,SUB_2_A9504,A9504,Data Structures Laboratory,74.19,70.0,B+,,PASS,7.45,0
STU_25881A6679,25881A6679,DAMIREDDY HARSHA VARDHAN REDDY,B,2,SUB_2_A9002,A9002,Ordinary Differential Equations and Vector Calculus,53.95,0.0,F,,FAIL,4.1,2
STU_25881A6679,25881A6679,DAMIREDDY HARSHA VARDHAN REDDY,B,2,SUB_2_A9009,A9009,Engineering Chemistry,66.67,50.0,C,,PASS,4.1,2
STU_25881A6679,25881A6679,DAMIREDDY HARSHA VARDHAN REDDY,B,2,SUB_2_A9010,A9010,Engineering Chemistry Laboratory,62.22,80.0,A,,PASS,4.1,2
STU_25881A6679,25881A6679,DAMIREDDY HARSHA VARDHAN REDDY,B,2,SUB_2_A9011,A9011,English for Skills Enhancement,54.35,60.0,B,,PASS,4.1,2
STU_25881A6679,25881A6679,DAMIREDDY HARSHA VARDHAN REDDY,B,2,SUB_2_A9012,A9012,English Language and Communication Skills Laboratory,56.25,80.0,A,,PASS,4.1,2
STU_25881A6679,25881A6679,DAMIREDDY HARSHA VARDHAN REDDY,B,2,SUB_2_A9022,A9022,Product Design and Development,57.14,80.0,A,,PASS,4.1,2
STU_25881A6679,25881A6679,DAMIREDDY HARSHA VARDHAN REDDY,B,2,SUB_2_A9304,A9304,Computer Aided Engineering Graphics,80.0,80.0,A,,PASS,4.1,2
STU_25881A6679,25881A6679,DAMIREDDY HARSHA VARDHAN REDDY,B,2,SUB_2_A9402,A9402,Digital Electronics,75.0,50.0,C,,PASS,4.1,2
STU_25881A6679,25881A6679,DAMIREDDY HARSHA VARDHAN REDDY,B,2,SUB_2_A9503,A9503,Data Structures,70.97,0.0,F,,FAIL,4.1,2
STU_25881A6679,25881A6679,DAMIREDDY HARSHA VARDHAN REDDY,B,2,SUB_2_A9504,A9504,Data Structures Laboratory,87.1,80.0,A,,PASS,4.1,2
STU_25881A6680,25881A6680,KUNDARAPU HARSHAVARDHAN,B,2,SUB_2_A9002,A9002,Ordinary Differential Equations and Vector Calculus,76.32,60.0,B,,PASS,7.8,0
STU_25881A6680,25881A6680,KUNDARAPU HARSHAVARDHAN,B,2,SUB_2_A9009,A9009,Engineering Chemistry,76.67,80.0,A,,PASS,7.8,0
STU_25881A6680,25881A6680,KUNDARAPU HARSHAVARDHAN,B,2,SUB_2_A9010,A9010,Engineering Chemistry Laboratory,80.0,90.0,A+,,PASS,7.8,0
STU_25881A6680,25881A6680,KUNDARAPU HARSHAVARDHAN,B,2,SUB_2_A9011,A9011,English for Skills Enhancement,69.57,80.0,A,,PASS,7.8,0
STU_25881A6680,25881A6680,KUNDARAPU HARSHAVARDHAN,B,2,SUB_2_A9012,A9012,English Language and Communication Skills Laboratory,81.25,80.0,A,,PASS,7.8,0
STU_25881A6680,25881A6680,KUNDARAPU HARSHAVARDHAN,B,2,SUB_2_A9022,A9022,Product Design and Development,64.29,90.0,A+,,PASS,7.8,0
STU_25881A6680,25881A6680,KUNDARAPU HARSHAVARDHAN,B,2,SUB_2_A9304,A9304,Computer Aided Engineering Graphics,93.33,90.0,A+,,PASS,7.8,0
STU_25881A6680,25881A6680,KUNDARAPU HARSHAVARDHAN,B,2,SUB_2_A9402,A9402,Digital Electronics,76.67,90.0,A+,,PASS,7.8,0
STU_25881A6680,25881A6680,KUNDARAPU HARSHAVARDHAN,B,2,SUB_2_A9503,A9503,Data Structures,74.19,70.0,B+,,PASS,7.8,0
STU_25881A6680,25881A6680,KUNDARAPU HARSHAVARDHAN,B,2,SUB_2_A9504,A9504,Data Structures Laboratory,93.55,90.0,A+,,PASS,7.8,0
STU_25881A6681,25881A6681,TUMU HASINI,B,2,SUB_2_A9002,A9002,Ordinary Differential Equations and Vector Calculus,81.58,60.0,B,,PASS,7.6,0
STU_25881A6681,25881A6681,TUMU HASINI,B,2,SUB_2_A9009,A9009,Engineering Chemistry,80.0,70.0,B+,,PASS,7.6,0
STU_25881A6681,25881A6681,TUMU HASINI,B,2,SUB_2_A9010,A9010,Engineering Chemistry Laboratory,80.0,90.0,A+,,PASS,7.6,0
STU_25881A6681,25881A6681,TUMU HASINI,B,2,SUB_2_A9011,A9011,English for Skills Enhancement,89.13,70.0,B+,,PASS,7.6,0
STU_25881A6681,25881A6681,TUMU HASINI,B,2,SUB_2_A9012,A9012,English Language and Communication Skills Laboratory,68.75,90.0,A+,,PASS,7.6,0
STU_25881A6681,25881A6681,TUMU HASINI,B,2,SUB_2_A9022,A9022,Product Design and Development,85.71,90.0,A+,,PASS,7.6,0
STU_25881A6681,25881A6681,TUMU HASINI,B,2,SUB_2_A9304,A9304,Computer Aided Engineering Graphics,93.33,90.0,A+,,PASS,7.6,0
STU_25881A6681,25881A6681,TUMU HASINI,B,2,SUB_2_A9402,A9402,Digital Electronics,95.0,80.0,A,,PASS,7.6,0
STU_25881A6681,25881A6681,TUMU HASINI,B,2,SUB_2_A9503,A9503,Data Structures,82.26,80.0,A,,PASS,7.6,0
STU_25881A6681,25881A6681,TUMU HASINI,B,2,SUB_2_A9504,A9504,Data Structures Laboratory,93.55,90.0,A+,,PASS,7.6,0
STU_25881A6682,25881A6682,TANGELLA KALYAN RAJU,B,2,SUB_2_A9002,A9002,Ordinary Differential Equations and Vector Calculus,81.58,90.0,A+,,PASS,9.3,0
STU_25881A6682,25881A6682,TANGELLA KALYAN RAJU,B,2,SUB_2_A9009,A9009,Engineering Chemistry,71.67,100.0,O,,PASS,9.3,0
STU_25881A6682,25881A6682,TANGELLA KALYAN RAJU,B,2,SUB_2_A9010,A9010,Engineering Chemistry Laboratory,80.0,100.0,O,,PASS,9.3,0
STU_25881A6682,25881A6682,TANGELLA KALYAN RAJU,B,2,SUB_2_A9011,A9011,English for Skills Enhancement,84.78,90.0,A+,,PASS,9.3,0
STU_25881A6682,25881A6682,TANGELLA KALYAN RAJU,B,2,SUB_2_A9012,A9012,English Language and Communication Skills Laboratory,75.0,100.0,O,,PASS,9.3,0
STU_25881A6682,25881A6682,TANGELLA KALYAN RAJU,B,2,SUB_2_A9022,A9022,Product Design and Development,57.14,90.0,A+,,PASS,9.3,0
STU_25881A6682,25881A6682,TANGELLA KALYAN RAJU,B,2,SUB_2_A9304,A9304,Computer Aided Engineering Graphics,86.67,90.0,A+,,PASS,9.3,0
STU_25881A6682,25881A6682,TANGELLA KALYAN RAJU,B,2,SUB_2_A9402,A9402,Digital Electronics,90.0,90.0,A+,,PASS,9.3,0
STU_25881A6682,25881A6682,TANGELLA KALYAN RAJU,B,2,SUB_2_A9503,A9503,Data Structures,85.48,90.0,A+,,PASS,9.3,0
STU_25881A6682,25881A6682,TANGELLA KALYAN RAJU,B,2,SUB_2_A9504,A9504,Data Structures Laboratory,87.1,100.0,O,,PASS,9.3,0
STU_25881A6683,25881A6683,POTURAJU KALYANI,B,2,SUB_2_A9002,A9002,Ordinary Differential Equations and Vector Calculus,78.95,80.0,A,,PASS,8.0,0
STU_25881A6683,25881A6683,POTURAJU KALYANI,B,2,SUB_2_A9009,A9009,Engineering Chemistry,85.0,70.0,B+,,PASS,8.0,0
STU_25881A6683,25881A6683,POTURAJU KALYANI,B,2,SUB_2_A9010,A9010,Engineering Chemistry Laboratory,86.67,90.0,A+,,PASS,8.0,0
STU_25881A6683,25881A6683,POTURAJU KALYANI,B,2,SUB_2_A9011,A9011,English for Skills Enhancement,76.09,70.0,B+,,PASS,8.0,0
STU_25881A6683,25881A6683,POTURAJU KALYANI,B,2,SUB_2_A9012,A9012,English Language and Communication Skills Laboratory,81.25,100.0,O,,PASS,8.0,0
STU_25881A6683,25881A6683,POTURAJU KALYANI,B,2,SUB_2_A9022,A9022,Product Design and Development,78.57,90.0,A+,,PASS,8.0,0
STU_25881A6683,25881A6683,POTURAJU KALYANI,B,2,SUB_2_A9304,A9304,Computer Aided Engineering Graphics,93.33,90.0,A+,,PASS,8.0,0
STU_25881A6683,25881A6683,POTURAJU KALYANI,B,2,SUB_2_A9402,A9402,Digital Electronics,76.67,80.0,A,,PASS,8.0,0
STU_25881A6683,25881A6683,POTURAJU KALYANI,B,2,SUB_2_A9503,A9503,Data Structures,79.03,80.0,A,,PASS,8.0,0
STU_25881A6683,25881A6683,POTURAJU KALYANI,B,2,SUB_2_A9504,A9504,Data Structures Laboratory,93.55,80.0,A,,PASS,8.0,0
STU_25881A6684,25881A6684,KURA KAUSHIK RAJ,B,2,SUB_2_A9002,A9002,Ordinary Differential Equations and Vector Calculus,78.95,80.0,A,,PASS,8.15,0
STU_25881A6684,25881A6684,KURA KAUSHIK RAJ,B,2,SUB_2_A9009,A9009,Engineering Chemistry,78.33,70.0,B+,,PASS,8.15,0
STU_25881A6684,25881A6684,KURA KAUSHIK RAJ,B,2,SUB_2_A9010,A9010,Engineering Chemistry Laboratory,73.33,90.0,A+,,PASS,8.15,0
STU_25881A6684,25881A6684,KURA KAUSHIK RAJ,B,2,SUB_2_A9011,A9011,English for Skills Enhancement,71.74,80.0,A,,PASS,8.15,0
STU_25881A6684,25881A6684,KURA KAUSHIK RAJ,B,2,SUB_2_A9012,A9012,English Language and Communication Skills Laboratory,81.25,90.0,A+,,PASS,8.15,0
STU_25881A6684,25881A6684,KURA KAUSHIK RAJ,B,2,SUB_2_A9022,A9022,Product Design and Development,57.14,80.0,A,,PASS,8.15,0
STU_25881A6684,25881A6684,KURA KAUSHIK RAJ,B,2,SUB_2_A9304,A9304,Computer Aided Engineering Graphics,93.33,90.0,A+,,PASS,8.15,0
STU_25881A6684,25881A6684,KURA KAUSHIK RAJ,B,2,SUB_2_A9402,A9402,Digital Electronics,68.33,90.0,A+,,PASS,8.15,0
STU_25881A6684,25881A6684,KURA KAUSHIK RAJ,B,2,SUB_2_A9503,A9503,Data Structures,77.42,80.0,A,,PASS,8.15,0
STU_25881A6684,25881A6684,KURA KAUSHIK RAJ,B,2,SUB_2_A9504,A9504,Data Structures Laboratory,100.0,80.0,A,,PASS,8.15,0
STU_25881A6685,25881A6685,KUNAL SINGH,B,2,SUB_2_A9002,A9002,Ordinary Differential Equations and Vector Calculus,77.63,100.0,O,,PASS,9.4,0
STU_25881A6685,25881A6685,KUNAL SINGH,B,2,SUB_2_A9009,A9009,Engineering Chemistry,80.0,100.0,O,,PASS,9.4,0
STU_25881A6685,25881A6685,KUNAL SINGH,B,2,SUB_2_A9010,A9010,Engineering Chemistry Laboratory,80.0,100.0,O,,PASS,9.4,0
STU_25881A6685,25881A6685,KUNAL SINGH,B,2,SUB_2_A9011,A9011,English for Skills Enhancement,69.57,90.0,A+,,PASS,9.4,0
STU_25881A6685,25881A6685,KUNAL SINGH,B,2,SUB_2_A9012,A9012,English Language and Communication Skills Laboratory,75.0,100.0,O,,PASS,9.4,0
STU_25881A6685,25881A6685,KUNAL SINGH,B,2,SUB_2_A9022,A9022,Product Design and Development,64.29,80.0,A,,PASS,9.4,0
STU_25881A6685,25881A6685,KUNAL SINGH,B,2,SUB_2_A9304,A9304,Computer Aided Engineering Graphics,80.0,80.0,A,,PASS,9.4,0
STU_25881A6685,25881A6685,KUNAL SINGH,B,2,SUB_2_A9402,A9402,Digital Electronics,73.33,90.0,A+,,PASS,9.4,0
STU_25881A6685,25881A6685,KUNAL SINGH,B,2,SUB_2_A9503,A9503,Data Structures,80.65,90.0,A+,,PASS,9.4,0
STU_25881A6685,25881A6685,KUNAL SINGH,B,2,SUB_2_A9504,A9504,Data Structures Laboratory,87.1,100.0,O,,PASS,9.4,0
STU_25881A6686,25881A6686,PEDDAGOLLA LEELA BHAVANI,B,2,SUB_2_A9002,A9002,Ordinary Differential Equations and Vector Calculus,81.58,100.0,O,,PASS,9.0,0
STU_25881A6686,25881A6686,PEDDAGOLLA LEELA BHAVANI,B,2,SUB_2_A9009,A9009,Engineering Chemistry,93.33,90.0,A+,,PASS,9.0,0
STU_25881A6686,25881A6686,PEDDAGOLLA LEELA BHAVANI,B,2,SUB_2_A9010,A9010,Engineering Chemistry Laboratory,73.33,90.0,A+,,PASS,9.0,0
STU_25881A6686,25881A6686,PEDDAGOLLA LEELA BHAVANI,B,2,SUB_2_A9011,A9011,English for Skills Enhancement,71.74,80.0,A,,PASS,9.0,0
STU_25881A6686,25881A6686,PEDDAGOLLA LEELA BHAVANI,B,2,SUB_2_A9012,A9012,English Language and Communication Skills Laboratory,87.5,90.0,A+,,PASS,9.0,0
STU_25881A6686,25881A6686,PEDDAGOLLA LEELA BHAVANI,B,2,SUB_2_A9022,A9022,Product Design and Development,64.29,80.0,A,,PASS,9.0,0
STU_25881A6686,25881A6686,PEDDAGOLLA LEELA BHAVANI,B,2,SUB_2_A9304,A9304,Computer Aided Engineering Graphics,93.33,100.0,O,,PASS,9.0,0
STU_25881A6686,25881A6686,PEDDAGOLLA LEELA BHAVANI,B,2,SUB_2_A9402,A9402,Digital Electronics,76.67,80.0,A,,PASS,9.0,0
STU_25881A6686,25881A6686,PEDDAGOLLA LEELA BHAVANI,B,2,SUB_2_A9503,A9503,Data Structures,87.1,90.0,A+,,PASS,9.0,0
STU_25881A6686,25881A6686,PEDDAGOLLA LEELA BHAVANI,B,2,SUB_2_A9504,A9504,Data Structures Laboratory,100.0,100.0,O,,PASS,9.0,0
STU_25881A6687,25881A6687,VANKADARI LOKESH,B,2,SUB_2_A9002,A9002,Ordinary Differential Equations and Vector Calculus,80.26,90.0,A+,,PASS,8.65,0
STU_25881A6687,25881A6687,VANKADARI LOKESH,B,2,SUB_2_A9009,A9009,Engineering Chemistry,73.33,90.0,A+,,PASS,8.65,0
STU_25881A6687,25881A6687,VANKADARI LOKESH,B,2,SUB_2_A9010,A9010,Engineering Chemistry Laboratory,93.33,90.0,A+,,PASS,8.65,0
STU_25881A6687,25881A6687,VANKADARI LOKESH,B,2,SUB_2_A9011,A9011,English for Skills Enhancement,84.78,80.0,A,,PASS,8.65,0
STU_25881A6687,25881A6687,VANKADARI LOKESH,B,2,SUB_2_A9012,A9012,English Language and Communication Skills Laboratory,75.0,80.0,A,,PASS,8.65,0
STU_25881A6687,25881A6687,VANKADARI LOKESH,B,2,SUB_2_A9022,A9022,Product Design and Development,64.29,80.0,A,,PASS,8.65,0
STU_25881A6687,25881A6687,VANKADARI LOKESH,B,2,SUB_2_A9304,A9304,Computer Aided Engineering Graphics,86.67,90.0,A+,,PASS,8.65,0
STU_25881A6687,25881A6687,VANKADARI LOKESH,B,2,SUB_2_A9402,A9402,Digital Electronics,80.0,100.0,O,,PASS,8.65,0
STU_25881A6687,25881A6687,VANKADARI LOKESH,B,2,SUB_2_A9503,A9503,Data Structures,85.48,70.0,B+,,PASS,8.65,0
STU_25881A6687,25881A6687,VANKADARI LOKESH,B,2,SUB_2_A9504,A9504,Data Structures Laboratory,87.1,90.0,A+,,PASS,8.65,0
STU_25881A6688,25881A6688,RAPARTHI MAHATHI,B,2,SUB_2_A9002,A9002,Ordinary Differential Equations and Vector Calculus,88.16,50.0,C,,PASS,7.0,0
STU_25881A6688,25881A6688,RAPARTHI MAHATHI,B,2,SUB_2_A9009,A9009,Engineering Chemistry,90.0,60.0,B,,PASS,7.0,0
STU_25881A6688,25881A6688,RAPARTHI MAHATHI,B,2,SUB_2_A9010,A9010,Engineering Chemistry Laboratory,93.33,80.0,A,,PASS,7.0,0
STU_25881A6688,25881A6688,RAPARTHI MAHATHI,B,2,SUB_2_A9011,A9011,English for Skills Enhancement,86.96,80.0,A,,PASS,7.0,0
STU_25881A6688,25881A6688,RAPARTHI MAHATHI,B,2,SUB_2_A9012,A9012,English Language and Communication Skills Laboratory,93.75,90.0,A+,,PASS,7.0,0
STU_25881A6688,25881A6688,RAPARTHI MAHATHI,B,2,SUB_2_A9022,A9022,Product Design and Development,85.71,90.0,A+,,PASS,7.0,0
STU_25881A6688,25881A6688,RAPARTHI MAHATHI,B,2,SUB_2_A9304,A9304,Computer Aided Engineering Graphics,86.67,90.0,A+,,PASS,7.0,0
STU_25881A6688,25881A6688,RAPARTHI MAHATHI,B,2,SUB_2_A9402,A9402,Digital Electronics,88.33,70.0,B+,,PASS,7.0,0
STU_25881A6688,25881A6688,RAPARTHI MAHATHI,B,2,SUB_2_A9503,A9503,Data Structures,93.55,70.0,B+,,PASS,7.0,0
STU_25881A6688,25881A6688,RAPARTHI MAHATHI,B,2,SUB_2_A9504,A9504,Data Structures Laboratory,93.55,90.0,A+,,PASS,7.0,0
STU_25881A6689,25881A6689,KOMMARAJULA MANI,B,2,SUB_2_A9002,A9002,Ordinary Differential Equations and Vector Calculus,80.26,90.0,A+,,PASS,8.45,0
STU_25881A6689,25881A6689,KOMMARAJULA MANI,B,2,SUB_2_A9009,A9009,Engineering Chemistry,66.67,70.0,B+,,PASS,8.45,0
STU_25881A6689,25881A6689,KOMMARAJULA MANI,B,2,SUB_2_A9010,A9010,Engineering Chemistry Laboratory,86.67,90.0,A+,,PASS,8.45,0
STU_25881A6689,25881A6689,KOMMARAJULA MANI,B,2,SUB_2_A9011,A9011,English for Skills Enhancement,82.61,80.0,A,,PASS,8.45,0
STU_25881A6689,25881A6689,KOMMARAJULA MANI,B,2,SUB_2_A9012,A9012,English Language and Communication Skills Laboratory,83.33,90.0,A+,,PASS,8.45,0
STU_25881A6689,25881A6689,KOMMARAJULA MANI,B,2,SUB_2_A9022,A9022,Product Design and Development,50.0,80.0,A,,PASS,8.45,0
STU_25881A6689,25881A6689,KOMMARAJULA MANI,B,2,SUB_2_A9304,A9304,Computer Aided Engineering Graphics,80.0,80.0,A,,PASS,8.45,0
STU_25881A6689,25881A6689,KOMMARAJULA MANI,B,2,SUB_2_A9402,A9402,Digital Electronics,83.33,90.0,A+,,PASS,8.45,0
STU_25881A6689,25881A6689,KOMMARAJULA MANI,B,2,SUB_2_A9503,A9503,Data Structures,87.1,90.0,A+,,PASS,8.45,0
STU_25881A6689,25881A6689,KOMMARAJULA MANI,B,2,SUB_2_A9504,A9504,Data Structures Laboratory,77.42,80.0,A,,PASS,8.45,0
STU_25881A6690,25881A6690,SADALA MANISH REDDY,B,2,SUB_2_A9002,A9002,Ordinary Differential Equations and Vector Calculus,86.84,0.0,F,,FAIL,4.65,1
STU_25881A6690,25881A6690,SADALA MANISH REDDY,B,2,SUB_2_A9009,A9009,Engineering Chemistry,81.67,50.0,C,,PASS,4.65,1
STU_25881A6690,25881A6690,SADALA MANISH REDDY,B,2,SUB_2_A9010,A9010,Engineering Chemistry Laboratory,93.33,70.0,B+,,PASS,4.65,1
STU_25881A6690,25881A6690,SADALA MANISH REDDY,B,2,SUB_2_A9011,A9011,English for Skills Enhancement,95.65,60.0,B,,PASS,4.65,1
STU_25881A6690,25881A6690,SADALA MANISH REDDY,B,2,SUB_2_A9012,A9012,English Language and Communication Skills Laboratory,87.5,80.0,A,,PASS,4.65,1
STU_25881A6690,25881A6690,SADALA MANISH REDDY,B,2,SUB_2_A9022,A9022,Product Design and Development,85.71,90.0,A+,,PASS,4.65,1
STU_25881A6690,25881A6690,SADALA MANISH REDDY,B,2,SUB_2_A9304,A9304,Computer Aided Engineering Graphics,93.33,60.0,B,,PASS,4.65,1
STU_25881A6690,25881A6690,SADALA MANISH REDDY,B,2,SUB_2_A9402,A9402,Digital Electronics,90.0,50.0,C,,PASS,4.65,1
STU_25881A6690,25881A6690,SADALA MANISH REDDY,B,2,SUB_2_A9503,A9503,Data Structures,88.71,50.0,C,,PASS,4.65,1
STU_25881A6690,25881A6690,SADALA MANISH REDDY,B,2,SUB_2_A9504,A9504,Data Structures Laboratory,93.55,60.0,B,,PASS,4.65,1
STU_25881A6691,25881A6691,MENDE MEGHANA,B,2,SUB_2_A9002,A9002,Ordinary Differential Equations and Vector Calculus,86.84,70.0,B+,,PASS,8.15,0
STU_25881A6691,25881A6691,MENDE MEGHANA,B,2,SUB_2_A9009,A9009,Engineering Chemistry,88.33,80.0,A,,PASS,8.15,0
STU_25881A6691,25881A6691,MENDE MEGHANA,B,2,SUB_2_A9010,A9010,Engineering Chemistry Laboratory,86.67,90.0,A+,,PASS,8.15,0
STU_25881A6691,25881A6691,MENDE MEGHANA,B,2,SUB_2_A9011,A9011,English for Skills Enhancement,91.3,90.0,A+,,PASS,8.15,0
STU_25881A6691,25881A6691,MENDE MEGHANA,B,2,SUB_2_A9012,A9012,English Language and Communication Skills Laboratory,87.5,80.0,A,,PASS,8.15,0
STU_25881A6691,25881A6691,MENDE MEGHANA,B,2,SUB_2_A9022,A9022,Product Design and Development,78.57,90.0,A+,,PASS,8.15,0
STU_25881A6691,25881A6691,MENDE MEGHANA,B,2,SUB_2_A9304,A9304,Computer Aided Engineering Graphics,86.67,70.0,B+,,PASS,8.15,0
STU_25881A6691,25881A6691,MENDE MEGHANA,B,2,SUB_2_A9402,A9402,Digital Electronics,90.0,80.0,A,,PASS,8.15,0
STU_25881A6691,25881A6691,MENDE MEGHANA,B,2,SUB_2_A9503,A9503,Data Structures,91.94,90.0,A+,,PASS,8.15,0
STU_25881A6691,25881A6691,MENDE MEGHANA,B,2,SUB_2_A9504,A9504,Data Structures Laboratory,93.55,90.0,A+,,PASS,8.15,0
STU_25881A6692,25881A6692,NADIKATTU NAGA SHIVANI,B,2,SUB_2_A9002,A9002,Ordinary Differential Equations and Vector Calculus,82.89,90.0,A+,,PASS,8.9,0
STU_25881A6692,25881A6692,NADIKATTU NAGA SHIVANI,B,2,SUB_2_A9009,A9009,Engineering Chemistry,83.33,90.0,A+,,PASS,8.9,0
STU_25881A6692,25881A6692,NADIKATTU NAGA SHIVANI,B,2,SUB_2_A9010,A9010,Engineering Chemistry Laboratory,93.33,100.0,O,,PASS,8.9,0
STU_25881A6692,25881A6692,NADIKATTU NAGA SHIVANI,B,2,SUB_2_A9011,A9011,English for Skills Enhancement,93.48,90.0,A+,,PASS,8.9,0
STU_25881A6692,25881A6692,NADIKATTU NAGA SHIVANI,B,2,SUB_2_A9012,A9012,English Language and Communication Skills Laboratory,93.75,90.0,A+,,PASS,8.9,0
STU_25881A6692,25881A6692,NADIKATTU NAGA SHIVANI,B,2,SUB_2_A9022,A9022,Product Design and Development,85.71,90.0,A+,,PASS,8.9,0
STU_25881A6692,25881A6692,NADIKATTU NAGA SHIVANI,B,2,SUB_2_A9304,A9304,Computer Aided Engineering Graphics,66.67,80.0,A,,PASS,8.9,0
STU_25881A6692,25881A6692,NADIKATTU NAGA SHIVANI,B,2,SUB_2_A9402,A9402,Digital Electronics,91.67,90.0,A+,,PASS,8.9,0
STU_25881A6692,25881A6692,NADIKATTU NAGA SHIVANI,B,2,SUB_2_A9503,A9503,Data Structures,88.71,80.0,A,,PASS,8.9,0
STU_25881A6692,25881A6692,NADIKATTU NAGA SHIVANI,B,2,SUB_2_A9504,A9504,Data Structures Laboratory,100.0,100.0,O,,PASS,8.9,0
STU_25881A6693,25881A6693,BATHULA NIHARIKA,B,2,SUB_2_A9002,A9002,Ordinary Differential Equations and Vector Calculus,94.74,100.0,O,,PASS,9.7,0
STU_25881A6693,25881A6693,BATHULA NIHARIKA,B,2,SUB_2_A9009,A9009,Engineering Chemistry,90.0,100.0,O,,PASS,9.7,0
STU_25881A6693,25881A6693,BATHULA NIHARIKA,B,2,SUB_2_A9010,A9010,Engineering Chemistry Laboratory,93.33,100.0,O,,PASS,9.7,0
STU_25881A6693,25881A6693,BATHULA NIHARIKA,B,2,SUB_2_A9011,A9011,English for Skills Enhancement,95.65,80.0,A,,PASS,9.7,0
STU_25881A6693,25881A6693,BATHULA NIHARIKA,B,2,SUB_2_A9012,A9012,English Language and Communication Skills Laboratory,100.0,90.0,A+,,PASS,9.7,0
STU_25881A6693,25881A6693,BATHULA NIHARIKA,B,2,SUB_2_A9022,A9022,Product Design and Development,92.86,90.0,A+,,PASS,9.7,0
STU_25881A6693,25881A6693,BATHULA NIHARIKA,B,2,SUB_2_A9304,A9304,Computer Aided Engineering Graphics,86.67,100.0,O,,PASS,9.7,0
STU_25881A6693,25881A6693,BATHULA NIHARIKA,B,2,SUB_2_A9402,A9402,Digital Electronics,96.67,100.0,O,,PASS,9.7,0
STU_25881A6693,25881A6693,BATHULA NIHARIKA,B,2,SUB_2_A9503,A9503,Data Structures,96.77,100.0,O,,PASS,9.7,0
STU_25881A6693,25881A6693,BATHULA NIHARIKA,B,2,SUB_2_A9504,A9504,Data Structures Laboratory,93.55,100.0,O,,PASS,9.7,0
STU_25881A6694,25881A6694,GOGGA PRADEEP,B,2,SUB_2_A9002,A9002,Ordinary Differential Equations and Vector Calculus,82.89,60.0,B,,PASS,7.2,0
STU_25881A6694,25881A6694,GOGGA PRADEEP,B,2,SUB_2_A9009,A9009,Engineering Chemistry,80.0,70.0,B+,,PASS,7.2,0
STU_25881A6694,25881A6694,GOGGA PRADEEP,B,2,SUB_2_A9010,A9010,Engineering Chemistry Laboratory,100.0,80.0,A,,PASS,7.2,0
STU_25881A6694,25881A6694,GOGGA PRADEEP,B,2,SUB_2_A9011,A9011,English for Skills Enhancement,89.13,80.0,A,,PASS,7.2,0
STU_25881A6694,25881A6694,GOGGA PRADEEP,B,2,SUB_2_A9012,A9012,English Language and Communication Skills Laboratory,81.25,90.0,A+,,PASS,7.2,0
STU_25881A6694,25881A6694,GOGGA PRADEEP,B,2,SUB_2_A9022,A9022,Product Design and Development,64.29,100.0,O,,PASS,7.2,0
STU_25881A6694,25881A6694,GOGGA PRADEEP,B,2,SUB_2_A9304,A9304,Computer Aided Engineering Graphics,86.67,80.0,A,,PASS,7.2,0
STU_25881A6694,25881A6694,GOGGA PRADEEP,B,2,SUB_2_A9402,A9402,Digital Electronics,76.67,70.0,B+,,PASS,7.2,0
STU_25881A6694,25881A6694,GOGGA PRADEEP,B,2,SUB_2_A9503,A9503,Data Structures,91.94,60.0,B,,PASS,7.2,0
STU_25881A6694,25881A6694,GOGGA PRADEEP,B,2,SUB_2_A9504,A9504,Data Structures Laboratory,87.1,90.0,A+,,PASS,7.2,0
STU_25881A6695,25881A6695,CHINNAPAGA PRASHANH KUMAR,B,2,SUB_2_A9002,A9002,Ordinary Differential Equations and Vector Calculus,72.37,60.0,B,,PASS,7.05,0
STU_25881A6695,25881A6695,CHINNAPAGA PRASHANH KUMAR,B,2,SUB_2_A9009,A9009,Engineering Chemistry,76.67,60.0,B,,PASS,7.05,0
STU_25881A6695,25881A6695,CHINNAPAGA PRASHANH KUMAR,B,2,SUB_2_A9010,A9010,Engineering Chemistry Laboratory,86.67,80.0,A,,PASS,7.05,0
STU_25881A6695,25881A6695,CHINNAPAGA PRASHANH KUMAR,B,2,SUB_2_A9011,A9011,English for Skills Enhancement,54.35,80.0,A,,PASS,7.05,0
STU_25881A6695,25881A6695,CHINNAPAGA PRASHANH KUMAR,B,2,SUB_2_A9012,A9012,English Language and Communication Skills Laboratory,75.0,90.0,A+,,PASS,7.05,0
STU_25881A6695,25881A6695,CHINNAPAGA PRASHANH KUMAR,B,2,SUB_2_A9022,A9022,Product Design and Development,78.57,100.0,O,,PASS,7.05,0
STU_25881A6695,25881A6695,CHINNAPAGA PRASHANH KUMAR,B,2,SUB_2_A9304,A9304,Computer Aided Engineering Graphics,80.0,70.0,B+,,PASS,7.05,0
STU_25881A6695,25881A6695,CHINNAPAGA PRASHANH KUMAR,B,2,SUB_2_A9402,A9402,Digital Electronics,66.67,70.0,B+,,PASS,7.05,0
STU_25881A6695,25881A6695,CHINNAPAGA PRASHANH KUMAR,B,2,SUB_2_A9503,A9503,Data Structures,77.42,70.0,B+,,PASS,7.05,0
STU_25881A6695,25881A6695,CHINNAPAGA PRASHANH KUMAR,B,2,SUB_2_A9504,A9504,Data Structures Laboratory,93.55,70.0,B+,,PASS,7.05,0
STU_25881A6696,25881A6696,BUKYA PRAVEEN KUMAR,B,2,SUB_2_A9002,A9002,Ordinary Differential Equations and Vector Calculus,85.53,90.0,A+,,PASS,8.45,0
STU_25881A6696,25881A6696,BUKYA PRAVEEN KUMAR,B,2,SUB_2_A9009,A9009,Engineering Chemistry,80.0,80.0,A,,PASS,8.45,0
STU_25881A6696,25881A6696,BUKYA PRAVEEN KUMAR,B,2,SUB_2_A9010,A9010,Engineering Chemistry Laboratory,93.33,90.0,A+,,PASS,8.45,0
STU_25881A6696,25881A6696,BUKYA PRAVEEN KUMAR,B,2,SUB_2_A9011,A9011,English for Skills Enhancement,80.43,80.0,A,,PASS,8.45,0
STU_25881A6696,25881A6696,BUKYA PRAVEEN KUMAR,B,2,SUB_2_A9012,A9012,English Language and Communication Skills Laboratory,87.5,90.0,A+,,PASS,8.45,0
STU_25881A6696,25881A6696,BUKYA PRAVEEN KUMAR,B,2,SUB_2_A9022,A9022,Product Design and Development,78.57,100.0,O,,PASS,8.45,0
STU_25881A6696,25881A6696,BUKYA PRAVEEN KUMAR,B,2,SUB_2_A9304,A9304,Computer Aided Engineering Graphics,93.33,90.0,A+,,PASS,8.45,0
STU_25881A6696,25881A6696,BUKYA PRAVEEN KUMAR,B,2,SUB_2_A9402,A9402,Digital Electronics,76.67,80.0,A,,PASS,8.45,0
STU_25881A6696,25881A6696,BUKYA PRAVEEN KUMAR,B,2,SUB_2_A9503,A9503,Data Structures,83.87,80.0,A,,PASS,8.45,0
STU_25881A6696,25881A6696,BUKYA PRAVEEN KUMAR,B,2,SUB_2_A9504,A9504,Data Structures Laboratory,93.55,80.0,A,,PASS,8.45,0
STU_25881A6697,25881A6697,K RAGHAVENDRA,B,2,SUB_2_A9002,A9002,Ordinary Differential Equations and Vector Calculus,86.84,90.0,A+,,PASS,8.3,0
STU_25881A6697,25881A6697,K RAGHAVENDRA,B,2,SUB_2_A9009,A9009,Engineering Chemistry,90.0,80.0,A,,PASS,8.3,0
STU_25881A6697,25881A6697,K RAGHAVENDRA,B,2,SUB_2_A9010,A9010,Engineering Chemistry Laboratory,86.67,90.0,A+,,PASS,8.3,0
STU_25881A6697,25881A6697,K RAGHAVENDRA,B,2,SUB_2_A9011,A9011,English for Skills Enhancement,84.78,70.0,B+,,PASS,8.3,0
STU_25881A6697,25881A6697,K RAGHAVENDRA,B,2,SUB_2_A9012,A9012,English Language and Communication Skills Laboratory,93.75,90.0,A+,,PASS,8.3,0
STU_25881A6697,25881A6697,K RAGHAVENDRA,B,2,SUB_2_A9022,A9022,Product Design and Development,78.57,90.0,A+,,PASS,8.3,0
STU_25881A6697,25881A6697,K RAGHAVENDRA,B,2,SUB_2_A9304,A9304,Computer Aided Engineering Graphics,93.33,80.0,A,,PASS,8.3,0
STU_25881A6697,25881A6697,K RAGHAVENDRA,B,2,SUB_2_A9402,A9402,Digital Electronics,83.33,90.0,A+,,PASS,8.3,0
STU_25881A6697,25881A6697,K RAGHAVENDRA,B,2,SUB_2_A9503,A9503,Data Structures,87.1,70.0,B+,,PASS,8.3,0
STU_25881A6697,25881A6697,K RAGHAVENDRA,B,2,SUB_2_A9504,A9504,Data Structures Laboratory,100.0,90.0,A+,,PASS,8.3,0
STU_25881A6698,25881A6698,YELLAREDDY RAGHAVENDRA REDDY,B,2,SUB_2_A9002,A9002,Ordinary Differential Equations and Vector Calculus,80.26,60.0,B,,PASS,7.4,0
STU_25881A6698,25881A6698,YELLAREDDY RAGHAVENDRA REDDY,B,2,SUB_2_A9009,A9009,Engineering Chemistry,80.0,70.0,B+,,PASS,7.4,0
STU_25881A6698,25881A6698,YELLAREDDY RAGHAVENDRA REDDY,B,2,SUB_2_A9010,A9010,Engineering Chemistry Laboratory,93.33,90.0,A+,,PASS,7.4,0
STU_25881A6698,25881A6698,YELLAREDDY RAGHAVENDRA REDDY,B,2,SUB_2_A9011,A9011,English for Skills Enhancement,84.78,80.0,A,,PASS,7.4,0
STU_25881A6698,25881A6698,YELLAREDDY RAGHAVENDRA REDDY,B,2,SUB_2_A9012,A9012,English Language and Communication Skills Laboratory,78.57,90.0,A+,,PASS,7.4,0
STU_25881A6698,25881A6698,YELLAREDDY RAGHAVENDRA REDDY,B,2,SUB_2_A9022,A9022,Product Design and Development,86.67,100.0,O,,PASS,7.4,0
STU_25881A6698,25881A6698,YELLAREDDY RAGHAVENDRA REDDY,B,2,SUB_2_A9304,A9304,Computer Aided Engineering Graphics,87.5,60.0,B,,PASS,7.4,0
STU_25881A6698,25881A6698,YELLAREDDY RAGHAVENDRA REDDY,B,2,SUB_2_A9402,A9402,Digital Electronics,83.33,80.0,A,,PASS,7.4,0
STU_25881A6698,25881A6698,YELLAREDDY RAGHAVENDRA REDDY,B,2,SUB_2_A9503,A9503,Data Structures,87.1,70.0,B+,,PASS,7.4,0
STU_25881A6698,25881A6698,YELLAREDDY RAGHAVENDRA REDDY,B,2,SUB_2_A9504,A9504,Data Structures Laboratory,87.1,80.0,A,,PASS,7.4,0
STU_25881A6699,25881A6699,RAJEEV KUMAR SINGH,B,2,SUB_2_A9002,A9002,Ordinary Differential Equations and Vector Calculus,78.95,80.0,A,,PASS,8.25,0
STU_25881A6699,25881A6699,RAJEEV KUMAR SINGH,B,2,SUB_2_A9009,A9009,Engineering Chemistry,78.33,80.0,A,,PASS,8.25,0
STU_25881A6699,25881A6699,RAJEEV KUMAR SINGH,B,2,SUB_2_A9010,A9010,Engineering Chemistry Laboratory,80.0,90.0,A+,,PASS,8.25,0
STU_25881A6699,25881A6699,RAJEEV KUMAR SINGH,B,2,SUB_2_A9011,A9011,English for Skills Enhancement,82.61,90.0,A+,,PASS,8.25,0
STU_25881A6699,25881A6699,RAJEEV KUMAR SINGH,B,2,SUB_2_A9012,A9012,English Language and Communication Skills Laboratory,78.57,100.0,O,,PASS,8.25,0
STU_25881A6699,25881A6699,RAJEEV KUMAR SINGH,B,2,SUB_2_A9022,A9022,Product Design and Development,80.0,100.0,O,,PASS,8.25,0
STU_25881A6699,25881A6699,RAJEEV KUMAR SINGH,B,2,SUB_2_A9304,A9304,Computer Aided Engineering Graphics,87.5,70.0,B+,,PASS,8.25,0
STU_25881A6699,25881A6699,RAJEEV KUMAR SINGH,B,2,SUB_2_A9402,A9402,Digital Electronics,83.33,80.0,A,,PASS,8.25,0
STU_25881A6699,25881A6699,RAJEEV KUMAR SINGH,B,2,SUB_2_A9503,A9503,Data Structures,87.1,80.0,A,,PASS,8.25,0
STU_25881A6699,25881A6699,RAJEEV KUMAR SINGH,B,2,SUB_2_A9504,A9504,Data Structures Laboratory,83.87,70.0,B+,,PASS,8.25,0
STU_25881A66A0,25881A66A0,SATTOOR RITESH GOUD,B,2,SUB_2_A9002,A9002,Ordinary Differential Equations and Vector Calculus,77.63,50.0,C,,PASS,7.2,0
STU_25881A66A0,25881A66A0,SATTOOR RITESH GOUD,B,2,SUB_2_A9009,A9009,Engineering Chemistry,75.0,60.0,B,,PASS,7.2,0
STU_25881A66A0,25881A66A0,SATTOOR RITESH GOUD,B,2,SUB_2_A9010,A9010,Engineering Chemistry Laboratory,80.0,70.0,B+,,PASS,7.2,0
STU_25881A66A0,25881A66A0,SATTOOR RITESH GOUD,B,2,SUB_2_A9011,A9011,English for Skills Enhancement,91.3,80.0,A,,PASS,7.2,0
STU_25881A66A0,25881A66A0,SATTOOR RITESH GOUD,B,2,SUB_2_A9012,A9012,English Language and Communication Skills Laboratory,92.86,100.0,O,,PASS,7.2,0
STU_25881A66A0,25881A66A0,SATTOOR RITESH GOUD,B,2,SUB_2_A9022,A9022,Product Design and Development,100.0,100.0,O,,PASS,7.2,0
STU_25881A66A0,25881A66A0,SATTOOR RITESH GOUD,B,2,SUB_2_A9304,A9304,Computer Aided Engineering Graphics,93.75,90.0,A+,,PASS,7.2,0
STU_25881A66A0,25881A66A0,SATTOOR RITESH GOUD,B,2,SUB_2_A9402,A9402,Digital Electronics,86.67,70.0,B+,,PASS,7.2,0
STU_25881A66A0,25881A66A0,SATTOOR RITESH GOUD,B,2,SUB_2_A9503,A9503,Data Structures,88.71,80.0,A,,PASS,7.2,0
STU_25881A66A0,25881A66A0,SATTOOR RITESH GOUD,B,2,SUB_2_A9504,A9504,Data Structures Laboratory,93.55,90.0,A+,,PASS,7.2,0
STU_25881A66A1,25881A66A1,GURRALA RITHWICK REDDY,B,2,SUB_2_A9002,A9002,Ordinary Differential Equations and Vector Calculus,73.68,0.0,F,,FAIL,2.5,4
STU_25881A66A1,25881A66A1,GURRALA RITHWICK REDDY,B,2,SUB_2_A9009,A9009,Engineering Chemistry,70.0,0.0,F,,FAIL,2.5,4
STU_25881A66A1,25881A66A1,GURRALA RITHWICK REDDY,B,2,SUB_2_A9010,A9010,Engineering Chemistry Laboratory,80.0,60.0,B,,PASS,2.5,4
STU_25881A66A1,25881A66A1,GURRALA RITHWICK REDDY,B,2,SUB_2_A9011,A9011,English for Skills Enhancement,63.04,0.0,F,,FAIL,2.5,4
STU_25881A66A1,25881A66A1,GURRALA RITHWICK REDDY,B,2,SUB_2_A9012,A9012,English Language and Communication Skills Laboratory,78.57,80.0,A,,PASS,2.5,4
STU_25881A66A1,25881A66A1,GURRALA RITHWICK REDDY,B,2,SUB_2_A9022,A9022,Product Design and Development,73.33,90.0,A+,,PASS,2.5,4
STU_25881A66A1,25881A66A1,GURRALA RITHWICK REDDY,B,2,SUB_2_A9304,A9304,Computer Aided Engineering Graphics,87.5,50.0,C,,PASS,2.5,4
STU_25881A66A1,25881A66A1,GURRALA RITHWICK REDDY,B,2,SUB_2_A9402,A9402,Digital Electronics,70.0,50.0,C,,PASS,2.5,4
STU_25881A66A1,25881A66A1,GURRALA RITHWICK REDDY,B,2,SUB_2_A9503,A9503,Data Structures,83.87,0.0,F,,FAIL,2.5,4
STU_25881A66A1,25881A66A1,GURRALA RITHWICK REDDY,B,2,SUB_2_A9504,A9504,Data Structures Laboratory,74.19,70.0,B+,,PASS,2.5,4
STU_25881A66A2,25881A66A2,CHUNCHU ROHITH SRINIVAS,B,2,SUB_2_A9002,A9002,Ordinary Differential Equations and Vector Calculus,75.0,80.0,A,,PASS,7.95,0
STU_25881A66A2,25881A66A2,CHUNCHU ROHITH SRINIVAS,B,2,SUB_2_A9009,A9009,Engineering Chemistry,80.0,70.0,B+,,PASS,7.95,0
STU_25881A66A2,25881A66A2,CHUNCHU ROHITH SRINIVAS,B,2,SUB_2_A9010,A9010,Engineering Chemistry Laboratory,86.67,90.0,A+,,PASS,7.95,0
STU_25881A66A2,25881A66A2,CHUNCHU ROHITH SRINIVAS,B,2,SUB_2_A9011,A9011,English for Skills Enhancement,63.04,70.0,B+,,PASS,7.95,0
STU_25881A66A2,25881A66A2,CHUNCHU ROHITH SRINIVAS,B,2,SUB_2_A9012,A9012,English Language and Communication Skills Laboratory,71.43,90.0,A+,,PASS,7.95,0
STU_25881A66A2,25881A66A2,CHUNCHU ROHITH SRINIVAS,B,2,SUB_2_A9022,A9022,Product Design and Development,86.67,100.0,O,,PASS,7.95,0
STU_25881A66A2,25881A66A2,CHUNCHU ROHITH SRINIVAS,B,2,SUB_2_A9304,A9304,Computer Aided Engineering Graphics,81.25,90.0,A+,,PASS,7.95,0
STU_25881A66A2,25881A66A2,CHUNCHU ROHITH SRINIVAS,B,2,SUB_2_A9402,A9402,Digital Electronics,66.67,80.0,A,,PASS,7.95,0
STU_25881A66A2,25881A66A2,CHUNCHU ROHITH SRINIVAS,B,2,SUB_2_A9503,A9503,Data Structures,82.26,80.0,A,,PASS,7.95,0
STU_25881A66A2,25881A66A2,CHUNCHU ROHITH SRINIVAS,B,2,SUB_2_A9504,A9504,Data Structures Laboratory,87.1,70.0,B+,,PASS,7.95,0
STU_25881A66A3,25881A66A3,RUDHRATEJA CHITHARU,B,2,SUB_2_A9002,A9002,Ordinary Differential Equations and Vector Calculus,81.58,80.0,A,,PASS,7.8,0
STU_25881A66A3,25881A66A3,RUDHRATEJA CHITHARU,B,2,SUB_2_A9009,A9009,Engineering Chemistry,88.33,70.0,B+,,PASS,7.8,0
STU_25881A66A3,25881A66A3,RUDHRATEJA CHITHARU,B,2,SUB_2_A9010,A9010,Engineering Chemistry Laboratory,73.33,90.0,A+,,PASS,7.8,0
STU_25881A66A3,25881A66A3,RUDHRATEJA CHITHARU,B,2,SUB_2_A9011,A9011,English for Skills Enhancement,71.74,80.0,A,,PASS,7.8,0
STU_25881A66A3,25881A66A3,RUDHRATEJA CHITHARU,B,2,SUB_2_A9012,A9012,English Language and Communication Skills Laboratory,78.57,100.0,O,,PASS,7.8,0
STU_25881A66A3,25881A66A3,RUDHRATEJA CHITHARU,B,2,SUB_2_A9022,A9022,Product Design and Development,86.67,100.0,O,,PASS,7.8,0
STU_25881A66A3,25881A66A3,RUDHRATEJA CHITHARU,B,2,SUB_2_A9304,A9304,Computer Aided Engineering Graphics,93.75,80.0,A,,PASS,7.8,0
STU_25881A66A3,25881A66A3,RUDHRATEJA CHITHARU,B,2,SUB_2_A9402,A9402,Digital Electronics,73.33,80.0,A,,PASS,7.8,0
STU_25881A66A3,25881A66A3,RUDHRATEJA CHITHARU,B,2,SUB_2_A9503,A9503,Data Structures,82.26,60.0,B,,PASS,7.8,0
STU_25881A66A3,25881A66A3,RUDHRATEJA CHITHARU,B,2,SUB_2_A9504,A9504,Data Structures Laboratory,87.1,80.0,A,,PASS,7.8,0
STU_25881A66A4,25881A66A4,TUSAMBAD RUTHIKA,B,2,SUB_2_A9002,A9002,Ordinary Differential Equations and Vector Calculus,82.89,60.0,B,,PASS,7.55,0
STU_25881A66A4,25881A66A4,TUSAMBAD RUTHIKA,B,2,SUB_2_A9009,A9009,Engineering Chemistry,73.33,70.0,B+,,PASS,7.55,0
STU_25881A66A4,25881A66A4,TUSAMBAD RUTHIKA,B,2,SUB_2_A9010,A9010,Engineering Chemistry Laboratory,73.33,80.0,A,,PASS,7.55,0
STU_25881A66A4,25881A66A4,TUSAMBAD RUTHIKA,B,2,SUB_2_A9011,A9011,English for Skills Enhancement,76.09,90.0,A+,,PASS,7.55,0
STU_25881A66A4,25881A66A4,TUSAMBAD RUTHIKA,B,2,SUB_2_A9012,A9012,English Language and Communication Skills Laboratory,64.29,90.0,A+,,PASS,7.55,0
STU_25881A66A4,25881A66A4,TUSAMBAD RUTHIKA,B,2,SUB_2_A9022,A9022,Product Design and Development,86.67,90.0,A+,,PASS,7.55,0
STU_25881A66A4,25881A66A4,TUSAMBAD RUTHIKA,B,2,SUB_2_A9304,A9304,Computer Aided Engineering Graphics,87.5,80.0,A,,PASS,7.55,0
STU_25881A66A4,25881A66A4,TUSAMBAD RUTHIKA,B,2,SUB_2_A9402,A9402,Digital Electronics,81.67,70.0,B+,,PASS,7.55,0
STU_25881A66A4,25881A66A4,TUSAMBAD RUTHIKA,B,2,SUB_2_A9503,A9503,Data Structures,82.26,80.0,A,,PASS,7.55,0
STU_25881A66A4,25881A66A4,TUSAMBAD RUTHIKA,B,2,SUB_2_A9504,A9504,Data Structures Laboratory,93.55,90.0,A+,,PASS,7.55,0
STU_25881A66A5,25881A66A5,DONALA SAHASRA,B,2,SUB_2_A9002,A9002,Ordinary Differential Equations and Vector Calculus,76.32,0.0,F,,FAIL,6.15,1
STU_25881A66A5,25881A66A5,DONALA SAHASRA,B,2,SUB_2_A9009,A9009,Engineering Chemistry,75.0,70.0,B+,,PASS,6.15,1
STU_25881A66A5,25881A66A5,DONALA SAHASRA,B,2,SUB_2_A9010,A9010,Engineering Chemistry Laboratory,80.0,80.0,A,,PASS,6.15,1
STU_25881A66A5,25881A66A5,DONALA SAHASRA,B,2,SUB_2_A9011,A9011,English for Skills Enhancement,80.43,80.0,A,,PASS,6.15,1
STU_25881A66A5,25881A66A5,DONALA SAHASRA,B,2,SUB_2_A9012,A9012,English Language and Communication Skills Laboratory,85.71,80.0,A,,PASS,6.15,1
STU_25881A66A5,25881A66A5,DONALA SAHASRA,B,2,SUB_2_A9022,A9022,Product Design and Development,100.0,100.0,O,,PASS,6.15,1
STU_25881A66A5,25881A66A5,DONALA SAHASRA,B,2,SUB_2_A9304,A9304,Computer Aided Engineering Graphics,89.58,90.0,A+,,PASS,6.15,1
STU_25881A66A5,25881A66A5,DONALA SAHASRA,B,2,SUB_2_A9402,A9402,Digital Electronics,75.0,60.0,B,,PASS,6.15,1
STU_25881A66A5,25881A66A5,DONALA SAHASRA,B,2,SUB_2_A9503,A9503,Data Structures,77.42,80.0,A,,PASS,6.15,1
STU_25881A66A5,25881A66A5,DONALA SAHASRA,B,2,SUB_2_A9504,A9504,Data Structures Laboratory,93.55,90.0,A+,,PASS,6.15,1
STU_25881A66A6,25881A66A6,AKKAPELLI SAI SUSHANTH,B,2,SUB_2_A9002,A9002,Ordinary Differential Equations and Vector Calculus,76.32,90.0,A+,,PASS,8.25,0
STU_25881A66A6,25881A66A6,AKKAPELLI SAI SUSHANTH,B,2,SUB_2_A9009,A9009,Engineering Chemistry,78.33,80.0,A,,PASS,8.25,0
STU_25881A66A6,25881A66A6,AKKAPELLI SAI SUSHANTH,B,2,SUB_2_A9010,A9010,Engineering Chemistry Laboratory,80.0,90.0,A+,,PASS,8.25,0
STU_25881A66A6,25881A66A6,AKKAPELLI SAI SUSHANTH,B,2,SUB_2_A9011,A9011,English for Skills Enhancement,65.22,80.0,A,,PASS,8.25,0
STU_25881A66A6,25881A66A6,AKKAPELLI SAI SUSHANTH,B,2,SUB_2_A9012,A9012,English Language and Communication Skills Laboratory,64.29,90.0,A+,,PASS,8.25,0
STU_25881A66A6,25881A66A6,AKKAPELLI SAI SUSHANTH,B,2,SUB_2_A9022,A9022,Product Design and Development,80.0,90.0,A+,,PASS,8.25,0
STU_25881A66A6,25881A66A6,AKKAPELLI SAI SUSHANTH,B,2,SUB_2_A9304,A9304,Computer Aided Engineering Graphics,81.25,70.0,B+,,PASS,8.25,0
STU_25881A66A6,25881A66A6,AKKAPELLI SAI SUSHANTH,B,2,SUB_2_A9402,A9402,Digital Electronics,71.67,80.0,A,,PASS,8.25,0
STU_25881A66A6,25881A66A6,AKKAPELLI SAI SUSHANTH,B,2,SUB_2_A9503,A9503,Data Structures,77.42,80.0,A,,PASS,8.25,0
STU_25881A66A6,25881A66A6,AKKAPELLI SAI SUSHANTH,B,2,SUB_2_A9504,A9504,Data Structures Laboratory,77.42,70.0,B+,,PASS,8.25,0
STU_25881A66A7,25881A66A7,BHEEMA SAI RINISH REDDY,B,2,SUB_2_A9002,A9002,Ordinary Differential Equations and Vector Calculus,81.58,80.0,A,,PASS,8.35,0
STU_25881A66A7,25881A66A7,BHEEMA SAI RINISH REDDY,B,2,SUB_2_A9009,A9009,Engineering Chemistry,76.67,80.0,A,,PASS,8.35,0
STU_25881A66A7,25881A66A7,BHEEMA SAI RINISH REDDY,B,2,SUB_2_A9010,A9010,Engineering Chemistry Laboratory,86.67,90.0,A+,,PASS,8.35,0
STU_25881A66A7,25881A66A7,BHEEMA SAI RINISH REDDY,B,2,SUB_2_A9011,A9011,English for Skills Enhancement,82.61,80.0,A,,PASS,8.35,0
STU_25881A66A7,25881A66A7,BHEEMA SAI RINISH REDDY,B,2,SUB_2_A9012,A9012,English Language and Communication Skills Laboratory,80.95,80.0,A,,PASS,8.35,0
STU_25881A66A7,25881A66A7,BHEEMA SAI RINISH REDDY,B,2,SUB_2_A9022,A9022,Product Design and Development,100.0,100.0,O,,PASS,8.35,0
STU_25881A66A7,25881A66A7,BHEEMA SAI RINISH REDDY,B,2,SUB_2_A9304,A9304,Computer Aided Engineering Graphics,93.75,80.0,A,,PASS,8.35,0
STU_25881A66A7,25881A66A7,BHEEMA SAI RINISH REDDY,B,2,SUB_2_A9402,A9402,Digital Electronics,86.67,80.0,A,,PASS,8.35,0
STU_25881A66A7,25881A66A7,BHEEMA SAI RINISH REDDY,B,2,SUB_2_A9503,A9503,Data Structures,87.1,90.0,A+,,PASS,8.35,0
STU_25881A66A7,25881A66A7,BHEEMA SAI RINISH REDDY,B,2,SUB_2_A9504,A9504,Data Structures Laboratory,74.19,90.0,A+,,PASS,8.35,0
STU_25881A66A8,25881A66A8,KOMATIREDDY SAI VARSHITHA,B,2,SUB_2_A9002,A9002,Ordinary Differential Equations and Vector Calculus,86.84,80.0,A,,PASS,8.75,0
STU_25881A66A8,25881A66A8,KOMATIREDDY SAI VARSHITHA,B,2,SUB_2_A9009,A9009,Engineering Chemistry,83.33,80.0,A,,PASS,8.75,0
STU_25881A66A8,25881A66A8,KOMATIREDDY SAI VARSHITHA,B,2,SUB_2_A9010,A9010,Engineering Chemistry Laboratory,80.0,90.0,A+,,PASS,8.75,0
STU_25881A66A8,25881A66A8,KOMATIREDDY SAI VARSHITHA,B,2,SUB_2_A9011,A9011,English for Skills Enhancement,82.61,90.0,A+,,PASS,8.75,0
STU_25881A66A8,25881A66A8,KOMATIREDDY SAI VARSHITHA,B,2,SUB_2_A9012,A9012,English Language and Communication Skills Laboratory,71.43,100.0,O,,PASS,8.75,0
STU_25881A66A8,25881A66A8,KOMATIREDDY SAI VARSHITHA,B,2,SUB_2_A9022,A9022,Product Design and Development,80.0,90.0,A+,,PASS,8.75,0
STU_25881A66A8,25881A66A8,KOMATIREDDY SAI VARSHITHA,B,2,SUB_2_A9304,A9304,Computer Aided Engineering Graphics,93.75,100.0,O,,PASS,8.75,0
STU_25881A66A8,25881A66A8,KOMATIREDDY SAI VARSHITHA,B,2,SUB_2_A9402,A9402,Digital Electronics,86.67,100.0,O,,PASS,8.75,0
STU_25881A66A8,25881A66A8,KOMATIREDDY SAI VARSHITHA,B,2,SUB_2_A9503,A9503,Data Structures,87.1,80.0,A,,PASS,8.75,0
STU_25881A66A8,25881A66A8,KOMATIREDDY SAI VARSHITHA,B,2,SUB_2_A9504,A9504,Data Structures Laboratory,87.1,90.0,A+,,PASS,8.75,0
STU_25881A66A9,25881A66A9,MUNIGALA SAI RAJ,B,2,SUB_2_A9002,A9002,Ordinary Differential Equations and Vector Calculus,80.26,60.0,B,,PASS,6.1,1
STU_25881A66A9,25881A66A9,MUNIGALA SAI RAJ,B,2,SUB_2_A9009,A9009,Engineering Chemistry,85.0,60.0,B,,PASS,6.1,1
STU_25881A66A9,25881A66A9,MUNIGALA SAI RAJ,B,2,SUB_2_A9010,A9010,Engineering Chemistry Laboratory,80.0,90.0,A+,,PASS,6.1,1
STU_25881A66A9,25881A66A9,MUNIGALA SAI RAJ,B,2,SUB_2_A9011,A9011,English for Skills Enhancement,84.78,80.0,A,,PASS,6.1,1
STU_25881A66A9,25881A66A9,MUNIGALA SAI RAJ,B,2,SUB_2_A9012,A9012,English Language and Communication Skills Laboratory,85.71,100.0,O,,PASS,6.1,1
STU_25881A66A9,25881A66A9,MUNIGALA SAI RAJ,B,2,SUB_2_A9022,A9022,Product Design and Development,86.67,90.0,A+,,PASS,6.1,1
STU_25881A66A9,25881A66A9,MUNIGALA SAI RAJ,B,2,SUB_2_A9304,A9304,Computer Aided Engineering Graphics,87.5,70.0,B+,,PASS,6.1,1
STU_25881A66A9,25881A66A9,MUNIGALA SAI RAJ,B,2,SUB_2_A9402,A9402,Digital Electronics,83.33,70.0,B+,,PASS,6.1,1
STU_25881A66A9,25881A66A9,MUNIGALA SAI RAJ,B,2,SUB_2_A9503,A9503,Data Structures,87.1,0.0,F,,FAIL,6.1,1
STU_25881A66A9,25881A66A9,MUNIGALA SAI RAJ,B,2,SUB_2_A9504,A9504,Data Structures Laboratory,87.1,80.0,A,,PASS,6.1,1
STU_25881A66B0,25881A66B0,PATLOLLA SAI JASHWANTH REDDY,B,2,SUB_2_A9002,A9002,Ordinary Differential Equations and Vector Calculus,75.0,60.0,B,,PASS,7.85,0
STU_25881A66B0,25881A66B0,PATLOLLA SAI JASHWANTH REDDY,B,2,SUB_2_A9009,A9009,Engineering Chemistry,76.67,80.0,A,,PASS,7.85,0
STU_25881A66B0,25881A66B0,PATLOLLA SAI JASHWANTH REDDY,B,2,SUB_2_A9010,A9010,Engineering Chemistry Laboratory,86.67,90.0,A+,,PASS,7.85,0
STU_25881A66B0,25881A66B0,PATLOLLA SAI JASHWANTH REDDY,B,2,SUB_2_A9011,A9011,English for Skills Enhancement,78.26,70.0,B+,,PASS,7.85,0
STU_25881A66B0,25881A66B0,PATLOLLA SAI JASHWANTH REDDY,B,2,SUB_2_A9012,A9012,English Language and Communication Skills Laboratory,64.29,80.0,A,,PASS,7.85,0
STU_25881A66B0,25881A66B0,PATLOLLA SAI JASHWANTH REDDY,B,2,SUB_2_A9022,A9022,Product Design and Development,100.0,100.0,O,,PASS,7.85,0
STU_25881A66B0,25881A66B0,PATLOLLA SAI JASHWANTH REDDY,B,2,SUB_2_A9304,A9304,Computer Aided Engineering Graphics,87.5,80.0,A,,PASS,7.85,0
STU_25881A66B0,25881A66B0,PATLOLLA SAI JASHWANTH REDDY,B,2,SUB_2_A9402,A9402,Digital Electronics,80.0,90.0,A+,,PASS,7.85,0
STU_25881A66B0,25881A66B0,PATLOLLA SAI JASHWANTH REDDY,B,2,SUB_2_A9503,A9503,Data Structures,85.48,80.0,A,,PASS,7.85,0
STU_25881A66B0,25881A66B0,PATLOLLA SAI JASHWANTH REDDY,B,2,SUB_2_A9504,A9504,Data Structures Laboratory,87.1,90.0,A+,,PASS,7.85,0
STU_25881A66B1,25881A66B1,THUMU SAI KARTHIK,B,2,SUB_2_A9002,A9002,Ordinary Differential Equations and Vector Calculus,77.63,70.0,B+,,PASS,7.25,0
STU_25881A66B1,25881A66B1,THUMU SAI KARTHIK,B,2,SUB_2_A9009,A9009,Engineering Chemistry,63.33,70.0,B+,,PASS,7.25,0
STU_25881A66B1,25881A66B1,THUMU SAI KARTHIK,B,2,SUB_2_A9010,A9010,Engineering Chemistry Laboratory,66.67,90.0,A+,,PASS,7.25,0
STU_25881A66B1,25881A66B1,THUMU SAI KARTHIK,B,2,SUB_2_A9011,A9011,English for Skills Enhancement,78.26,80.0,A,,PASS,7.25,0
STU_25881A66B1,25881A66B1,THUMU SAI KARTHIK,B,2,SUB_2_A9012,A9012,English Language and Communication Skills Laboratory,71.43,90.0,A+,,PASS,7.25,0
STU_25881A66B1,25881A66B1,THUMU SAI KARTHIK,B,2,SUB_2_A9022,A9022,Product Design and Development,86.67,100.0,O,,PASS,7.25,0
STU_25881A66B1,25881A66B1,THUMU SAI KARTHIK,B,2,SUB_2_A9304,A9304,Computer Aided Engineering Graphics,81.25,60.0,B,,PASS,7.25,0
STU_25881A66B1,25881A66B1,THUMU SAI KARTHIK,B,2,SUB_2_A9402,A9402,Digital Electronics,75.0,70.0,B+,,PASS,7.25,0
STU_25881A66B1,25881A66B1,THUMU SAI KARTHIK,B,2,SUB_2_A9503,A9503,Data Structures,87.1,60.0,B,,PASS,7.25,0
STU_25881A66B1,25881A66B1,THUMU SAI KARTHIK,B,2,SUB_2_A9504,A9504,Data Structures Laboratory,93.55,70.0,B+,,PASS,7.25,0
STU_25881A66B2,25881A66B2,KARNATI SAINITHIN,B,2,SUB_2_A9002,A9002,Ordinary Differential Equations and Vector Calculus,76.32,60.0,B,,PASS,7.35,0
STU_25881A66B2,25881A66B2,KARNATI SAINITHIN,B,2,SUB_2_A9009,A9009,Engineering Chemistry,73.33,70.0,B+,,PASS,7.35,0
STU_25881A66B2,25881A66B2,KARNATI SAINITHIN,B,2,SUB_2_A9010,A9010,Engineering Chemistry Laboratory,93.33,90.0,A+,,PASS,7.35,0
STU_25881A66B2,25881A66B2,KARNATI SAINITHIN,B,2,SUB_2_A9011,A9011,English for Skills Enhancement,76.09,70.0,B+,,PASS,7.35,0
STU_25881A66B2,25881A66B2,KARNATI SAINITHIN,B,2,SUB_2_A9012,A9012,English Language and Communication Skills Laboratory,71.43,90.0,A+,,PASS,7.35,0
STU_25881A66B2,25881A66B2,KARNATI SAINITHIN,B,2,SUB_2_A9022,A9022,Product Design and Development,80.0,100.0,O,,PASS,7.35,0
STU_25881A66B2,25881A66B2,KARNATI SAINITHIN,B,2,SUB_2_A9304,A9304,Computer Aided Engineering Graphics,87.5,90.0,A+,,PASS,7.35,0
STU_25881A66B2,25881A66B2,KARNATI SAINITHIN,B,2,SUB_2_A9402,A9402,Digital Electronics,73.33,70.0,B+,,PASS,7.35,0
STU_25881A66B2,25881A66B2,KARNATI SAINITHIN,B,2,SUB_2_A9503,A9503,Data Structures,87.1,70.0,B+,,PASS,7.35,0
STU_25881A66B2,25881A66B2,KARNATI SAINITHIN,B,2,SUB_2_A9504,A9504,Data Structures Laboratory,93.55,90.0,A+,,PASS,7.35,0
STU_25881A66B3,25881A66B3,INDLA SAKETHA RAM,B,2,SUB_2_A9002,A9002,Ordinary Differential Equations and Vector Calculus,77.63,80.0,A,,PASS,8.6,0
STU_25881A66B3,25881A66B3,INDLA SAKETHA RAM,B,2,SUB_2_A9009,A9009,Engineering Chemistry,80.0,80.0,A,,PASS,8.6,0
STU_25881A66B3,25881A66B3,INDLA SAKETHA RAM,B,2,SUB_2_A9010,A9010,Engineering Chemistry Laboratory,93.33,90.0,A+,,PASS,8.6,0
STU_25881A66B3,25881A66B3,INDLA SAKETHA RAM,B,2,SUB_2_A9011,A9011,English for Skills Enhancement,80.43,90.0,A+,,PASS,8.6,0
STU_25881A66B3,25881A66B3,INDLA SAKETHA RAM,B,2,SUB_2_A9012,A9012,English Language and Communication Skills Laboratory,73.81,100.0,O,,PASS,8.6,0
STU_25881A66B3,25881A66B3,INDLA SAKETHA RAM,B,2,SUB_2_A9022,A9022,Product Design and Development,86.67,100.0,O,,PASS,8.6,0
STU_25881A66B3,25881A66B3,INDLA SAKETHA RAM,B,2,SUB_2_A9304,A9304,Computer Aided Engineering Graphics,93.75,80.0,A,,PASS,8.6,0
STU_25881A66B3,25881A66B3,INDLA SAKETHA RAM,B,2,SUB_2_A9402,A9402,Digital Electronics,80.0,80.0,A,,PASS,8.6,0
STU_25881A66B3,25881A66B3,INDLA SAKETHA RAM,B,2,SUB_2_A9503,A9503,Data Structures,88.71,90.0,A+,,PASS,8.6,0
STU_25881A66B3,25881A66B3,INDLA SAKETHA RAM,B,2,SUB_2_A9504,A9504,Data Structures Laboratory,93.55,100.0,O,,PASS,8.6,0
STU_25881A66B4,25881A66B4,MOHAMMAD SAMI,B,2,SUB_2_A9002,A9002,Ordinary Differential Equations and Vector Calculus,76.32,0.0,F,,FAIL,5.65,1
STU_25881A66B4,25881A66B4,MOHAMMAD SAMI,B,2,SUB_2_A9009,A9009,Engineering Chemistry,75.0,60.0,B,,PASS,5.65,1
STU_25881A66B4,25881A66B4,MOHAMMAD SAMI,B,2,SUB_2_A9010,A9010,Engineering Chemistry Laboratory,80.0,70.0,B+,,PASS,5.65,1
STU_25881A66B4,25881A66B4,MOHAMMAD SAMI,B,2,SUB_2_A9011,A9011,English for Skills Enhancement,69.57,80.0,A,,PASS,5.65,1
STU_25881A66B4,25881A66B4,MOHAMMAD SAMI,B,2,SUB_2_A9012,A9012,English Language and Communication Skills Laboratory,64.29,80.0,A,,PASS,5.65,1
STU_25881A66B4,25881A66B4,MOHAMMAD SAMI,B,2,SUB_2_A9022,A9022,Product Design and Development,73.33,90.0,A+,,PASS,5.65,1
STU_25881A66B4,25881A66B4,MOHAMMAD SAMI,B,2,SUB_2_A9304,A9304,Computer Aided Engineering Graphics,81.25,50.0,C,,PASS,5.65,1
STU_25881A66B4,25881A66B4,MOHAMMAD SAMI,B,2,SUB_2_A9402,A9402,Digital Electronics,73.33,70.0,B+,,PASS,5.65,1
STU_25881A66B4,25881A66B4,MOHAMMAD SAMI,B,2,SUB_2_A9503,A9503,Data Structures,77.42,70.0,B+,,PASS,5.65,1
STU_25881A66B4,25881A66B4,MOHAMMAD SAMI,B,2,SUB_2_A9504,A9504,Data Structures Laboratory,87.1,80.0,A,,PASS,5.65,1
STU_25881A66B6,25881A66B6,THASHAMSHETTY SATHWIK,B,2,SUB_2_A9002,A9002,Ordinary Differential Equations and Vector Calculus,75.0,0.0,F,,FAIL,2.35,4
STU_25881A66B6,25881A66B6,THASHAMSHETTY SATHWIK,B,2,SUB_2_A9009,A9009,Engineering Chemistry,85.0,0.0,F,,FAIL,2.35,4
STU_25881A66B6,25881A66B6,THASHAMSHETTY SATHWIK,B,2,SUB_2_A9010,A9010,Engineering Chemistry Laboratory,60.0,60.0,B,,PASS,2.35,4
STU_25881A66B6,25881A66B6,THASHAMSHETTY SATHWIK,B,2,SUB_2_A9011,A9011,English for Skills Enhancement,78.26,70.0,B+,,PASS,2.35,4
STU_25881A66B6,25881A66B6,THASHAMSHETTY SATHWIK,B,2,SUB_2_A9012,A9012,English Language and Communication Skills Laboratory,64.29,70.0,B+,,PASS,2.35,4
STU_25881A66B6,25881A66B6,THASHAMSHETTY SATHWIK,B,2,SUB_2_A9022,A9022,Product Design and Development,73.33,80.0,A,,PASS,2.35,4
STU_25881A66B6,25881A66B6,THASHAMSHETTY SATHWIK,B,2,SUB_2_A9304,A9304,Computer Aided Engineering Graphics,75.0,50.0,C,,PASS,2.35,4
STU_25881A66B6,25881A66B6,THASHAMSHETTY SATHWIK,B,2,SUB_2_A9402,A9402,Digital Electronics,78.33,0.0,F,,FAIL,2.35,4
STU_25881A66B6,25881A66B6,THASHAMSHETTY SATHWIK,B,2,SUB_2_A9503,A9503,Data Structures,79.03,0.0,F,,FAIL,2.35,4
STU_25881A66B6,25881A66B6,THASHAMSHETTY SATHWIK,B,2,SUB_2_A9504,A9504,Data Structures Laboratory,87.1,70.0,B+,,PASS,2.35,4
STU_25881A66B7,25881A66B7,NENAVATH SAVITHA,B,2,SUB_2_A9002,A9002,Ordinary Differential Equations and Vector Calculus,76.32,90.0,A+,,PASS,9.1,0
STU_25881A66B7,25881A66B7,NENAVATH SAVITHA,B,2,SUB_2_A9009,A9009,Engineering Chemistry,70.0,90.0,A+,,PASS,9.1,0
STU_25881A66B7,25881A66B7,NENAVATH SAVITHA,B,2,SUB_2_A9010,A9010,Engineering Chemistry Laboratory,86.67,90.0,A+,,PASS,9.1,0
STU_25881A66B7,25881A66B7,NENAVATH SAVITHA,B,2,SUB_2_A9011,A9011,English for Skills Enhancement,93.48,70.0,B+,,PASS,9.1,0
STU_25881A66B7,25881A66B7,NENAVATH SAVITHA,B,2,SUB_2_A9012,A9012,English Language and Communication Skills Laboratory,85.71,90.0,A+,,PASS,9.1,0
STU_25881A66B7,25881A66B7,NENAVATH SAVITHA,B,2,SUB_2_A9022,A9022,Product Design and Development,100.0,100.0,O,,PASS,9.1,0
STU_25881A66B7,25881A66B7,NENAVATH SAVITHA,B,2,SUB_2_A9304,A9304,Computer Aided Engineering Graphics,89.58,100.0,O,,PASS,9.1,0
STU_25881A66B7,25881A66B7,NENAVATH SAVITHA,B,2,SUB_2_A9402,A9402,Digital Electronics,93.33,100.0,O,,PASS,9.1,0
STU_25881A66B7,25881A66B7,NENAVATH SAVITHA,B,2,SUB_2_A9503,A9503,Data Structures,90.32,90.0,A+,,PASS,9.1,0
STU_25881A66B7,25881A66B7,NENAVATH SAVITHA,B,2,SUB_2_A9504,A9504,Data Structures Laboratory,93.55,100.0,O,,PASS,9.1,0
STU_25881A66B8,25881A66B8,KOLAN SHARNIKA,B,2,SUB_2_A9002,A9002,Ordinary Differential Equations and Vector Calculus,80.26,60.0,B,,PASS,7.7,0
STU_25881A66B8,25881A66B8,KOLAN SHARNIKA,B,2,SUB_2_A9009,A9009,Engineering Chemistry,80.0,80.0,A,,PASS,7.7,0
STU_25881A66B8,25881A66B8,KOLAN SHARNIKA,B,2,SUB_2_A9010,A9010,Engineering Chemistry Laboratory,93.33,80.0,A,,PASS,7.7,0
STU_25881A66B8,25881A66B8,KOLAN SHARNIKA,B,2,SUB_2_A9011,A9011,English for Skills Enhancement,78.26,80.0,A,,PASS,7.7,0
STU_25881A66B8,25881A66B8,KOLAN SHARNIKA,B,2,SUB_2_A9012,A9012,English Language and Communication Skills Laboratory,71.43,90.0,A+,,PASS,7.7,0
STU_25881A66B8,25881A66B8,KOLAN SHARNIKA,B,2,SUB_2_A9022,A9022,Product Design and Development,100.0,100.0,O,,PASS,7.7,0
STU_25881A66B8,25881A66B8,KOLAN SHARNIKA,B,2,SUB_2_A9304,A9304,Computer Aided Engineering Graphics,100.0,90.0,A+,,PASS,7.7,0
STU_25881A66B8,25881A66B8,KOLAN SHARNIKA,B,2,SUB_2_A9402,A9402,Digital Electronics,73.33,80.0,A,,PASS,7.7,0
STU_25881A66B8,25881A66B8,KOLAN SHARNIKA,B,2,SUB_2_A9503,A9503,Data Structures,90.32,70.0,B+,,PASS,7.7,0
STU_25881A66B8,25881A66B8,KOLAN SHARNIKA,B,2,SUB_2_A9504,A9504,Data Structures Laboratory,83.87,90.0,A+,,PASS,7.7,0
STU_25881A66B9,25881A66B9,NALLELA SHIVA,B,2,SUB_2_A9002,A9002,Ordinary Differential Equations and Vector Calculus,81.58,90.0,A+,,PASS,8.25,0
STU_25881A66B9,25881A66B9,NALLELA SHIVA,B,2,SUB_2_A9009,A9009,Engineering Chemistry,73.33,80.0,A,,PASS,8.25,0
STU_25881A66B9,25881A66B9,NALLELA SHIVA,B,2,SUB_2_A9010,A9010,Engineering Chemistry Laboratory,80.0,90.0,A+,,PASS,8.25,0
STU_25881A66B9,25881A66B9,NALLELA SHIVA,B,2,SUB_2_A9011,A9011,English for Skills Enhancement,82.61,70.0,B+,,PASS,8.25,0
STU_25881A66B9,25881A66B9,NALLELA SHIVA,B,2,SUB_2_A9012,A9012,English Language and Communication Skills Laboratory,85.71,100.0,O,,PASS,8.25,0
STU_25881A66B9,25881A66B9,NALLELA SHIVA,B,2,SUB_2_A9022,A9022,Product Design and Development,86.67,100.0,O,,PASS,8.25,0
STU_25881A66B9,25881A66B9,NALLELA SHIVA,B,2,SUB_2_A9304,A9304,Computer Aided Engineering Graphics,87.5,50.0,C,,PASS,8.25,0
STU_25881A66B9,25881A66B9,NALLELA SHIVA,B,2,SUB_2_A9402,A9402,Digital Electronics,73.33,70.0,B+,,PASS,8.25,0
STU_25881A66B9,25881A66B9,NALLELA SHIVA,B,2,SUB_2_A9503,A9503,Data Structures,79.03,90.0,A+,,PASS,8.25,0
STU_25881A66B9,25881A66B9,NALLELA SHIVA,B,2,SUB_2_A9504,A9504,Data Structures Laboratory,87.1,90.0,A+,,PASS,8.25,0
STU_25881A66C0,25881A66C0,BUDDULA SHRIVALLI,B,2,SUB_2_A9002,A9002,Ordinary Differential Equations and Vector Calculus,80.26,0.0,F,,FAIL,4.1,2
STU_25881A66C0,25881A66C0,BUDDULA SHRIVALLI,B,2,SUB_2_A9009,A9009,Engineering Chemistry,75.0,50.0,C,,PASS,4.1,2
STU_25881A66C0,25881A66C0,BUDDULA SHRIVALLI,B,2,SUB_2_A9010,A9010,Engineering Chemistry Laboratory,86.67,70.0,B+,,PASS,4.1,2
STU_25881A66C0,25881A66C0,BUDDULA SHRIVALLI,B,2,SUB_2_A9011,A9011,English for Skills Enhancement,82.61,70.0,B+,,PASS,4.1,2
STU_25881A66C0,25881A66C0,BUDDULA SHRIVALLI,B,2,SUB_2_A9012,A9012,English Language and Communication Skills Laboratory,64.29,80.0,A,,PASS,4.1,2
STU_25881A66C0,25881A66C0,BUDDULA SHRIVALLI,B,2,SUB_2_A9022,A9022,Product Design and Development,73.33,90.0,A+,,PASS,4.1,2
STU_25881A66C0,25881A66C0,BUDDULA SHRIVALLI,B,2,SUB_2_A9304,A9304,Computer Aided Engineering Graphics,68.75,60.0,B,,PASS,4.1,2
STU_25881A66C0,25881A66C0,BUDDULA SHRIVALLI,B,2,SUB_2_A9402,A9402,Digital Electronics,80.0,0.0,F,,FAIL,4.1,2
STU_25881A66C0,25881A66C0,BUDDULA SHRIVALLI,B,2,SUB_2_A9503,A9503,Data Structures,88.71,50.0,C,,PASS,4.1,2
STU_25881A66C0,25881A66C0,BUDDULA SHRIVALLI,B,2,SUB_2_A9504,A9504,Data Structures Laboratory,80.65,80.0,A,,PASS,4.1,2
STU_25881A66C1,25881A66C1,K SHRUTHI,B,2,SUB_2_A9002,A9002,Ordinary Differential Equations and Vector Calculus,90.79,100.0,O,,PASS,9.25,0
STU_25881A66C1,25881A66C1,K SHRUTHI,B,2,SUB_2_A9009,A9009,Engineering Chemistry,96.67,90.0,A+,,PASS,9.25,0
STU_25881A66C1,25881A66C1,K SHRUTHI,B,2,SUB_2_A9010,A9010,Engineering Chemistry Laboratory,86.67,100.0,O,,PASS,9.25,0
STU_25881A66C1,25881A66C1,K SHRUTHI,B,2,SUB_2_A9011,A9011,English for Skills Enhancement,89.13,80.0,A,,PASS,9.25,0
STU_25881A66C1,25881A66C1,K SHRUTHI,B,2,SUB_2_A9012,A9012,English Language and Communication Skills Laboratory,92.86,90.0,A+,,PASS,9.25,0
STU_25881A66C1,25881A66C1,K SHRUTHI,B,2,SUB_2_A9022,A9022,Product Design and Development,93.33,100.0,O,,PASS,9.25,0
STU_25881A66C1,25881A66C1,K SHRUTHI,B,2,SUB_2_A9304,A9304,Computer Aided Engineering Graphics,100.0,90.0,A+,,PASS,9.25,0
STU_25881A66C1,25881A66C1,K SHRUTHI,B,2,SUB_2_A9402,A9402,Digital Electronics,86.67,90.0,A+,,PASS,9.25,0
STU_25881A66C1,25881A66C1,K SHRUTHI,B,2,SUB_2_A9503,A9503,Data Structures,91.94,90.0,A+,,PASS,9.25,0
STU_25881A66C1,25881A66C1,K SHRUTHI,B,2,SUB_2_A9504,A9504,Data Structures Laboratory,93.55,100.0,O,,PASS,9.25,0
STU_25881A66C2,25881A66C2,NELLURI SMARAN,B,2,SUB_2_A9002,A9002,Ordinary Differential Equations and Vector Calculus,65.79,0.0,F,,FAIL,3.0,3
STU_25881A66C2,25881A66C2,NELLURI SMARAN,B,2,SUB_2_A9009,A9009,Engineering Chemistry,58.33,0.0,F,,FAIL,3.0,3
STU_25881A66C2,25881A66C2,NELLURI SMARAN,B,2,SUB_2_A9010,A9010,Engineering Chemistry Laboratory,68.89,70.0,B+,,PASS,3.0,3
STU_25881A66C2,25881A66C2,NELLURI SMARAN,B,2,SUB_2_A9011,A9011,English for Skills Enhancement,54.35,60.0,B,,PASS,3.0,3
STU_25881A66C2,25881A66C2,NELLURI SMARAN,B,2,SUB_2_A9012,A9012,English Language and Communication Skills Laboratory,64.29,70.0,B+,,PASS,3.0,3
STU_25881A66C2,25881A66C2,NELLURI SMARAN,B,2,SUB_2_A9022,A9022,Product Design and Development,60.0,80.0,A,,PASS,3.0,3
STU_25881A66C2,25881A66C2,NELLURI SMARAN,B,2,SUB_2_A9304,A9304,Computer Aided Engineering Graphics,75.0,50.0,C,,PASS,3.0,3
STU_25881A66C2,25881A66C2,NELLURI SMARAN,B,2,SUB_2_A9402,A9402,Digital Electronics,56.67,50.0,C,,PASS,3.0,3
STU_25881A66C2,25881A66C2,NELLURI SMARAN,B,2,SUB_2_A9503,A9503,Data Structures,74.19,0.0,F,,FAIL,3.0,3
STU_25881A66C2,25881A66C2,NELLURI SMARAN,B,2,SUB_2_A9504,A9504,Data Structures Laboratory,80.65,60.0,B,,PASS,3.0,3
STU_25881A66C3,25881A66C3,MARAVENI SPURTHI,B,2,SUB_2_A9002,A9002,Ordinary Differential Equations and Vector Calculus,84.21,80.0,A,,PASS,8.65,0
STU_25881A66C3,25881A66C3,MARAVENI SPURTHI,B,2,SUB_2_A9009,A9009,Engineering Chemistry,91.67,80.0,A,,PASS,8.65,0
STU_25881A66C3,25881A66C3,MARAVENI SPURTHI,B,2,SUB_2_A9010,A9010,Engineering Chemistry Laboratory,86.67,100.0,O,,PASS,8.65,0
STU_25881A66C3,25881A66C3,MARAVENI SPURTHI,B,2,SUB_2_A9011,A9011,English for Skills Enhancement,67.39,80.0,A,,PASS,8.65,0
STU_25881A66C3,25881A66C3,MARAVENI SPURTHI,B,2,SUB_2_A9012,A9012,English Language and Communication Skills Laboratory,64.29,100.0,O,,PASS,8.65,0
STU_25881A66C3,25881A66C3,MARAVENI SPURTHI,B,2,SUB_2_A9022,A9022,Product Design and Development,93.33,80.0,A,,PASS,8.65,0
STU_25881A66C3,25881A66C3,MARAVENI SPURTHI,B,2,SUB_2_A9304,A9304,Computer Aided Engineering Graphics,93.75,100.0,O,,PASS,8.65,0
STU_25881A66C3,25881A66C3,MARAVENI SPURTHI,B,2,SUB_2_A9402,A9402,Digital Electronics,78.33,90.0,A+,,PASS,8.65,0
STU_25881A66C3,25881A66C3,MARAVENI SPURTHI,B,2,SUB_2_A9503,A9503,Data Structures,90.32,90.0,A+,,PASS,8.65,0
STU_25881A66C3,25881A66C3,MARAVENI SPURTHI,B,2,SUB_2_A9504,A9504,Data Structures Laboratory,80.65,90.0,A+,,PASS,8.65,0
STU_25881A66C4,25881A66C4,BANTU TANU SRI,B,2,SUB_2_A9002,A9002,Ordinary Differential Equations and Vector Calculus,81.58,90.0,A+,,PASS,9.25,0
STU_25881A66C4,25881A66C4,BANTU TANU SRI,B,2,SUB_2_A9009,A9009,Engineering Chemistry,83.33,90.0,A+,,PASS,9.25,0
STU_25881A66C4,25881A66C4,BANTU TANU SRI,B,2,SUB_2_A9010,A9010,Engineering Chemistry Laboratory,93.33,100.0,O,,PASS,9.25,0
STU_25881A66C4,25881A66C4,BANTU TANU SRI,B,2,SUB_2_A9011,A9011,English for Skills Enhancement,80.43,90.0,A+,,PASS,9.25,0
STU_25881A66C4,25881A66C4,BANTU TANU SRI,B,2,SUB_2_A9012,A9012,English Language and Communication Skills Laboratory,78.57,100.0,O,,PASS,9.25,0
STU_25881A66C4,25881A66C4,BANTU TANU SRI,B,2,SUB_2_A9022,A9022,Product Design and Development,93.33,100.0,O,,PASS,9.25,0
STU_25881A66C4,25881A66C4,BANTU TANU SRI,B,2,SUB_2_A9304,A9304,Computer Aided Engineering Graphics,93.75,100.0,O,,PASS,9.25,0
STU_25881A66C4,25881A66C4,BANTU TANU SRI,B,2,SUB_2_A9402,A9402,Digital Electronics,83.33,90.0,A+,,PASS,9.25,0
STU_25881A66C4,25881A66C4,BANTU TANU SRI,B,2,SUB_2_A9503,A9503,Data Structures,85.48,90.0,A+,,PASS,9.25,0
STU_25881A66C4,25881A66C4,BANTU TANU SRI,B,2,SUB_2_A9504,A9504,Data Structures Laboratory,100.0,100.0,O,,PASS,9.25,0
STU_25881A66C5,25881A66C5,BHUKYA THARUN,B,2,SUB_2_A9002,A9002,Ordinary Differential Equations and Vector Calculus,77.63,60.0,B,,PASS,6.85,0
STU_25881A66C5,25881A66C5,BHUKYA THARUN,B,2,SUB_2_A9009,A9009,Engineering Chemistry,76.67,50.0,C,,PASS,6.85,0
STU_25881A66C5,25881A66C5,BHUKYA THARUN,B,2,SUB_2_A9010,A9010,Engineering Chemistry Laboratory,60.0,80.0,A,,PASS,6.85,0
STU_25881A66C5,25881A66C5,BHUKYA THARUN,B,2,SUB_2_A9011,A9011,English for Skills Enhancement,84.78,70.0,B+,,PASS,6.85,0
STU_25881A66C5,25881A66C5,BHUKYA THARUN,B,2,SUB_2_A9012,A9012,English Language and Communication Skills Laboratory,78.57,90.0,A+,,PASS,6.85,0
STU_25881A66C5,25881A66C5,BHUKYA THARUN,B,2,SUB_2_A9022,A9022,Product Design and Development,73.33,90.0,A+,,PASS,6.85,0
STU_25881A66C5,25881A66C5,BHUKYA THARUN,B,2,SUB_2_A9304,A9304,Computer Aided Engineering Graphics,68.75,50.0,C,,PASS,6.85,0
STU_25881A66C5,25881A66C5,BHUKYA THARUN,B,2,SUB_2_A9402,A9402,Digital Electronics,78.33,60.0,B,,PASS,6.85,0
STU_25881A66C5,25881A66C5,BHUKYA THARUN,B,2,SUB_2_A9503,A9503,Data Structures,75.81,90.0,A+,,PASS,6.85,0
STU_25881A66C5,25881A66C5,BHUKYA THARUN,B,2,SUB_2_A9504,A9504,Data Structures Laboratory,74.19,80.0,A,,PASS,6.85,0
STU_25881A66C6,25881A66C6,MACHARLA VAGDEVI,B,2,SUB_2_A9002,A9002,Ordinary Differential Equations and Vector Calculus,75.0,50.0,C,,PASS,5.75,1
STU_25881A66C6,25881A66C6,MACHARLA VAGDEVI,B,2,SUB_2_A9009,A9009,Engineering Chemistry,75.0,70.0,B+,,PASS,5.75,1
STU_25881A66C6,25881A66C6,MACHARLA VAGDEVI,B,2,SUB_2_A9010,A9010,Engineering Chemistry Laboratory,86.67,80.0,A,,PASS,5.75,1
STU_25881A66C6,25881A66C6,MACHARLA VAGDEVI,B,2,SUB_2_A9011,A9011,English for Skills Enhancement,76.09,80.0,A,,PASS,5.75,1
STU_25881A66C6,25881A66C6,MACHARLA VAGDEVI,B,2,SUB_2_A9012,A9012,English Language and Communication Skills Laboratory,85.71,80.0,A,,PASS,5.75,1
STU_25881A66C6,25881A66C6,MACHARLA VAGDEVI,B,2,SUB_2_A9022,A9022,Product Design and Development,86.67,100.0,O,,PASS,5.75,1
STU_25881A66C6,25881A66C6,MACHARLA VAGDEVI,B,2,SUB_2_A9304,A9304,Computer Aided Engineering Graphics,70.83,70.0,B+,,PASS,5.75,1
STU_25881A66C6,25881A66C6,MACHARLA VAGDEVI,B,2,SUB_2_A9402,A9402,Digital Electronics,70.0,60.0,B,,PASS,5.75,1
STU_25881A66C6,25881A66C6,MACHARLA VAGDEVI,B,2,SUB_2_A9503,A9503,Data Structures,77.42,0.0,AB,,FAIL,5.75,1
STU_25881A66C6,25881A66C6,MACHARLA VAGDEVI,B,2,SUB_2_A9504,A9504,Data Structures Laboratory,87.1,70.0,B+,,PASS,5.75,1
STU_25881A66C7,25881A66C7,NAKKA VENU,B,2,SUB_2_A9002,A9002,Ordinary Differential Equations and Vector Calculus,76.32,90.0,A+,,PASS,8.3,0
STU_25881A66C7,25881A66C7,NAKKA VENU,B,2,SUB_2_A9009,A9009,Engineering Chemistry,73.33,70.0,B+,,PASS,8.3,0
STU_25881A66C7,25881A66C7,NAKKA VENU,B,2,SUB_2_A9010,A9010,Engineering Chemistry Laboratory,86.67,90.0,A+,,PASS,8.3,0
STU_25881A66C7,25881A66C7,NAKKA VENU,B,2,SUB_2_A9011,A9011,English for Skills Enhancement,93.48,60.0,B,,PASS,8.3,0
STU_25881A66C7,25881A66C7,NAKKA VENU,B,2,SUB_2_A9012,A9012,English Language and Communication Skills Laboratory,85.71,90.0,A+,,PASS,8.3,0
STU_25881A66C7,25881A66C7,NAKKA VENU,B,2,SUB_2_A9022,A9022,Product Design and Development,93.33,100.0,O,,PASS,8.3,0
STU_25881A66C7,25881A66C7,NAKKA VENU,B,2,SUB_2_A9304,A9304,Computer Aided Engineering Graphics,87.5,90.0,A+,,PASS,8.3,0
STU_25881A66C7,25881A66C7,NAKKA VENU,B,2,SUB_2_A9402,A9402,Digital Electronics,83.33,90.0,A+,,PASS,8.3,0
STU_25881A66C7,25881A66C7,NAKKA VENU,B,2,SUB_2_A9503,A9503,Data Structures,85.48,80.0,A,,PASS,8.3,0
STU_25881A66C7,25881A66C7,NAKKA VENU,B,2,SUB_2_A9504,A9504,Data Structures Laboratory,87.1,90.0,A+,,PASS,8.3,0
STU_25881A66C8,25881A66C8,BANOTH VIGNESWAR,B,2,SUB_2_A9002,A9002,Ordinary Differential Equations and Vector Calculus,82.89,80.0,A,,PASS,7.7,0
STU_25881A66C8,25881A66C8,BANOTH VIGNESWAR,B,2,SUB_2_A9009,A9009,Engineering Chemistry,85.0,70.0,B+,,PASS,7.7,0
STU_25881A66C8,25881A66C8,BANOTH VIGNESWAR,B,2,SUB_2_A9010,A9010,Engineering Chemistry Laboratory,93.33,90.0,A+,,PASS,7.7,0
STU_25881A66C8,25881A66C8,BANOTH VIGNESWAR,B,2,SUB_2_A9011,A9011,English for Skills Enhancement,63.04,70.0,B+,,PASS,7.7,0
STU_25881A66C8,25881A66C8,BANOTH VIGNESWAR,B,2,SUB_2_A9012,A9012,English Language and Communication Skills Laboratory,64.29,80.0,A,,PASS,7.7,0
STU_25881A66C8,25881A66C8,BANOTH VIGNESWAR,B,2,SUB_2_A9022,A9022,Product Design and Development,80.0,90.0,A+,,PASS,7.7,0
STU_25881A66C8,25881A66C8,BANOTH VIGNESWAR,B,2,SUB_2_A9304,A9304,Computer Aided Engineering Graphics,81.25,50.0,C,,PASS,7.7,0
STU_25881A66C8,25881A66C8,BANOTH VIGNESWAR,B,2,SUB_2_A9402,A9402,Digital Electronics,75.0,80.0,A,,PASS,7.7,0
STU_25881A66C8,25881A66C8,BANOTH VIGNESWAR,B,2,SUB_2_A9503,A9503,Data Structures,87.1,80.0,A,,PASS,7.7,0
STU_25881A66C8,25881A66C8,BANOTH VIGNESWAR,B,2,SUB_2_A9504,A9504,Data Structures Laboratory,87.1,80.0,A,,PASS,7.7,0
STU_25881A66C9,25881A66C9,SHAIK YASAR ARAFATH,B,2,SUB_2_A9002,A9002,Ordinary Differential Equations and Vector Calculus,84.21,100.0,O,,PASS,9.3,0
STU_25881A66C9,25881A66C9,SHAIK YASAR ARAFATH,B,2,SUB_2_A9009,A9009,Engineering Chemistry,80.0,90.0,A+,,PASS,9.3,0
STU_25881A66C9,25881A66C9,SHAIK YASAR ARAFATH,B,2,SUB_2_A9010,A9010,Engineering Chemistry Laboratory,73.33,90.0,A+,,PASS,9.3,0
STU_25881A66C9,25881A66C9,SHAIK YASAR ARAFATH,B,2,SUB_2_A9011,A9011,English for Skills Enhancement,82.61,80.0,A,,PASS,9.3,0
STU_25881A66C9,25881A66C9,SHAIK YASAR ARAFATH,B,2,SUB_2_A9012,A9012,English Language and Communication Skills Laboratory,78.57,100.0,O,,PASS,9.3,0
STU_25881A66C9,25881A66C9,SHAIK YASAR ARAFATH,B,2,SUB_2_A9022,A9022,Product Design and Development,93.33,100.0,O,,PASS,9.3,0
STU_25881A66C9,25881A66C9,SHAIK YASAR ARAFATH,B,2,SUB_2_A9304,A9304,Computer Aided Engineering Graphics,100.0,100.0,O,,PASS,9.3,0
STU_25881A66C9,25881A66C9,SHAIK YASAR ARAFATH,B,2,SUB_2_A9402,A9402,Digital Electronics,80.0,90.0,A+,,PASS,9.3,0
STU_25881A66C9,25881A66C9,SHAIK YASAR ARAFATH,B,2,SUB_2_A9503,A9503,Data Structures,88.71,90.0,A+,,PASS,9.3,0
STU_25881A66C9,25881A66C9,SHAIK YASAR ARAFATH,B,2,SUB_2_A9504,A9504,Data Structures Laboratory,93.55,100.0,O,,PASS,9.3,0
STU_25881A66D0,25881A66D0,BOJJA ADITHYA,C,2,SUB_2_A9002,A9002,Ordinary Differential Equations and Vector Calculus,73.33,60.0,B,,PASS,7.3,0
STU_25881A66D0,25881A66D0,BOJJA ADITHYA,C,2,SUB_2_A9009,A9009,Engineering Chemistry,67.8,80.0,A,,PASS,7.3,0
STU_25881A66D0,25881A66D0,BOJJA ADITHYA,C,2,SUB_2_A9010,A9010,Engineering Chemistry Laboratory,80.0,90.0,A+,,PASS,7.3,0
STU_25881A66D0,25881A66D0,BOJJA ADITHYA,C,2,SUB_2_A9011,A9011,English for Skills Enhancement,77.55,90.0,A+,,PASS,7.3,0
STU_25881A66D0,25881A66D0,BOJJA ADITHYA,C,2,SUB_2_A9012,A9012,English Language and Communication Skills Laboratory,86.67,80.0,A,,PASS,7.3,0
STU_25881A66D0,25881A66D0,BOJJA ADITHYA,C,2,SUB_2_A9022,A9022,Product Design and Development,93.75,100.0,O,,PASS,7.3,0
STU_25881A66D0,25881A66D0,BOJJA ADITHYA,C,2,SUB_2_A9304,A9304,Computer Aided Engineering Graphics,64.29,90.0,A+,,PASS,7.3,0
STU_25881A66D0,25881A66D0,BOJJA ADITHYA,C,2,SUB_2_A9402,A9402,Digital Electronics,83.61,60.0,B,,PASS,7.3,0
STU_25881A66D0,25881A66D0,BOJJA ADITHYA,C,2,SUB_2_A9503,A9503,Data Structures,67.74,60.0,B,,PASS,7.3,0
STU_25881A66D0,25881A66D0,BOJJA ADITHYA,C,2,SUB_2_A9504,A9504,Data Structures Laboratory,72.41,80.0,A,,PASS,7.3,0
STU_25881A66D1,25881A66D1,AKKANGARI AKSHITHA,C,2,SUB_2_A9002,A9002,Ordinary Differential Equations and Vector Calculus,82.67,90.0,A+,,PASS,8.9,0
STU_25881A66D1,25881A66D1,AKKANGARI AKSHITHA,C,2,SUB_2_A9009,A9009,Engineering Chemistry,86.44,90.0,A+,,PASS,8.9,0
STU_25881A66D1,25881A66D1,AKKANGARI AKSHITHA,C,2,SUB_2_A9010,A9010,Engineering Chemistry Laboratory,93.33,100.0,O,,PASS,8.9,0
STU_25881A66D1,25881A66D1,AKKANGARI AKSHITHA,C,2,SUB_2_A9011,A9011,English for Skills Enhancement,81.63,90.0,A+,,PASS,8.9,0
STU_25881A66D1,25881A66D1,AKKANGARI AKSHITHA,C,2,SUB_2_A9012,A9012,English Language and Communication Skills Laboratory,100.0,80.0,A,,PASS,8.9,0
STU_25881A66D1,25881A66D1,AKKANGARI AKSHITHA,C,2,SUB_2_A9022,A9022,Product Design and Development,93.75,100.0,O,,PASS,8.9,0
STU_25881A66D1,25881A66D1,AKKANGARI AKSHITHA,C,2,SUB_2_A9304,A9304,Computer Aided Engineering Graphics,78.57,90.0,A+,,PASS,8.9,0
STU_25881A66D1,25881A66D1,AKKANGARI AKSHITHA,C,2,SUB_2_A9402,A9402,Digital Electronics,88.52,90.0,A+,,PASS,8.9,0
STU_25881A66D1,25881A66D1,AKKANGARI AKSHITHA,C,2,SUB_2_A9503,A9503,Data Structures,75.81,80.0,A,,PASS,8.9,0
STU_25881A66D1,25881A66D1,AKKANGARI AKSHITHA,C,2,SUB_2_A9504,A9504,Data Structures Laboratory,100.0,90.0,A+,,PASS,8.9,0
STU_25881A66D2,25881A66D2,KASARAVENI AKSHITHA,C,2,SUB_2_A9002,A9002,Ordinary Differential Equations and Vector Calculus,89.33,100.0,O,,PASS,8.8,0
STU_25881A66D2,25881A66D2,KASARAVENI AKSHITHA,C,2,SUB_2_A9009,A9009,Engineering Chemistry,94.92,90.0,A+,,PASS,8.8,0
STU_25881A66D2,25881A66D2,KASARAVENI AKSHITHA,C,2,SUB_2_A9010,A9010,Engineering Chemistry Laboratory,93.33,100.0,O,,PASS,8.8,0
STU_25881A66D2,25881A66D2,KASARAVENI AKSHITHA,C,2,SUB_2_A9011,A9011,English for Skills Enhancement,85.71,80.0,A,,PASS,8.8,0
STU_25881A66D2,25881A66D2,KASARAVENI AKSHITHA,C,2,SUB_2_A9012,A9012,English Language and Communication Skills Laboratory,100.0,80.0,A,,PASS,8.8,0
STU_25881A66D2,25881A66D2,KASARAVENI AKSHITHA,C,2,SUB_2_A9022,A9022,Product Design and Development,93.75,100.0,O,,PASS,8.8,0
STU_25881A66D2,25881A66D2,KASARAVENI AKSHITHA,C,2,SUB_2_A9304,A9304,Computer Aided Engineering Graphics,78.57,80.0,A,,PASS,8.8,0
STU_25881A66D2,25881A66D2,KASARAVENI AKSHITHA,C,2,SUB_2_A9402,A9402,Digital Electronics,98.36,80.0,A,,PASS,8.8,0
STU_25881A66D2,25881A66D2,KASARAVENI AKSHITHA,C,2,SUB_2_A9503,A9503,Data Structures,88.71,80.0,A,,PASS,8.8,0
STU_25881A66D2,25881A66D2,KASARAVENI AKSHITHA,C,2,SUB_2_A9504,A9504,Data Structures Laboratory,93.1,90.0,A+,,PASS,8.8,0
STU_25881A66D3,25881A66D3,POTU AMULYA,C,2,SUB_2_A9002,A9002,Ordinary Differential Equations and Vector Calculus,88.0,100.0,O,,PASS,8.85,0
STU_25881A66D3,25881A66D3,POTU AMULYA,C,2,SUB_2_A9009,A9009,Engineering Chemistry,93.22,90.0,A+,,PASS,8.85,0
STU_25881A66D3,25881A66D3,POTU AMULYA,C,2,SUB_2_A9010,A9010,Engineering Chemistry Laboratory,93.33,100.0,O,,PASS,8.85,0
STU_25881A66D3,25881A66D3,POTU AMULYA,C,2,SUB_2_A9011,A9011,English for Skills Enhancement,85.71,80.0,A,,PASS,8.85,0
STU_25881A66D3,25881A66D3,POTU AMULYA,C,2,SUB_2_A9012,A9012,English Language and Communication Skills Laboratory,100.0,70.0,B+,,PASS,8.85,0
STU_25881A66D3,25881A66D3,POTU AMULYA,C,2,SUB_2_A9022,A9022,Product Design and Development,81.25,100.0,O,,PASS,8.85,0
STU_25881A66D3,25881A66D3,POTU AMULYA,C,2,SUB_2_A9304,A9304,Computer Aided Engineering Graphics,85.71,100.0,O,,PASS,8.85,0
STU_25881A66D3,25881A66D3,POTU AMULYA,C,2,SUB_2_A9402,A9402,Digital Electronics,96.72,80.0,A,,PASS,8.85,0
STU_25881A66D3,25881A66D3,POTU AMULYA,C,2,SUB_2_A9503,A9503,Data Structures,87.1,80.0,A,,PASS,8.85,0
STU_25881A66D3,25881A66D3,POTU AMULYA,C,2,SUB_2_A9504,A9504,Data Structures Laboratory,93.1,90.0,A+,,PASS,8.85,0
STU_25881A66D4,25881A66D4,MOHD ANAS,C,2,SUB_2_A9002,A9002,Ordinary Differential Equations and Vector Calculus,70.67,70.0,B+,,PASS,6.85,0
STU_25881A66D4,25881A66D4,MOHD ANAS,C,2,SUB_2_A9009,A9009,Engineering Chemistry,86.44,70.0,B+,,PASS,6.85,0
STU_25881A66D4,25881A66D4,MOHD ANAS,C,2,SUB_2_A9010,A9010,Engineering Chemistry Laboratory,73.33,90.0,A+,,PASS,6.85,0
STU_25881A66D4,25881A66D4,MOHD ANAS,C,2,SUB_2_A9011,A9011,English for Skills Enhancement,69.39,70.0,B+,,PASS,6.85,0
STU_25881A66D4,25881A66D4,MOHD ANAS,C,2,SUB_2_A9012,A9012,English Language and Communication Skills Laboratory,86.67,70.0,B+,,PASS,6.85,0
STU_25881A66D4,25881A66D4,MOHD ANAS,C,2,SUB_2_A9022,A9022,Product Design and Development,81.25,100.0,O,,PASS,6.85,0
STU_25881A66D4,25881A66D4,MOHD ANAS,C,2,SUB_2_A9304,A9304,Computer Aided Engineering Graphics,85.71,90.0,A+,,PASS,6.85,0
STU_25881A66D4,25881A66D4,MOHD ANAS,C,2,SUB_2_A9402,A9402,Digital Electronics,80.33,60.0,B,,PASS,6.85,0
STU_25881A66D4,25881A66D4,MOHD ANAS,C,2,SUB_2_A9503,A9503,Data Structures,59.68,50.0,C,,PASS,6.85,0
STU_25881A66D4,25881A66D4,MOHD ANAS,C,2,SUB_2_A9504,A9504,Data Structures Laboratory,86.21,60.0,B,,PASS,6.85,0
STU_25881A66D5,25881A66D5,SAFA AQEEL,C,2,SUB_2_A9002,A9002,Ordinary Differential Equations and Vector Calculus,73.33,100.0,O,,PASS,9.6,0
STU_25881A66D5,25881A66D5,SAFA AQEEL,C,2,SUB_2_A9009,A9009,Engineering Chemistry,81.36,100.0,O,,PASS,9.6,0
STU_25881A66D5,25881A66D5,SAFA AQEEL,C,2,SUB_2_A9010,A9010,Engineering Chemistry Laboratory,80.0,100.0,O,,PASS,9.6,0
STU_25881A66D5,25881A66D5,SAFA AQEEL,C,2,SUB_2_A9011,A9011,English for Skills Enhancement,77.55,100.0,O,,PASS,9.6,0
STU_25881A66D5,25881A66D5,SAFA AQEEL,C,2,SUB_2_A9012,A9012,English Language and Communication Skills Laboratory,86.67,90.0,A+,,PASS,9.6,0
STU_25881A66D5,25881A66D5,SAFA AQEEL,C,2,SUB_2_A9022,A9022,Product Design and Development,87.5,100.0,O,,PASS,9.6,0
STU_25881A66D5,25881A66D5,SAFA AQEEL,C,2,SUB_2_A9304,A9304,Computer Aided Engineering Graphics,71.43,100.0,O,,PASS,9.6,0
STU_25881A66D5,25881A66D5,SAFA AQEEL,C,2,SUB_2_A9402,A9402,Digital Electronics,81.97,90.0,A+,,PASS,9.6,0
STU_25881A66D5,25881A66D5,SAFA AQEEL,C,2,SUB_2_A9503,A9503,Data Structures,67.74,90.0,A+,,PASS,9.6,0
STU_25881A66D5,25881A66D5,SAFA AQEEL,C,2,SUB_2_A9504,A9504,Data Structures Laboratory,86.21,90.0,A+,,PASS,9.6,0
STU_25881A66D6,25881A66D6,NAROJU ARAVIND,C,2,SUB_2_A9002,A9002,Ordinary Differential Equations and Vector Calculus,78.67,100.0,O,,PASS,8.95,0
STU_25881A66D6,25881A66D6,NAROJU ARAVIND,C,2,SUB_2_A9009,A9009,Engineering Chemistry,79.66,100.0,O,,PASS,8.95,0
STU_25881A66D6,25881A66D6,NAROJU ARAVIND,C,2,SUB_2_A9010,A9010,Engineering Chemistry Laboratory,93.33,100.0,O,,PASS,8.95,0
STU_25881A66D6,25881A66D6,NAROJU ARAVIND,C,2,SUB_2_A9011,A9011,English for Skills Enhancement,71.43,80.0,A,,PASS,8.95,0
STU_25881A66D6,25881A66D6,NAROJU ARAVIND,C,2,SUB_2_A9012,A9012,English Language and Communication Skills Laboratory,66.67,70.0,B+,,PASS,8.95,0
STU_25881A66D6,25881A66D6,NAROJU ARAVIND,C,2,SUB_2_A9022,A9022,Product Design and Development,81.25,100.0,O,,PASS,8.95,0
STU_25881A66D6,25881A66D6,NAROJU ARAVIND,C,2,SUB_2_A9304,A9304,Computer Aided Engineering Graphics,71.43,90.0,A+,,PASS,8.95,0
STU_25881A66D6,25881A66D6,NAROJU ARAVIND,C,2,SUB_2_A9402,A9402,Digital Electronics,86.89,80.0,A,,PASS,8.95,0
STU_25881A66D6,25881A66D6,NAROJU ARAVIND,C,2,SUB_2_A9503,A9503,Data Structures,79.03,80.0,A,,PASS,8.95,0
STU_25881A66D6,25881A66D6,NAROJU ARAVIND,C,2,SUB_2_A9504,A9504,Data Structures Laboratory,79.31,90.0,A+,,PASS,8.95,0
STU_25881A66D7,25881A66D7,BHUKYA ASMITHA,C,2,SUB_2_A9002,A9002,Ordinary Differential Equations and Vector Calculus,82.67,70.0,B+,,PASS,7.6,0
STU_25881A66D7,25881A66D7,BHUKYA ASMITHA,C,2,SUB_2_A9009,A9009,Engineering Chemistry,91.53,80.0,A,,PASS,7.6,0
STU_25881A66D7,25881A66D7,BHUKYA ASMITHA,C,2,SUB_2_A9010,A9010,Engineering Chemistry Laboratory,86.67,90.0,A+,,PASS,7.6,0
STU_25881A66D7,25881A66D7,BHUKYA ASMITHA,C,2,SUB_2_A9011,A9011,English for Skills Enhancement,87.76,80.0,A,,PASS,7.6,0
STU_25881A66D7,25881A66D7,BHUKYA ASMITHA,C,2,SUB_2_A9012,A9012,English Language and Communication Skills Laboratory,86.67,80.0,A,,PASS,7.6,0
STU_25881A66D7,25881A66D7,BHUKYA ASMITHA,C,2,SUB_2_A9022,A9022,Product Design and Development,87.5,100.0,O,,PASS,7.6,0
STU_25881A66D7,25881A66D7,BHUKYA ASMITHA,C,2,SUB_2_A9304,A9304,Computer Aided Engineering Graphics,92.86,90.0,A+,,PASS,7.6,0
STU_25881A66D7,25881A66D7,BHUKYA ASMITHA,C,2,SUB_2_A9402,A9402,Digital Electronics,91.8,70.0,B+,,PASS,7.6,0
STU_25881A66D7,25881A66D7,BHUKYA ASMITHA,C,2,SUB_2_A9503,A9503,Data Structures,82.26,60.0,B,,PASS,7.6,0
STU_25881A66D7,25881A66D7,BHUKYA ASMITHA,C,2,SUB_2_A9504,A9504,Data Structures Laboratory,86.21,90.0,A+,,PASS,7.6,0
STU_25881A66D8,25881A66D8,DONTHIREDDY BHAVESH,C,2,SUB_2_A9002,A9002,Ordinary Differential Equations and Vector Calculus,77.33,70.0,B+,,PASS,7.2,0
STU_25881A66D8,25881A66D8,DONTHIREDDY BHAVESH,C,2,SUB_2_A9009,A9009,Engineering Chemistry,72.88,80.0,A,,PASS,7.2,0
STU_25881A66D8,25881A66D8,DONTHIREDDY BHAVESH,C,2,SUB_2_A9010,A9010,Engineering Chemistry Laboratory,93.33,80.0,A,,PASS,7.2,0
STU_25881A66D8,25881A66D8,DONTHIREDDY BHAVESH,C,2,SUB_2_A9011,A9011,English for Skills Enhancement,75.51,70.0,B+,,PASS,7.2,0
STU_25881A66D8,25881A66D8,DONTHIREDDY BHAVESH,C,2,SUB_2_A9012,A9012,English Language and Communication Skills Laboratory,66.67,80.0,A,,PASS,7.2,0
STU_25881A66D8,25881A66D8,DONTHIREDDY BHAVESH,C,2,SUB_2_A9022,A9022,Product Design and Development,93.75,100.0,O,,PASS,7.2,0
STU_25881A66D8,25881A66D8,DONTHIREDDY BHAVESH,C,2,SUB_2_A9304,A9304,Computer Aided Engineering Graphics,92.86,90.0,A+,,PASS,7.2,0
STU_25881A66D8,25881A66D8,DONTHIREDDY BHAVESH,C,2,SUB_2_A9402,A9402,Digital Electronics,83.61,60.0,B,,PASS,7.2,0
STU_25881A66D8,25881A66D8,DONTHIREDDY BHAVESH,C,2,SUB_2_A9503,A9503,Data Structures,74.19,60.0,B,,PASS,7.2,0
STU_25881A66D8,25881A66D8,DONTHIREDDY BHAVESH,C,2,SUB_2_A9504,A9504,Data Structures Laboratory,79.31,70.0,B+,,PASS,7.2,0
STU_25881A66D9,25881A66D9,THOTAKURI BHAVYA,C,2,SUB_2_A9002,A9002,Ordinary Differential Equations and Vector Calculus,80.0,90.0,A+,,PASS,8.8,0
STU_25881A66D9,25881A66D9,THOTAKURI BHAVYA,C,2,SUB_2_A9009,A9009,Engineering Chemistry,83.05,90.0,A+,,PASS,8.8,0
STU_25881A66D9,25881A66D9,THOTAKURI BHAVYA,C,2,SUB_2_A9010,A9010,Engineering Chemistry Laboratory,86.67,90.0,A+,,PASS,8.8,0
STU_25881A66D9,25881A66D9,THOTAKURI BHAVYA,C,2,SUB_2_A9011,A9011,English for Skills Enhancement,79.59,80.0,A,,PASS,8.8,0
STU_25881A66D9,25881A66D9,THOTAKURI BHAVYA,C,2,SUB_2_A9012,A9012,English Language and Communication Skills Laboratory,73.33,80.0,A,,PASS,8.8,0
STU_25881A66D9,25881A66D9,THOTAKURI BHAVYA,C,2,SUB_2_A9022,A9022,Product Design and Development,87.5,100.0,O,,PASS,8.8,0
STU_25881A66D9,25881A66D9,THOTAKURI BHAVYA,C,2,SUB_2_A9304,A9304,Computer Aided Engineering Graphics,71.43,90.0,A+,,PASS,8.8,0
STU_25881A66D9,25881A66D9,THOTAKURI BHAVYA,C,2,SUB_2_A9402,A9402,Digital Electronics,90.16,90.0,A+,,PASS,8.8,0
STU_25881A66D9,25881A66D9,THOTAKURI BHAVYA,C,2,SUB_2_A9503,A9503,Data Structures,72.58,90.0,A+,,PASS,8.8,0
STU_25881A66D9,25881A66D9,THOTAKURI BHAVYA,C,2,SUB_2_A9504,A9504,Data Structures Laboratory,86.21,70.0,B+,,PASS,8.8,0
STU_25881A66E0,25881A66E0,CHERUKUPALLY CHAITANYA AKSHITH,C,2,SUB_2_A9002,A9002,Ordinary Differential Equations and Vector Calculus,81.33,100.0,O,,PASS,8.8,0
STU_25881A66E0,25881A66E0,CHERUKUPALLY CHAITANYA AKSHITH,C,2,SUB_2_A9009,A9009,Engineering Chemistry,81.36,90.0,A+,,PASS,8.8,0
STU_25881A66E0,25881A66E0,CHERUKUPALLY CHAITANYA AKSHITH,C,2,SUB_2_A9010,A9010,Engineering Chemistry Laboratory,93.33,90.0,A+,,PASS,8.8,0
STU_25881A66E0,25881A66E0,CHERUKUPALLY CHAITANYA AKSHITH,C,2,SUB_2_A9011,A9011,English for Skills Enhancement,79.59,90.0,A+,,PASS,8.8,0
STU_25881A66E0,25881A66E0,CHERUKUPALLY CHAITANYA AKSHITH,C,2,SUB_2_A9012,A9012,English Language and Communication Skills Laboratory,66.67,90.0,A+,,PASS,8.8,0
STU_25881A66E0,25881A66E0,CHERUKUPALLY CHAITANYA AKSHITH,C,2,SUB_2_A9022,A9022,Product Design and Development,93.75,100.0,O,,PASS,8.8,0
STU_25881A66E0,25881A66E0,CHERUKUPALLY CHAITANYA AKSHITH,C,2,SUB_2_A9304,A9304,Computer Aided Engineering Graphics,85.71,90.0,A+,,PASS,8.8,0
STU_25881A66E0,25881A66E0,CHERUKUPALLY CHAITANYA AKSHITH,C,2,SUB_2_A9402,A9402,Digital Electronics,78.69,80.0,A,,PASS,8.8,0
STU_25881A66E0,25881A66E0,CHERUKUPALLY CHAITANYA AKSHITH,C,2,SUB_2_A9503,A9503,Data Structures,80.65,70.0,B+,,PASS,8.8,0
STU_25881A66E0,25881A66E0,CHERUKUPALLY CHAITANYA AKSHITH,C,2,SUB_2_A9504,A9504,Data Structures Laboratory,86.21,90.0,A+,,PASS,8.8,0
STU_25881A66E1,25881A66E1,ALETI CHARAN,C,2,SUB_2_A9002,A9002,Ordinary Differential Equations and Vector Calculus,81.33,70.0,B+,,PASS,7.4,0
STU_25881A66E1,25881A66E1,ALETI CHARAN,C,2,SUB_2_A9009,A9009,Engineering Chemistry,64.41,70.0,B+,,PASS,7.4,0
STU_25881A66E1,25881A66E1,ALETI CHARAN,C,2,SUB_2_A9010,A9010,Engineering Chemistry Laboratory,86.67,80.0,A,,PASS,7.4,0
STU_25881A66E1,25881A66E1,ALETI CHARAN,C,2,SUB_2_A9011,A9011,English for Skills Enhancement,67.35,80.0,A,,PASS,7.4,0
STU_25881A66E1,25881A66E1,ALETI CHARAN,C,2,SUB_2_A9012,A9012,English Language and Communication Skills Laboratory,73.33,80.0,A,,PASS,7.4,0
STU_25881A66E1,25881A66E1,ALETI CHARAN,C,2,SUB_2_A9022,A9022,Product Design and Development,93.75,100.0,O,,PASS,7.4,0
STU_25881A66E1,25881A66E1,ALETI CHARAN,C,2,SUB_2_A9304,A9304,Computer Aided Engineering Graphics,64.29,90.0,A+,,PASS,7.4,0
STU_25881A66E1,25881A66E1,ALETI CHARAN,C,2,SUB_2_A9402,A9402,Digital Electronics,80.33,70.0,B+,,PASS,7.4,0
STU_25881A66E1,25881A66E1,ALETI CHARAN,C,2,SUB_2_A9503,A9503,Data Structures,83.87,70.0,B+,,PASS,7.4,0
STU_25881A66E1,25881A66E1,ALETI CHARAN,C,2,SUB_2_A9504,A9504,Data Structures Laboratory,72.41,60.0,B,,PASS,7.4,0
STU_25881A66E2,25881A66E2,BOMMANABOINA CHETAN,C,2,SUB_2_A9002,A9002,Ordinary Differential Equations and Vector Calculus,73.33,80.0,A,,PASS,7.65,0
STU_25881A66E2,25881A66E2,BOMMANABOINA CHETAN,C,2,SUB_2_A9009,A9009,Engineering Chemistry,74.58,80.0,A,,PASS,7.65,0
STU_25881A66E2,25881A66E2,BOMMANABOINA CHETAN,C,2,SUB_2_A9010,A9010,Engineering Chemistry Laboratory,86.67,100.0,O,,PASS,7.65,0
STU_25881A66E2,25881A66E2,BOMMANABOINA CHETAN,C,2,SUB_2_A9011,A9011,English for Skills Enhancement,73.47,70.0,B+,,PASS,7.65,0
STU_25881A66E2,25881A66E2,BOMMANABOINA CHETAN,C,2,SUB_2_A9012,A9012,English Language and Communication Skills Laboratory,73.33,70.0,B+,,PASS,7.65,0
STU_25881A66E2,25881A66E2,BOMMANABOINA CHETAN,C,2,SUB_2_A9022,A9022,Product Design and Development,87.5,100.0,O,,PASS,7.65,0
STU_25881A66E2,25881A66E2,BOMMANABOINA CHETAN,C,2,SUB_2_A9304,A9304,Computer Aided Engineering Graphics,71.43,90.0,A+,,PASS,7.65,0
STU_25881A66E2,25881A66E2,BOMMANABOINA CHETAN,C,2,SUB_2_A9402,A9402,Digital Electronics,81.97,70.0,B+,,PASS,7.65,0
STU_25881A66E2,25881A66E2,BOMMANABOINA CHETAN,C,2,SUB_2_A9503,A9503,Data Structures,69.35,60.0,B,,PASS,7.65,0
STU_25881A66E2,25881A66E2,BOMMANABOINA CHETAN,C,2,SUB_2_A9504,A9504,Data Structures Laboratory,79.31,80.0,A,,PASS,7.65,0
STU_25881A66E3,25881A66E3,TALLA DINESH GOUD,C,2,SUB_2_A9002,A9002,Ordinary Differential Equations and Vector Calculus,68.0,80.0,A,,PASS,8.05,0
STU_25881A66E3,25881A66E3,TALLA DINESH GOUD,C,2,SUB_2_A9009,A9009,Engineering Chemistry,71.19,70.0,B+,,PASS,8.05,0
STU_25881A66E3,25881A66E3,TALLA DINESH GOUD,C,2,SUB_2_A9010,A9010,Engineering Chemistry Laboratory,100.0,80.0,A,,PASS,8.05,0
STU_25881A66E3,25881A66E3,TALLA DINESH GOUD,C,2,SUB_2_A9011,A9011,English for Skills Enhancement,65.31,80.0,A,,PASS,8.05,0
STU_25881A66E3,25881A66E3,TALLA DINESH GOUD,C,2,SUB_2_A9012,A9012,English Language and Communication Skills Laboratory,80.0,80.0,A,,PASS,8.05,0
STU_25881A66E3,25881A66E3,TALLA DINESH GOUD,C,2,SUB_2_A9022,A9022,Product Design and Development,93.75,100.0,O,,PASS,8.05,0
STU_25881A66E3,25881A66E3,TALLA DINESH GOUD,C,2,SUB_2_A9304,A9304,Computer Aided Engineering Graphics,85.71,90.0,A+,,PASS,8.05,0
STU_25881A66E3,25881A66E3,TALLA DINESH GOUD,C,2,SUB_2_A9402,A9402,Digital Electronics,80.33,80.0,A,,PASS,8.05,0
STU_25881A66E3,25881A66E3,TALLA DINESH GOUD,C,2,SUB_2_A9503,A9503,Data Structures,61.29,80.0,A,,PASS,8.05,0
STU_25881A66E3,25881A66E3,TALLA DINESH GOUD,C,2,SUB_2_A9504,A9504,Data Structures Laboratory,79.31,90.0,A+,,PASS,8.05,0
STU_25881A66E4,25881A66E4,GANESH SAINI,C,2,SUB_2_A9002,A9002,Ordinary Differential Equations and Vector Calculus,89.33,80.0,A,,PASS,8.4,0
STU_25881A66E4,25881A66E4,GANESH SAINI,C,2,SUB_2_A9009,A9009,Engineering Chemistry,91.53,90.0,A+,,PASS,8.4,0
STU_25881A66E4,25881A66E4,GANESH SAINI,C,2,SUB_2_A9010,A9010,Engineering Chemistry Laboratory,100.0,100.0,O,,PASS,8.4,0
STU_25881A66E4,25881A66E4,GANESH SAINI,C,2,SUB_2_A9011,A9011,English for Skills Enhancement,89.8,80.0,A,,PASS,8.4,0
STU_25881A66E4,25881A66E4,GANESH SAINI,C,2,SUB_2_A9012,A9012,English Language and Communication Skills Laboratory,91.11,80.0,A,,PASS,8.4,0
STU_25881A66E4,25881A66E4,GANESH SAINI,C,2,SUB_2_A9022,A9022,Product Design and Development,93.75,100.0,O,,PASS,8.4,0
STU_25881A66E4,25881A66E4,GANESH SAINI,C,2,SUB_2_A9304,A9304,Computer Aided Engineering Graphics,85.71,100.0,O,,PASS,8.4,0
STU_25881A66E4,25881A66E4,GANESH SAINI,C,2,SUB_2_A9402,A9402,Digital Electronics,88.52,90.0,A+,,PASS,8.4,0
STU_25881A66E4,25881A66E4,GANESH SAINI,C,2,SUB_2_A9503,A9503,Data Structures,83.87,60.0,B,,PASS,8.4,0
STU_25881A66E4,25881A66E4,GANESH SAINI,C,2,SUB_2_A9504,A9504,Data Structures Laboratory,93.1,100.0,O,,PASS,8.4,0
STU_25881A66E5,25881A66E5,NENAVATH HANMANTHU,C,2,SUB_2_A9002,A9002,Ordinary Differential Equations and Vector Calculus,64.0,100.0,O,,PASS,9.1,0
STU_25881A66E5,25881A66E5,NENAVATH HANMANTHU,C,2,SUB_2_A9009,A9009,Engineering Chemistry,81.36,90.0,A+,,PASS,9.1,0
STU_25881A66E5,25881A66E5,NENAVATH HANMANTHU,C,2,SUB_2_A9010,A9010,Engineering Chemistry Laboratory,68.89,100.0,O,,PASS,9.1,0
STU_25881A66E5,25881A66E5,NENAVATH HANMANTHU,C,2,SUB_2_A9011,A9011,English for Skills Enhancement,77.55,80.0,A,,PASS,9.1,0
STU_25881A66E5,25881A66E5,NENAVATH HANMANTHU,C,2,SUB_2_A9012,A9012,English Language and Communication Skills Laboratory,86.67,80.0,A,,PASS,9.1,0
STU_25881A66E5,25881A66E5,NENAVATH HANMANTHU,C,2,SUB_2_A9022,A9022,Product Design and Development,87.5,100.0,O,,PASS,9.1,0
STU_25881A66E5,25881A66E5,NENAVATH HANMANTHU,C,2,SUB_2_A9304,A9304,Computer Aided Engineering Graphics,85.71,100.0,O,,PASS,9.1,0
STU_25881A66E5,25881A66E5,NENAVATH HANMANTHU,C,2,SUB_2_A9402,A9402,Digital Electronics,78.69,80.0,A,,PASS,9.1,0
STU_25881A66E5,25881A66E5,NENAVATH HANMANTHU,C,2,SUB_2_A9503,A9503,Data Structures,62.9,90.0,A+,,PASS,9.1,0
STU_25881A66E5,25881A66E5,NENAVATH HANMANTHU,C,2,SUB_2_A9504,A9504,Data Structures Laboratory,93.1,100.0,O,,PASS,9.1,0
STU_25881A66E6,25881A66E6,ABBANBOINA HARIKA,C,2,SUB_2_A9002,A9002,Ordinary Differential Equations and Vector Calculus,80.0,100.0,O,,PASS,8.8,0
STU_25881A66E6,25881A66E6,ABBANBOINA HARIKA,C,2,SUB_2_A9009,A9009,Engineering Chemistry,91.53,90.0,A+,,PASS,8.8,0
STU_25881A66E6,25881A66E6,ABBANBOINA HARIKA,C,2,SUB_2_A9010,A9010,Engineering Chemistry Laboratory,93.33,100.0,O,,PASS,8.8,0
STU_25881A66E6,25881A66E6,ABBANBOINA HARIKA,C,2,SUB_2_A9011,A9011,English for Skills Enhancement,77.55,80.0,A,,PASS,8.8,0
STU_25881A66E6,25881A66E6,ABBANBOINA HARIKA,C,2,SUB_2_A9012,A9012,English Language and Communication Skills Laboratory,75.56,70.0,B+,,PASS,8.8,0
STU_25881A66E6,25881A66E6,ABBANBOINA HARIKA,C,2,SUB_2_A9022,A9022,Product Design and Development,87.5,100.0,O,,PASS,8.8,0
STU_25881A66E6,25881A66E6,ABBANBOINA HARIKA,C,2,SUB_2_A9304,A9304,Computer Aided Engineering Graphics,85.71,90.0,A+,,PASS,8.8,0
STU_25881A66E6,25881A66E6,ABBANBOINA HARIKA,C,2,SUB_2_A9402,A9402,Digital Electronics,90.16,90.0,A+,,PASS,8.8,0
STU_25881A66E6,25881A66E6,ABBANBOINA HARIKA,C,2,SUB_2_A9503,A9503,Data Structures,80.65,70.0,B+,,PASS,8.8,0
STU_25881A66E6,25881A66E6,ABBANBOINA HARIKA,C,2,SUB_2_A9504,A9504,Data Structures Laboratory,79.31,90.0,A+,,PASS,8.8,0
STU_25881A66E7,25881A66E7,SUNKOJU HARSHITH,C,2,SUB_2_A9002,A9002,Ordinary Differential Equations and Vector Calculus,77.33,0.0,F,,FAIL,2.75,5
STU_25881A66E7,25881A66E7,SUNKOJU HARSHITH,C,2,SUB_2_A9009,A9009,Engineering Chemistry,77.97,60.0,B,,PASS,2.75,5
STU_25881A66E7,25881A66E7,SUNKOJU HARSHITH,C,2,SUB_2_A9010,A9010,Engineering Chemistry Laboratory,80.0,80.0,A,,PASS,2.75,5
STU_25881A66E7,25881A66E7,SUNKOJU HARSHITH,C,2,SUB_2_A9011,A9011,English for Skills Enhancement,77.55,70.0,B+,,PASS,2.75,5
STU_25881A66E7,25881A66E7,SUNKOJU HARSHITH,C,2,SUB_2_A9012,A9012,English Language and Communication Skills Laboratory,64.44,60.0,B,,PASS,2.75,5
STU_25881A66E7,25881A66E7,SUNKOJU HARSHITH,C,2,SUB_2_A9022,A9022,Product Design and Development,87.5,90.0,A+,,PASS,2.75,5
STU_25881A66E7,25881A66E7,SUNKOJU HARSHITH,C,2,SUB_2_A9304,A9304,Computer Aided Engineering Graphics,64.29,0.0,AB,,FAIL,2.75,5
STU_25881A66E7,25881A66E7,SUNKOJU HARSHITH,C,2,SUB_2_A9402,A9402,Digital Electronics,75.41,0.0,F,,FAIL,2.75,5
STU_25881A66E7,25881A66E7,SUNKOJU HARSHITH,C,2,SUB_2_A9503,A9503,Data Structures,77.42,0.0,F,,FAIL,2.75,5
STU_25881A66E7,25881A66E7,SUNKOJU HARSHITH,C,2,SUB_2_A9504,A9504,Data Structures Laboratory,68.97,0.0,F,,FAIL,2.75,5
STU_25881A66E8,25881A66E8,HARSHITH JHAJHRYA,C,2,SUB_2_A9002,A9002,Ordinary Differential Equations and Vector Calculus,81.33,100.0,O,,PASS,9.3,0
STU_25881A66E8,25881A66E8,HARSHITH JHAJHRYA,C,2,SUB_2_A9009,A9009,Engineering Chemistry,83.05,90.0,A+,,PASS,9.3,0
STU_25881A66E8,25881A66E8,HARSHITH JHAJHRYA,C,2,SUB_2_A9010,A9010,Engineering Chemistry Laboratory,93.33,100.0,O,,PASS,9.3,0
STU_25881A66E8,25881A66E8,HARSHITH JHAJHRYA,C,2,SUB_2_A9011,A9011,English for Skills Enhancement,79.59,90.0,A+,,PASS,9.3,0
STU_25881A66E8,25881A66E8,HARSHITH JHAJHRYA,C,2,SUB_2_A9012,A9012,English Language and Communication Skills Laboratory,100.0,80.0,A,,PASS,9.3,0
STU_25881A66E8,25881A66E8,HARSHITH JHAJHRYA,C,2,SUB_2_A9022,A9022,Product Design and Development,87.5,100.0,O,,PASS,9.3,0
STU_25881A66E8,25881A66E8,HARSHITH JHAJHRYA,C,2,SUB_2_A9304,A9304,Computer Aided Engineering Graphics,85.71,100.0,O,,PASS,9.3,0
STU_25881A66E8,25881A66E8,HARSHITH JHAJHRYA,C,2,SUB_2_A9402,A9402,Digital Electronics,88.52,90.0,A+,,PASS,9.3,0
STU_25881A66E8,25881A66E8,HARSHITH JHAJHRYA,C,2,SUB_2_A9503,A9503,Data Structures,79.03,90.0,A+,,PASS,9.3,0
STU_25881A66E8,25881A66E8,HARSHITH JHAJHRYA,C,2,SUB_2_A9504,A9504,Data Structures Laboratory,93.1,90.0,A+,,PASS,9.3,0
STU_25881A66E9,25881A66E9,DEVULAPALLY HASINI REDDY,C,2,SUB_2_A9002,A9002,Ordinary Differential Equations and Vector Calculus,81.33,60.0,B,,PASS,5.95,1
STU_25881A66E9,25881A66E9,DEVULAPALLY HASINI REDDY,C,2,SUB_2_A9009,A9009,Engineering Chemistry,86.44,0.0,F,,FAIL,5.95,1
STU_25881A66E9,25881A66E9,DEVULAPALLY HASINI REDDY,C,2,SUB_2_A9010,A9010,Engineering Chemistry Laboratory,88.89,90.0,A+,,PASS,5.95,1
STU_25881A66E9,25881A66E9,DEVULAPALLY HASINI REDDY,C,2,SUB_2_A9011,A9011,English for Skills Enhancement,77.55,80.0,A,,PASS,5.95,1
STU_25881A66E9,25881A66E9,DEVULAPALLY HASINI REDDY,C,2,SUB_2_A9012,A9012,English Language and Communication Skills Laboratory,80.0,70.0,B+,,PASS,5.95,1
STU_25881A66E9,25881A66E9,DEVULAPALLY HASINI REDDY,C,2,SUB_2_A9022,A9022,Product Design and Development,87.5,100.0,O,,PASS,5.95,1
STU_25881A66E9,25881A66E9,DEVULAPALLY HASINI REDDY,C,2,SUB_2_A9304,A9304,Computer Aided Engineering Graphics,85.71,100.0,O,,PASS,5.95,1
STU_25881A66E9,25881A66E9,DEVULAPALLY HASINI REDDY,C,2,SUB_2_A9402,A9402,Digital Electronics,86.89,60.0,B,,PASS,5.95,1
STU_25881A66E9,25881A66E9,DEVULAPALLY HASINI REDDY,C,2,SUB_2_A9503,A9503,Data Structures,79.03,60.0,B,,PASS,5.95,1
STU_25881A66E9,25881A66E9,DEVULAPALLY HASINI REDDY,C,2,SUB_2_A9504,A9504,Data Structures Laboratory,86.21,70.0,B+,,PASS,5.95,1
STU_25881A66F0,25881A66F0,G HEMANATHA REDDY,C,2,SUB_2_A9002,A9002,Ordinary Differential Equations and Vector Calculus,82.67,60.0,B,,PASS,6.75,0
STU_25881A66F0,25881A66F0,G HEMANATHA REDDY,C,2,SUB_2_A9009,A9009,Engineering Chemistry,79.66,50.0,C,,PASS,6.75,0
STU_25881A66F0,25881A66F0,G HEMANATHA REDDY,C,2,SUB_2_A9010,A9010,Engineering Chemistry Laboratory,80.0,80.0,A,,PASS,6.75,0
STU_25881A66F0,25881A66F0,G HEMANATHA REDDY,C,2,SUB_2_A9011,A9011,English for Skills Enhancement,85.71,70.0,B+,,PASS,6.75,0
STU_25881A66F0,25881A66F0,G HEMANATHA REDDY,C,2,SUB_2_A9012,A9012,English Language and Communication Skills Laboratory,86.67,70.0,B+,,PASS,6.75,0
STU_25881A66F0,25881A66F0,G HEMANATHA REDDY,C,2,SUB_2_A9022,A9022,Product Design and Development,93.75,100.0,O,,PASS,6.75,0
STU_25881A66F0,25881A66F0,G HEMANATHA REDDY,C,2,SUB_2_A9304,A9304,Computer Aided Engineering Graphics,85.71,90.0,A+,,PASS,6.75,0
STU_25881A66F0,25881A66F0,G HEMANATHA REDDY,C,2,SUB_2_A9402,A9402,Digital Electronics,85.25,60.0,B,,PASS,6.75,0
STU_25881A66F0,25881A66F0,G HEMANATHA REDDY,C,2,SUB_2_A9503,A9503,Data Structures,77.42,70.0,B+,,PASS,6.75,0
STU_25881A66F0,25881A66F0,G HEMANATHA REDDY,C,2,SUB_2_A9504,A9504,Data Structures Laboratory,86.21,90.0,A+,,PASS,6.75,0
STU_25881A66F1,25881A66F1,BASAVESHA HIREMATH,C,2,SUB_2_A9002,A9002,Ordinary Differential Equations and Vector Calculus,73.33,70.0,B+,,PASS,7.9,0
STU_25881A66F1,25881A66F1,BASAVESHA HIREMATH,C,2,SUB_2_A9009,A9009,Engineering Chemistry,86.44,80.0,A,,PASS,7.9,0
STU_25881A66F1,25881A66F1,BASAVESHA HIREMATH,C,2,SUB_2_A9010,A9010,Engineering Chemistry Laboratory,100.0,100.0,O,,PASS,7.9,0
STU_25881A66F1,25881A66F1,BASAVESHA HIREMATH,C,2,SUB_2_A9011,A9011,English for Skills Enhancement,75.51,80.0,A,,PASS,7.9,0
STU_25881A66F1,25881A66F1,BASAVESHA HIREMATH,C,2,SUB_2_A9012,A9012,English Language and Communication Skills Laboratory,93.33,80.0,A,,PASS,7.9,0
STU_25881A66F1,25881A66F1,BASAVESHA HIREMATH,C,2,SUB_2_A9022,A9022,Product Design and Development,87.5,100.0,O,,PASS,7.9,0
STU_25881A66F1,25881A66F1,BASAVESHA HIREMATH,C,2,SUB_2_A9304,A9304,Computer Aided Engineering Graphics,78.57,90.0,A+,,PASS,7.9,0
STU_25881A66F1,25881A66F1,BASAVESHA HIREMATH,C,2,SUB_2_A9402,A9402,Digital Electronics,83.61,80.0,A,,PASS,7.9,0
STU_25881A66F1,25881A66F1,BASAVESHA HIREMATH,C,2,SUB_2_A9503,A9503,Data Structures,62.9,70.0,B+,,PASS,7.9,0
STU_25881A66F1,25881A66F1,BASAVESHA HIREMATH,C,2,SUB_2_A9504,A9504,Data Structures Laboratory,79.31,80.0,A,,PASS,7.9,0
STU_25881A66F2,25881A66F2,SARDARNI JASMEET KAUR,C,2,SUB_2_A9002,A9002,Ordinary Differential Equations and Vector Calculus,73.33,70.0,B+,,PASS,7.4,0
STU_25881A66F2,25881A66F2,SARDARNI JASMEET KAUR,C,2,SUB_2_A9009,A9009,Engineering Chemistry,81.36,70.0,B+,,PASS,7.4,0
STU_25881A66F2,25881A66F2,SARDARNI JASMEET KAUR,C,2,SUB_2_A9010,A9010,Engineering Chemistry Laboratory,86.67,90.0,A+,,PASS,7.4,0
STU_25881A66F2,25881A66F2,SARDARNI JASMEET KAUR,C,2,SUB_2_A9011,A9011,English for Skills Enhancement,77.55,80.0,A,,PASS,7.4,0
STU_25881A66F2,25881A66F2,SARDARNI JASMEET KAUR,C,2,SUB_2_A9012,A9012,English Language and Communication Skills Laboratory,86.67,80.0,A,,PASS,7.4,0
STU_25881A66F2,25881A66F2,SARDARNI JASMEET KAUR,C,2,SUB_2_A9022,A9022,Product Design and Development,87.5,100.0,O,,PASS,7.4,0
STU_25881A66F2,25881A66F2,SARDARNI JASMEET KAUR,C,2,SUB_2_A9304,A9304,Computer Aided Engineering Graphics,64.29,90.0,A+,,PASS,7.4,0
STU_25881A66F2,25881A66F2,SARDARNI JASMEET KAUR,C,2,SUB_2_A9402,A9402,Digital Electronics,85.25,60.0,B,,PASS,7.4,0
STU_25881A66F2,25881A66F2,SARDARNI JASMEET KAUR,C,2,SUB_2_A9503,A9503,Data Structures,69.35,70.0,B+,,PASS,7.4,0
STU_25881A66F2,25881A66F2,SARDARNI JASMEET KAUR,C,2,SUB_2_A9504,A9504,Data Structures Laboratory,86.21,80.0,A,,PASS,7.4,0
STU_25881A66F3,25881A66F3,PALLEMPATI JATHIN,C,2,SUB_2_A9002,A9002,Ordinary Differential Equations and Vector Calculus,77.33,80.0,A,,PASS,8.65,0
STU_25881A66F3,25881A66F3,PALLEMPATI JATHIN,C,2,SUB_2_A9009,A9009,Engineering Chemistry,83.05,90.0,A+,,PASS,8.65,0
STU_25881A66F3,25881A66F3,PALLEMPATI JATHIN,C,2,SUB_2_A9010,A9010,Engineering Chemistry Laboratory,86.67,90.0,A+,,PASS,8.65,0
STU_25881A66F3,25881A66F3,PALLEMPATI JATHIN,C,2,SUB_2_A9011,A9011,English for Skills Enhancement,71.43,90.0,A+,,PASS,8.65,0
STU_25881A66F3,25881A66F3,PALLEMPATI JATHIN,C,2,SUB_2_A9012,A9012,English Language and Communication Skills Laboratory,93.33,80.0,A,,PASS,8.65,0
STU_25881A66F3,25881A66F3,PALLEMPATI JATHIN,C,2,SUB_2_A9022,A9022,Product Design and Development,93.75,100.0,O,,PASS,8.65,0
STU_25881A66F3,25881A66F3,PALLEMPATI JATHIN,C,2,SUB_2_A9304,A9304,Computer Aided Engineering Graphics,92.86,100.0,O,,PASS,8.65,0
STU_25881A66F3,25881A66F3,PALLEMPATI JATHIN,C,2,SUB_2_A9402,A9402,Digital Electronics,86.89,90.0,A+,,PASS,8.65,0
STU_25881A66F3,25881A66F3,PALLEMPATI JATHIN,C,2,SUB_2_A9503,A9503,Data Structures,77.42,80.0,A,,PASS,8.65,0
STU_25881A66F3,25881A66F3,PALLEMPATI JATHIN,C,2,SUB_2_A9504,A9504,Data Structures Laboratory,93.1,80.0,A,,PASS,8.65,0
STU_25881A66F4,25881A66F4,JARUGUMALLI JOY BENJMEN,C,2,SUB_2_A9002,A9002,Ordinary Differential Equations and Vector Calculus,62.67,0.0,F,,FAIL,2.25,5
STU_25881A66F4,25881A66F4,JARUGUMALLI JOY BENJMEN,C,2,SUB_2_A9009,A9009,Engineering Chemistry,69.49,0.0,F,,FAIL,2.25,5
STU_25881A66F4,25881A66F4,JARUGUMALLI JOY BENJMEN,C,2,SUB_2_A9010,A9010,Engineering Chemistry Laboratory,73.33,70.0,B+,,PASS,2.25,5
STU_25881A66F4,25881A66F4,JARUGUMALLI JOY BENJMEN,C,2,SUB_2_A9011,A9011,English for Skills Enhancement,69.39,70.0,B+,,PASS,2.25,5
STU_25881A66F4,25881A66F4,JARUGUMALLI JOY BENJMEN,C,2,SUB_2_A9012,A9012,English Language and Communication Skills Laboratory,68.89,60.0,B,,PASS,2.25,5
STU_25881A66F4,25881A66F4,JARUGUMALLI JOY BENJMEN,C,2,SUB_2_A9022,A9022,Product Design and Development,87.5,100.0,O,,PASS,2.25,5
STU_25881A66F4,25881A66F4,JARUGUMALLI JOY BENJMEN,C,2,SUB_2_A9304,A9304,Computer Aided Engineering Graphics,50.0,80.0,A,,PASS,2.25,5
STU_25881A66F4,25881A66F4,JARUGUMALLI JOY BENJMEN,C,2,SUB_2_A9402,A9402,Digital Electronics,72.13,0.0,F,,FAIL,2.25,5
STU_25881A66F4,25881A66F4,JARUGUMALLI JOY BENJMEN,C,2,SUB_2_A9503,A9503,Data Structures,58.06,0.0,F,,FAIL,2.25,5
STU_25881A66F4,25881A66F4,JARUGUMALLI JOY BENJMEN,C,2,SUB_2_A9504,A9504,Data Structures Laboratory,51.72,0.0,AB,,FAIL,2.25,5
STU_25881A66F5,25881A66F5,CHILAKALA KARTHIKEYA,C,2,SUB_2_A9002,A9002,Ordinary Differential Equations and Vector Calculus,64.0,60.0,B,,PASS,6.3,0
STU_25881A66F5,25881A66F5,CHILAKALA KARTHIKEYA,C,2,SUB_2_A9009,A9009,Engineering Chemistry,61.02,60.0,B,,PASS,6.3,0
STU_25881A66F5,25881A66F5,CHILAKALA KARTHIKEYA,C,2,SUB_2_A9010,A9010,Engineering Chemistry Laboratory,53.33,80.0,A,,PASS,6.3,0
STU_25881A66F5,25881A66F5,CHILAKALA KARTHIKEYA,C,2,SUB_2_A9011,A9011,English for Skills Enhancement,67.35,70.0,B+,,PASS,6.3,0
STU_25881A66F5,25881A66F5,CHILAKALA KARTHIKEYA,C,2,SUB_2_A9012,A9012,English Language and Communication Skills Laboratory,66.67,70.0,B+,,PASS,6.3,0
STU_25881A66F5,25881A66F5,CHILAKALA KARTHIKEYA,C,2,SUB_2_A9022,A9022,Product Design and Development,81.25,100.0,O,,PASS,6.3,0
STU_25881A66F5,25881A66F5,CHILAKALA KARTHIKEYA,C,2,SUB_2_A9304,A9304,Computer Aided Engineering Graphics,57.14,90.0,A+,,PASS,6.3,0
STU_25881A66F5,25881A66F5,CHILAKALA KARTHIKEYA,C,2,SUB_2_A9402,A9402,Digital Electronics,68.85,50.0,C,,PASS,6.3,0
STU_25881A66F5,25881A66F5,CHILAKALA KARTHIKEYA,C,2,SUB_2_A9503,A9503,Data Structures,64.52,50.0,C,,PASS,6.3,0
STU_25881A66F5,25881A66F5,CHILAKALA KARTHIKEYA,C,2,SUB_2_A9504,A9504,Data Structures Laboratory,72.41,60.0,B,,PASS,6.3,0
STU_25881A66F6,25881A66F6,BALIJA MADHUSHALINI,C,2,SUB_2_A9002,A9002,Ordinary Differential Equations and Vector Calculus,80.0,90.0,A+,,PASS,8.5,0
STU_25881A66F6,25881A66F6,BALIJA MADHUSHALINI,C,2,SUB_2_A9009,A9009,Engineering Chemistry,89.83,80.0,A,,PASS,8.5,0
STU_25881A66F6,25881A66F6,BALIJA MADHUSHALINI,C,2,SUB_2_A9010,A9010,Engineering Chemistry Laboratory,86.67,90.0,A+,,PASS,8.5,0
STU_25881A66F6,25881A66F6,BALIJA MADHUSHALINI,C,2,SUB_2_A9011,A9011,English for Skills Enhancement,77.55,90.0,A+,,PASS,8.5,0
STU_25881A66F6,25881A66F6,BALIJA MADHUSHALINI,C,2,SUB_2_A9012,A9012,English Language and Communication Skills Laboratory,80.0,80.0,A,,PASS,8.5,0
STU_25881A66F6,25881A66F6,BALIJA MADHUSHALINI,C,2,SUB_2_A9022,A9022,Product Design and Development,81.25,100.0,O,,PASS,8.5,0
STU_25881A66F6,25881A66F6,BALIJA MADHUSHALINI,C,2,SUB_2_A9304,A9304,Computer Aided Engineering Graphics,85.71,90.0,A+,,PASS,8.5,0
STU_25881A66F6,25881A66F6,BALIJA MADHUSHALINI,C,2,SUB_2_A9402,A9402,Digital Electronics,88.52,80.0,A,,PASS,8.5,0
STU_25881A66F6,25881A66F6,BALIJA MADHUSHALINI,C,2,SUB_2_A9503,A9503,Data Structures,80.65,80.0,A,,PASS,8.5,0
STU_25881A66F6,25881A66F6,BALIJA MADHUSHALINI,C,2,SUB_2_A9504,A9504,Data Structures Laboratory,79.31,80.0,A,,PASS,8.5,0
STU_25881A66F7,25881A66F7,DEBOJIT MAJUMDAR,C,2,SUB_2_A9002,A9002,Ordinary Differential Equations and Vector Calculus,73.33,60.0,B,,PASS,6.85,0
STU_25881A66F7,25881A66F7,DEBOJIT MAJUMDAR,C,2,SUB_2_A9009,A9009,Engineering Chemistry,77.97,70.0,B+,,PASS,6.85,0
STU_25881A66F7,25881A66F7,DEBOJIT MAJUMDAR,C,2,SUB_2_A9010,A9010,Engineering Chemistry Laboratory,80.0,80.0,A,,PASS,6.85,0
STU_25881A66F7,25881A66F7,DEBOJIT MAJUMDAR,C,2,SUB_2_A9011,A9011,English for Skills Enhancement,77.55,80.0,A,,PASS,6.85,0
STU_25881A66F7,25881A66F7,DEBOJIT MAJUMDAR,C,2,SUB_2_A9012,A9012,English Language and Communication Skills Laboratory,86.67,70.0,B+,,PASS,6.85,0
STU_25881A66F7,25881A66F7,DEBOJIT MAJUMDAR,C,2,SUB_2_A9022,A9022,Product Design and Development,87.5,100.0,O,,PASS,6.85,0
STU_25881A66F7,25881A66F7,DEBOJIT MAJUMDAR,C,2,SUB_2_A9304,A9304,Computer Aided Engineering Graphics,64.29,90.0,A+,,PASS,6.85,0
STU_25881A66F7,25881A66F7,DEBOJIT MAJUMDAR,C,2,SUB_2_A9402,A9402,Digital Electronics,83.61,50.0,C,,PASS,6.85,0
STU_25881A66F7,25881A66F7,DEBOJIT MAJUMDAR,C,2,SUB_2_A9503,A9503,Data Structures,69.35,60.0,B,,PASS,6.85,0
STU_25881A66F7,25881A66F7,DEBOJIT MAJUMDAR,C,2,SUB_2_A9504,A9504,Data Structures Laboratory,65.52,90.0,A+,,PASS,6.85,0
STU_25881A66F8,25881A66F8,BADUGU MANIVARSHITH,C,2,SUB_2_A9002,A9002,Ordinary Differential Equations and Vector Calculus,76.0,100.0,O,,PASS,8.9,0
STU_25881A66F8,25881A66F8,BADUGU MANIVARSHITH,C,2,SUB_2_A9009,A9009,Engineering Chemistry,86.44,90.0,A+,,PASS,8.9,0
STU_25881A66F8,25881A66F8,BADUGU MANIVARSHITH,C,2,SUB_2_A9010,A9010,Engineering Chemistry Laboratory,93.33,100.0,O,,PASS,8.9,0
STU_25881A66F8,25881A66F8,BADUGU MANIVARSHITH,C,2,SUB_2_A9011,A9011,English for Skills Enhancement,75.51,80.0,A,,PASS,8.9,0
STU_25881A66F8,25881A66F8,BADUGU MANIVARSHITH,C,2,SUB_2_A9012,A9012,English Language and Communication Skills Laboratory,53.33,70.0,B+,,PASS,8.9,0
STU_25881A66F8,25881A66F8,BADUGU MANIVARSHITH,C,2,SUB_2_A9022,A9022,Product Design and Development,87.5,100.0,O,,PASS,8.9,0
STU_25881A66F8,25881A66F8,BADUGU MANIVARSHITH,C,2,SUB_2_A9304,A9304,Computer Aided Engineering Graphics,71.43,90.0,A+,,PASS,8.9,0
STU_25881A66F8,25881A66F8,BADUGU MANIVARSHITH,C,2,SUB_2_A9402,A9402,Digital Electronics,85.25,90.0,A+,,PASS,8.9,0
STU_25881A66F8,25881A66F8,BADUGU MANIVARSHITH,C,2,SUB_2_A9503,A9503,Data Structures,70.97,80.0,A,,PASS,8.9,0
STU_25881A66F8,25881A66F8,BADUGU MANIVARSHITH,C,2,SUB_2_A9504,A9504,Data Structures Laboratory,79.31,80.0,A,,PASS,8.9,0
STU_25881A66F9,25881A66F9,MANCHINILLA MANOJ,C,2,SUB_2_A9002,A9002,Ordinary Differential Equations and Vector Calculus,69.33,60.0,B,,PASS,7.0,0
STU_25881A66F9,25881A66F9,MANCHINILLA MANOJ,C,2,SUB_2_A9009,A9009,Engineering Chemistry,71.19,70.0,B+,,PASS,7.0,0
STU_25881A66F9,25881A66F9,MANCHINILLA MANOJ,C,2,SUB_2_A9010,A9010,Engineering Chemistry Laboratory,88.89,90.0,A+,,PASS,7.0,0
STU_25881A66F9,25881A66F9,MANCHINILLA MANOJ,C,2,SUB_2_A9011,A9011,English for Skills Enhancement,69.39,80.0,A,,PASS,7.0,0
STU_25881A66F9,25881A66F9,MANCHINILLA MANOJ,C,2,SUB_2_A9012,A9012,English Language and Communication Skills Laboratory,80.0,70.0,B+,,PASS,7.0,0
STU_25881A66F9,25881A66F9,MANCHINILLA MANOJ,C,2,SUB_2_A9022,A9022,Product Design and Development,93.75,100.0,O,,PASS,7.0,0
STU_25881A66F9,25881A66F9,MANCHINILLA MANOJ,C,2,SUB_2_A9304,A9304,Computer Aided Engineering Graphics,71.43,90.0,A+,,PASS,7.0,0
STU_25881A66F9,25881A66F9,MANCHINILLA MANOJ,C,2,SUB_2_A9402,A9402,Digital Electronics,80.33,60.0,B,,PASS,7.0,0
STU_25881A66F9,25881A66F9,MANCHINILLA MANOJ,C,2,SUB_2_A9503,A9503,Data Structures,61.29,60.0,B,,PASS,7.0,0
STU_25881A66F9,25881A66F9,MANCHINILLA MANOJ,C,2,SUB_2_A9504,A9504,Data Structures Laboratory,86.21,80.0,A,,PASS,7.0,0
STU_25881A66G0,25881A66G0,BACHALWAD MARUTHI,C,2,SUB_2_A9002,A9002,Ordinary Differential Equations and Vector Calculus,88.0,80.0,A,,PASS,7.95,0
STU_25881A66G0,25881A66G0,BACHALWAD MARUTHI,C,2,SUB_2_A9009,A9009,Engineering Chemistry,88.14,80.0,A,,PASS,7.95,0
STU_25881A66G0,25881A66G0,BACHALWAD MARUTHI,C,2,SUB_2_A9010,A9010,Engineering Chemistry Laboratory,86.67,90.0,A+,,PASS,7.95,0
STU_25881A66G0,25881A66G0,BACHALWAD MARUTHI,C,2,SUB_2_A9011,A9011,English for Skills Enhancement,87.76,70.0,B+,,PASS,7.95,0
STU_25881A66G0,25881A66G0,BACHALWAD MARUTHI,C,2,SUB_2_A9012,A9012,English Language and Communication Skills Laboratory,93.33,70.0,B+,,PASS,7.95,0
STU_25881A66G0,25881A66G0,BACHALWAD MARUTHI,C,2,SUB_2_A9022,A9022,Product Design and Development,87.5,100.0,O,,PASS,7.95,0
STU_25881A66G0,25881A66G0,BACHALWAD MARUTHI,C,2,SUB_2_A9304,A9304,Computer Aided Engineering Graphics,92.86,80.0,A,,PASS,7.95,0
STU_25881A66G0,25881A66G0,BACHALWAD MARUTHI,C,2,SUB_2_A9402,A9402,Digital Electronics,93.44,80.0,A,,PASS,7.95,0
STU_25881A66G0,25881A66G0,BACHALWAD MARUTHI,C,2,SUB_2_A9503,A9503,Data Structures,83.87,80.0,A,,PASS,7.95,0
STU_25881A66G0,25881A66G0,BACHALWAD MARUTHI,C,2,SUB_2_A9504,A9504,Data Structures Laboratory,93.1,70.0,B+,,PASS,7.95,0
STU_25881A66G1,25881A66G1,ERUVA MOHITH,C,2,SUB_2_A9002,A9002,Ordinary Differential Equations and Vector Calculus,82.67,100.0,O,,PASS,8.9,0
STU_25881A66G1,25881A66G1,ERUVA MOHITH,C,2,SUB_2_A9009,A9009,Engineering Chemistry,84.75,90.0,A+,,PASS,8.9,0
STU_25881A66G1,25881A66G1,ERUVA MOHITH,C,2,SUB_2_A9010,A9010,Engineering Chemistry Laboratory,100.0,90.0,A+,,PASS,8.9,0
STU_25881A66G1,25881A66G1,ERUVA MOHITH,C,2,SUB_2_A9011,A9011,English for Skills Enhancement,81.63,90.0,A+,,PASS,8.9,0
STU_25881A66G1,25881A66G1,ERUVA MOHITH,C,2,SUB_2_A9012,A9012,English Language and Communication Skills Laboratory,86.67,70.0,B+,,PASS,8.9,0
STU_25881A66G1,25881A66G1,ERUVA MOHITH,C,2,SUB_2_A9022,A9022,Product Design and Development,93.75,100.0,O,,PASS,8.9,0
STU_25881A66G1,25881A66G1,ERUVA MOHITH,C,2,SUB_2_A9304,A9304,Computer Aided Engineering Graphics,92.86,100.0,O,,PASS,8.9,0
STU_25881A66G1,25881A66G1,ERUVA MOHITH,C,2,SUB_2_A9402,A9402,Digital Electronics,90.16,80.0,A,,PASS,8.9,0
STU_25881A66G1,25881A66G1,ERUVA MOHITH,C,2,SUB_2_A9503,A9503,Data Structures,77.42,80.0,A,,PASS,8.9,0
STU_25881A66G1,25881A66G1,ERUVA MOHITH,C,2,SUB_2_A9504,A9504,Data Structures Laboratory,93.1,90.0,A+,,PASS,8.9,0
STU_25881A66G2,25881A66G2,MUHAMMAD MUSTAFA,C,2,SUB_2_A9002,A9002,Ordinary Differential Equations and Vector Calculus,72.0,90.0,A+,,PASS,9.2,0
STU_25881A66G2,25881A66G2,MUHAMMAD MUSTAFA,C,2,SUB_2_A9009,A9009,Engineering Chemistry,83.05,90.0,A+,,PASS,9.2,0
STU_25881A66G2,25881A66G2,MUHAMMAD MUSTAFA,C,2,SUB_2_A9010,A9010,Engineering Chemistry Laboratory,80.0,100.0,O,,PASS,9.2,0
STU_25881A66G2,25881A66G2,MUHAMMAD MUSTAFA,C,2,SUB_2_A9011,A9011,English for Skills Enhancement,73.47,90.0,A+,,PASS,9.2,0
STU_25881A66G2,25881A66G2,MUHAMMAD MUSTAFA,C,2,SUB_2_A9012,A9012,English Language and Communication Skills Laboratory,75.0,90.0,A+,,PASS,9.2,0
STU_25881A66G2,25881A66G2,MUHAMMAD MUSTAFA,C,2,SUB_2_A9022,A9022,Product Design and Development,100.0,100.0,O,,PASS,9.2,0
STU_25881A66G2,25881A66G2,MUHAMMAD MUSTAFA,C,2,SUB_2_A9304,A9304,Computer Aided Engineering Graphics,84.62,100.0,O,,PASS,9.2,0
STU_25881A66G2,25881A66G2,MUHAMMAD MUSTAFA,C,2,SUB_2_A9402,A9402,Digital Electronics,81.97,90.0,A+,,PASS,9.2,0
STU_25881A66G2,25881A66G2,MUHAMMAD MUSTAFA,C,2,SUB_2_A9503,A9503,Data Structures,64.52,90.0,A+,,PASS,9.2,0
STU_25881A66G2,25881A66G2,MUHAMMAD MUSTAFA,C,2,SUB_2_A9504,A9504,Data Structures Laboratory,86.21,100.0,O,,PASS,9.2,0
STU_25881A66G3,25881A66G3,MALINENI NAGA TEJA SRI,C,2,SUB_2_A9002,A9002,Ordinary Differential Equations and Vector Calculus,84.0,50.0,C,,PASS,5.65,1
STU_25881A66G3,25881A66G3,MALINENI NAGA TEJA SRI,C,2,SUB_2_A9009,A9009,Engineering Chemistry,66.1,0.0,F,,FAIL,5.65,1
STU_25881A66G3,25881A66G3,MALINENI NAGA TEJA SRI,C,2,SUB_2_A9010,A9010,Engineering Chemistry Laboratory,86.67,80.0,A,,PASS,5.65,1
STU_25881A66G3,25881A66G3,MALINENI NAGA TEJA SRI,C,2,SUB_2_A9011,A9011,English for Skills Enhancement,73.47,70.0,B+,,PASS,5.65,1
STU_25881A66G3,25881A66G3,MALINENI NAGA TEJA SRI,C,2,SUB_2_A9012,A9012,English Language and Communication Skills Laboratory,75.0,80.0,A,,PASS,5.65,1
STU_25881A66G3,25881A66G3,MALINENI NAGA TEJA SRI,C,2,SUB_2_A9022,A9022,Product Design and Development,100.0,100.0,O,,PASS,5.65,1
STU_25881A66G3,25881A66G3,MALINENI NAGA TEJA SRI,C,2,SUB_2_A9304,A9304,Computer Aided Engineering Graphics,63.46,90.0,A+,,PASS,5.65,1
STU_25881A66G3,25881A66G3,MALINENI NAGA TEJA SRI,C,2,SUB_2_A9402,A9402,Digital Electronics,86.89,70.0,B+,,PASS,5.65,1
STU_25881A66G3,25881A66G3,MALINENI NAGA TEJA SRI,C,2,SUB_2_A9503,A9503,Data Structures,72.58,50.0,C,,PASS,5.65,1
STU_25881A66G3,25881A66G3,MALINENI NAGA TEJA SRI,C,2,SUB_2_A9504,A9504,Data Structures Laboratory,51.72,80.0,A,,PASS,5.65,1
STU_25881A66G4,25881A66G4,MEDIPELLI NANDHINI,C,2,SUB_2_A9002,A9002,Ordinary Differential Equations and Vector Calculus,81.33,90.0,A+,,PASS,9.0,0
STU_25881A66G4,25881A66G4,MEDIPELLI NANDHINI,C,2,SUB_2_A9009,A9009,Engineering Chemistry,89.83,90.0,A+,,PASS,9.0,0
STU_25881A66G4,25881A66G4,MEDIPELLI NANDHINI,C,2,SUB_2_A9010,A9010,Engineering Chemistry Laboratory,93.33,100.0,O,,PASS,9.0,0
STU_25881A66G4,25881A66G4,MEDIPELLI NANDHINI,C,2,SUB_2_A9011,A9011,English for Skills Enhancement,83.67,90.0,A+,,PASS,9.0,0
STU_25881A66G4,25881A66G4,MEDIPELLI NANDHINI,C,2,SUB_2_A9012,A9012,English Language and Communication Skills Laboratory,87.5,90.0,A+,,PASS,9.0,0
STU_25881A66G4,25881A66G4,MEDIPELLI NANDHINI,C,2,SUB_2_A9022,A9022,Product Design and Development,92.86,100.0,O,,PASS,9.0,0
STU_25881A66G4,25881A66G4,MEDIPELLI NANDHINI,C,2,SUB_2_A9304,A9304,Computer Aided Engineering Graphics,92.31,100.0,O,,PASS,9.0,0
STU_25881A66G4,25881A66G4,MEDIPELLI NANDHINI,C,2,SUB_2_A9402,A9402,Digital Electronics,88.52,80.0,A,,PASS,9.0,0
STU_25881A66G4,25881A66G4,MEDIPELLI NANDHINI,C,2,SUB_2_A9503,A9503,Data Structures,75.81,90.0,A+,,PASS,9.0,0
STU_25881A66G4,25881A66G4,MEDIPELLI NANDHINI,C,2,SUB_2_A9504,A9504,Data Structures Laboratory,93.1,90.0,A+,,PASS,9.0,0
STU_25881A66G5,25881A66G5,PALADI NITEESH,C,2,SUB_2_A9002,A9002,Ordinary Differential Equations and Vector Calculus,65.33,60.0,B,,PASS,5.9,1
STU_25881A66G5,25881A66G5,PALADI NITEESH,C,2,SUB_2_A9009,A9009,Engineering Chemistry,74.58,60.0,B,,PASS,5.9,1
STU_25881A66G5,25881A66G5,PALADI NITEESH,C,2,SUB_2_A9010,A9010,Engineering Chemistry Laboratory,93.33,80.0,A,,PASS,5.9,1
STU_25881A66G5,25881A66G5,PALADI NITEESH,C,2,SUB_2_A9011,A9011,English for Skills Enhancement,63.27,70.0,B+,,PASS,5.9,1
STU_25881A66G5,25881A66G5,PALADI NITEESH,C,2,SUB_2_A9012,A9012,English Language and Communication Skills Laboratory,64.58,80.0,A,,PASS,5.9,1
STU_25881A66G5,25881A66G5,PALADI NITEESH,C,2,SUB_2_A9022,A9022,Product Design and Development,92.86,100.0,O,,PASS,5.9,1
STU_25881A66G5,25881A66G5,PALADI NITEESH,C,2,SUB_2_A9304,A9304,Computer Aided Engineering Graphics,67.31,90.0,A+,,PASS,5.9,1
STU_25881A66G5,25881A66G5,PALADI NITEESH,C,2,SUB_2_A9402,A9402,Digital Electronics,75.41,70.0,B+,,PASS,5.9,1
STU_25881A66G5,25881A66G5,PALADI NITEESH,C,2,SUB_2_A9503,A9503,Data Structures,59.68,0.0,F,,FAIL,5.9,1
STU_25881A66G5,25881A66G5,PALADI NITEESH,C,2,SUB_2_A9504,A9504,Data Structures Laboratory,72.41,60.0,B,,PASS,5.9,1
STU_25881A66G6,25881A66G6,RACHAKONDA POOJITHA,C,2,SUB_2_A9002,A9002,Ordinary Differential Equations and Vector Calculus,77.33,50.0,C,,PASS,7.55,0
STU_25881A66G6,25881A66G6,RACHAKONDA POOJITHA,C,2,SUB_2_A9009,A9009,Engineering Chemistry,74.58,80.0,A,,PASS,7.55,0
STU_25881A66G6,25881A66G6,RACHAKONDA POOJITHA,C,2,SUB_2_A9010,A9010,Engineering Chemistry Laboratory,80.0,90.0,A+,,PASS,7.55,0
STU_25881A66G6,25881A66G6,RACHAKONDA POOJITHA,C,2,SUB_2_A9011,A9011,English for Skills Enhancement,79.59,80.0,A,,PASS,7.55,0
STU_25881A66G6,25881A66G6,RACHAKONDA POOJITHA,C,2,SUB_2_A9012,A9012,English Language and Communication Skills Laboratory,64.58,90.0,A+,,PASS,7.55,0
STU_25881A66G6,25881A66G6,RACHAKONDA POOJITHA,C,2,SUB_2_A9022,A9022,Product Design and Development,92.86,100.0,O,,PASS,7.55,0
STU_25881A66G6,25881A66G6,RACHAKONDA POOJITHA,C,2,SUB_2_A9304,A9304,Computer Aided Engineering Graphics,80.77,90.0,A+,,PASS,7.55,0
STU_25881A66G6,25881A66G6,RACHAKONDA POOJITHA,C,2,SUB_2_A9402,A9402,Digital Electronics,81.97,70.0,B+,,PASS,7.55,0
STU_25881A66G6,25881A66G6,RACHAKONDA POOJITHA,C,2,SUB_2_A9503,A9503,Data Structures,72.58,80.0,A,,PASS,7.55,0
STU_25881A66G6,25881A66G6,RACHAKONDA POOJITHA,C,2,SUB_2_A9504,A9504,Data Structures Laboratory,89.66,90.0,A+,,PASS,7.55,0
STU_25881A66G7,25881A66G7,MADAKA PRANATHI LASYA,C,2,SUB_2_A9002,A9002,Ordinary Differential Equations and Vector Calculus,57.33,50.0,C,,PASS,7.05,0
STU_25881A66G7,25881A66G7,MADAKA PRANATHI LASYA,C,2,SUB_2_A9009,A9009,Engineering Chemistry,69.49,60.0,B,,PASS,7.05,0
STU_25881A66G7,25881A66G7,MADAKA PRANATHI LASYA,C,2,SUB_2_A9010,A9010,Engineering Chemistry Laboratory,66.67,90.0,A+,,PASS,7.05,0
STU_25881A66G7,25881A66G7,MADAKA PRANATHI LASYA,C,2,SUB_2_A9011,A9011,English for Skills Enhancement,63.27,90.0,A+,,PASS,7.05,0
STU_25881A66G7,25881A66G7,MADAKA PRANATHI LASYA,C,2,SUB_2_A9012,A9012,English Language and Communication Skills Laboratory,81.25,80.0,A,,PASS,7.05,0
STU_25881A66G7,25881A66G7,MADAKA PRANATHI LASYA,C,2,SUB_2_A9022,A9022,Product Design and Development,78.57,100.0,O,,PASS,7.05,0
STU_25881A66G7,25881A66G7,MADAKA PRANATHI LASYA,C,2,SUB_2_A9304,A9304,Computer Aided Engineering Graphics,67.31,90.0,A+,,PASS,7.05,0
STU_25881A66G7,25881A66G7,MADAKA PRANATHI LASYA,C,2,SUB_2_A9402,A9402,Digital Electronics,73.77,70.0,B+,,PASS,7.05,0
STU_25881A66G7,25881A66G7,MADAKA PRANATHI LASYA,C,2,SUB_2_A9503,A9503,Data Structures,51.61,70.0,B+,,PASS,7.05,0
STU_25881A66G7,25881A66G7,MADAKA PRANATHI LASYA,C,2,SUB_2_A9504,A9504,Data Structures Laboratory,65.52,70.0,B+,,PASS,7.05,0
STU_25881A66G8,25881A66G8,PULLURI RAGHU CHARAN,C,2,SUB_2_A9002,A9002,Ordinary Differential Equations and Vector Calculus,78.67,90.0,A+,,PASS,8.8,0
STU_25881A66G8,25881A66G8,PULLURI RAGHU CHARAN,C,2,SUB_2_A9009,A9009,Engineering Chemistry,83.05,80.0,A,,PASS,8.8,0
STU_25881A66G8,25881A66G8,PULLURI RAGHU CHARAN,C,2,SUB_2_A9010,A9010,Engineering Chemistry Laboratory,93.33,100.0,O,,PASS,8.8,0
STU_25881A66G8,25881A66G8,PULLURI RAGHU CHARAN,C,2,SUB_2_A9011,A9011,English for Skills Enhancement,67.35,80.0,A,,PASS,8.8,0
STU_25881A66G8,25881A66G8,PULLURI RAGHU CHARAN,C,2,SUB_2_A9012,A9012,English Language and Communication Skills Laboratory,81.25,90.0,A+,,PASS,8.8,0
STU_25881A66G8,25881A66G8,PULLURI RAGHU CHARAN,C,2,SUB_2_A9022,A9022,Product Design and Development,92.86,100.0,O,,PASS,8.8,0
STU_25881A66G8,25881A66G8,PULLURI RAGHU CHARAN,C,2,SUB_2_A9304,A9304,Computer Aided Engineering Graphics,86.54,100.0,O,,PASS,8.8,0
STU_25881A66G8,25881A66G8,PULLURI RAGHU CHARAN,C,2,SUB_2_A9402,A9402,Digital Electronics,85.25,80.0,A,,PASS,8.8,0
STU_25881A66G8,25881A66G8,PULLURI RAGHU CHARAN,C,2,SUB_2_A9503,A9503,Data Structures,79.03,90.0,A+,,PASS,8.8,0
STU_25881A66G8,25881A66G8,PULLURI RAGHU CHARAN,C,2,SUB_2_A9504,A9504,Data Structures Laboratory,86.21,100.0,O,,PASS,8.8,0
STU_25881A66G9,25881A66G9,PADISHALA RAJEEV KUMAR,C,2,SUB_2_A9002,A9002,Ordinary Differential Equations and Vector Calculus,82.67,0.0,F,,FAIL,5.0,1
STU_25881A66G9,25881A66G9,PADISHALA RAJEEV KUMAR,C,2,SUB_2_A9009,A9009,Engineering Chemistry,83.05,50.0,C,,PASS,5.0,1
STU_25881A66G9,25881A66G9,PADISHALA RAJEEV KUMAR,C,2,SUB_2_A9010,A9010,Engineering Chemistry Laboratory,100.0,80.0,A,,PASS,5.0,1
STU_25881A66G9,25881A66G9,PADISHALA RAJEEV KUMAR,C,2,SUB_2_A9011,A9011,English for Skills Enhancement,73.47,60.0,B,,PASS,5.0,1
STU_25881A66G9,25881A66G9,PADISHALA RAJEEV KUMAR,C,2,SUB_2_A9012,A9012,English Language and Communication Skills Laboratory,68.75,80.0,A,,PASS,5.0,1
STU_25881A66G9,25881A66G9,PADISHALA RAJEEV KUMAR,C,2,SUB_2_A9022,A9022,Product Design and Development,92.86,100.0,O,,PASS,5.0,1
STU_25881A66G9,25881A66G9,PADISHALA RAJEEV KUMAR,C,2,SUB_2_A9304,A9304,Computer Aided Engineering Graphics,84.62,90.0,A+,,PASS,5.0,1
STU_25881A66G9,25881A66G9,PADISHALA RAJEEV KUMAR,C,2,SUB_2_A9402,A9402,Digital Electronics,83.61,50.0,C,,PASS,5.0,1
STU_25881A66G9,25881A66G9,PADISHALA RAJEEV KUMAR,C,2,SUB_2_A9503,A9503,Data Structures,83.87,50.0,C,,PASS,5.0,1
STU_25881A66G9,25881A66G9,PADISHALA RAJEEV KUMAR,C,2,SUB_2_A9504,A9504,Data Structures Laboratory,72.41,80.0,A,,PASS,5.0,1
STU_25881A66H0,25881A66H0,RANGA REDDY LAASYA,C,2,SUB_2_A9002,A9002,Ordinary Differential Equations and Vector Calculus,81.33,60.0,B,,PASS,6.05,1
STU_25881A66H0,25881A66H0,RANGA REDDY LAASYA,C,2,SUB_2_A9009,A9009,Engineering Chemistry,84.75,0.0,F,,FAIL,6.05,1
STU_25881A66H0,25881A66H0,RANGA REDDY LAASYA,C,2,SUB_2_A9010,A9010,Engineering Chemistry Laboratory,80.0,90.0,A+,,PASS,6.05,1
STU_25881A66H0,25881A66H0,RANGA REDDY LAASYA,C,2,SUB_2_A9011,A9011,English for Skills Enhancement,75.51,70.0,B+,,PASS,6.05,1
STU_25881A66H0,25881A66H0,RANGA REDDY LAASYA,C,2,SUB_2_A9012,A9012,English Language and Communication Skills Laboratory,75.0,80.0,A,,PASS,6.05,1
STU_25881A66H0,25881A66H0,RANGA REDDY LAASYA,C,2,SUB_2_A9022,A9022,Product Design and Development,92.86,100.0,O,,PASS,6.05,1
STU_25881A66H0,25881A66H0,RANGA REDDY LAASYA,C,2,SUB_2_A9304,A9304,Computer Aided Engineering Graphics,63.46,90.0,A+,,PASS,6.05,1
STU_25881A66H0,25881A66H0,RANGA REDDY LAASYA,C,2,SUB_2_A9402,A9402,Digital Electronics,88.52,60.0,B,,PASS,6.05,1
STU_25881A66H0,25881A66H0,RANGA REDDY LAASYA,C,2,SUB_2_A9503,A9503,Data Structures,80.65,70.0,B+,,PASS,6.05,1
STU_25881A66H0,25881A66H0,RANGA REDDY LAASYA,C,2,SUB_2_A9504,A9504,Data Structures Laboratory,75.86,80.0,A,,PASS,6.05,1
STU_25881A66H1,25881A66H1,POOLA REVANTH KUMAR,C,2,SUB_2_A9002,A9002,Ordinary Differential Equations and Vector Calculus,77.33,60.0,B,,PASS,6.8,0
STU_25881A66H1,25881A66H1,POOLA REVANTH KUMAR,C,2,SUB_2_A9009,A9009,Engineering Chemistry,77.97,60.0,B,,PASS,6.8,0
STU_25881A66H1,25881A66H1,POOLA REVANTH KUMAR,C,2,SUB_2_A9010,A9010,Engineering Chemistry Laboratory,93.33,90.0,A+,,PASS,6.8,0
STU_25881A66H1,25881A66H1,POOLA REVANTH KUMAR,C,2,SUB_2_A9011,A9011,English for Skills Enhancement,59.18,70.0,B+,,PASS,6.8,0
STU_25881A66H1,25881A66H1,POOLA REVANTH KUMAR,C,2,SUB_2_A9012,A9012,English Language and Communication Skills Laboratory,68.75,90.0,A+,,PASS,6.8,0
STU_25881A66H1,25881A66H1,POOLA REVANTH KUMAR,C,2,SUB_2_A9022,A9022,Product Design and Development,92.86,100.0,O,,PASS,6.8,0
STU_25881A66H1,25881A66H1,POOLA REVANTH KUMAR,C,2,SUB_2_A9304,A9304,Computer Aided Engineering Graphics,73.08,90.0,A+,,PASS,6.8,0
STU_25881A66H1,25881A66H1,POOLA REVANTH KUMAR,C,2,SUB_2_A9402,A9402,Digital Electronics,78.69,60.0,B,,PASS,6.8,0
STU_25881A66H1,25881A66H1,POOLA REVANTH KUMAR,C,2,SUB_2_A9503,A9503,Data Structures,66.13,60.0,B,,PASS,6.8,0
STU_25881A66H1,25881A66H1,POOLA REVANTH KUMAR,C,2,SUB_2_A9504,A9504,Data Structures Laboratory,72.41,70.0,B+,,PASS,6.8,0
STU_25881A66H2,25881A66H2,REDDY RICHITHA REDDY,C,2,SUB_2_A9002,A9002,Ordinary Differential Equations and Vector Calculus,85.33,90.0,A+,,PASS,8.75,0
STU_25881A66H2,25881A66H2,REDDY RICHITHA REDDY,C,2,SUB_2_A9009,A9009,Engineering Chemistry,84.75,90.0,A+,,PASS,8.75,0
STU_25881A66H2,25881A66H2,REDDY RICHITHA REDDY,C,2,SUB_2_A9010,A9010,Engineering Chemistry Laboratory,86.67,90.0,A+,,PASS,8.75,0
STU_25881A66H2,25881A66H2,REDDY RICHITHA REDDY,C,2,SUB_2_A9011,A9011,English for Skills Enhancement,83.67,80.0,A,,PASS,8.75,0
STU_25881A66H2,25881A66H2,REDDY RICHITHA REDDY,C,2,SUB_2_A9012,A9012,English Language and Communication Skills Laboratory,75.0,90.0,A+,,PASS,8.75,0
STU_25881A66H2,25881A66H2,REDDY RICHITHA REDDY,C,2,SUB_2_A9022,A9022,Product Design and Development,85.71,100.0,O,,PASS,8.75,0
STU_25881A66H2,25881A66H2,REDDY RICHITHA REDDY,C,2,SUB_2_A9304,A9304,Computer Aided Engineering Graphics,84.62,100.0,O,,PASS,8.75,0
STU_25881A66H2,25881A66H2,REDDY RICHITHA REDDY,C,2,SUB_2_A9402,A9402,Digital Electronics,88.52,80.0,A,,PASS,8.75,0
STU_25881A66H2,25881A66H2,REDDY RICHITHA REDDY,C,2,SUB_2_A9503,A9503,Data Structures,82.26,80.0,A,,PASS,8.75,0
STU_25881A66H2,25881A66H2,REDDY RICHITHA REDDY,C,2,SUB_2_A9504,A9504,Data Structures Laboratory,79.31,100.0,O,,PASS,8.75,0
STU_25881A66H3,25881A66H3,MUNNANGI RUDRA SAI PRATAP REDDY,C,2,SUB_2_A9002,A9002,Ordinary Differential Equations and Vector Calculus,89.33,100.0,O,,PASS,9.4,0
STU_25881A66H3,25881A66H3,MUNNANGI RUDRA SAI PRATAP REDDY,C,2,SUB_2_A9009,A9009,Engineering Chemistry,89.83,90.0,A+,,PASS,9.4,0
STU_25881A66H3,25881A66H3,MUNNANGI RUDRA SAI PRATAP REDDY,C,2,SUB_2_A9010,A9010,Engineering Chemistry Laboratory,93.33,100.0,O,,PASS,9.4,0
STU_25881A66H3,25881A66H3,MUNNANGI RUDRA SAI PRATAP REDDY,C,2,SUB_2_A9011,A9011,English for Skills Enhancement,81.63,90.0,A+,,PASS,9.4,0
STU_25881A66H3,25881A66H3,MUNNANGI RUDRA SAI PRATAP REDDY,C,2,SUB_2_A9012,A9012,English Language and Communication Skills Laboratory,77.08,90.0,A+,,PASS,9.4,0
STU_25881A66H3,25881A66H3,MUNNANGI RUDRA SAI PRATAP REDDY,C,2,SUB_2_A9022,A9022,Product Design and Development,78.57,100.0,O,,PASS,9.4,0
STU_25881A66H3,25881A66H3,MUNNANGI RUDRA SAI PRATAP REDDY,C,2,SUB_2_A9304,A9304,Computer Aided Engineering Graphics,86.54,100.0,O,,PASS,9.4,0
STU_25881A66H3,25881A66H3,MUNNANGI RUDRA SAI PRATAP REDDY,C,2,SUB_2_A9402,A9402,Digital Electronics,93.44,100.0,O,,PASS,9.4,0
STU_25881A66H3,25881A66H3,MUNNANGI RUDRA SAI PRATAP REDDY,C,2,SUB_2_A9503,A9503,Data Structures,87.1,80.0,A,,PASS,9.4,0
STU_25881A66H3,25881A66H3,MUNNANGI RUDRA SAI PRATAP REDDY,C,2,SUB_2_A9504,A9504,Data Structures Laboratory,86.21,100.0,O,,PASS,9.4,0
STU_25881A66H4,25881A66H4,PENDEM SADHVIK,C,2,SUB_2_A9002,A9002,Ordinary Differential Equations and Vector Calculus,76.0,100.0,O,,PASS,9.45,0
STU_25881A66H4,25881A66H4,PENDEM SADHVIK,C,2,SUB_2_A9009,A9009,Engineering Chemistry,89.83,100.0,O,,PASS,9.45,0
STU_25881A66H4,25881A66H4,PENDEM SADHVIK,C,2,SUB_2_A9010,A9010,Engineering Chemistry Laboratory,86.67,100.0,O,,PASS,9.45,0
STU_25881A66H4,25881A66H4,PENDEM SADHVIK,C,2,SUB_2_A9011,A9011,English for Skills Enhancement,65.31,90.0,A+,,PASS,9.45,0
STU_25881A66H4,25881A66H4,PENDEM SADHVIK,C,2,SUB_2_A9012,A9012,English Language and Communication Skills Laboratory,68.75,80.0,A,,PASS,9.45,0
STU_25881A66H4,25881A66H4,PENDEM SADHVIK,C,2,SUB_2_A9022,A9022,Product Design and Development,78.57,100.0,O,,PASS,9.45,0
STU_25881A66H4,25881A66H4,PENDEM SADHVIK,C,2,SUB_2_A9304,A9304,Computer Aided Engineering Graphics,80.77,100.0,O,,PASS,9.45,0
STU_25881A66H4,25881A66H4,PENDEM SADHVIK,C,2,SUB_2_A9402,A9402,Digital Electronics,91.8,90.0,A+,,PASS,9.45,0
STU_25881A66H4,25881A66H4,PENDEM SADHVIK,C,2,SUB_2_A9503,A9503,Data Structures,72.58,90.0,A+,,PASS,9.45,0
STU_25881A66H4,25881A66H4,PENDEM SADHVIK,C,2,SUB_2_A9504,A9504,Data Structures Laboratory,86.21,90.0,A+,,PASS,9.45,0
STU_25881A66H5,25881A66H5,MOGILIGIDDA SAHITHI,C,2,SUB_2_A9002,A9002,Ordinary Differential Equations and Vector Calculus,88.0,100.0,O,,PASS,8.9,0
STU_25881A66H5,25881A66H5,MOGILIGIDDA SAHITHI,C,2,SUB_2_A9009,A9009,Engineering Chemistry,93.22,90.0,A+,,PASS,8.9,0
STU_25881A66H5,25881A66H5,MOGILIGIDDA SAHITHI,C,2,SUB_2_A9010,A9010,Engineering Chemistry Laboratory,93.33,100.0,O,,PASS,8.9,0
STU_25881A66H5,25881A66H5,MOGILIGIDDA SAHITHI,C,2,SUB_2_A9011,A9011,English for Skills Enhancement,83.67,80.0,A,,PASS,8.9,0
STU_25881A66H5,25881A66H5,MOGILIGIDDA SAHITHI,C,2,SUB_2_A9012,A9012,English Language and Communication Skills Laboratory,93.75,90.0,A+,,PASS,8.9,0
STU_25881A66H5,25881A66H5,MOGILIGIDDA SAHITHI,C,2,SUB_2_A9022,A9022,Product Design and Development,92.86,100.0,O,,PASS,8.9,0
STU_25881A66H5,25881A66H5,MOGILIGIDDA SAHITHI,C,2,SUB_2_A9304,A9304,Computer Aided Engineering Graphics,92.31,100.0,O,,PASS,8.9,0
STU_25881A66H5,25881A66H5,MOGILIGIDDA SAHITHI,C,2,SUB_2_A9402,A9402,Digital Electronics,95.08,80.0,A,,PASS,8.9,0
STU_25881A66H5,25881A66H5,MOGILIGIDDA SAHITHI,C,2,SUB_2_A9503,A9503,Data Structures,85.48,80.0,A,,PASS,8.9,0
STU_25881A66H5,25881A66H5,MOGILIGIDDA SAHITHI,C,2,SUB_2_A9504,A9504,Data Structures Laboratory,93.1,80.0,A,,PASS,8.9,0
STU_25881A66H6,25881A66H6,C SAI NEEHAL,C,2,SUB_2_A9002,A9002,Ordinary Differential Equations and Vector Calculus,77.33,80.0,A,,PASS,8.4,0
STU_25881A66H6,25881A66H6,C SAI NEEHAL,C,2,SUB_2_A9009,A9009,Engineering Chemistry,67.8,90.0,A+,,PASS,8.4,0
STU_25881A66H6,25881A66H6,C SAI NEEHAL,C,2,SUB_2_A9010,A9010,Engineering Chemistry Laboratory,86.67,90.0,A+,,PASS,8.4,0
STU_25881A66H6,25881A66H6,C SAI NEEHAL,C,2,SUB_2_A9011,A9011,English for Skills Enhancement,71.43,80.0,A,,PASS,8.4,0
STU_25881A66H6,25881A66H6,C SAI NEEHAL,C,2,SUB_2_A9012,A9012,English Language and Communication Skills Laboratory,68.75,90.0,A+,,PASS,8.4,0
STU_25881A66H6,25881A66H6,C SAI NEEHAL,C,2,SUB_2_A9022,A9022,Product Design and Development,92.86,100.0,O,,PASS,8.4,0
STU_25881A66H6,25881A66H6,C SAI NEEHAL,C,2,SUB_2_A9304,A9304,Computer Aided Engineering Graphics,78.85,100.0,O,,PASS,8.4,0
STU_25881A66H6,25881A66H6,C SAI NEEHAL,C,2,SUB_2_A9402,A9402,Digital Electronics,78.69,80.0,A,,PASS,8.4,0
STU_25881A66H6,25881A66H6,C SAI NEEHAL,C,2,SUB_2_A9503,A9503,Data Structures,64.52,80.0,A,,PASS,8.4,0
STU_25881A66H6,25881A66H6,C SAI NEEHAL,C,2,SUB_2_A9504,A9504,Data Structures Laboratory,79.31,70.0,B+,,PASS,8.4,0
STU_25881A66H7,25881A66H7,NAGUNURI SAI CHARAN TEJA,C,2,SUB_2_A9002,A9002,Ordinary Differential Equations and Vector Calculus,76.0,50.0,C,,PASS,6.3,0
STU_25881A66H7,25881A66H7,NAGUNURI SAI CHARAN TEJA,C,2,SUB_2_A9009,A9009,Engineering Chemistry,83.05,60.0,B,,PASS,6.3,0
STU_25881A66H7,25881A66H7,NAGUNURI SAI CHARAN TEJA,C,2,SUB_2_A9010,A9010,Engineering Chemistry Laboratory,93.33,90.0,A+,,PASS,6.3,0
STU_25881A66H7,25881A66H7,NAGUNURI SAI CHARAN TEJA,C,2,SUB_2_A9011,A9011,English for Skills Enhancement,75.51,70.0,B+,,PASS,6.3,0
STU_25881A66H7,25881A66H7,NAGUNURI SAI CHARAN TEJA,C,2,SUB_2_A9012,A9012,English Language and Communication Skills Laboratory,75.0,80.0,A,,PASS,6.3,0
STU_25881A66H7,25881A66H7,NAGUNURI SAI CHARAN TEJA,C,2,SUB_2_A9022,A9022,Product Design and Development,100.0,100.0,O,,PASS,6.3,0
STU_25881A66H7,25881A66H7,NAGUNURI SAI CHARAN TEJA,C,2,SUB_2_A9304,A9304,Computer Aided Engineering Graphics,86.54,90.0,A+,,PASS,6.3,0
STU_25881A66H7,25881A66H7,NAGUNURI SAI CHARAN TEJA,C,2,SUB_2_A9402,A9402,Digital Electronics,86.89,50.0,C,,PASS,6.3,0
STU_25881A66H7,25881A66H7,NAGUNURI SAI CHARAN TEJA,C,2,SUB_2_A9503,A9503,Data Structures,72.58,50.0,C,,PASS,6.3,0
STU_25881A66H7,25881A66H7,NAGUNURI SAI CHARAN TEJA,C,2,SUB_2_A9504,A9504,Data Structures Laboratory,93.1,80.0,A,,PASS,6.3,0
STU_25881A66H8,25881A66H8,MUYYALI SANJAY,C,2,SUB_2_A9002,A9002,Ordinary Differential Equations and Vector Calculus,77.33,0.0,F,,FAIL,3.35,3
STU_25881A66H8,25881A66H8,MUYYALI SANJAY,C,2,SUB_2_A9009,A9009,Engineering Chemistry,62.71,50.0,C,,PASS,3.35,3
STU_25881A66H8,25881A66H8,MUYYALI SANJAY,C,2,SUB_2_A9010,A9010,Engineering Chemistry Laboratory,80.0,70.0,B+,,PASS,3.35,3
STU_25881A66H8,25881A66H8,MUYYALI SANJAY,C,2,SUB_2_A9011,A9011,English for Skills Enhancement,65.31,60.0,B,,PASS,3.35,3
STU_25881A66H8,25881A66H8,MUYYALI SANJAY,C,2,SUB_2_A9012,A9012,English Language and Communication Skills Laboratory,50.0,80.0,A,,PASS,3.35,3
STU_25881A66H8,25881A66H8,MUYYALI SANJAY,C,2,SUB_2_A9022,A9022,Product Design and Development,100.0,100.0,O,,PASS,3.35,3
STU_25881A66H8,25881A66H8,MUYYALI SANJAY,C,2,SUB_2_A9304,A9304,Computer Aided Engineering Graphics,61.54,80.0,A,,PASS,3.35,3
STU_25881A66H8,25881A66H8,MUYYALI SANJAY,C,2,SUB_2_A9402,A9402,Digital Electronics,81.97,0.0,F,,FAIL,3.35,3
STU_25881A66H8,25881A66H8,MUYYALI SANJAY,C,2,SUB_2_A9503,A9503,Data Structures,74.19,0.0,F,,FAIL,3.35,3
STU_25881A66H8,25881A66H8,MUYYALI SANJAY,C,2,SUB_2_A9504,A9504,Data Structures Laboratory,79.31,70.0,B+,,PASS,3.35,3
STU_25881A66H9,25881A66H9,JERPULA SANTHOSH,C,2,SUB_2_A9002,A9002,Ordinary Differential Equations and Vector Calculus,68.0,0.0,F,,FAIL,5.0,1
STU_25881A66H9,25881A66H9,JERPULA SANTHOSH,C,2,SUB_2_A9009,A9009,Engineering Chemistry,72.88,50.0,C,,PASS,5.0,1
STU_25881A66H9,25881A66H9,JERPULA SANTHOSH,C,2,SUB_2_A9010,A9010,Engineering Chemistry Laboratory,80.0,80.0,A,,PASS,5.0,1
STU_25881A66H9,25881A66H9,JERPULA SANTHOSH,C,2,SUB_2_A9011,A9011,English for Skills Enhancement,77.55,70.0,B+,,PASS,5.0,1
STU_25881A66H9,25881A66H9,JERPULA SANTHOSH,C,2,SUB_2_A9012,A9012,English Language and Communication Skills Laboratory,87.5,80.0,A,,PASS,5.0,1
STU_25881A66H9,25881A66H9,JERPULA SANTHOSH,C,2,SUB_2_A9022,A9022,Product Design and Development,85.71,100.0,O,,PASS,5.0,1
STU_25881A66H9,25881A66H9,JERPULA SANTHOSH,C,2,SUB_2_A9304,A9304,Computer Aided Engineering Graphics,84.62,90.0,A+,,PASS,5.0,1
STU_25881A66H9,25881A66H9,JERPULA SANTHOSH,C,2,SUB_2_A9402,A9402,Digital Electronics,78.69,50.0,C,,PASS,5.0,1
STU_25881A66H9,25881A66H9,JERPULA SANTHOSH,C,2,SUB_2_A9503,A9503,Data Structures,67.74,50.0,C,,PASS,5.0,1
STU_25881A66H9,25881A66H9,JERPULA SANTHOSH,C,2,SUB_2_A9504,A9504,Data Structures Laboratory,79.31,60.0,B,,PASS,5.0,1
STU_25881A66J0,25881A66J0,MADIGA SHAILAJA,C,2,SUB_2_A9002,A9002,Ordinary Differential Equations and Vector Calculus,85.33,100.0,O,,PASS,9.05,0
STU_25881A66J0,25881A66J0,MADIGA SHAILAJA,C,2,SUB_2_A9009,A9009,Engineering Chemistry,91.53,80.0,A,,PASS,9.05,0
STU_25881A66J0,25881A66J0,MADIGA SHAILAJA,C,2,SUB_2_A9010,A9010,Engineering Chemistry Laboratory,93.33,90.0,A+,,PASS,9.05,0
STU_25881A66J0,25881A66J0,MADIGA SHAILAJA,C,2,SUB_2_A9011,A9011,English for Skills Enhancement,85.71,80.0,A,,PASS,9.05,0
STU_25881A66J0,25881A66J0,MADIGA SHAILAJA,C,2,SUB_2_A9012,A9012,English Language and Communication Skills Laboratory,93.75,90.0,A+,,PASS,9.05,0
STU_25881A66J0,25881A66J0,MADIGA SHAILAJA,C,2,SUB_2_A9022,A9022,Product Design and Development,85.71,100.0,O,,PASS,9.05,0
STU_25881A66J0,25881A66J0,MADIGA SHAILAJA,C,2,SUB_2_A9304,A9304,Computer Aided Engineering Graphics,86.54,100.0,O,,PASS,9.05,0
STU_25881A66J0,25881A66J0,MADIGA SHAILAJA,C,2,SUB_2_A9402,A9402,Digital Electronics,90.16,90.0,A+,,PASS,9.05,0
STU_25881A66J0,25881A66J0,MADIGA SHAILAJA,C,2,SUB_2_A9503,A9503,Data Structures,88.71,90.0,A+,,PASS,9.05,0
STU_25881A66J0,25881A66J0,MADIGA SHAILAJA,C,2,SUB_2_A9504,A9504,Data Structures Laboratory,79.31,90.0,A+,,PASS,9.05,0
STU_25881A66J1,25881A66J1,MUDDALA SHIVADEEPTHI,C,2,SUB_2_A9002,A9002,Ordinary Differential Equations and Vector Calculus,88.0,100.0,O,,PASS,9.2,0
STU_25881A66J1,25881A66J1,MUDDALA SHIVADEEPTHI,C,2,SUB_2_A9009,A9009,Engineering Chemistry,88.14,100.0,O,,PASS,9.2,0
STU_25881A66J1,25881A66J1,MUDDALA SHIVADEEPTHI,C,2,SUB_2_A9010,A9010,Engineering Chemistry Laboratory,86.67,100.0,O,,PASS,9.2,0
STU_25881A66J1,25881A66J1,MUDDALA SHIVADEEPTHI,C,2,SUB_2_A9011,A9011,English for Skills Enhancement,83.67,80.0,A,,PASS,9.2,0
STU_25881A66J1,25881A66J1,MUDDALA SHIVADEEPTHI,C,2,SUB_2_A9012,A9012,English Language and Communication Skills Laboratory,87.5,80.0,A,,PASS,9.2,0
STU_25881A66J1,25881A66J1,MUDDALA SHIVADEEPTHI,C,2,SUB_2_A9022,A9022,Product Design and Development,92.86,100.0,O,,PASS,9.2,0
STU_25881A66J1,25881A66J1,MUDDALA SHIVADEEPTHI,C,2,SUB_2_A9304,A9304,Computer Aided Engineering Graphics,80.77,100.0,O,,PASS,9.2,0
STU_25881A66J1,25881A66J1,MUDDALA SHIVADEEPTHI,C,2,SUB_2_A9402,A9402,Digital Electronics,95.08,90.0,A+,,PASS,9.2,0
STU_25881A66J1,25881A66J1,MUDDALA SHIVADEEPTHI,C,2,SUB_2_A9503,A9503,Data Structures,83.87,80.0,A,,PASS,9.2,0
STU_25881A66J1,25881A66J1,MUDDALA SHIVADEEPTHI,C,2,SUB_2_A9504,A9504,Data Structures Laboratory,86.21,90.0,A+,,PASS,9.2,0
STU_25881A66J2,25881A66J2,SAPAVAT SINDHU,C,2,SUB_2_A9002,A9002,Ordinary Differential Equations and Vector Calculus,82.67,90.0,A+,,PASS,9.25,0
STU_25881A66J2,25881A66J2,SAPAVAT SINDHU,C,2,SUB_2_A9009,A9009,Engineering Chemistry,91.53,90.0,A+,,PASS,9.25,0
STU_25881A66J2,25881A66J2,SAPAVAT SINDHU,C,2,SUB_2_A9010,A9010,Engineering Chemistry Laboratory,86.67,90.0,A+,,PASS,9.25,0
STU_25881A66J2,25881A66J2,SAPAVAT SINDHU,C,2,SUB_2_A9011,A9011,English for Skills Enhancement,83.67,90.0,A+,,PASS,9.25,0
STU_25881A66J2,25881A66J2,SAPAVAT SINDHU,C,2,SUB_2_A9012,A9012,English Language and Communication Skills Laboratory,87.5,90.0,A+,,PASS,9.25,0
STU_25881A66J2,25881A66J2,SAPAVAT SINDHU,C,2,SUB_2_A9022,A9022,Product Design and Development,92.86,100.0,O,,PASS,9.25,0
STU_25881A66J2,25881A66J2,SAPAVAT SINDHU,C,2,SUB_2_A9304,A9304,Computer Aided Engineering Graphics,92.31,100.0,O,,PASS,9.25,0
STU_25881A66J2,25881A66J2,SAPAVAT SINDHU,C,2,SUB_2_A9402,A9402,Digital Electronics,88.52,100.0,O,,PASS,9.25,0
STU_25881A66J2,25881A66J2,SAPAVAT SINDHU,C,2,SUB_2_A9503,A9503,Data Structures,80.65,90.0,A+,,PASS,9.25,0
STU_25881A66J2,25881A66J2,SAPAVAT SINDHU,C,2,SUB_2_A9504,A9504,Data Structures Laboratory,86.21,90.0,A+,,PASS,9.25,0
STU_25881A66J3,25881A66J3,PITTALA SREE KARUNYAN,C,2,SUB_2_A9002,A9002,Ordinary Differential Equations and Vector Calculus,96.0,90.0,A+,,PASS,8.0,0
STU_25881A66J3,25881A66J3,PITTALA SREE KARUNYAN,C,2,SUB_2_A9009,A9009,Engineering Chemistry,96.61,80.0,A,,PASS,8.0,0
STU_25881A66J3,25881A66J3,PITTALA SREE KARUNYAN,C,2,SUB_2_A9010,A9010,Engineering Chemistry Laboratory,100.0,90.0,A+,,PASS,8.0,0
STU_25881A66J3,25881A66J3,PITTALA SREE KARUNYAN,C,2,SUB_2_A9011,A9011,English for Skills Enhancement,89.8,90.0,A+,,PASS,8.0,0
STU_25881A66J3,25881A66J3,PITTALA SREE KARUNYAN,C,2,SUB_2_A9012,A9012,English Language and Communication Skills Laboratory,93.75,80.0,A,,PASS,8.0,0
STU_25881A66J3,25881A66J3,PITTALA SREE KARUNYAN,C,2,SUB_2_A9022,A9022,Product Design and Development,100.0,100.0,O,,PASS,8.0,0
STU_25881A66J3,25881A66J3,PITTALA SREE KARUNYAN,C,2,SUB_2_A9304,A9304,Computer Aided Engineering Graphics,98.08,90.0,A+,,PASS,8.0,0
STU_25881A66J3,25881A66J3,PITTALA SREE KARUNYAN,C,2,SUB_2_A9402,A9402,Digital Electronics,95.08,70.0,B+,,PASS,8.0,0
STU_25881A66J3,25881A66J3,PITTALA SREE KARUNYAN,C,2,SUB_2_A9503,A9503,Data Structures,93.55,60.0,B,,PASS,8.0,0
STU_25881A66J3,25881A66J3,PITTALA SREE KARUNYAN,C,2,SUB_2_A9504,A9504,Data Structures Laboratory,86.21,70.0,B+,,PASS,8.0,0
STU_25881A66J4,25881A66J4,ANNADASU SRUTHI,C,2,SUB_2_A9002,A9002,Ordinary Differential Equations and Vector Calculus,80.0,70.0,B+,,PASS,7.55,0
STU_25881A66J4,25881A66J4,ANNADASU SRUTHI,C,2,SUB_2_A9009,A9009,Engineering Chemistry,84.75,70.0,B+,,PASS,7.55,0
STU_25881A66J4,25881A66J4,ANNADASU SRUTHI,C,2,SUB_2_A9010,A9010,Engineering Chemistry Laboratory,86.67,90.0,A+,,PASS,7.55,0
STU_25881A66J4,25881A66J4,ANNADASU SRUTHI,C,2,SUB_2_A9011,A9011,English for Skills Enhancement,67.35,80.0,A,,PASS,7.55,0
STU_25881A66J4,25881A66J4,ANNADASU SRUTHI,C,2,SUB_2_A9012,A9012,English Language and Communication Skills Laboratory,75.0,90.0,A+,,PASS,7.55,0
STU_25881A66J4,25881A66J4,ANNADASU SRUTHI,C,2,SUB_2_A9022,A9022,Product Design and Development,100.0,100.0,O,,PASS,7.55,0
STU_25881A66J4,25881A66J4,ANNADASU SRUTHI,C,2,SUB_2_A9304,A9304,Computer Aided Engineering Graphics,73.08,90.0,A+,,PASS,7.55,0
STU_25881A66J4,25881A66J4,ANNADASU SRUTHI,C,2,SUB_2_A9402,A9402,Digital Electronics,85.25,70.0,B+,,PASS,7.55,0
STU_25881A66J4,25881A66J4,ANNADASU SRUTHI,C,2,SUB_2_A9503,A9503,Data Structures,80.65,70.0,B+,,PASS,7.55,0
STU_25881A66J4,25881A66J4,ANNADASU SRUTHI,C,2,SUB_2_A9504,A9504,Data Structures Laboratory,65.52,70.0,B+,,PASS,7.55,0
STU_25881A66J5,25881A66J5,AVUTHU TEJ KIRAN REDDY,C,2,SUB_2_A9002,A9002,Ordinary Differential Equations and Vector Calculus,69.33,80.0,A,,PASS,8.05,0
STU_25881A66J5,25881A66J5,AVUTHU TEJ KIRAN REDDY,C,2,SUB_2_A9009,A9009,Engineering Chemistry,66.1,70.0,B+,,PASS,8.05,0
STU_25881A66J5,25881A66J5,AVUTHU TEJ KIRAN REDDY,C,2,SUB_2_A9010,A9010,Engineering Chemistry Laboratory,73.33,90.0,A+,,PASS,8.05,0
STU_25881A66J5,25881A66J5,AVUTHU TEJ KIRAN REDDY,C,2,SUB_2_A9011,A9011,English for Skills Enhancement,67.35,80.0,A,,PASS,8.05,0
STU_25881A66J5,25881A66J5,AVUTHU TEJ KIRAN REDDY,C,2,SUB_2_A9012,A9012,English Language and Communication Skills Laboratory,68.75,90.0,A+,,PASS,8.05,0
STU_25881A66J5,25881A66J5,AVUTHU TEJ KIRAN REDDY,C,2,SUB_2_A9022,A9022,Product Design and Development,78.57,100.0,O,,PASS,8.05,0
STU_25881A66J5,25881A66J5,AVUTHU TEJ KIRAN REDDY,C,2,SUB_2_A9304,A9304,Computer Aided Engineering Graphics,73.08,100.0,O,,PASS,8.05,0
STU_25881A66J5,25881A66J5,AVUTHU TEJ KIRAN REDDY,C,2,SUB_2_A9402,A9402,Digital Electronics,75.41,80.0,A,,PASS,8.05,0
STU_25881A66J5,25881A66J5,AVUTHU TEJ KIRAN REDDY,C,2,SUB_2_A9503,A9503,Data Structures,69.35,70.0,B+,,PASS,8.05,0
STU_25881A66J5,25881A66J5,AVUTHU TEJ KIRAN REDDY,C,2,SUB_2_A9504,A9504,Data Structures Laboratory,65.52,90.0,A+,,PASS,8.05,0
STU_25881A66J6,25881A66J6,KUCHIPUDI V S K J ABHITEJAS,C,2,SUB_2_A9002,A9002,Ordinary Differential Equations and Vector Calculus,74.67,80.0,A,,PASS,8.45,0
STU_25881A66J6,25881A66J6,KUCHIPUDI V S K J ABHITEJAS,C,2,SUB_2_A9009,A9009,Engineering Chemistry,71.19,80.0,A,,PASS,8.45,0
STU_25881A66J6,25881A66J6,KUCHIPUDI V S K J ABHITEJAS,C,2,SUB_2_A9010,A9010,Engineering Chemistry Laboratory,100.0,100.0,O,,PASS,8.45,0
STU_25881A66J6,25881A66J6,KUCHIPUDI V S K J ABHITEJAS,C,2,SUB_2_A9011,A9011,English for Skills Enhancement,69.39,90.0,A+,,PASS,8.45,0
STU_25881A66J6,25881A66J6,KUCHIPUDI V S K J ABHITEJAS,C,2,SUB_2_A9012,A9012,English Language and Communication Skills Laboratory,68.75,90.0,A+,,PASS,8.45,0
STU_25881A66J6,25881A66J6,KUCHIPUDI V S K J ABHITEJAS,C,2,SUB_2_A9022,A9022,Product Design and Development,92.86,100.0,O,,PASS,8.45,0
STU_25881A66J6,25881A66J6,KUCHIPUDI V S K J ABHITEJAS,C,2,SUB_2_A9304,A9304,Computer Aided Engineering Graphics,67.31,90.0,A+,,PASS,8.45,0
STU_25881A66J6,25881A66J6,KUCHIPUDI V S K J ABHITEJAS,C,2,SUB_2_A9402,A9402,Digital Electronics,78.69,80.0,A,,PASS,8.45,0
STU_25881A66J6,25881A66J6,KUCHIPUDI V S K J ABHITEJAS,C,2,SUB_2_A9503,A9503,Data Structures,70.97,80.0,A,,PASS,8.45,0
STU_25881A66J6,25881A66J6,KUCHIPUDI V S K J ABHITEJAS,C,2,SUB_2_A9504,A9504,Data Structures Laboratory,58.62,90.0,A+,,PASS,8.45,0
STU_25881A66J7,25881A66J7,GANNAMANENI VARSHITH,C,2,SUB_2_A9002,A9002,Ordinary Differential Equations and Vector Calculus,81.33,90.0,A+,,PASS,8.2,0
STU_25881A66J7,25881A66J7,GANNAMANENI VARSHITH,C,2,SUB_2_A9009,A9009,Engineering Chemistry,69.49,70.0,B+,,PASS,8.2,0
STU_25881A66J7,25881A66J7,GANNAMANENI VARSHITH,C,2,SUB_2_A9010,A9010,Engineering Chemistry Laboratory,93.33,100.0,O,,PASS,8.2,0
STU_25881A66J7,25881A66J7,GANNAMANENI VARSHITH,C,2,SUB_2_A9011,A9011,English for Skills Enhancement,81.63,90.0,A+,,PASS,8.2,0
STU_25881A66J7,25881A66J7,GANNAMANENI VARSHITH,C,2,SUB_2_A9012,A9012,English Language and Communication Skills Laboratory,68.75,70.0,B+,,PASS,8.2,0
STU_25881A66J7,25881A66J7,GANNAMANENI VARSHITH,C,2,SUB_2_A9022,A9022,Product Design and Development,78.57,100.0,O,,PASS,8.2,0
STU_25881A66J7,25881A66J7,GANNAMANENI VARSHITH,C,2,SUB_2_A9304,A9304,Computer Aided Engineering Graphics,78.85,90.0,A+,,PASS,8.2,0
STU_25881A66J7,25881A66J7,GANNAMANENI VARSHITH,C,2,SUB_2_A9402,A9402,Digital Electronics,88.52,80.0,A,,PASS,8.2,0
STU_25881A66J7,25881A66J7,GANNAMANENI VARSHITH,C,2,SUB_2_A9503,A9503,Data Structures,83.87,70.0,B+,,PASS,8.2,0
STU_25881A66J7,25881A66J7,GANNAMANENI VARSHITH,C,2,SUB_2_A9504,A9504,Data Structures Laboratory,65.52,80.0,A,,PASS,8.2,0
STU_25881A66J8,25881A66J8,GUGULOTH VASANTHA,C,2,SUB_2_A9002,A9002,Ordinary Differential Equations and Vector Calculus,78.67,0.0,F,,FAIL,2.5,4
STU_25881A66J8,25881A66J8,GUGULOTH VASANTHA,C,2,SUB_2_A9009,A9009,Engineering Chemistry,79.66,0.0,F,,FAIL,2.5,4
STU_25881A66J8,25881A66J8,GUGULOTH VASANTHA,C,2,SUB_2_A9010,A9010,Engineering Chemistry Laboratory,73.33,80.0,A,,PASS,2.5,4
STU_25881A66J8,25881A66J8,GUGULOTH VASANTHA,C,2,SUB_2_A9011,A9011,English for Skills Enhancement,69.39,50.0,C,,PASS,2.5,4
STU_25881A66J8,25881A66J8,GUGULOTH VASANTHA,C,2,SUB_2_A9012,A9012,English Language and Communication Skills Laboratory,62.5,80.0,A,,PASS,2.5,4
STU_25881A66J8,25881A66J8,GUGULOTH VASANTHA,C,2,SUB_2_A9022,A9022,Product Design and Development,92.86,100.0,O,,PASS,2.5,4
STU_25881A66J8,25881A66J8,GUGULOTH VASANTHA,C,2,SUB_2_A9304,A9304,Computer Aided Engineering Graphics,55.77,90.0,A+,,PASS,2.5,4
STU_25881A66J8,25881A66J8,GUGULOTH VASANTHA,C,2,SUB_2_A9402,A9402,Digital Electronics,83.61,0.0,F,,FAIL,2.5,4
STU_25881A66J8,25881A66J8,GUGULOTH VASANTHA,C,2,SUB_2_A9503,A9503,Data Structures,79.03,0.0,F,,FAIL,2.5,4
STU_25881A66J8,25881A66J8,GUGULOTH VASANTHA,C,2,SUB_2_A9504,A9504,Data Structures Laboratory,72.41,50.0,C,,PASS,2.5,4
STU_25881A66J9,25881A66J9,DONTHOJI VIGNESH,C,2,SUB_2_A9002,A9002,Ordinary Differential Equations and Vector Calculus,76.0,70.0,B+,,PASS,7.9,0
STU_25881A66J9,25881A66J9,DONTHOJI VIGNESH,C,2,SUB_2_A9009,A9009,Engineering Chemistry,76.27,90.0,A+,,PASS,7.9,0
STU_25881A66J9,25881A66J9,DONTHOJI VIGNESH,C,2,SUB_2_A9010,A9010,Engineering Chemistry Laboratory,80.0,90.0,A+,,PASS,7.9,0
STU_25881A66J9,25881A66J9,DONTHOJI VIGNESH,C,2,SUB_2_A9011,A9011,English for Skills Enhancement,69.39,80.0,A,,PASS,7.9,0
STU_25881A66J9,25881A66J9,DONTHOJI VIGNESH,C,2,SUB_2_A9012,A9012,English Language and Communication Skills Laboratory,68.75,80.0,A,,PASS,7.9,0
STU_25881A66J9,25881A66J9,DONTHOJI VIGNESH,C,2,SUB_2_A9022,A9022,Product Design and Development,85.71,100.0,O,,PASS,7.9,0
STU_25881A66J9,25881A66J9,DONTHOJI VIGNESH,C,2,SUB_2_A9304,A9304,Computer Aided Engineering Graphics,67.31,90.0,A+,,PASS,7.9,0
STU_25881A66J9,25881A66J9,DONTHOJI VIGNESH,C,2,SUB_2_A9402,A9402,Digital Electronics,81.97,80.0,A,,PASS,7.9,0
STU_25881A66J9,25881A66J9,DONTHOJI VIGNESH,C,2,SUB_2_A9503,A9503,Data Structures,72.58,70.0,B+,,PASS,7.9,0
STU_25881A66J9,25881A66J9,DONTHOJI VIGNESH,C,2,SUB_2_A9504,A9504,Data Structures Laboratory,82.76,60.0,B,,PASS,7.9,0
STU_25881A66K0,25881A66K0,GUVVADI VISHAL RAO,C,2,SUB_2_A9002,A9002,Ordinary Differential Equations and Vector Calculus,66.67,90.0,A+,,PASS,8.0,0
STU_25881A66K0,25881A66K0,GUVVADI VISHAL RAO,C,2,SUB_2_A9009,A9009,Engineering Chemistry,81.36,70.0,B+,,PASS,8.0,0
STU_25881A66K0,25881A66K0,GUVVADI VISHAL RAO,C,2,SUB_2_A9010,A9010,Engineering Chemistry Laboratory,86.67,100.0,O,,PASS,8.0,0
STU_25881A66K0,25881A66K0,GUVVADI VISHAL RAO,C,2,SUB_2_A9011,A9011,English for Skills Enhancement,79.59,90.0,A+,,PASS,8.0,0
STU_25881A66K0,25881A66K0,GUVVADI VISHAL RAO,C,2,SUB_2_A9012,A9012,English Language and Communication Skills Laboratory,100.0,90.0,A+,,PASS,8.0,0
STU_25881A66K0,25881A66K0,GUVVADI VISHAL RAO,C,2,SUB_2_A9022,A9022,Product Design and Development,85.71,100.0,O,,PASS,8.0,0
STU_25881A66K0,25881A66K0,GUVVADI VISHAL RAO,C,2,SUB_2_A9304,A9304,Computer Aided Engineering Graphics,86.54,90.0,A+,,PASS,8.0,0
STU_25881A66K0,25881A66K0,GUVVADI VISHAL RAO,C,2,SUB_2_A9402,A9402,Digital Electronics,78.69,70.0,B+,,PASS,8.0,0
STU_25881A66K0,25881A66K0,GUVVADI VISHAL RAO,C,2,SUB_2_A9503,A9503,Data Structures,66.13,60.0,B,,PASS,8.0,0
STU_25881A66K0,25881A66K0,GUVVADI VISHAL RAO,C,2,SUB_2_A9504,A9504,Data Structures Laboratory,100.0,80.0,A,,PASS,8.0,0
STU_25881A66K1,25881A66K1,POTHAGANI VISHNU VARDHAN,C,2,SUB_2_A9002,A9002,Ordinary Differential Equations and Vector Calculus,70.67,100.0,O,,PASS,9.25,0
STU_25881A66K1,25881A66K1,POTHAGANI VISHNU VARDHAN,C,2,SUB_2_A9009,A9009,Engineering Chemistry,74.58,90.0,A+,,PASS,9.25,0
STU_25881A66K1,25881A66K1,POTHAGANI VISHNU VARDHAN,C,2,SUB_2_A9010,A9010,Engineering Chemistry Laboratory,93.33,100.0,O,,PASS,9.25,0
STU_25881A66K1,25881A66K1,POTHAGANI VISHNU VARDHAN,C,2,SUB_2_A9011,A9011,English for Skills Enhancement,63.27,80.0,A,,PASS,9.25,0
STU_25881A66K1,25881A66K1,POTHAGANI VISHNU VARDHAN,C,2,SUB_2_A9012,A9012,English Language and Communication Skills Laboratory,75.0,90.0,A+,,PASS,9.25,0
STU_25881A66K1,25881A66K1,POTHAGANI VISHNU VARDHAN,C,2,SUB_2_A9022,A9022,Product Design and Development,85.71,100.0,O,,PASS,9.25,0
STU_25881A66K1,25881A66K1,POTHAGANI VISHNU VARDHAN,C,2,SUB_2_A9304,A9304,Computer Aided Engineering Graphics,98.08,90.0,A+,,PASS,9.25,0
STU_25881A66K1,25881A66K1,POTHAGANI VISHNU VARDHAN,C,2,SUB_2_A9402,A9402,Digital Electronics,83.61,90.0,A+,,PASS,9.25,0
STU_25881A66K1,25881A66K1,POTHAGANI VISHNU VARDHAN,C,2,SUB_2_A9503,A9503,Data Structures,75.81,90.0,A+,,PASS,9.25,0
STU_25881A66K1,25881A66K1,POTHAGANI VISHNU VARDHAN,C,2,SUB_2_A9504,A9504,Data Structures Laboratory,72.41,100.0,O,,PASS,9.25,0
STU_25881A66K2,25881A66K2,KARNE YOGISHWAR SAI,C,2,SUB_2_A9002,A9002,Ordinary Differential Equations and Vector Calculus,78.67,90.0,A+,,PASS,8.35,0
STU_25881A66K2,25881A66K2,KARNE YOGISHWAR SAI,C,2,SUB_2_A9009,A9009,Engineering Chemistry,81.36,90.0,A+,,PASS,8.35,0
STU_25881A66K2,25881A66K2,KARNE YOGISHWAR SAI,C,2,SUB_2_A9010,A9010,Engineering Chemistry Laboratory,86.67,90.0,A+,,PASS,8.35,0
STU_25881A66K2,25881A66K2,KARNE YOGISHWAR SAI,C,2,SUB_2_A9011,A9011,English for Skills Enhancement,79.59,70.0,B+,,PASS,8.35,0
STU_25881A66K2,25881A66K2,KARNE YOGISHWAR SAI,C,2,SUB_2_A9012,A9012,English Language and Communication Skills Laboratory,79.17,90.0,A+,,PASS,8.35,0
STU_25881A66K2,25881A66K2,KARNE YOGISHWAR SAI,C,2,SUB_2_A9022,A9022,Product Design and Development,92.86,100.0,O,,PASS,8.35,0
STU_25881A66K2,25881A66K2,KARNE YOGISHWAR SAI,C,2,SUB_2_A9304,A9304,Computer Aided Engineering Graphics,84.62,100.0,O,,PASS,8.35,0
STU_25881A66K2,25881A66K2,KARNE YOGISHWAR SAI,C,2,SUB_2_A9402,A9402,Digital Electronics,90.16,70.0,B+,,PASS,8.35,0
STU_25881A66K2,25881A66K2,KARNE YOGISHWAR SAI,C,2,SUB_2_A9503,A9503,Data Structures,70.97,80.0,A,,PASS,8.35,0
STU_25881A66K2,25881A66K2,KARNE YOGISHWAR SAI,C,2,SUB_2_A9504,A9504,Data Structures Laboratory,72.41,70.0,B+,,PASS,8.35,0
STU_25881A66K3,25881A66K3,KONDAPURAM YOUGENDER,C,2,SUB_2_A9002,A9002,Ordinary Differential Equations and Vector Calculus,77.33,0.0,F,,FAIL,4.1,3
STU_25881A66K3,25881A66K3,KONDAPURAM YOUGENDER,C,2,SUB_2_A9009,A9009,Engineering Chemistry,67.8,60.0,B,,PASS,4.1,3
STU_25881A66K3,25881A66K3,KONDAPURAM YOUGENDER,C,2,SUB_2_A9010,A9010,Engineering Chemistry Laboratory,93.33,80.0,A,,PASS,4.1,3
STU_25881A66K3,25881A66K3,KONDAPURAM YOUGENDER,C,2,SUB_2_A9011,A9011,English for Skills Enhancement,67.35,70.0,B+,,PASS,4.1,3
STU_25881A66K3,25881A66K3,KONDAPURAM YOUGENDER,C,2,SUB_2_A9012,A9012,English Language and Communication Skills Laboratory,68.75,80.0,A,,PASS,4.1,3
STU_25881A66K3,25881A66K3,KONDAPURAM YOUGENDER,C,2,SUB_2_A9022,A9022,Product Design and Development,100.0,100.0,O,,PASS,4.1,3
STU_25881A66K3,25881A66K3,KONDAPURAM YOUGENDER,C,2,SUB_2_A9304,A9304,Computer Aided Engineering Graphics,78.85,90.0,A+,,PASS,4.1,3
STU_25881A66K3,25881A66K3,KONDAPURAM YOUGENDER,C,2,SUB_2_A9402,A9402,Digital Electronics,86.89,50.0,C,,PASS,4.1,3
STU_25881A66K3,25881A66K3,KONDAPURAM YOUGENDER,C,2,SUB_2_A9503,A9503,Data Structures,74.19,0.0,F,,FAIL,4.1,3
STU_25881A66K3,25881A66K3,KONDAPURAM YOUGENDER,C,2,SUB_2_A9504,A9504,Data Structures Laboratory,65.52,0.0,F,,FAIL,4.1,3
