roll_no,student_name,section,semester,subject_code,subject_name,grade,grade_points,marks,status,sgpa,backlog_count,dataset_type,result_id,student_id,subject_id
25881A6601,PIDAKALA AASHISH,A,1,A9001,Matrices and Calculus,A+,9.0,90.0,PASS,8.4,0,sem1_results,RES_S1_25881A6601_A9001,STU_25881A6601,SUB_1_A9001
25881A6601,PIDAKALA AASHISH,A,1,A9501,Programming for Problem Solving,A,8.0,80.0,PASS,8.4,0,sem1_results,RES_S1_25881A6601_A9501,STU_25881A6601,SUB_1_A9501
25881A6601,PIDAKALA AASHISH,A,1,A9502,Programming for Problem Solving Laboratory,A+,9.0,90.0,PASS,8.4,0,sem1_results,RES_S1_25881A6601_A9502,STU_25881A6601,SUB_1_A9502
25881A6601,PIDAKALA AASHISH,A,1,A9302,Engineering Workshop,A+,9.0,90.0,PASS,8.4,0,sem1_results,RES_S1_25881A6601_A9302,STU_25881A6601,SUB_1_A9302
25881A6601,PIDAKALA AASHISH,A,1,A9021,Community Centered Design Thinking,A+,9.0,90.0,PASS,8.4,0,sem1_results,RES_S1_25881A6601_A9021,STU_25881A6601,SUB_1_A9021
25881A6601,PIDAKALA AASHISH,A,1,A9007,Engineering Physics,B+,7.0,70.0,PASS,8.4,0,sem1_results,RES_S1_25881A6601_A9007,STU_25881A6601,SUB_1_A9007
25881A6601,PIDAKALA AASHISH,A,1,A9008,Engineering Physics Laboratory,O,10.0,100.0,PASS,8.4,0,sem1_results,RES_S1_25881A6601_A9008,STU_25881A6601,SUB_1_A9008
25881A6601,PIDAKALA AASHISH,A,1,A9204,Basic Electrical Engineering,A,8.0,80.0,PASS,8.4,0,sem1_results,RES_S1_25881A6601_A9204,STU_25881A6601,SUB_1_A9204
25881A6601,PIDAKALA AASHISH,A,1,A9801,Foundations of Data Science,A,8.0,80.0,PASS,8.4,0,sem1_results,RES_S1_25881A6601_A9801,STU_25881A6601,SUB_1_A9801
25881A6601,PIDAKALA AASHISH,A,1,A9205,Basic Electrical Engineering Laboratory,O,10.0,100.0,PASS,8.4,0,sem1_results,RES_S1_25881A6601_A9205,STU_25881A6601,SUB_1_A9205
25881A6602,BIKUMALLA AASHRITA,A,1,A9001,Matrices and Calculus,O,10.0,100.0,PASS,9.3,0,sem1_results,RES_S1_25881A6602_A9001,STU_25881A6602,SUB_1_A9001
25881A6602,BIKUMALLA AASHRITA,A,1,A9501,Programming for Problem Solving,A,8.0,80.0,PASS,9.3,0,sem1_results,RES_S1_25881A6602_A9501,STU_25881A6602,SUB_1_A9501
25881A6602,BIKUMALLA AASHRITA,A,1,A9502,Programming for Problem Solving Laboratory,O,10.0,100.0,PASS,9.3,0,sem1_results,RES_S1_25881A6602_A9502,STU_25881A6602,SUB_1_A9502
25881A6602,BIKUMALLA AASHRITA,A,1,A9302,Engineering Workshop,O,10.0,100.0,PASS,9.3,0,sem1_results,RES_S1_25881A6602_A9302,STU_25881A6602,SUB_1_A9302
25881A6602,BIKUMALLA AASHRITA,A,1,A9021,Community Centered Design Thinking,B+,7.0,70.0,PASS,9.3,0,sem1_results,RES_S1_25881A6602_A9021,STU_25881A6602,SUB_1_A9021
25881A6602,BIKUMALLA AASHRITA,A,1,A9007,Engineering Physics,A+,9.0,90.0,PASS,9.3,0,sem1_results,RES_S1_25881A6602_A9007,STU_25881A6602,SUB_1_A9007
25881A6602,BIKUMALLA AASHRITA,A,1,A9008,Engineering Physics Laboratory,O,10.0,100.0,PASS,9.3,0,sem1_results,RES_S1_25881A6602_A9008,STU_25881A6602,SUB_1_A9008
25881A6602,BIKUMALLA AASHRITA,A,1,A9204,Basic Electrical Engineering,A+,9.0,90.0,PASS,9.3,0,sem1_results,RES_S1_25881A6602_A9204,STU_25881A6602,SUB_1_A9204
25881A6602,BIKUMALLA AASHRITA,A,1,A9801,Foundations of Data Science,O,10.0,100.0,PASS,9.3,0,sem1_results,RES_S1_25881A6602_A9801,STU_25881A6602,SUB_1_A9801
25881A6602,BIKUMALLA AASHRITA,A,1,A9205,Basic Electrical Engineering Laboratory,O,10.0,100.0,PASS,9.3,0,sem1_results,RES_S1_25881A6602_A9205,STU_25881A6602,SUB_1_A9205
25881A6603,GURRAPU ABHIRAM,A,1,A9001,Matrices and Calculus,A+,9.0,90.0,PASS,7.95,0,sem1_results,RES_S1_25881A6603_A9001,STU_25881A6603,SUB_1_A9001
25881A6603,GURRAPU ABHIRAM,A,1,A9501,Programming for Problem Solving,B,6.0,60.0,PASS,7.95,0,sem1_results,RES_S1_25881A6603_A9501,STU_25881A6603,SUB_1_A9501
25881A6603,GURRAPU ABHIRAM,A,1,A9502,Programming for Problem Solving Laboratory,A+,9.0,90.0,PASS,7.95,0,sem1_results,RES_S1_25881A6603_A9502,STU_25881A6603,SUB_1_A9502
25881A6603,GURRAPU ABHIRAM,A,1,A9302,Engineering Workshop,A+,9.0,90.0,PASS,7.95,0,sem1_results,RES_S1_25881A6603_A9302,STU_25881A6603,SUB_1_A9302
25881A6603,GURRAPU ABHIRAM,A,1,A9021,Community Centered Design Thinking,A,8.0,80.0,PASS,7.95,0,sem1_results,RES_S1_25881A6603_A9021,STU_25881A6603,SUB_1_A9021
25881A6603,GURRAPU ABHIRAM,A,1,A9007,Engineering Physics,B+,7.0,70.0,PASS,7.95,0,sem1_results,RES_S1_25881A6603_A9007,STU_25881A6603,SUB_1_A9007
25881A6603,GURRAPU ABHIRAM,A,1,A9008,Engineering Physics Laboratory,A+,9.0,90.0,PASS,7.95,0,sem1_results,RES_S1_25881A6603_A9008,STU_25881A6603,SUB_1_A9008
25881A6603,GURRAPU ABHIRAM,A,1,A9204,Basic Electrical Engineering,A+,9.0,90.0,PASS,7.95,0,sem1_results,RES_S1_25881A6603_A9204,STU_25881A6603,SUB_1_A9204
25881A6603,GURRAPU ABHIRAM,A,1,A9801,Foundations of Data Science,B+,7.0,70.0,PASS,7.95,0,sem1_results,RES_S1_25881A6603_A9801,STU_25881A6603,SUB_1_A9801
25881A6603,GURRAPU ABHIRAM,A,1,A9205,Basic Electrical Engineering Laboratory,O,10.0,100.0,PASS,7.95,0,sem1_results,RES_S1_25881A6603_A9205,STU_25881A6603,SUB_1_A9205
25881A6604,MUDAAVATH AKHIL,A,1,A9001,Matrices and Calculus,B+,7.0,70.0,PASS,6.8,0,sem1_results,RES_S1_25881A6604_A9001,STU_25881A6604,SUB_1_A9001
25881A6604,MUDAAVATH AKHIL,A,1,A9501,Programming for Problem Solving,C,5.0,50.0,PASS,6.8,0,sem1_results,RES_S1_25881A6604_A9501,STU_25881A6604,SUB_1_A9501
25881A6604,MUDAAVATH AKHIL,A,1,A9502,Programming for Problem Solving Laboratory,A,8.0,80.0,PASS,6.8,0,sem1_results,RES_S1_25881A6604_A9502,STU_25881A6604,SUB_1_A9502
25881A6604,MUDAAVATH AKHIL,A,1,A9302,Engineering Workshop,O,10.0,100.0,PASS,6.8,0,sem1_results,RES_S1_25881A6604_A9302,STU_25881A6604,SUB_1_A9302
25881A6604,MUDAAVATH AKHIL,A,1,A9021,Community Centered Design Thinking,O,10.0,100.0,PASS,6.8,0,sem1_results,RES_S1_25881A6604_A9021,STU_25881A6604,SUB_1_A9021
25881A6604,MUDAAVATH AKHIL,A,1,A9007,Engineering Physics,B,6.0,60.0,PASS,6.8,0,sem1_results,RES_S1_25881A6604_A9007,STU_25881A6604,SUB_1_A9007
25881A6604,MUDAAVATH AKHIL,A,1,A9008,Engineering Physics Laboratory,A+,9.0,90.0,PASS,6.8,0,sem1_results,RES_S1_25881A6604_A9008,STU_25881A6604,SUB_1_A9008
25881A6604,MUDAAVATH AKHIL,A,1,A9204,Basic Electrical Engineering,C,5.0,50.0,PASS,6.8,0,sem1_results,RES_S1_25881A6604_A9204,STU_25881A6604,SUB_1_A9204
25881A6604,MUDAAVATH AKHIL,A,1,A9801,Foundations of Data Science,B,6.0,60.0,PASS,6.8,0,sem1_results,RES_S1_25881A6604_A9801,STU_25881A6604,SUB_1_A9801
25881A6604,MUDAAVATH AKHIL,A,1,A9205,Basic Electrical Engineering Laboratory,O,10.0,100.0,PASS,6.8,0,sem1_results,RES_S1_25881A6604_A9205,STU_25881A6604,SUB_1_A9205
25881A6605,PURI AKSHAY KUMAR,A,1,A9001,Matrices and Calculus,C,5.0,50.0,PASS,5.5,1,sem1_results,RES_S1_25881A6605_A9001,STU_25881A6605,SUB_1_A9001
25881A6605,PURI AKSHAY KUMAR,A,1,A9501,Programming for Problem Solving,F,0.0,0.0,FAIL,5.5,1,sem1_results,RES_S1_25881A6605_A9501,STU_25881A6605,SUB_1_A9501
25881A6605,PURI AKSHAY KUMAR,A,1,A9502,Programming for Problem Solving Laboratory,B,6.0,60.0,PASS,5.5,1,sem1_results,RES_S1_25881A6605_A9502,STU_25881A6605,SUB_1_A9502
25881A6605,PURI AKSHAY KUMAR,A,1,A9302,Engineering Workshop,A,8.0,80.0,PASS,5.5,1,sem1_results,RES_S1_25881A6605_A9302,STU_25881A6605,SUB_1_A9302
25881A6605,PURI AKSHAY KUMAR,A,1,A9021,Community Centered Design Thinking,O,10.0,100.0,PASS,5.5,1,sem1_results,RES_S1_25881A6605_A9021,STU_25881A6605,SUB_1_A9021
25881A6605,PURI AKSHAY KUMAR,A,1,A9007,Engineering Physics,B,6.0,60.0,PASS,5.5,1,sem1_results,RES_S1_25881A6605_A9007,STU_25881A6605,SUB_1_A9007
25881A6605,PURI AKSHAY KUMAR,A,1,A9008,Engineering Physics Laboratory,A+,9.0,90.0,PASS,5.5,1,sem1_results,RES_S1_25881A6605_A9008,STU_25881A6605,SUB_1_A9008
25881A6605,PURI AKSHAY KUMAR,A,1,A9204,Basic Electrical Engineering,B,6.0,60.0,PASS,5.5,1,sem1_results,RES_S1_25881A6605_A9204,STU_25881A6605,SUB_1_A9204
25881A6605,PURI AKSHAY KUMAR,A,1,A9801,Foundations of Data Science,B,6.0,60.0,PASS,5.5,1,sem1_results,RES_S1_25881A6605_A9801,STU_25881A6605,SUB_1_A9801
25881A6605,PURI AKSHAY KUMAR,A,1,A9205,Basic Electrical Engineering Laboratory,A+,9.0,90.0,PASS,5.5,1,sem1_results,RES_S1_25881A6605_A9205,STU_25881A6605,SUB_1_A9205
25881A6606,TIPPARTHY AKSHAY,A,1,A9001,Matrices and Calculus,A+,9.0,90.0,PASS,7.3,0,sem1_results,RES_S1_25881A6606_A9001,STU_25881A6606,SUB_1_A9001
25881A6606,TIPPARTHY AKSHAY,A,1,A9501,Programming for Problem Solving,B,6.0,60.0,PASS,7.3,0,sem1_results,RES_S1_25881A6606_A9501,STU_25881A6606,SUB_1_A9501
25881A6606,TIPPARTHY AKSHAY,A,1,A9502,Programming for Problem Solving Laboratory,A,8.0,80.0,PASS,7.3,0,sem1_results,RES_S1_25881A6606_A9502,STU_25881A6606,SUB_1_A9502
25881A6606,TIPPARTHY AKSHAY,A,1,A9302,Engineering Workshop,O,10.0,100.0,PASS,7.3,0,sem1_results,RES_S1_25881A6606_A9302,STU_25881A6606,SUB_1_A9302
25881A6606,TIPPARTHY AKSHAY,A,1,A9021,Community Centered Design Thinking,A,8.0,80.0,PASS,7.3,0,sem1_results,RES_S1_25881A6606_A9021,STU_25881A6606,SUB_1_A9021
25881A6606,TIPPARTHY AKSHAY,A,1,A9007,Engineering Physics,C,5.0,50.0,PASS,7.3,0,sem1_results,RES_S1_25881A6606_A9007,STU_25881A6606,SUB_1_A9007
25881A6606,TIPPARTHY AKSHAY,A,1,A9008,Engineering Physics Laboratory,A+,9.0,90.0,PASS,7.3,0,sem1_results,RES_S1_25881A6606_A9008,STU_25881A6606,SUB_1_A9008
25881A6606,TIPPARTHY AKSHAY,A,1,A9204,Basic Electrical Engineering,B+,7.0,70.0,PASS,7.3,0,sem1_results,RES_S1_25881A6606_A9204,STU_25881A6606,SUB_1_A9204
25881A6606,TIPPARTHY AKSHAY,A,1,A9801,Foundations of Data Science,B,6.0,60.0,PASS,7.3,0,sem1_results,RES_S1_25881A6606_A9801,STU_25881A6606,SUB_1_A9801
25881A6606,TIPPARTHY AKSHAY,A,1,A9205,Basic Electrical Engineering Laboratory,O,10.0,100.0,PASS,7.3,0,sem1_results,RES_S1_25881A6606_A9205,STU_25881A6606,SUB_1_A9205
25881A6607,UYYALA AKSHAYA,A,1,A9001,Matrices and Calculus,B+,7.0,70.0,PASS,6.75,0,sem1_results,RES_S1_25881A6607_A9001,STU_25881A6607,SUB_1_A9001
25881A6607,UYYALA AKSHAYA,A,1,A9501,Programming for Problem Solving,C,5.0,50.0,PASS,6.75,0,sem1_results,RES_S1_25881A6607_A9501,STU_25881A6607,SUB_1_A9501
25881A6607,UYYALA AKSHAYA,A,1,A9502,Programming for Problem Solving Laboratory,A+,9.0,90.0,PASS,6.75,0,sem1_results,RES_S1_25881A6607_A9502,STU_25881A6607,SUB_1_A9502
25881A6607,UYYALA AKSHAYA,A,1,A9302,Engineering Workshop,A+,9.0,90.0,PASS,6.75,0,sem1_results,RES_S1_25881A6607_A9302,STU_25881A6607,SUB_1_A9302
25881A6607,UYYALA AKSHAYA,A,1,A9021,Community Centered Design Thinking,A,8.0,80.0,PASS,6.75,0,sem1_results,RES_S1_25881A6607_A9021,STU_25881A6607,SUB_1_A9021
25881A6607,UYYALA AKSHAYA,A,1,A9007,Engineering Physics,B,6.0,60.0,PASS,6.75,0,sem1_results,RES_S1_25881A6607_A9007,STU_25881A6607,SUB_1_A9007
25881A6607,UYYALA AKSHAYA,A,1,A9008,Engineering Physics Laboratory,A+,9.0,90.0,PASS,6.75,0,sem1_results,RES_S1_25881A6607_A9008,STU_25881A6607,SUB_1_A9008
25881A6607,UYYALA AKSHAYA,A,1,A9204,Basic Electrical Engineering,C,5.0,50.0,PASS,6.75,0,sem1_results,RES_S1_25881A6607_A9204,STU_25881A6607,SUB_1_A9204
25881A6607,UYYALA AKSHAYA,A,1,A9801,Foundations of Data Science,B+,7.0,70.0,PASS,6.75,0,sem1_results,RES_S1_25881A6607_A9801,STU_25881A6607,SUB_1_A9801
25881A6607,UYYALA AKSHAYA,A,1,A9205,Basic Electrical Engineering Laboratory,A,8.0,80.0,PASS,6.75,0,sem1_results,RES_S1_25881A6607_A9205,STU_25881A6607,SUB_1_A9205
25881A6608,SIRAMSETTI ANUSHA,A,1,A9001,Matrices and Calculus,O,10.0,100.0,PASS,9.5,0,sem1_results,RES_S1_25881A6608_A9001,STU_25881A6608,SUB_1_A9001
25881A6608,SIRAMSETTI ANUSHA,A,1,A9501,Programming for Problem Solving,A+,9.0,90.0,PASS,9.5,0,sem1_results,RES_S1_25881A6608_A9501,STU_25881A6608,SUB_1_A9501
25881A6608,SIRAMSETTI ANUSHA,A,1,A9502,Programming for Problem Solving Laboratory,O,10.0,100.0,PASS,9.5,0,sem1_results,RES_S1_25881A6608_A9502,STU_25881A6608,SUB_1_A9502
25881A6608,SIRAMSETTI ANUSHA,A,1,A9302,Engineering Workshop,O,10.0,100.0,PASS,9.5,0,sem1_results,RES_S1_25881A6608_A9302,STU_25881A6608,SUB_1_A9302
25881A6608,SIRAMSETTI ANUSHA,A,1,A9021,Community Centered Design Thinking,A+,9.0,90.0,PASS,9.5,0,sem1_results,RES_S1_25881A6608_A9021,STU_25881A6608,SUB_1_A9021
25881A6608,SIRAMSETTI ANUSHA,A,1,A9007,Engineering Physics,A+,9.0,90.0,PASS,9.5,0,sem1_results,RES_S1_25881A6608_A9007,STU_25881A6608,SUB_1_A9007
25881A6608,SIRAMSETTI ANUSHA,A,1,A9008,Engineering Physics Laboratory,O,10.0,100.0,PASS,9.5,0,sem1_results,RES_S1_25881A6608_A9008,STU_25881A6608,SUB_1_A9008
25881A6608,SIRAMSETTI ANUSHA,A,1,A9204,Basic Electrical Engineering,O,10.0,100.0,PASS,9.5,0,sem1_results,RES_S1_25881A6608_A9204,STU_25881A6608,SUB_1_A9204
25881A6608,SIRAMSETTI ANUSHA,A,1,A9801,Foundations of Data Science,A+,9.0,90.0,PASS,9.5,0,sem1_results,RES_S1_25881A6608_A9801,STU_25881A6608,SUB_1_A9801
25881A6608,SIRAMSETTI ANUSHA,A,1,A9205,Basic Electrical Engineering Laboratory,O,10.0,100.0,PASS,9.5,0,sem1_results,RES_S1_25881A6608_A9205,STU_25881A6608,SUB_1_A9205
25881A6609,BYRI CHANDAN KUMAR,A,1,A9001,Matrices and Calculus,A+,9.0,90.0,PASS,9.1,0,sem1_results,RES_S1_25881A6609_A9001,STU_25881A6609,SUB_1_A9001
25881A6609,BYRI CHANDAN KUMAR,A,1,A9501,Programming for Problem Solving,A,8.0,80.0,PASS,9.1,0,sem1_results,RES_S1_25881A6609_A9501,STU_25881A6609,SUB_1_A9501
25881A6609,BYRI CHANDAN KUMAR,A,1,A9502,Programming for Problem Solving Laboratory,A+,9.0,90.0,PASS,9.1,0,sem1_results,RES_S1_25881A6609_A9502,STU_25881A6609,SUB_1_A9502
25881A6609,BYRI CHANDAN KUMAR,A,1,A9302,Engineering Workshop,A+,9.0,90.0,PASS,9.1,0,sem1_results,RES_S1_25881A6609_A9302,STU_25881A6609,SUB_1_A9302
25881A6609,BYRI CHANDAN KUMAR,A,1,A9021,Community Centered Design Thinking,A,8.0,80.0,PASS,9.1,0,sem1_results,RES_S1_25881A6609_A9021,STU_25881A6609,SUB_1_A9021
25881A6609,BYRI CHANDAN KUMAR,A,1,A9007,Engineering Physics,O,10.0,100.0,PASS,9.1,0,sem1_results,RES_S1_25881A6609_A9007,STU_25881A6609,SUB_1_A9007
25881A6609,BYRI CHANDAN KUMAR,A,1,A9008,Engineering Physics Laboratory,O,10.0,100.0,PASS,9.1,0,sem1_results,RES_S1_25881A6609_A9008,STU_25881A6609,SUB_1_A9008
25881A6609,BYRI CHANDAN KUMAR,A,1,A9204,Basic Electrical Engineering,O,10.0,100.0,PASS,9.1,0,sem1_results,RES_S1_25881A6609_A9204,STU_25881A6609,SUB_1_A9204
25881A6609,BYRI CHANDAN KUMAR,A,1,A9801,Foundations of Data Science,A+,9.0,90.0,PASS,9.1,0,sem1_results,RES_S1_25881A6609_A9801,STU_25881A6609,SUB_1_A9801
25881A6609,BYRI CHANDAN KUMAR,A,1,A9205,Basic Electrical Engineering Laboratory,A+,9.0,90.0,PASS,9.1,0,sem1_results,RES_S1_25881A6609_A9205,STU_25881A6609,SUB_1_A9205
25881A6610,V DEEKSHITH REDDY,A,1,A9001,Matrices and Calculus,O,10.0,100.0,PASS,8.6,0,sem1_results,RES_S1_25881A6610_A9001,STU_25881A6610,SUB_1_A9001
25881A6610,V DEEKSHITH REDDY,A,1,A9501,Programming for Problem Solving,B,6.0,60.0,PASS,8.6,0,sem1_results,RES_S1_25881A6610_A9501,STU_25881A6610,SUB_1_A9501
25881A6610,V DEEKSHITH REDDY,A,1,A9502,Programming for Problem Solving Laboratory,B+,7.0,70.0,PASS,8.6,0,sem1_results,RES_S1_25881A6610_A9502,STU_25881A6610,SUB_1_A9502
25881A6610,V DEEKSHITH REDDY,A,1,A9302,Engineering Workshop,A+,9.0,90.0,PASS,8.6,0,sem1_results,RES_S1_25881A6610_A9302,STU_25881A6610,SUB_1_A9302
25881A6610,V DEEKSHITH REDDY,A,1,A9021,Community Centered Design Thinking,A+,9.0,90.0,PASS,8.6,0,sem1_results,RES_S1_25881A6610_A9021,STU_25881A6610,SUB_1_A9021
25881A6610,V DEEKSHITH REDDY,A,1,A9007,Engineering Physics,A+,9.0,90.0,PASS,8.6,0,sem1_results,RES_S1_25881A6610_A9007,STU_25881A6610,SUB_1_A9007
25881A6610,V DEEKSHITH REDDY,A,1,A9008,Engineering Physics Laboratory,O,10.0,100.0,PASS,8.6,0,sem1_results,RES_S1_25881A6610_A9008,STU_25881A6610,SUB_1_A9008
25881A6610,V DEEKSHITH REDDY,A,1,A9204,Basic Electrical Engineering,A+,9.0,90.0,PASS,8.6,0,sem1_results,RES_S1_25881A6610_A9204,STU_25881A6610,SUB_1_A9204
25881A6610,V DEEKSHITH REDDY,A,1,A9801,Foundations of Data Science,A,8.0,80.0,PASS,8.6,0,sem1_results,RES_S1_25881A6610_A9801,STU_25881A6610,SUB_1_A9801
25881A6610,V DEEKSHITH REDDY,A,1,A9205,Basic Electrical Engineering Laboratory,O,10.0,100.0,PASS,8.6,0,sem1_results,RES_S1_25881A6610_A9205,STU_25881A6610,SUB_1_A9205
25881A6611,NERELLA DEEPIKA,A,1,A9001,Matrices and Calculus,O,10.0,100.0,PASS,9.5,0,sem1_results,RES_S1_25881A6611_A9001,STU_25881A6611,SUB_1_A9001
25881A6611,NERELLA DEEPIKA,A,1,A9501,Programming for Problem Solving,A,8.0,80.0,PASS,9.5,0,sem1_results,RES_S1_25881A6611_A9501,STU_25881A6611,SUB_1_A9501
25881A6611,NERELLA DEEPIKA,A,1,A9502,Programming for Problem Solving Laboratory,A,8.0,80.0,PASS,9.5,0,sem1_results,RES_S1_25881A6611_A9502,STU_25881A6611,SUB_1_A9502
25881A6611,NERELLA DEEPIKA,A,1,A9302,Engineering Workshop,O,10.0,100.0,PASS,9.5,0,sem1_results,RES_S1_25881A6611_A9302,STU_25881A6611,SUB_1_A9302
25881A6611,NERELLA DEEPIKA,A,1,A9021,Community Centered Design Thinking,A,8.0,80.0,PASS,9.5,0,sem1_results,RES_S1_25881A6611_A9021,STU_25881A6611,SUB_1_A9021
25881A6611,NERELLA DEEPIKA,A,1,A9007,Engineering Physics,O,10.0,100.0,PASS,9.5,0,sem1_results,RES_S1_25881A6611_A9007,STU_25881A6611,SUB_1_A9007
25881A6611,NERELLA DEEPIKA,A,1,A9008,Engineering Physics Laboratory,O,10.0,100.0,PASS,9.5,0,sem1_results,RES_S1_25881A6611_A9008,STU_25881A6611,SUB_1_A9008
25881A6611,NERELLA DEEPIKA,A,1,A9204,Basic Electrical Engineering,O,10.0,100.0,PASS,9.5,0,sem1_results,RES_S1_25881A6611_A9204,STU_25881A6611,SUB_1_A9204
25881A6611,NERELLA DEEPIKA,A,1,A9801,Foundations of Data Science,O,10.0,100.0,PASS,9.5,0,sem1_results,RES_S1_25881A6611_A9801,STU_25881A6611,SUB_1_A9801
25881A6611,NERELLA DEEPIKA,A,1,A9205,Basic Electrical Engineering Laboratory,O,10.0,100.0,PASS,9.5,0,sem1_results,RES_S1_25881A6611_A9205,STU_25881A6611,SUB_1_A9205
25881A6612,THUMU ESWAR,A,1,A9001,Matrices and Calculus,B+,7.0,70.0,PASS,4.45,3,sem1_results,RES_S1_25881A6612_A9001,STU_25881A6612,SUB_1_A9001
25881A6612,THUMU ESWAR,A,1,A9501,Programming for Problem Solving,F,0.0,0.0,FAIL,4.45,3,sem1_results,RES_S1_25881A6612_A9501,STU_25881A6612,SUB_1_A9501
25881A6612,THUMU ESWAR,A,1,A9502,Programming for Problem Solving Laboratory,B+,7.0,70.0,PASS,4.45,3,sem1_results,RES_S1_25881A6612_A9502,STU_25881A6612,SUB_1_A9502
25881A6612,THUMU ESWAR,A,1,A9302,Engineering Workshop,O,10.0,100.0,PASS,4.45,3,sem1_results,RES_S1_25881A6612_A9302,STU_25881A6612,SUB_1_A9302
25881A6612,THUMU ESWAR,A,1,A9021,Community Centered Design Thinking,A,8.0,80.0,PASS,4.45,3,sem1_results,RES_S1_25881A6612_A9021,STU_25881A6612,SUB_1_A9021
25881A6612,THUMU ESWAR,A,1,A9007,Engineering Physics,F,0.0,0.0,FAIL,4.45,3,sem1_results,RES_S1_25881A6612_A9007,STU_25881A6612,SUB_1_A9007
25881A6612,THUMU ESWAR,A,1,A9008,Engineering Physics Laboratory,B+,7.0,70.0,PASS,4.45,3,sem1_results,RES_S1_25881A6612_A9008,STU_25881A6612,SUB_1_A9008
25881A6612,THUMU ESWAR,A,1,A9204,Basic Electrical Engineering,F,0.0,0.0,FAIL,4.45,3,sem1_results,RES_S1_25881A6612_A9204,STU_25881A6612,SUB_1_A9204
25881A6612,THUMU ESWAR,A,1,A9801,Foundations of Data Science,B+,7.0,70.0,PASS,4.45,3,sem1_results,RES_S1_25881A6612_A9801,STU_25881A6612,SUB_1_A9801
25881A6612,THUMU ESWAR,A,1,A9205,Basic Electrical Engineering Laboratory,A,8.0,80.0,PASS,4.45,3,sem1_results,RES_S1_25881A6612_A9205,STU_25881A6612,SUB_1_A9205
25881A6613,GUNDALA GOURI PRIYA,A,1,A9001,Matrices and Calculus,O,10.0,100.0,PASS,9.05,0,sem1_results,RES_S1_25881A6613_A9001,STU_25881A6613,SUB_1_A9001
25881A6613,GUNDALA GOURI PRIYA,A,1,A9501,Programming for Problem Solving,A,8.0,80.0,PASS,9.05,0,sem1_results,RES_S1_25881A6613_A9501,STU_25881A6613,SUB_1_A9501
25881A6613,GUNDALA GOURI PRIYA,A,1,A9502,Programming for Problem Solving Laboratory,O,10.0,100.0,PASS,9.05,0,sem1_results,RES_S1_25881A6613_A9502,STU_25881A6613,SUB_1_A9502
25881A6613,GUNDALA GOURI PRIYA,A,1,A9302,Engineering Workshop,A+,9.0,90.0,PASS,9.05,0,sem1_results,RES_S1_25881A6613_A9302,STU_25881A6613,SUB_1_A9302
25881A6613,GUNDALA GOURI PRIYA,A,1,A9021,Community Centered Design Thinking,O,10.0,100.0,PASS,9.05,0,sem1_results,RES_S1_25881A6613_A9021,STU_25881A6613,SUB_1_A9021
25881A6613,GUNDALA GOURI PRIYA,A,1,A9007,Engineering Physics,A,8.0,80.0,PASS,9.05,0,sem1_results,RES_S1_25881A6613_A9007,STU_25881A6613,SUB_1_A9007
25881A6613,GUNDALA GOURI PRIYA,A,1,A9008,Engineering Physics Laboratory,O,10.0,100.0,PASS,9.05,0,sem1_results,RES_S1_25881A6613_A9008,STU_25881A6613,SUB_1_A9008
25881A6613,GUNDALA GOURI PRIYA,A,1,A9204,Basic Electrical Engineering,O,10.0,100.0,PASS,9.05,0,sem1_results,RES_S1_25881A6613_A9204,STU_25881A6613,SUB_1_A9204
25881A6613,GUNDALA GOURI PRIYA,A,1,A9801,Foundations of Data Science,A,8.0,80.0,PASS,9.05,0,sem1_results,RES_S1_25881A6613_A9801,STU_25881A6613,SUB_1_A9801
25881A6613,GUNDALA GOURI PRIYA,A,1,A9205,Basic Electrical Engineering Laboratory,O,10.0,100.0,PASS,9.05,0,sem1_results,RES_S1_25881A6613_A9205,STU_25881A6613,SUB_1_A9205
25881A6614,THOKALA GOUTHAM REDDY,A,1,A9001,Matrices and Calculus,B+,7.0,70.0,PASS,7.25,0,sem1_results,RES_S1_25881A6614_A9001,STU_25881A6614,SUB_1_A9001
25881A6614,THOKALA GOUTHAM REDDY,A,1,A9501,Programming for Problem Solving,C,5.0,50.0,PASS,7.25,0,sem1_results,RES_S1_25881A6614_A9501,STU_25881A6614,SUB_1_A9501
25881A6614,THOKALA GOUTHAM REDDY,A,1,A9502,Programming for Problem Solving Laboratory,A+,9.0,90.0,PASS,7.25,0,sem1_results,RES_S1_25881A6614_A9502,STU_25881A6614,SUB_1_A9502
25881A6614,THOKALA GOUTHAM REDDY,A,1,A9302,Engineering Workshop,A+,9.0,90.0,PASS,7.25,0,sem1_results,RES_S1_25881A6614_A9302,STU_25881A6614,SUB_1_A9302
25881A6614,THOKALA GOUTHAM REDDY,A,1,A9021,Community Centered Design Thinking,O,10.0,100.0,PASS,7.25,0,sem1_results,RES_S1_25881A6614_A9021,STU_25881A6614,SUB_1_A9021
25881A6614,THOKALA GOUTHAM REDDY,A,1,A9007,Engineering Physics,B+,7.0,70.0,PASS,7.25,0,sem1_results,RES_S1_25881A6614_A9007,STU_25881A6614,SUB_1_A9007
25881A6614,THOKALA GOUTHAM REDDY,A,1,A9008,Engineering Physics Laboratory,A+,9.0,90.0,PASS,7.25,0,sem1_results,RES_S1_25881A6614_A9008,STU_25881A6614,SUB_1_A9008
25881A6614,THOKALA GOUTHAM REDDY,A,1,A9204,Basic Electrical Engineering,B+,7.0,70.0,PASS,7.25,0,sem1_results,RES_S1_25881A6614_A9204,STU_25881A6614,SUB_1_A9204
25881A6614,THOKALA GOUTHAM REDDY,A,1,A9801,Foundations of Data Science,B+,7.0,70.0,PASS,7.25,0,sem1_results,RES_S1_25881A6614_A9801,STU_25881A6614,SUB_1_A9801
25881A6614,THOKALA GOUTHAM REDDY,A,1,A9205,Basic Electrical Engineering Laboratory,A+,9.0,90.0,PASS,7.25,0,sem1_results,RES_S1_25881A6614_A9205,STU_25881A6614,SUB_1_A9205
25881A6615,K HARI HARA VARDHAN GOUD,A,1,A9001,Matrices and Calculus,C,5.0,50.0,PASS,6.95,0,sem1_results,RES_S1_25881A6615_A9001,STU_25881A6615,SUB_1_A9001
25881A6615,K HARI HARA VARDHAN GOUD,A,1,A9501,Programming for Problem Solving,B+,7.0,70.0,PASS,6.95,0,sem1_results,RES_S1_25881A6615_A9501,STU_25881A6615,SUB_1_A9501
25881A6615,K HARI HARA VARDHAN GOUD,A,1,A9502,Programming for Problem Solving Laboratory,B,6.0,60.0,PASS,6.95,0,sem1_results,RES_S1_25881A6615_A9502,STU_25881A6615,SUB_1_A9502
25881A6615,K HARI HARA VARDHAN GOUD,A,1,A9302,Engineering Workshop,A+,9.0,90.0,PASS,6.95,0,sem1_results,RES_S1_25881A6615_A9302,STU_25881A6615,SUB_1_A9302
25881A6615,K HARI HARA VARDHAN GOUD,A,1,A9021,Community Centered Design Thinking,A+,9.0,90.0,PASS,6.95,0,sem1_results,RES_S1_25881A6615_A9021,STU_25881A6615,SUB_1_A9021
25881A6615,K HARI HARA VARDHAN GOUD,A,1,A9007,Engineering Physics,B+,7.0,70.0,PASS,6.95,0,sem1_results,RES_S1_25881A6615_A9007,STU_25881A6615,SUB_1_A9007
25881A6615,K HARI HARA VARDHAN GOUD,A,1,A9008,Engineering Physics Laboratory,A+,9.0,90.0,PASS,6.95,0,sem1_results,RES_S1_25881A6615_A9008,STU_25881A6615,SUB_1_A9008
25881A6615,K HARI HARA VARDHAN GOUD,A,1,A9204,Basic Electrical Engineering,B+,7.0,70.0,PASS,6.95,0,sem1_results,RES_S1_25881A6615_A9204,STU_25881A6615,SUB_1_A9204
25881A6615,K HARI HARA VARDHAN GOUD,A,1,A9801,Foundations of Data Science,B+,7.0,70.0,PASS,6.95,0,sem1_results,RES_S1_25881A6615_A9801,STU_25881A6615,SUB_1_A9801
25881A6615,K HARI HARA VARDHAN GOUD,A,1,A9205,Basic Electrical Engineering Laboratory,A+,9.0,90.0,PASS,6.95,0,sem1_results,RES_S1_25881A6615_A9205,STU_25881A6615,SUB_1_A9205
25881A6616,RAPARTHI HARI CHARAN,A,1,A9001,Matrices and Calculus,B,6.0,60.0,PASS,4.7,2,sem1_results,RES_S1_25881A6616_A9001,STU_25881A6616,SUB_1_A9001
25881A6616,RAPARTHI HARI CHARAN,A,1,A9501,Programming for Problem Solving,F,0.0,0.0,FAIL,4.7,2,sem1_results,RES_S1_25881A6616_A9501,STU_25881A6616,SUB_1_A9501
25881A6616,RAPARTHI HARI CHARAN,A,1,A9502,Programming for Problem Solving Laboratory,B+,7.0,70.0,PASS,4.7,2,sem1_results,RES_S1_25881A6616_A9502,STU_25881A6616,SUB_1_A9502
25881A6616,RAPARTHI HARI CHARAN,A,1,A9302,Engineering Workshop,A,8.0,80.0,PASS,4.7,2,sem1_results,RES_S1_25881A6616_A9302,STU_25881A6616,SUB_1_A9302
25881A6616,RAPARTHI HARI CHARAN,A,1,A9021,Community Centered Design Thinking,A,8.0,80.0,PASS,4.7,2,sem1_results,RES_S1_25881A6616_A9021,STU_25881A6616,SUB_1_A9021
25881A6616,RAPARTHI HARI CHARAN,A,1,A9007,Engineering Physics,C,5.0,50.0,PASS,4.7,2,sem1_results,RES_S1_25881A6616_A9007,STU_25881A6616,SUB_1_A9007
25881A6616,RAPARTHI HARI CHARAN,A,1,A9008,Engineering Physics Laboratory,B+,7.0,70.0,PASS,4.7,2,sem1_results,RES_S1_25881A6616_A9008,STU_25881A6616,SUB_1_A9008
25881A6616,RAPARTHI HARI CHARAN,A,1,A9204,Basic Electrical Engineering,F,0.0,0.0,FAIL,4.7,2,sem1_results,RES_S1_25881A6616_A9204,STU_25881A6616,SUB_1_A9204
25881A6616,RAPARTHI HARI CHARAN,A,1,A9801,Foundations of Data Science,B,6.0,60.0,PASS,4.7,2,sem1_results,RES_S1_25881A6616_A9801,STU_25881A6616,SUB_1_A9801
25881A6616,RAPARTHI HARI CHARAN,A,1,A9205,Basic Electrical Engineering Laboratory,B+,7.0,70.0,PASS,4.7,2,sem1_results,RES_S1_25881A6616_A9205,STU_25881A6616,SUB_1_A9205
25881A6617,SAGRLA HARIKA,A,1,A9001,Matrices and Calculus,A,8.0,80.0,PASS,7.95,0,sem1_results,RES_S1_25881A6617_A9001,STU_25881A6617,SUB_1_A9001
25881A6617,SAGRLA HARIKA,A,1,A9501,Programming for Problem Solving,B,6.0,60.0,PASS,7.95,0,sem1_results,RES_S1_25881A6617_A9501,STU_25881A6617,SUB_1_A9501
25881A6617,SAGRLA HARIKA,A,1,A9502,Programming for Problem Solving Laboratory,B,6.0,60.0,PASS,7.95,0,sem1_results,RES_S1_25881A6617_A9502,STU_25881A6617,SUB_1_A9502
25881A6617,SAGRLA HARIKA,A,1,A9302,Engineering Workshop,A+,9.0,90.0,PASS,7.95,0,sem1_results,RES_S1_25881A6617_A9302,STU_25881A6617,SUB_1_A9302
25881A6617,SAGRLA HARIKA,A,1,A9021,Community Centered Design Thinking,A,8.0,80.0,PASS,7.95,0,sem1_results,RES_S1_25881A6617_A9021,STU_25881A6617,SUB_1_A9021
25881A6617,SAGRLA HARIKA,A,1,A9007,Engineering Physics,A,8.0,80.0,PASS,7.95,0,sem1_results,RES_S1_25881A6617_A9007,STU_25881A6617,SUB_1_A9007
25881A6617,SAGRLA HARIKA,A,1,A9008,Engineering Physics Laboratory,O,10.0,100.0,PASS,7.95,0,sem1_results,RES_S1_25881A6617_A9008,STU_25881A6617,SUB_1_A9008
25881A6617,SAGRLA HARIKA,A,1,A9204,Basic Electrical Engineering,A+,9.0,90.0,PASS,7.95,0,sem1_results,RES_S1_25881A6617_A9204,STU_25881A6617,SUB_1_A9204
25881A6617,SAGRLA HARIKA,A,1,A9801,Foundations of Data Science,A,8.0,80.0,PASS,7.95,0,sem1_results,RES_S1_25881A6617_A9801,STU_25881A6617,SUB_1_A9801
25881A6617,SAGRLA HARIKA,A,1,A9205,Basic Electrical Engineering Laboratory,O,10.0,100.0,PASS,7.95,0,sem1_results,RES_S1_25881A6617_A9205,STU_25881A6617,SUB_1_A9205
25881A6618,HARIKA DAVUPATI,A,1,A9001,Matrices and Calculus,B+,7.0,70.0,PASS,7.3,0,sem1_results,RES_S1_25881A6618_A9001,STU_25881A6618,SUB_1_A9001
25881A6618,HARIKA DAVUPATI,A,1,A9501,Programming for Problem Solving,B,6.0,60.0,PASS,7.3,0,sem1_results,RES_S1_25881A6618_A9501,STU_25881A6618,SUB_1_A9501
25881A6618,HARIKA DAVUPATI,A,1,A9502,Programming for Problem Solving Laboratory,B+,7.0,70.0,PASS,7.3,0,sem1_results,RES_S1_25881A6618_A9502,STU_25881A6618,SUB_1_A9502
25881A6618,HARIKA DAVUPATI,A,1,A9302,Engineering Workshop,O,10.0,100.0,PASS,7.3,0,sem1_results,RES_S1_25881A6618_A9302,STU_25881A6618,SUB_1_A9302
25881A6618,HARIKA DAVUPATI,A,1,A9021,Community Centered Design Thinking,A+,9.0,90.0,PASS,7.3,0,sem1_results,RES_S1_25881A6618_A9021,STU_25881A6618,SUB_1_A9021
25881A6618,HARIKA DAVUPATI,A,1,A9007,Engineering Physics,B,6.0,60.0,PASS,7.3,0,sem1_results,RES_S1_25881A6618_A9007,STU_25881A6618,SUB_1_A9007
25881A6618,HARIKA DAVUPATI,A,1,A9008,Engineering Physics Laboratory,A+,9.0,90.0,PASS,7.3,0,sem1_results,RES_S1_25881A6618_A9008,STU_25881A6618,SUB_1_A9008
25881A6618,HARIKA DAVUPATI,A,1,A9204,Basic Electrical Engineering,B+,7.0,70.0,PASS,7.3,0,sem1_results,RES_S1_25881A6618_A9204,STU_25881A6618,SUB_1_A9204
25881A6618,HARIKA DAVUPATI,A,1,A9801,Foundations of Data Science,A,8.0,80.0,PASS,7.3,0,sem1_results,RES_S1_25881A6618_A9801,STU_25881A6618,SUB_1_A9801
25881A6618,HARIKA DAVUPATI,A,1,A9205,Basic Electrical Engineering Laboratory,A+,9.0,90.0,PASS,7.3,0,sem1_results,RES_S1_25881A6618_A9205,STU_25881A6618,SUB_1_A9205
25881A6619,ABDUL HASEEB AHMED,A,1,A9001,Matrices and Calculus,B+,7.0,70.0,PASS,7.7,0,sem1_results,RES_S1_25881A6619_A9001,STU_25881A6619,SUB_1_A9001
25881A6619,ABDUL HASEEB AHMED,A,1,A9501,Programming for Problem Solving,B,6.0,60.0,PASS,7.7,0,sem1_results,RES_S1_25881A6619_A9501,STU_25881A6619,SUB_1_A9501
25881A6619,ABDUL HASEEB AHMED,A,1,A9502,Programming for Problem Solving Laboratory,B+,7.0,70.0,PASS,7.7,0,sem1_results,RES_S1_25881A6619_A9502,STU_25881A6619,SUB_1_A9502
25881A6619,ABDUL HASEEB AHMED,A,1,A9302,Engineering Workshop,A+,9.0,90.0,PASS,7.7,0,sem1_results,RES_S1_25881A6619_A9302,STU_25881A6619,SUB_1_A9302
25881A6619,ABDUL HASEEB AHMED,A,1,A9021,Community Centered Design Thinking,A,8.0,80.0,PASS,7.7,0,sem1_results,RES_S1_25881A6619_A9021,STU_25881A6619,SUB_1_A9021
25881A6619,ABDUL HASEEB AHMED,A,1,A9007,Engineering Physics,A,8.0,80.0,PASS,7.7,0,sem1_results,RES_S1_25881A6619_A9007,STU_25881A6619,SUB_1_A9007
25881A6619,ABDUL HASEEB AHMED,A,1,A9008,Engineering Physics Laboratory,O,10.0,100.0,PASS,7.7,0,sem1_results,RES_S1_25881A6619_A9008,STU_25881A6619,SUB_1_A9008
25881A6619,ABDUL HASEEB AHMED,A,1,A9204,Basic Electrical Engineering,B+,7.0,70.0,PASS,7.7,0,sem1_results,RES_S1_25881A6619_A9204,STU_25881A6619,SUB_1_A9204
25881A6619,ABDUL HASEEB AHMED,A,1,A9801,Foundations of Data Science,A+,9.0,90.0,PASS,7.7,0,sem1_results,RES_S1_25881A6619_A9801,STU_25881A6619,SUB_1_A9801
25881A6619,ABDUL HASEEB AHMED,A,1,A9205,Basic Electrical Engineering Laboratory,A+,9.0,90.0,PASS,7.7,0,sem1_results,RES_S1_25881A6619_A9205,STU_25881A6619,SUB_1_A9205
25881A6620,KUNTA JASHWANTH,A,1,A9001,Matrices and Calculus,O,10.0,100.0,PASS,8.65,0,sem1_results,RES_S1_25881A6620_A9001,STU_25881A6620,SUB_1_A9001
25881A6620,KUNTA JASHWANTH,A,1,A9501,Programming for Problem Solving,A,8.0,80.0,PASS,8.65,0,sem1_results,RES_S1_25881A6620_A9501,STU_25881A6620,SUB_1_A9501
25881A6620,KUNTA JASHWANTH,A,1,A9502,Programming for Problem Solving Laboratory,A+,9.0,90.0,PASS,8.65,0,sem1_results,RES_S1_25881A6620_A9502,STU_25881A6620,SUB_1_A9502
25881A6620,KUNTA JASHWANTH,A,1,A9302,Engineering Workshop,A+,9.0,90.0,PASS,8.65,0,sem1_results,RES_S1_25881A6620_A9302,STU_25881A6620,SUB_1_A9302
25881A6620,KUNTA JASHWANTH,A,1,A9021,Community Centered Design Thinking,A,8.0,80.0,PASS,8.65,0,sem1_results,RES_S1_25881A6620_A9021,STU_25881A6620,SUB_1_A9021
25881A6620,KUNTA JASHWANTH,A,1,A9007,Engineering Physics,A,8.0,80.0,PASS,8.65,0,sem1_results,RES_S1_25881A6620_A9007,STU_25881A6620,SUB_1_A9007
25881A6620,KUNTA JASHWANTH,A,1,A9008,Engineering Physics Laboratory,O,10.0,100.0,PASS,8.65,0,sem1_results,RES_S1_25881A6620_A9008,STU_25881A6620,SUB_1_A9008
25881A6620,KUNTA JASHWANTH,A,1,A9204,Basic Electrical Engineering,A+,9.0,90.0,PASS,8.65,0,sem1_results,RES_S1_25881A6620_A9204,STU_25881A6620,SUB_1_A9204
25881A6620,KUNTA JASHWANTH,A,1,A9801,Foundations of Data Science,B+,7.0,70.0,PASS,8.65,0,sem1_results,RES_S1_25881A6620_A9801,STU_25881A6620,SUB_1_A9801
25881A6620,KUNTA JASHWANTH,A,1,A9205,Basic Electrical Engineering Laboratory,O,10.0,100.0,PASS,8.65,0,sem1_results,RES_S1_25881A6620_A9205,STU_25881A6620,SUB_1_A9205
25881A6621,MADAGANI JASHWANTH,A,1,A9001,Matrices and Calculus,B,6.0,60.0,PASS,4.55,2,sem1_results,RES_S1_25881A6621_A9001,STU_25881A6621,SUB_1_A9001
25881A6621,MADAGANI JASHWANTH,A,1,A9501,Programming for Problem Solving,F,0.0,0.0,FAIL,4.55,2,sem1_results,RES_S1_25881A6621_A9501,STU_25881A6621,SUB_1_A9501
25881A6621,MADAGANI JASHWANTH,A,1,A9502,Programming for Problem Solving Laboratory,B,6.0,60.0,PASS,4.55,2,sem1_results,RES_S1_25881A6621_A9502,STU_25881A6621,SUB_1_A9502
25881A6621,MADAGANI JASHWANTH,A,1,A9302,Engineering Workshop,A+,9.0,90.0,PASS,4.55,2,sem1_results,RES_S1_25881A6621_A9302,STU_25881A6621,SUB_1_A9302
25881A6621,MADAGANI JASHWANTH,A,1,A9021,Community Centered Design Thinking,A,8.0,80.0,PASS,4.55,2,sem1_results,RES_S1_25881A6621_A9021,STU_25881A6621,SUB_1_A9021
25881A6621,MADAGANI JASHWANTH,A,1,A9007,Engineering Physics,F,0.0,0.0,FAIL,4.55,2,sem1_results,RES_S1_25881A6621_A9007,STU_25881A6621,SUB_1_A9007
25881A6621,MADAGANI JASHWANTH,A,1,A9008,Engineering Physics Laboratory,A+,9.0,90.0,PASS,4.55,2,sem1_results,RES_S1_25881A6621_A9008,STU_25881A6621,SUB_1_A9008
25881A6621,MADAGANI JASHWANTH,A,1,A9204,Basic Electrical Engineering,C,5.0,50.0,PASS,4.55,2,sem1_results,RES_S1_25881A6621_A9204,STU_25881A6621,SUB_1_A9204
25881A6621,MADAGANI JASHWANTH,A,1,A9801,Foundations of Data Science,B,6.0,60.0,PASS,4.55,2,sem1_results,RES_S1_25881A6621_A9801,STU_25881A6621,SUB_1_A9801
25881A6621,MADAGANI JASHWANTH,A,1,A9205,Basic Electrical Engineering Laboratory,B+,7.0,70.0,PASS,4.55,2,sem1_results,RES_S1_25881A6621_A9205,STU_25881A6621,SUB_1_A9205
25881A6622,PENDYALA JESHWANTH,A,1,A9001,Matrices and Calculus,F,0.0,0.0,FAIL,1.75,5,sem1_results,RES_S1_25881A6622_A9001,STU_25881A6622,SUB_1_A9001
25881A6622,PENDYALA JESHWANTH,A,1,A9501,Programming for Problem Solving,F,0.0,0.0,FAIL,1.75,5,sem1_results,RES_S1_25881A6622_A9501,STU_25881A6622,SUB_1_A9501
25881A6622,PENDYALA JESHWANTH,A,1,A9502,Programming for Problem Solving Laboratory,C,5.0,50.0,PASS,1.75,5,sem1_results,RES_S1_25881A6622_A9502,STU_25881A6622,SUB_1_A9502
25881A6622,PENDYALA JESHWANTH,A,1,A9302,Engineering Workshop,A,8.0,80.0,PASS,1.75,5,sem1_results,RES_S1_25881A6622_A9302,STU_25881A6622,SUB_1_A9302
25881A6622,PENDYALA JESHWANTH,A,1,A9021,Community Centered Design Thinking,B+,7.0,70.0,PASS,1.75,5,sem1_results,RES_S1_25881A6622_A9021,STU_25881A6622,SUB_1_A9021
25881A6622,PENDYALA JESHWANTH,A,1,A9007,Engineering Physics,F,0.0,0.0,FAIL,1.75,5,sem1_results,RES_S1_25881A6622_A9007,STU_25881A6622,SUB_1_A9007
25881A6622,PENDYALA JESHWANTH,A,1,A9008,Engineering Physics Laboratory,B+,7.0,70.0,PASS,1.75,5,sem1_results,RES_S1_25881A6622_A9008,STU_25881A6622,SUB_1_A9008
25881A6622,PENDYALA JESHWANTH,A,1,A9204,Basic Electrical Engineering,F,0.0,0.0,FAIL,1.75,5,sem1_results,RES_S1_25881A6622_A9204,STU_25881A6622,SUB_1_A9204
25881A6622,PENDYALA JESHWANTH,A,1,A9801,Foundations of Data Science,F,0.0,0.0,FAIL,1.75,5,sem1_results,RES_S1_25881A6622_A9801,STU_25881A6622,SUB_1_A9801
25881A6622,PENDYALA JESHWANTH,A,1,A9205,Basic Electrical Engineering Laboratory,A,8.0,80.0,PASS,1.75,5,sem1_results,RES_S1_25881A6622_A9205,STU_25881A6622,SUB_1_A9205
25881A6623,MANDHA LAKSHMIKAR REDDY,A,1,A9001,Matrices and Calculus,A+,9.0,90.0,PASS,9.05,0,sem1_results,RES_S1_25881A6623_A9001,STU_25881A6623,SUB_1_A9001
25881A6623,MANDHA LAKSHMIKAR REDDY,A,1,A9501,Programming for Problem Solving,B+,7.0,70.0,PASS,9.05,0,sem1_results,RES_S1_25881A6623_A9501,STU_25881A6623,SUB_1_A9501
25881A6623,MANDHA LAKSHMIKAR REDDY,A,1,A9502,Programming for Problem Solving Laboratory,O,10.0,100.0,PASS,9.05,0,sem1_results,RES_S1_25881A6623_A9502,STU_25881A6623,SUB_1_A9502
25881A6623,MANDHA LAKSHMIKAR REDDY,A,1,A9302,Engineering Workshop,O,10.0,100.0,PASS,9.05,0,sem1_results,RES_S1_25881A6623_A9302,STU_25881A6623,SUB_1_A9302
25881A6623,MANDHA LAKSHMIKAR REDDY,A,1,A9021,Community Centered Design Thinking,O,10.0,100.0,PASS,9.05,0,sem1_results,RES_S1_25881A6623_A9021,STU_25881A6623,SUB_1_A9021
25881A6623,MANDHA LAKSHMIKAR REDDY,A,1,A9007,Engineering Physics,A+,9.0,90.0,PASS,9.05,0,sem1_results,RES_S1_25881A6623_A9007,STU_25881A6623,SUB_1_A9007
25881A6623,MANDHA LAKSHMIKAR REDDY,A,1,A9008,Engineering Physics Laboratory,O,10.0,100.0,PASS,9.05,0,sem1_results,RES_S1_25881A6623_A9008,STU_25881A6623,SUB_1_A9008
25881A6623,MANDHA LAKSHMIKAR REDDY,A,1,A9204,Basic Electrical Engineering,O,10.0,100.0,PASS,9.05,0,sem1_results,RES_S1_25881A6623_A9204,STU_25881A6623,SUB_1_A9204
25881A6623,MANDHA LAKSHMIKAR REDDY,A,1,A9801,Foundations of Data Science,A+,9.0,90.0,PASS,9.05,0,sem1_results,RES_S1_25881A6623_A9801,STU_25881A6623,SUB_1_A9801
25881A6623,MANDHA LAKSHMIKAR REDDY,A,1,A9205,Basic Electrical Engineering Laboratory,O,10.0,100.0,PASS,9.05,0,sem1_results,RES_S1_25881A6623_A9205,STU_25881A6623,SUB_1_A9205
25881A6624,K LOKESH,A,1,A9001,Matrices and Calculus,O,10.0,100.0,PASS,9.5,0,sem1_results,RES_S1_25881A6624_A9001,STU_25881A6624,SUB_1_A9001
25881A6624,K LOKESH,A,1,A9501,Programming for Problem Solving,A+,9.0,90.0,PASS,9.5,0,sem1_results,RES_S1_25881A6624_A9501,STU_25881A6624,SUB_1_A9501
25881A6624,K LOKESH,A,1,A9502,Programming for Problem Solving Laboratory,O,10.0,100.0,PASS,9.5,0,sem1_results,RES_S1_25881A6624_A9502,STU_25881A6624,SUB_1_A9502
25881A6624,K LOKESH,A,1,A9302,Engineering Workshop,A+,9.0,90.0,PASS,9.5,0,sem1_results,RES_S1_25881A6624_A9302,STU_25881A6624,SUB_1_A9302
25881A6624,K LOKESH,A,1,A9021,Community Centered Design Thinking,B+,7.0,70.0,PASS,9.5,0,sem1_results,RES_S1_25881A6624_A9021,STU_25881A6624,SUB_1_A9021
25881A6624,K LOKESH,A,1,A9007,Engineering Physics,O,10.0,100.0,PASS,9.5,0,sem1_results,RES_S1_25881A6624_A9007,STU_25881A6624,SUB_1_A9007
25881A6624,K LOKESH,A,1,A9008,Engineering Physics Laboratory,O,10.0,100.0,PASS,9.5,0,sem1_results,RES_S1_25881A6624_A9008,STU_25881A6624,SUB_1_A9008
25881A6624,K LOKESH,A,1,A9204,Basic Electrical Engineering,O,10.0,100.0,PASS,9.5,0,sem1_results,RES_S1_25881A6624_A9204,STU_25881A6624,SUB_1_A9204
25881A6624,K LOKESH,A,1,A9801,Foundations of Data Science,A+,9.0,90.0,PASS,9.5,0,sem1_results,RES_S1_25881A6624_A9801,STU_25881A6624,SUB_1_A9801
25881A6624,K LOKESH,A,1,A9205,Basic Electrical Engineering Laboratory,O,10.0,100.0,PASS,9.5,0,sem1_results,RES_S1_25881A6624_A9205,STU_25881A6624,SUB_1_A9205
25881A6625,MANASA SHARMA K,A,1,A9001,Matrices and Calculus,A+,9.0,90.0,PASS,8.3,0,sem1_results,RES_S1_25881A6625_A9001,STU_25881A6625,SUB_1_A9001
25881A6625,MANASA SHARMA K,A,1,A9501,Programming for Problem Solving,B+,7.0,70.0,PASS,8.3,0,sem1_results,RES_S1_25881A6625_A9501,STU_25881A6625,SUB_1_A9501
25881A6625,MANASA SHARMA K,A,1,A9502,Programming for Problem Solving Laboratory,A+,9.0,90.0,PASS,8.3,0,sem1_results,RES_S1_25881A6625_A9502,STU_25881A6625,SUB_1_A9502
25881A6625,MANASA SHARMA K,A,1,A9302,Engineering Workshop,A+,9.0,90.0,PASS,8.3,0,sem1_results,RES_S1_25881A6625_A9302,STU_25881A6625,SUB_1_A9302
25881A6625,MANASA SHARMA K,A,1,A9021,Community Centered Design Thinking,A+,9.0,90.0,PASS,8.3,0,sem1_results,RES_S1_25881A6625_A9021,STU_25881A6625,SUB_1_A9021
25881A6625,MANASA SHARMA K,A,1,A9007,Engineering Physics,A,8.0,80.0,PASS,8.3,0,sem1_results,RES_S1_25881A6625_A9007,STU_25881A6625,SUB_1_A9007
25881A6625,MANASA SHARMA K,A,1,A9008,Engineering Physics Laboratory,O,10.0,100.0,PASS,8.3,0,sem1_results,RES_S1_25881A6625_A9008,STU_25881A6625,SUB_1_A9008
25881A6625,MANASA SHARMA K,A,1,A9204,Basic Electrical Engineering,B+,7.0,70.0,PASS,8.3,0,sem1_results,RES_S1_25881A6625_A9204,STU_25881A6625,SUB_1_A9204
25881A6625,MANASA SHARMA K,A,1,A9801,Foundations of Data Science,A,8.0,80.0,PASS,8.3,0,sem1_results,RES_S1_25881A6625_A9801,STU_25881A6625,SUB_1_A9801
25881A6625,MANASA SHARMA K,A,1,A9205,Basic Electrical Engineering Laboratory,O,10.0,100.0,PASS,8.3,0,sem1_results,RES_S1_25881A6625_A9205,STU_25881A6625,SUB_1_A9205
25881A6626,JUVVANTHULA MANEESH REDDY,A,1,A9001,Matrices and Calculus,F,0.0,0.0,FAIL,1.85,5,sem1_results,RES_S1_25881A6626_A9001,STU_25881A6626,SUB_1_A9001
25881A6626,JUVVANTHULA MANEESH REDDY,A,1,A9501,Programming for Problem Solving,F,0.0,0.0,FAIL,1.85,5,sem1_results,RES_S1_25881A6626_A9501,STU_25881A6626,SUB_1_A9501
25881A6626,JUVVANTHULA MANEESH REDDY,A,1,A9502,Programming for Problem Solving Laboratory,B,6.0,60.0,PASS,1.85,5,sem1_results,RES_S1_25881A6626_A9502,STU_25881A6626,SUB_1_A9502
25881A6626,JUVVANTHULA MANEESH REDDY,A,1,A9302,Engineering Workshop,A+,9.0,90.0,PASS,1.85,5,sem1_results,RES_S1_25881A6626_A9302,STU_25881A6626,SUB_1_A9302
25881A6626,JUVVANTHULA MANEESH REDDY,A,1,A9021,Community Centered Design Thinking,A,8.0,80.0,PASS,1.85,5,sem1_results,RES_S1_25881A6626_A9021,STU_25881A6626,SUB_1_A9021
25881A6626,JUVVANTHULA MANEESH REDDY,A,1,A9007,Engineering Physics,F,0.0,0.0,FAIL,1.85,5,sem1_results,RES_S1_25881A6626_A9007,STU_25881A6626,SUB_1_A9007
25881A6626,JUVVANTHULA MANEESH REDDY,A,1,A9008,Engineering Physics Laboratory,B+,7.0,70.0,PASS,1.85,5,sem1_results,RES_S1_25881A6626_A9008,STU_25881A6626,SUB_1_A9008
25881A6626,JUVVANTHULA MANEESH REDDY,A,1,A9204,Basic Electrical Engineering,F,0.0,0.0,FAIL,1.85,5,sem1_results,RES_S1_25881A6626_A9204,STU_25881A6626,SUB_1_A9204
25881A6626,JUVVANTHULA MANEESH REDDY,A,1,A9801,Foundations of Data Science,F,0.0,0.0,FAIL,1.85,5,sem1_results,RES_S1_25881A6626_A9801,STU_25881A6626,SUB_1_A9801
25881A6626,JUVVANTHULA MANEESH REDDY,A,1,A9205,Basic Electrical Engineering Laboratory,B+,7.0,70.0,PASS,1.85,5,sem1_results,RES_S1_25881A6626_A9205,STU_25881A6626,SUB_1_A9205
25881A6627,POCHABOINA MANISH YADAV,A,1,A9001,Matrices and Calculus,O,10.0,100.0,PASS,8.35,0,sem1_results,RES_S1_25881A6627_A9001,STU_25881A6627,SUB_1_A9001
25881A6627,POCHABOINA MANISH YADAV,A,1,A9501,Programming for Problem Solving,B,6.0,60.0,PASS,8.35,0,sem1_results,RES_S1_25881A6627_A9501,STU_25881A6627,SUB_1_A9501
25881A6627,POCHABOINA MANISH YADAV,A,1,A9502,Programming for Problem Solving Laboratory,A+,9.0,90.0,PASS,8.35,0,sem1_results,RES_S1_25881A6627_A9502,STU_25881A6627,SUB_1_A9502
25881A6627,POCHABOINA MANISH YADAV,A,1,A9302,Engineering Workshop,O,10.0,100.0,PASS,8.35,0,sem1_results,RES_S1_25881A6627_A9302,STU_25881A6627,SUB_1_A9302
25881A6627,POCHABOINA MANISH YADAV,A,1,A9021,Community Centered Design Thinking,O,10.0,100.0,PASS,8.35,0,sem1_results,RES_S1_25881A6627_A9021,STU_25881A6627,SUB_1_A9021
25881A6627,POCHABOINA MANISH YADAV,A,1,A9007,Engineering Physics,B+,7.0,70.0,PASS,8.35,0,sem1_results,RES_S1_25881A6627_A9007,STU_25881A6627,SUB_1_A9007
25881A6627,POCHABOINA MANISH YADAV,A,1,A9008,Engineering Physics Laboratory,A+,9.0,90.0,PASS,8.35,0,sem1_results,RES_S1_25881A6627_A9008,STU_25881A6627,SUB_1_A9008
25881A6627,POCHABOINA MANISH YADAV,A,1,A9204,Basic Electrical Engineering,A,8.0,80.0,PASS,8.35,0,sem1_results,RES_S1_25881A6627_A9204,STU_25881A6627,SUB_1_A9204
25881A6627,POCHABOINA MANISH YADAV,A,1,A9801,Foundations of Data Science,A,8.0,80.0,PASS,8.35,0,sem1_results,RES_S1_25881A6627_A9801,STU_25881A6627,SUB_1_A9801
25881A6627,POCHABOINA MANISH YADAV,A,1,A9205,Basic Electrical Engineering Laboratory,O,10.0,100.0,PASS,8.35,0,sem1_results,RES_S1_25881A6627_A9205,STU_25881A6627,SUB_1_A9205
25881A6628,JERIPOTHULA MOKSHA,A,1,A9001,Matrices and Calculus,A,8.0,80.0,PASS,8.35,0,sem1_results,RES_S1_25881A6628_A9001,STU_25881A6628,SUB_1_A9001
25881A6628,JERIPOTHULA MOKSHA,A,1,A9501,Programming for Problem Solving,B,6.0,60.0,PASS,8.35,0,sem1_results,RES_S1_25881A6628_A9501,STU_25881A6628,SUB_1_A9501
25881A6628,JERIPOTHULA MOKSHA,A,1,A9502,Programming for Problem Solving Laboratory,A+,9.0,90.0,PASS,8.35,0,sem1_results,RES_S1_25881A6628_A9502,STU_25881A6628,SUB_1_A9502
25881A6628,JERIPOTHULA MOKSHA,A,1,A9302,Engineering Workshop,O,10.0,100.0,PASS,8.35,0,sem1_results,RES_S1_25881A6628_A9302,STU_25881A6628,SUB_1_A9302
25881A6628,JERIPOTHULA MOKSHA,A,1,A9021,Community Centered Design Thinking,A+,9.0,90.0,PASS,8.35,0,sem1_results,RES_S1_25881A6628_A9021,STU_25881A6628,SUB_1_A9021
25881A6628,JERIPOTHULA MOKSHA,A,1,A9007,Engineering Physics,A,8.0,80.0,PASS,8.35,0,sem1_results,RES_S1_25881A6628_A9007,STU_25881A6628,SUB_1_A9007
25881A6628,JERIPOTHULA MOKSHA,A,1,A9008,Engineering Physics Laboratory,O,10.0,100.0,PASS,8.35,0,sem1_results,RES_S1_25881A6628_A9008,STU_25881A6628,SUB_1_A9008
25881A6628,JERIPOTHULA MOKSHA,A,1,A9204,Basic Electrical Engineering,A+,9.0,90.0,PASS,8.35,0,sem1_results,RES_S1_25881A6628_A9204,STU_25881A6628,SUB_1_A9204
25881A6628,JERIPOTHULA MOKSHA,A,1,A9801,Foundations of Data Science,A+,9.0,90.0,PASS,8.35,0,sem1_results,RES_S1_25881A6628_A9801,STU_25881A6628,SUB_1_A9801
25881A6628,JERIPOTHULA MOKSHA,A,1,A9205,Basic Electrical Engineering Laboratory,O,10.0,100.0,PASS,8.35,0,sem1_results,RES_S1_25881A6628_A9205,STU_25881A6628,SUB_1_A9205
25881A6629,MOHAMMED MUDDABIR AHMED,A,1,A9001,Matrices and Calculus,B,6.0,60.0,PASS,5.9,1,sem1_results,RES_S1_25881A6629_A9001,STU_25881A6629,SUB_1_A9001
25881A6629,MOHAMMED MUDDABIR AHMED,A,1,A9501,Programming for Problem Solving,F,0.0,0.0,FAIL,5.9,1,sem1_results,RES_S1_25881A6629_A9501,STU_25881A6629,SUB_1_A9501
25881A6629,MOHAMMED MUDDABIR AHMED,A,1,A9502,Programming for Problem Solving Laboratory,B+,7.0,70.0,PASS,5.9,1,sem1_results,RES_S1_25881A6629_A9502,STU_25881A6629,SUB_1_A9502
25881A6629,MOHAMMED MUDDABIR AHMED,A,1,A9302,Engineering Workshop,A+,9.0,90.0,PASS,5.9,1,sem1_results,RES_S1_25881A6629_A9302,STU_25881A6629,SUB_1_A9302
25881A6629,MOHAMMED MUDDABIR AHMED,A,1,A9021,Community Centered Design Thinking,A+,9.0,90.0,PASS,5.9,1,sem1_results,RES_S1_25881A6629_A9021,STU_25881A6629,SUB_1_A9021
25881A6629,MOHAMMED MUDDABIR AHMED,A,1,A9007,Engineering Physics,B,6.0,60.0,PASS,5.9,1,sem1_results,RES_S1_25881A6629_A9007,STU_25881A6629,SUB_1_A9007
25881A6629,MOHAMMED MUDDABIR AHMED,A,1,A9008,Engineering Physics Laboratory,A,8.0,80.0,PASS,5.9,1,sem1_results,RES_S1_25881A6629_A9008,STU_25881A6629,SUB_1_A9008
25881A6629,MOHAMMED MUDDABIR AHMED,A,1,A9204,Basic Electrical Engineering,B+,7.0,70.0,PASS,5.9,1,sem1_results,RES_S1_25881A6629_A9204,STU_25881A6629,SUB_1_A9204
25881A6629,MOHAMMED MUDDABIR AHMED,A,1,A9801,Foundations of Data Science,B+,7.0,70.0,PASS,5.9,1,sem1_results,RES_S1_25881A6629_A9801,STU_25881A6629,SUB_1_A9801
25881A6629,MOHAMMED MUDDABIR AHMED,A,1,A9205,Basic Electrical Engineering Laboratory,A,8.0,80.0,PASS,5.9,1,sem1_results,RES_S1_25881A6629_A9205,STU_25881A6629,SUB_1_A9205
25881A6630,MOHAMMED NAJEEB AHMED,A,1,A9001,Matrices and Calculus,A,8.0,80.0,PASS,8.35,0,sem1_results,RES_S1_25881A6630_A9001,STU_25881A6630,SUB_1_A9001
25881A6630,MOHAMMED NAJEEB AHMED,A,1,A9501,Programming for Problem Solving,A,8.0,80.0,PASS,8.35,0,sem1_results,RES_S1_25881A6630_A9501,STU_25881A6630,SUB_1_A9501
25881A6630,MOHAMMED NAJEEB AHMED,A,1,A9502,Programming for Problem Solving Laboratory,A+,9.0,90.0,PASS,8.35,0,sem1_results,RES_S1_25881A6630_A9502,STU_25881A6630,SUB_1_A9502
25881A6630,MOHAMMED NAJEEB AHMED,A,1,A9302,Engineering Workshop,A+,9.0,90.0,PASS,8.35,0,sem1_results,RES_S1_25881A6630_A9302,STU_25881A6630,SUB_1_A9302
25881A6630,MOHAMMED NAJEEB AHMED,A,1,A9021,Community Centered Design Thinking,A+,9.0,90.0,PASS,8.35,0,sem1_results,RES_S1_25881A6630_A9021,STU_25881A6630,SUB_1_A9021
25881A6630,MOHAMMED NAJEEB AHMED,A,1,A9007,Engineering Physics,A,8.0,80.0,PASS,8.35,0,sem1_results,RES_S1_25881A6630_A9007,STU_25881A6630,SUB_1_A9007
25881A6630,MOHAMMED NAJEEB AHMED,A,1,A9008,Engineering Physics Laboratory,O,10.0,100.0,PASS,8.35,0,sem1_results,RES_S1_25881A6630_A9008,STU_25881A6630,SUB_1_A9008
25881A6630,MOHAMMED NAJEEB AHMED,A,1,A9204,Basic Electrical Engineering,A+,9.0,90.0,PASS,8.35,0,sem1_results,RES_S1_25881A6630_A9204,STU_25881A6630,SUB_1_A9204
25881A6630,MOHAMMED NAJEEB AHMED,A,1,A9801,Foundations of Data Science,A,8.0,80.0,PASS,8.35,0,sem1_results,RES_S1_25881A6630_A9801,STU_25881A6630,SUB_1_A9801
25881A6630,MOHAMMED NAJEEB AHMED,A,1,A9205,Basic Electrical Engineering Laboratory,A,8.0,80.0,PASS,8.35,0,sem1_results,RES_S1_25881A6630_A9205,STU_25881A6630,SUB_1_A9205
25881A6631,ITTABOYINA NIKHIL,A,1,A9001,Matrices and Calculus,O,10.0,100.0,PASS,9.35,0,sem1_results,RES_S1_25881A6631_A9001,STU_25881A6631,SUB_1_A9001
25881A6631,ITTABOYINA NIKHIL,A,1,A9501,Programming for Problem Solving,A,8.0,80.0,PASS,9.35,0,sem1_results,RES_S1_25881A6631_A9501,STU_25881A6631,SUB_1_A9501
25881A6631,ITTABOYINA NIKHIL,A,1,A9502,Programming for Problem Solving Laboratory,O,10.0,100.0,PASS,9.35,0,sem1_results,RES_S1_25881A6631_A9502,STU_25881A6631,SUB_1_A9502
25881A6631,ITTABOYINA NIKHIL,A,1,A9302,Engineering Workshop,O,10.0,100.0,PASS,9.35,0,sem1_results,RES_S1_25881A6631_A9302,STU_25881A6631,SUB_1_A9302
25881A6631,ITTABOYINA NIKHIL,A,1,A9021,Community Centered Design Thinking,A+,9.0,90.0,PASS,9.35,0,sem1_results,RES_S1_25881A6631_A9021,STU_25881A6631,SUB_1_A9021
25881A6631,ITTABOYINA NIKHIL,A,1,A9007,Engineering Physics,A+,9.0,90.0,PASS,9.35,0,sem1_results,RES_S1_25881A6631_A9007,STU_25881A6631,SUB_1_A9007
25881A6631,ITTABOYINA NIKHIL,A,1,A9008,Engineering Physics Laboratory,O,10.0,100.0,PASS,9.35,0,sem1_results,RES_S1_25881A6631_A9008,STU_25881A6631,SUB_1_A9008
25881A6631,ITTABOYINA NIKHIL,A,1,A9204,Basic Electrical Engineering,O,10.0,100.0,PASS,9.35,0,sem1_results,RES_S1_25881A6631_A9204,STU_25881A6631,SUB_1_A9204
25881A6631,ITTABOYINA NIKHIL,A,1,A9801,Foundations of Data Science,A+,9.0,90.0,PASS,9.35,0,sem1_results,RES_S1_25881A6631_A9801,STU_25881A6631,SUB_1_A9801
25881A6631,ITTABOYINA NIKHIL,A,1,A9205,Basic Electrical Engineering Laboratory,O,10.0,100.0,PASS,9.35,0,sem1_results,RES_S1_25881A6631_A9205,STU_25881A6631,SUB_1_A9205
25881A6632,PARVATHA NISHANTH KUMAR,A,1,A9001,Matrices and Calculus,A,8.0,80.0,PASS,8.3,0,sem1_results,RES_S1_25881A6632_A9001,STU_25881A6632,SUB_1_A9001
25881A6632,PARVATHA NISHANTH KUMAR,A,1,A9501,Programming for Problem Solving,A,8.0,80.0,PASS,8.3,0,sem1_results,RES_S1_25881A6632_A9501,STU_25881A6632,SUB_1_A9501
25881A6632,PARVATHA NISHANTH KUMAR,A,1,A9502,Programming for Problem Solving Laboratory,A+,9.0,90.0,PASS,8.3,0,sem1_results,RES_S1_25881A6632_A9502,STU_25881A6632,SUB_1_A9502
25881A6632,PARVATHA NISHANTH KUMAR,A,1,A9302,Engineering Workshop,A+,9.0,90.0,PASS,8.3,0,sem1_results,RES_S1_25881A6632_A9302,STU_25881A6632,SUB_1_A9302
25881A6632,PARVATHA NISHANTH KUMAR,A,1,A9021,Community Centered Design Thinking,A+,9.0,90.0,PASS,8.3,0,sem1_results,RES_S1_25881A6632_A9021,STU_25881A6632,SUB_1_A9021
25881A6632,PARVATHA NISHANTH KUMAR,A,1,A9007,Engineering Physics,A,8.0,80.0,PASS,8.3,0,sem1_results,RES_S1_25881A6632_A9007,STU_25881A6632,SUB_1_A9007
25881A6632,PARVATHA NISHANTH KUMAR,A,1,A9008,Engineering Physics Laboratory,O,10.0,100.0,PASS,8.3,0,sem1_results,RES_S1_25881A6632_A9008,STU_25881A6632,SUB_1_A9008
25881A6632,PARVATHA NISHANTH KUMAR,A,1,A9204,Basic Electrical Engineering,B+,7.0,70.0,PASS,8.3,0,sem1_results,RES_S1_25881A6632_A9204,STU_25881A6632,SUB_1_A9204
25881A6632,PARVATHA NISHANTH KUMAR,A,1,A9801,Foundations of Data Science,A+,9.0,90.0,PASS,8.3,0,sem1_results,RES_S1_25881A6632_A9801,STU_25881A6632,SUB_1_A9801
25881A6632,PARVATHA NISHANTH KUMAR,A,1,A9205,Basic Electrical Engineering Laboratory,A,8.0,80.0,PASS,8.3,0,sem1_results,RES_S1_25881A6632_A9205,STU_25881A6632,SUB_1_A9205
25881A6633,MEESALA NITHISH KUMAR,A,1,A9001,Matrices and Calculus,O,10.0,100.0,PASS,9.0,0,sem1_results,RES_S1_25881A6633_A9001,STU_25881A6633,SUB_1_A9001
25881A6633,MEESALA NITHISH KUMAR,A,1,A9501,Programming for Problem Solving,A,8.0,80.0,PASS,9.0,0,sem1_results,RES_S1_25881A6633_A9501,STU_25881A6633,SUB_1_A9501
25881A6633,MEESALA NITHISH KUMAR,A,1,A9502,Programming for Problem Solving Laboratory,A,8.0,80.0,PASS,9.0,0,sem1_results,RES_S1_25881A6633_A9502,STU_25881A6633,SUB_1_A9502
25881A6633,MEESALA NITHISH KUMAR,A,1,A9302,Engineering Workshop,O,10.0,100.0,PASS,9.0,0,sem1_results,RES_S1_25881A6633_A9302,STU_25881A6633,SUB_1_A9302
25881A6633,MEESALA NITHISH KUMAR,A,1,A9021,Community Centered Design Thinking,O,10.0,100.0,PASS,9.0,0,sem1_results,RES_S1_25881A6633_A9021,STU_25881A6633,SUB_1_A9021
25881A6633,MEESALA NITHISH KUMAR,A,1,A9007,Engineering Physics,A+,9.0,90.0,PASS,9.0,0,sem1_results,RES_S1_25881A6633_A9007,STU_25881A6633,SUB_1_A9007
25881A6633,MEESALA NITHISH KUMAR,A,1,A9008,Engineering Physics Laboratory,O,10.0,100.0,PASS,9.0,0,sem1_results,RES_S1_25881A6633_A9008,STU_25881A6633,SUB_1_A9008
25881A6633,MEESALA NITHISH KUMAR,A,1,A9204,Basic Electrical Engineering,A+,9.0,90.0,PASS,9.0,0,sem1_results,RES_S1_25881A6633_A9204,STU_25881A6633,SUB_1_A9204
25881A6633,MEESALA NITHISH KUMAR,A,1,A9801,Foundations of Data Science,A,8.0,80.0,PASS,9.0,0,sem1_results,RES_S1_25881A6633_A9801,STU_25881A6633,SUB_1_A9801
25881A6633,MEESALA NITHISH KUMAR,A,1,A9205,Basic Electrical Engineering Laboratory,A+,9.0,90.0,PASS,9.0,0,sem1_results,RES_S1_25881A6633_A9205,STU_25881A6633,SUB_1_A9205
25881A6634,THOTA PRANEETH REDDY,A,1,A9001,Matrices and Calculus,A+,9.0,90.0,PASS,8.9,0,sem1_results,RES_S1_25881A6634_A9001,STU_25881A6634,SUB_1_A9001
25881A6634,THOTA PRANEETH REDDY,A,1,A9501,Programming for Problem Solving,B+,7.0,70.0,PASS,8.9,0,sem1_results,RES_S1_25881A6634_A9501,STU_25881A6634,SUB_1_A9501
25881A6634,THOTA PRANEETH REDDY,A,1,A9502,Programming for Problem Solving Laboratory,O,10.0,100.0,PASS,8.9,0,sem1_results,RES_S1_25881A6634_A9502,STU_25881A6634,SUB_1_A9502
25881A6634,THOTA PRANEETH REDDY,A,1,A9302,Engineering Workshop,O,10.0,100.0,PASS,8.9,0,sem1_results,RES_S1_25881A6634_A9302,STU_25881A6634,SUB_1_A9302
25881A6634,THOTA PRANEETH REDDY,A,1,A9021,Community Centered Design Thinking,A+,9.0,90.0,PASS,8.9,0,sem1_results,RES_S1_25881A6634_A9021,STU_25881A6634,SUB_1_A9021
25881A6634,THOTA PRANEETH REDDY,A,1,A9007,Engineering Physics,A+,9.0,90.0,PASS,8.9,0,sem1_results,RES_S1_25881A6634_A9007,STU_25881A6634,SUB_1_A9007
25881A6634,THOTA PRANEETH REDDY,A,1,A9008,Engineering Physics Laboratory,O,10.0,100.0,PASS,8.9,0,sem1_results,RES_S1_25881A6634_A9008,STU_25881A6634,SUB_1_A9008
25881A6634,THOTA PRANEETH REDDY,A,1,A9204,Basic Electrical Engineering,A+,9.0,90.0,PASS,8.9,0,sem1_results,RES_S1_25881A6634_A9204,STU_25881A6634,SUB_1_A9204
25881A6634,THOTA PRANEETH REDDY,A,1,A9801,Foundations of Data Science,A+,9.0,90.0,PASS,8.9,0,sem1_results,RES_S1_25881A6634_A9801,STU_25881A6634,SUB_1_A9801
25881A6634,THOTA PRANEETH REDDY,A,1,A9205,Basic Electrical Engineering Laboratory,O,10.0,100.0,PASS,8.9,0,sem1_results,RES_S1_25881A6634_A9205,STU_25881A6634,SUB_1_A9205
25881A6635,KALLURI RAM CHARAN,A,1,A9001,Matrices and Calculus,B+,7.0,70.0,PASS,6.0,1,sem1_results,RES_S1_25881A6635_A9001,STU_25881A6635,SUB_1_A9001
25881A6635,KALLURI RAM CHARAN,A,1,A9501,Programming for Problem Solving,B,6.0,60.0,PASS,6.0,1,sem1_results,RES_S1_25881A6635_A9501,STU_25881A6635,SUB_1_A9501
25881A6635,KALLURI RAM CHARAN,A,1,A9502,Programming for Problem Solving Laboratory,B+,7.0,70.0,PASS,6.0,1,sem1_results,RES_S1_25881A6635_A9502,STU_25881A6635,SUB_1_A9502
25881A6635,KALLURI RAM CHARAN,A,1,A9302,Engineering Workshop,A,8.0,80.0,PASS,6.0,1,sem1_results,RES_S1_25881A6635_A9302,STU_25881A6635,SUB_1_A9302
25881A6635,KALLURI RAM CHARAN,A,1,A9021,Community Centered Design Thinking,A+,9.0,90.0,PASS,6.0,1,sem1_results,RES_S1_25881A6635_A9021,STU_25881A6635,SUB_1_A9021
25881A6635,KALLURI RAM CHARAN,A,1,A9007,Engineering Physics,F,0.0,0.0,FAIL,6.0,1,sem1_results,RES_S1_25881A6635_A9007,STU_25881A6635,SUB_1_A9007
25881A6635,KALLURI RAM CHARAN,A,1,A9008,Engineering Physics Laboratory,O,10.0,100.0,PASS,6.0,1,sem1_results,RES_S1_25881A6635_A9008,STU_25881A6635,SUB_1_A9008
25881A6635,KALLURI RAM CHARAN,A,1,A9204,Basic Electrical Engineering,B+,7.0,70.0,PASS,6.0,1,sem1_results,RES_S1_25881A6635_A9204,STU_25881A6635,SUB_1_A9204
25881A6635,KALLURI RAM CHARAN,A,1,A9801,Foundations of Data Science,B,6.0,60.0,PASS,6.0,1,sem1_results,RES_S1_25881A6635_A9801,STU_25881A6635,SUB_1_A9801
25881A6635,KALLURI RAM CHARAN,A,1,A9205,Basic Electrical Engineering Laboratory,A,8.0,80.0,PASS,6.0,1,sem1_results,RES_S1_25881A6635_A9205,STU_25881A6635,SUB_1_A9205
25881A6636,RAMAVATH RAM CHARAN,A,1,A9001,Matrices and Calculus,F,0.0,0.0,FAIL,4.5,2,sem1_results,RES_S1_25881A6636_A9001,STU_25881A6636,SUB_1_A9001
25881A6636,RAMAVATH RAM CHARAN,A,1,A9501,Programming for Problem Solving,B,6.0,60.0,PASS,4.5,2,sem1_results,RES_S1_25881A6636_A9501,STU_25881A6636,SUB_1_A9501
25881A6636,RAMAVATH RAM CHARAN,A,1,A9502,Programming for Problem Solving Laboratory,A,8.0,80.0,PASS,4.5,2,sem1_results,RES_S1_25881A6636_A9502,STU_25881A6636,SUB_1_A9502
25881A6636,RAMAVATH RAM CHARAN,A,1,A9302,Engineering Workshop,A+,9.0,90.0,PASS,4.5,2,sem1_results,RES_S1_25881A6636_A9302,STU_25881A6636,SUB_1_A9302
25881A6636,RAMAVATH RAM CHARAN,A,1,A9021,Community Centered Design Thinking,O,10.0,100.0,PASS,4.5,2,sem1_results,RES_S1_25881A6636_A9021,STU_25881A6636,SUB_1_A9021
25881A6636,RAMAVATH RAM CHARAN,A,1,A9007,Engineering Physics,F,0.0,0.0,FAIL,4.5,2,sem1_results,RES_S1_25881A6636_A9007,STU_25881A6636,SUB_1_A9007
25881A6636,RAMAVATH RAM CHARAN,A,1,A9008,Engineering Physics Laboratory,A+,9.0,90.0,PASS,4.5,2,sem1_results,RES_S1_25881A6636_A9008,STU_25881A6636,SUB_1_A9008
25881A6636,RAMAVATH RAM CHARAN,A,1,A9204,Basic Electrical Engineering,C,5.0,50.0,PASS,4.5,2,sem1_results,RES_S1_25881A6636_A9204,STU_25881A6636,SUB_1_A9204
25881A6636,RAMAVATH RAM CHARAN,A,1,A9801,Foundations of Data Science,B,6.0,60.0,PASS,4.5,2,sem1_results,RES_S1_25881A6636_A9801,STU_25881A6636,SUB_1_A9801
25881A6636,RAMAVATH RAM CHARAN,A,1,A9205,Basic Electrical Engineering Laboratory,A,8.0,80.0,PASS,4.5,2,sem1_results,RES_S1_25881A6636_A9205,STU_25881A6636,SUB_1_A9205
25881A6637,SIRIPELLY RAMAKRISHNA,A,1,A9001,Matrices and Calculus,A+,9.0,90.0,PASS,8.5,0,sem1_results,RES_S1_25881A6637_A9001,STU_25881A6637,SUB_1_A9001
25881A6637,SIRIPELLY RAMAKRISHNA,A,1,A9501,Programming for Problem Solving,B+,7.0,70.0,PASS,8.5,0,sem1_results,RES_S1_25881A6637_A9501,STU_25881A6637,SUB_1_A9501
25881A6637,SIRIPELLY RAMAKRISHNA,A,1,A9502,Programming for Problem Solving Laboratory,O,10.0,100.0,PASS,8.5,0,sem1_results,RES_S1_25881A6637_A9502,STU_25881A6637,SUB_1_A9502
25881A6637,SIRIPELLY RAMAKRISHNA,A,1,A9302,Engineering Workshop,O,10.0,100.0,PASS,8.5,0,sem1_results,RES_S1_25881A6637_A9302,STU_25881A6637,SUB_1_A9302
25881A6637,SIRIPELLY RAMAKRISHNA,A,1,A9021,Community Centered Design Thinking,A+,9.0,90.0,PASS,8.5,0,sem1_results,RES_S1_25881A6637_A9021,STU_25881A6637,SUB_1_A9021
25881A6637,SIRIPELLY RAMAKRISHNA,A,1,A9007,Engineering Physics,A,8.0,80.0,PASS,8.5,0,sem1_results,RES_S1_25881A6637_A9007,STU_25881A6637,SUB_1_A9007
25881A6637,SIRIPELLY RAMAKRISHNA,A,1,A9008,Engineering Physics Laboratory,A+,9.0,90.0,PASS,8.5,0,sem1_results,RES_S1_25881A6637_A9008,STU_25881A6637,SUB_1_A9008
25881A6637,SIRIPELLY RAMAKRISHNA,A,1,A9204,Basic Electrical Engineering,A+,9.0,90.0,PASS,8.5,0,sem1_results,RES_S1_25881A6637_A9204,STU_25881A6637,SUB_1_A9204
25881A6637,SIRIPELLY RAMAKRISHNA,A,1,A9801,Foundations of Data Science,A,8.0,80.0,PASS,8.5,0,sem1_results,RES_S1_25881A6637_A9801,STU_25881A6637,SUB_1_A9801
25881A6637,SIRIPELLY RAMAKRISHNA,A,1,A9205,Basic Electrical Engineering Laboratory,A+,9.0,90.0,PASS,8.5,0,sem1_results,RES_S1_25881A6637_A9205,STU_25881A6637,SUB_1_A9205
25881A6638,BANDI RAMCHARAN,A,1,A9001,Matrices and Calculus,O,10.0,100.0,PASS,8.7,0,sem1_results,RES_S1_25881A6638_A9001,STU_25881A6638,SUB_1_A9001
25881A6638,BANDI RAMCHARAN,A,1,A9501,Programming for Problem Solving,A,8.0,80.0,PASS,8.7,0,sem1_results,RES_S1_25881A6638_A9501,STU_25881A6638,SUB_1_A9501
25881A6638,BANDI RAMCHARAN,A,1,A9502,Programming for Problem Solving Laboratory,A+,9.0,90.0,PASS,8.7,0,sem1_results,RES_S1_25881A6638_A9502,STU_25881A6638,SUB_1_A9502
25881A6638,BANDI RAMCHARAN,A,1,A9302,Engineering Workshop,O,10.0,100.0,PASS,8.7,0,sem1_results,RES_S1_25881A6638_A9302,STU_25881A6638,SUB_1_A9302
25881A6638,BANDI RAMCHARAN,A,1,A9021,Community Centered Design Thinking,A+,9.0,90.0,PASS,8.7,0,sem1_results,RES_S1_25881A6638_A9021,STU_25881A6638,SUB_1_A9021
25881A6638,BANDI RAMCHARAN,A,1,A9007,Engineering Physics,A,8.0,80.0,PASS,8.7,0,sem1_results,RES_S1_25881A6638_A9007,STU_25881A6638,SUB_1_A9007
25881A6638,BANDI RAMCHARAN,A,1,A9008,Engineering Physics Laboratory,O,10.0,100.0,PASS,8.7,0,sem1_results,RES_S1_25881A6638_A9008,STU_25881A6638,SUB_1_A9008
25881A6638,BANDI RAMCHARAN,A,1,A9204,Basic Electrical Engineering,A+,9.0,90.0,PASS,8.7,0,sem1_results,RES_S1_25881A6638_A9204,STU_25881A6638,SUB_1_A9204
25881A6638,BANDI RAMCHARAN,A,1,A9801,Foundations of Data Science,B+,7.0,70.0,PASS,8.7,0,sem1_results,RES_S1_25881A6638_A9801,STU_25881A6638,SUB_1_A9801
25881A6638,BANDI RAMCHARAN,A,1,A9205,Basic Electrical Engineering Laboratory,A+,9.0,90.0,PASS,8.7,0,sem1_results,RES_S1_25881A6638_A9205,STU_25881A6638,SUB_1_A9205
25881A6639,ANKAM RISHITHA,A,1,A9001,Matrices and Calculus,O,10.0,100.0,PASS,9.1,0,sem1_results,RES_S1_25881A6639_A9001,STU_25881A6639,SUB_1_A9001
25881A6639,ANKAM RISHITHA,A,1,A9501,Programming for Problem Solving,A,8.0,80.0,PASS,9.1,0,sem1_results,RES_S1_25881A6639_A9501,STU_25881A6639,SUB_1_A9501
25881A6639,ANKAM RISHITHA,A,1,A9502,Programming for Problem Solving Laboratory,A+,9.0,90.0,PASS,9.1,0,sem1_results,RES_S1_25881A6639_A9502,STU_25881A6639,SUB_1_A9502
25881A6639,ANKAM RISHITHA,A,1,A9302,Engineering Workshop,O,10.0,100.0,PASS,9.1,0,sem1_results,RES_S1_25881A6639_A9302,STU_25881A6639,SUB_1_A9302
25881A6639,ANKAM RISHITHA,A,1,A9021,Community Centered Design Thinking,O,10.0,100.0,PASS,9.1,0,sem1_results,RES_S1_25881A6639_A9021,STU_25881A6639,SUB_1_A9021
25881A6639,ANKAM RISHITHA,A,1,A9007,Engineering Physics,A,8.0,80.0,PASS,9.1,0,sem1_results,RES_S1_25881A6639_A9007,STU_25881A6639,SUB_1_A9007
25881A6639,ANKAM RISHITHA,A,1,A9008,Engineering Physics Laboratory,O,10.0,100.0,PASS,9.1,0,sem1_results,RES_S1_25881A6639_A9008,STU_25881A6639,SUB_1_A9008
25881A6639,ANKAM RISHITHA,A,1,A9204,Basic Electrical Engineering,A,8.0,80.0,PASS,9.1,0,sem1_results,RES_S1_25881A6639_A9204,STU_25881A6639,SUB_1_A9204
25881A6639,ANKAM RISHITHA,A,1,A9801,Foundations of Data Science,O,10.0,100.0,PASS,9.1,0,sem1_results,RES_S1_25881A6639_A9801,STU_25881A6639,SUB_1_A9801
25881A6639,ANKAM RISHITHA,A,1,A9205,Basic Electrical Engineering Laboratory,A+,9.0,90.0,PASS,9.1,0,sem1_results,RES_S1_25881A6639_A9205,STU_25881A6639,SUB_1_A9205
25881A6640,PALVAI SAHAN REDDY,A,1,A9001,Matrices and Calculus,C,5.0,50.0,PASS,4.35,2,sem1_results,RES_S1_25881A6640_A9001,STU_25881A6640,SUB_1_A9001
25881A6640,PALVAI SAHAN REDDY,A,1,A9501,Programming for Problem Solving,C,5.0,50.0,PASS,4.35,2,sem1_results,RES_S1_25881A6640_A9501,STU_25881A6640,SUB_1_A9501
25881A6640,PALVAI SAHAN REDDY,A,1,A9502,Programming for Problem Solving Laboratory,B+,7.0,70.0,PASS,4.35,2,sem1_results,RES_S1_25881A6640_A9502,STU_25881A6640,SUB_1_A9502
25881A6640,PALVAI SAHAN REDDY,A,1,A9302,Engineering Workshop,A+,9.0,90.0,PASS,4.35,2,sem1_results,RES_S1_25881A6640_A9302,STU_25881A6640,SUB_1_A9302
25881A6640,PALVAI SAHAN REDDY,A,1,A9021,Community Centered Design Thinking,A+,9.0,90.0,PASS,4.35,2,sem1_results,RES_S1_25881A6640_A9021,STU_25881A6640,SUB_1_A9021
25881A6640,PALVAI SAHAN REDDY,A,1,A9007,Engineering Physics,F,0.0,0.0,FAIL,4.35,2,sem1_results,RES_S1_25881A6640_A9007,STU_25881A6640,SUB_1_A9007
25881A6640,PALVAI SAHAN REDDY,A,1,A9008,Engineering Physics Laboratory,A,8.0,80.0,PASS,4.35,2,sem1_results,RES_S1_25881A6640_A9008,STU_25881A6640,SUB_1_A9008
25881A6640,PALVAI SAHAN REDDY,A,1,A9204,Basic Electrical Engineering,B,6.0,60.0,PASS,4.35,2,sem1_results,RES_S1_25881A6640_A9204,STU_25881A6640,SUB_1_A9204
25881A6640,PALVAI SAHAN REDDY,A,1,A9801,Foundations of Data Science,F,0.0,0.0,FAIL,4.35,2,sem1_results,RES_S1_25881A6640_A9801,STU_25881A6640,SUB_1_A9801
25881A6640,PALVAI SAHAN REDDY,A,1,A9205,Basic Electrical Engineering Laboratory,B+,7.0,70.0,PASS,4.35,2,sem1_results,RES_S1_25881A6640_A9205,STU_25881A6640,SUB_1_A9205
25881A6641,GATTU SAI NATH,A,1,A9001,Matrices and Calculus,A,8.0,80.0,PASS,7.75,0,sem1_results,RES_S1_25881A6641_A9001,STU_25881A6641,SUB_1_A9001
25881A6641,GATTU SAI NATH,A,1,A9501,Programming for Problem Solving,B+,7.0,70.0,PASS,7.75,0,sem1_results,RES_S1_25881A6641_A9501,STU_25881A6641,SUB_1_A9501
25881A6641,GATTU SAI NATH,A,1,A9502,Programming for Problem Solving Laboratory,A+,9.0,90.0,PASS,7.75,0,sem1_results,RES_S1_25881A6641_A9502,STU_25881A6641,SUB_1_A9502
25881A6641,GATTU SAI NATH,A,1,A9302,Engineering Workshop,O,10.0,100.0,PASS,7.75,0,sem1_results,RES_S1_25881A6641_A9302,STU_25881A6641,SUB_1_A9302
25881A6641,GATTU SAI NATH,A,1,A9021,Community Centered Design Thinking,O,10.0,100.0,PASS,7.75,0,sem1_results,RES_S1_25881A6641_A9021,STU_25881A6641,SUB_1_A9021
25881A6641,GATTU SAI NATH,A,1,A9007,Engineering Physics,B,6.0,60.0,PASS,7.75,0,sem1_results,RES_S1_25881A6641_A9007,STU_25881A6641,SUB_1_A9007
25881A6641,GATTU SAI NATH,A,1,A9008,Engineering Physics Laboratory,A+,9.0,90.0,PASS,7.75,0,sem1_results,RES_S1_25881A6641_A9008,STU_25881A6641,SUB_1_A9008
25881A6641,GATTU SAI NATH,A,1,A9204,Basic Electrical Engineering,A,8.0,80.0,PASS,7.75,0,sem1_results,RES_S1_25881A6641_A9204,STU_25881A6641,SUB_1_A9204
25881A6641,GATTU SAI NATH,A,1,A9801,Foundations of Data Science,B+,7.0,70.0,PASS,7.75,0,sem1_results,RES_S1_25881A6641_A9801,STU_25881A6641,SUB_1_A9801
25881A6641,GATTU SAI NATH,A,1,A9205,Basic Electrical Engineering Laboratory,A+,9.0,90.0,PASS,7.75,0,sem1_results,RES_S1_25881A6641_A9205,STU_25881A6641,SUB_1_A9205
25881A6642,SIDDAMSETTI SAI VAISHNAVI,A,1,A9001,Matrices and Calculus,A+,9.0,90.0,PASS,8.85,0,sem1_results,RES_S1_25881A6642_A9001,STU_25881A6642,SUB_1_A9001
25881A6642,SIDDAMSETTI SAI VAISHNAVI,A,1,A9501,Programming for Problem Solving,B+,7.0,70.0,PASS,8.85,0,sem1_results,RES_S1_25881A6642_A9501,STU_25881A6642,SUB_1_A9501
25881A6642,SIDDAMSETTI SAI VAISHNAVI,A,1,A9502,Programming for Problem Solving Laboratory,A+,9.0,90.0,PASS,8.85,0,sem1_results,RES_S1_25881A6642_A9502,STU_25881A6642,SUB_1_A9502
25881A6642,SIDDAMSETTI SAI VAISHNAVI,A,1,A9302,Engineering Workshop,O,10.0,100.0,PASS,8.85,0,sem1_results,RES_S1_25881A6642_A9302,STU_25881A6642,SUB_1_A9302
25881A6642,SIDDAMSETTI SAI VAISHNAVI,A,1,A9021,Community Centered Design Thinking,O,10.0,100.0,PASS,8.85,0,sem1_results,RES_S1_25881A6642_A9021,STU_25881A6642,SUB_1_A9021
25881A6642,SIDDAMSETTI SAI VAISHNAVI,A,1,A9007,Engineering Physics,O,10.0,100.0,PASS,8.85,0,sem1_results,RES_S1_25881A6642_A9007,STU_25881A6642,SUB_1_A9007
25881A6642,SIDDAMSETTI SAI VAISHNAVI,A,1,A9008,Engineering Physics Laboratory,O,10.0,100.0,PASS,8.85,0,sem1_results,RES_S1_25881A6642_A9008,STU_25881A6642,SUB_1_A9008
25881A6642,SIDDAMSETTI SAI VAISHNAVI,A,1,A9204,Basic Electrical Engineering,O,10.0,100.0,PASS,8.85,0,sem1_results,RES_S1_25881A6642_A9204,STU_25881A6642,SUB_1_A9204
25881A6642,SIDDAMSETTI SAI VAISHNAVI,A,1,A9801,Foundations of Data Science,B+,7.0,70.0,PASS,8.85,0,sem1_results,RES_S1_25881A6642_A9801,STU_25881A6642,SUB_1_A9801
25881A6642,SIDDAMSETTI SAI VAISHNAVI,A,1,A9205,Basic Electrical Engineering Laboratory,O,10.0,100.0,PASS,8.85,0,sem1_results,RES_S1_25881A6642_A9205,STU_25881A6642,SUB_1_A9205
25881A6643,SAICHARAN REDDY KARNATI,A,1,A9001,Matrices and Calculus,C,5.0,50.0,PASS,3.75,3,sem1_results,RES_S1_25881A6643_A9001,STU_25881A6643,SUB_1_A9001
25881A6643,SAICHARAN REDDY KARNATI,A,1,A9501,Programming for Problem Solving,F,0.0,0.0,FAIL,3.75,3,sem1_results,RES_S1_25881A6643_A9501,STU_25881A6643,SUB_1_A9501
25881A6643,SAICHARAN REDDY KARNATI,A,1,A9502,Programming for Problem Solving Laboratory,B+,7.0,70.0,PASS,3.75,3,sem1_results,RES_S1_25881A6643_A9502,STU_25881A6643,SUB_1_A9502
25881A6643,SAICHARAN REDDY KARNATI,A,1,A9302,Engineering Workshop,A+,9.0,90.0,PASS,3.75,3,sem1_results,RES_S1_25881A6643_A9302,STU_25881A6643,SUB_1_A9302
25881A6643,SAICHARAN REDDY KARNATI,A,1,A9021,Community Centered Design Thinking,O,10.0,100.0,PASS,3.75,3,sem1_results,RES_S1_25881A6643_A9021,STU_25881A6643,SUB_1_A9021
25881A6643,SAICHARAN REDDY KARNATI,A,1,A9007,Engineering Physics,C,5.0,50.0,PASS,3.75,3,sem1_results,RES_S1_25881A6643_A9007,STU_25881A6643,SUB_1_A9007
25881A6643,SAICHARAN REDDY KARNATI,A,1,A9008,Engineering Physics Laboratory,B+,7.0,70.0,PASS,3.75,3,sem1_results,RES_S1_25881A6643_A9008,STU_25881A6643,SUB_1_A9008
25881A6643,SAICHARAN REDDY KARNATI,A,1,A9204,Basic Electrical Engineering,F,0.0,0.0,FAIL,3.75,3,sem1_results,RES_S1_25881A6643_A9204,STU_25881A6643,SUB_1_A9204
25881A6643,SAICHARAN REDDY KARNATI,A,1,A9801,Foundations of Data Science,F,0.0,0.0,FAIL,3.75,3,sem1_results,RES_S1_25881A6643_A9801,STU_25881A6643,SUB_1_A9801
25881A6643,SAICHARAN REDDY KARNATI,A,1,A9205,Basic Electrical Engineering Laboratory,B+,7.0,70.0,PASS,3.75,3,sem1_results,RES_S1_25881A6643_A9205,STU_25881A6643,SUB_1_A9205
25881A6644,MEKALA SAISRI,A,1,A9001,Matrices and Calculus,A,8.0,80.0,PASS,8.55,0,sem1_results,RES_S1_25881A6644_A9001,STU_25881A6644,SUB_1_A9001
25881A6644,MEKALA SAISRI,A,1,A9501,Programming for Problem Solving,B+,7.0,70.0,PASS,8.55,0,sem1_results,RES_S1_25881A6644_A9501,STU_25881A6644,SUB_1_A9501
25881A6644,MEKALA SAISRI,A,1,A9502,Programming for Problem Solving Laboratory,A,8.0,80.0,PASS,8.55,0,sem1_results,RES_S1_25881A6644_A9502,STU_25881A6644,SUB_1_A9502
25881A6644,MEKALA SAISRI,A,1,A9302,Engineering Workshop,O,10.0,100.0,PASS,8.55,0,sem1_results,RES_S1_25881A6644_A9302,STU_25881A6644,SUB_1_A9302
25881A6644,MEKALA SAISRI,A,1,A9021,Community Centered Design Thinking,A+,9.0,90.0,PASS,8.55,0,sem1_results,RES_S1_25881A6644_A9021,STU_25881A6644,SUB_1_A9021
25881A6644,MEKALA SAISRI,A,1,A9007,Engineering Physics,A,8.0,80.0,PASS,8.55,0,sem1_results,RES_S1_25881A6644_A9007,STU_25881A6644,SUB_1_A9007
25881A6644,MEKALA SAISRI,A,1,A9008,Engineering Physics Laboratory,O,10.0,100.0,PASS,8.55,0,sem1_results,RES_S1_25881A6644_A9008,STU_25881A6644,SUB_1_A9008
25881A6644,MEKALA SAISRI,A,1,A9204,Basic Electrical Engineering,A+,9.0,90.0,PASS,8.55,0,sem1_results,RES_S1_25881A6644_A9204,STU_25881A6644,SUB_1_A9204
25881A6644,MEKALA SAISRI,A,1,A9801,Foundations of Data Science,O,10.0,100.0,PASS,8.55,0,sem1_results,RES_S1_25881A6644_A9801,STU_25881A6644,SUB_1_A9801
25881A6644,MEKALA SAISRI,A,1,A9205,Basic Electrical Engineering Laboratory,A+,9.0,90.0,PASS,8.55,0,sem1_results,RES_S1_25881A6644_A9205,STU_25881A6644,SUB_1_A9205
25881A6645,SYED SHAHNAWAZ,A,1,A9001,Matrices and Calculus,A+,9.0,90.0,PASS,7.05,0,sem1_results,RES_S1_25881A6645_A9001,STU_25881A6645,SUB_1_A9001
25881A6645,SYED SHAHNAWAZ,A,1,A9501,Programming for Problem Solving,C,5.0,50.0,PASS,7.05,0,sem1_results,RES_S1_25881A6645_A9501,STU_25881A6645,SUB_1_A9501
25881A6645,SYED SHAHNAWAZ,A,1,A9502,Programming for Problem Solving Laboratory,A,8.0,80.0,PASS,7.05,0,sem1_results,RES_S1_25881A6645_A9502,STU_25881A6645,SUB_1_A9502
25881A6645,SYED SHAHNAWAZ,A,1,A9302,Engineering Workshop,A+,9.0,90.0,PASS,7.05,0,sem1_results,RES_S1_25881A6645_A9302,STU_25881A6645,SUB_1_A9302
25881A6645,SYED SHAHNAWAZ,A,1,A9021,Community Centered Design Thinking,A+,9.0,90.0,PASS,7.05,0,sem1_results,RES_S1_25881A6645_A9021,STU_25881A6645,SUB_1_A9021
25881A6645,SYED SHAHNAWAZ,A,1,A9007,Engineering Physics,B,6.0,60.0,PASS,7.05,0,sem1_results,RES_S1_25881A6645_A9007,STU_25881A6645,SUB_1_A9007
25881A6645,SYED SHAHNAWAZ,A,1,A9008,Engineering Physics Laboratory,A,8.0,80.0,PASS,7.05,0,sem1_results,RES_S1_25881A6645_A9008,STU_25881A6645,SUB_1_A9008
25881A6645,SYED SHAHNAWAZ,A,1,A9204,Basic Electrical Engineering,C,5.0,50.0,PASS,7.05,0,sem1_results,RES_S1_25881A6645_A9204,STU_25881A6645,SUB_1_A9204
25881A6645,SYED SHAHNAWAZ,A,1,A9801,Foundations of Data Science,B,6.0,60.0,PASS,7.05,0,sem1_results,RES_S1_25881A6645_A9801,STU_25881A6645,SUB_1_A9801
25881A6645,SYED SHAHNAWAZ,A,1,A9205,Basic Electrical Engineering Laboratory,O,10.0,100.0,PASS,7.05,0,sem1_results,RES_S1_25881A6645_A9205,STU_25881A6645,SUB_1_A9205
25881A6646,DHARAVATH SHARATH KUMAR,A,1,A9001,Matrices and Calculus,B+,7.0,70.0,PASS,7.2,0,sem1_results,RES_S1_25881A6646_A9001,STU_25881A6646,SUB_1_A9001
25881A6646,DHARAVATH SHARATH KUMAR,A,1,A9501,Programming for Problem Solving,C,5.0,50.0,PASS,7.2,0,sem1_results,RES_S1_25881A6646_A9501,STU_25881A6646,SUB_1_A9501
25881A6646,DHARAVATH SHARATH KUMAR,A,1,A9502,Programming for Problem Solving Laboratory,B+,7.0,70.0,PASS,7.2,0,sem1_results,RES_S1_25881A6646_A9502,STU_25881A6646,SUB_1_A9502
25881A6646,DHARAVATH SHARATH KUMAR,A,1,A9302,Engineering Workshop,O,10.0,100.0,PASS,7.2,0,sem1_results,RES_S1_25881A6646_A9302,STU_25881A6646,SUB_1_A9302
25881A6646,DHARAVATH SHARATH KUMAR,A,1,A9021,Community Centered Design Thinking,A+,9.0,90.0,PASS,7.2,0,sem1_results,RES_S1_25881A6646_A9021,STU_25881A6646,SUB_1_A9021
25881A6646,DHARAVATH SHARATH KUMAR,A,1,A9007,Engineering Physics,B+,7.0,70.0,PASS,7.2,0,sem1_results,RES_S1_25881A6646_A9007,STU_25881A6646,SUB_1_A9007
25881A6646,DHARAVATH SHARATH KUMAR,A,1,A9008,Engineering Physics Laboratory,A+,9.0,90.0,PASS,7.2,0,sem1_results,RES_S1_25881A6646_A9008,STU_25881A6646,SUB_1_A9008
25881A6646,DHARAVATH SHARATH KUMAR,A,1,A9204,Basic Electrical Engineering,B+,7.0,70.0,PASS,7.2,0,sem1_results,RES_S1_25881A6646_A9204,STU_25881A6646,SUB_1_A9204
25881A6646,DHARAVATH SHARATH KUMAR,A,1,A9801,Foundations of Data Science,A,8.0,80.0,PASS,7.2,0,sem1_results,RES_S1_25881A6646_A9801,STU_25881A6646,SUB_1_A9801
25881A6646,DHARAVATH SHARATH KUMAR,A,1,A9205,Basic Electrical Engineering Laboratory,B+,7.0,70.0,PASS,7.2,0,sem1_results,RES_S1_25881A6646_A9205,STU_25881A6646,SUB_1_A9205
25881A6647,CH SHREYAS,A,1,A9001,Matrices and Calculus,A,8.0,80.0,PASS,8.25,0,sem1_results,RES_S1_25881A6647_A9001,STU_25881A6647,SUB_1_A9001
25881A6647,CH SHREYAS,A,1,A9501,Programming for Problem Solving,A,8.0,80.0,PASS,8.25,0,sem1_results,RES_S1_25881A6647_A9501,STU_25881A6647,SUB_1_A9501
25881A6647,CH SHREYAS,A,1,A9502,Programming for Problem Solving Laboratory,A,8.0,80.0,PASS,8.25,0,sem1_results,RES_S1_25881A6647_A9502,STU_25881A6647,SUB_1_A9502
25881A6647,CH SHREYAS,A,1,A9302,Engineering Workshop,A+,9.0,90.0,PASS,8.25,0,sem1_results,RES_S1_25881A6647_A9302,STU_25881A6647,SUB_1_A9302
25881A6647,CH SHREYAS,A,1,A9021,Community Centered Design Thinking,A+,9.0,90.0,PASS,8.25,0,sem1_results,RES_S1_25881A6647_A9021,STU_25881A6647,SUB_1_A9021
25881A6647,CH SHREYAS,A,1,A9007,Engineering Physics,A,8.0,80.0,PASS,8.25,0,sem1_results,RES_S1_25881A6647_A9007,STU_25881A6647,SUB_1_A9007
25881A6647,CH SHREYAS,A,1,A9008,Engineering Physics Laboratory,A+,9.0,90.0,PASS,8.25,0,sem1_results,RES_S1_25881A6647_A9008,STU_25881A6647,SUB_1_A9008
25881A6647,CH SHREYAS,A,1,A9204,Basic Electrical Engineering,O,10.0,100.0,PASS,8.25,0,sem1_results,RES_S1_25881A6647_A9204,STU_25881A6647,SUB_1_A9204
25881A6647,CH SHREYAS,A,1,A9801,Foundations of Data Science,B+,7.0,70.0,PASS,8.25,0,sem1_results,RES_S1_25881A6647_A9801,STU_25881A6647,SUB_1_A9801
25881A6647,CH SHREYAS,A,1,A9205,Basic Electrical Engineering Laboratory,A+,9.0,90.0,PASS,8.25,0,sem1_results,RES_S1_25881A6647_A9205,STU_25881A6647,SUB_1_A9205
25881A6648,THALLA SHRINIDHI,A,1,A9001,Matrices and Calculus,C,5.0,50.0,PASS,6.65,0,sem1_results,RES_S1_25881A6648_A9001,STU_25881A6648,SUB_1_A9001
25881A6648,THALLA SHRINIDHI,A,1,A9501,Programming for Problem Solving,C,5.0,50.0,PASS,6.65,0,sem1_results,RES_S1_25881A6648_A9501,STU_25881A6648,SUB_1_A9501
25881A6648,THALLA SHRINIDHI,A,1,A9502,Programming for Problem Solving Laboratory,B+,7.0,70.0,PASS,6.65,0,sem1_results,RES_S1_25881A6648_A9502,STU_25881A6648,SUB_1_A9502
25881A6648,THALLA SHRINIDHI,A,1,A9302,Engineering Workshop,O,10.0,100.0,PASS,6.65,0,sem1_results,RES_S1_25881A6648_A9302,STU_25881A6648,SUB_1_A9302
25881A6648,THALLA SHRINIDHI,A,1,A9021,Community Centered Design Thinking,A+,9.0,90.0,PASS,6.65,0,sem1_results,RES_S1_25881A6648_A9021,STU_25881A6648,SUB_1_A9021
25881A6648,THALLA SHRINIDHI,A,1,A9007,Engineering Physics,B,6.0,60.0,PASS,6.65,0,sem1_results,RES_S1_25881A6648_A9007,STU_25881A6648,SUB_1_A9007
25881A6648,THALLA SHRINIDHI,A,1,A9008,Engineering Physics Laboratory,A+,9.0,90.0,PASS,6.65,0,sem1_results,RES_S1_25881A6648_A9008,STU_25881A6648,SUB_1_A9008
25881A6648,THALLA SHRINIDHI,A,1,A9204,Basic Electrical Engineering,B,6.0,60.0,PASS,6.65,0,sem1_results,RES_S1_25881A6648_A9204,STU_25881A6648,SUB_1_A9204
25881A6648,THALLA SHRINIDHI,A,1,A9801,Foundations of Data Science,A,8.0,80.0,PASS,6.65,0,sem1_results,RES_S1_25881A6648_A9801,STU_25881A6648,SUB_1_A9801
25881A6648,THALLA SHRINIDHI,A,1,A9205,Basic Electrical Engineering Laboratory,A+,9.0,90.0,PASS,6.65,0,sem1_results,RES_S1_25881A6648_A9205,STU_25881A6648,SUB_1_A9205
25881A6649,KARPE SIRIVALLI,A,1,A9001,Matrices and Calculus,O,10.0,100.0,PASS,8.8,0,sem1_results,RES_S1_25881A6649_A9001,STU_25881A6649,SUB_1_A9001
25881A6649,KARPE SIRIVALLI,A,1,A9501,Programming for Problem Solving,B+,7.0,70.0,PASS,8.8,0,sem1_results,RES_S1_25881A6649_A9501,STU_25881A6649,SUB_1_A9501
25881A6649,KARPE SIRIVALLI,A,1,A9502,Programming for Problem Solving Laboratory,O,10.0,100.0,PASS,8.8,0,sem1_results,RES_S1_25881A6649_A9502,STU_25881A6649,SUB_1_A9502
25881A6649,KARPE SIRIVALLI,A,1,A9302,Engineering Workshop,A+,9.0,90.0,PASS,8.8,0,sem1_results,RES_S1_25881A6649_A9302,STU_25881A6649,SUB_1_A9302
25881A6649,KARPE SIRIVALLI,A,1,A9021,Community Centered Design Thinking,O,10.0,100.0,PASS,8.8,0,sem1_results,RES_S1_25881A6649_A9021,STU_25881A6649,SUB_1_A9021
25881A6649,KARPE SIRIVALLI,A,1,A9007,Engineering Physics,A,8.0,80.0,PASS,8.8,0,sem1_results,RES_S1_25881A6649_A9007,STU_25881A6649,SUB_1_A9007
25881A6649,KARPE SIRIVALLI,A,1,A9008,Engineering Physics Laboratory,O,10.0,100.0,PASS,8.8,0,sem1_results,RES_S1_25881A6649_A9008,STU_25881A6649,SUB_1_A9008
25881A6649,KARPE SIRIVALLI,A,1,A9204,Basic Electrical Engineering,O,10.0,100.0,PASS,8.8,0,sem1_results,RES_S1_25881A6649_A9204,STU_25881A6649,SUB_1_A9204
25881A6649,KARPE SIRIVALLI,A,1,A9801,Foundations of Data Science,A,8.0,80.0,PASS,8.8,0,sem1_results,RES_S1_25881A6649_A9801,STU_25881A6649,SUB_1_A9801
25881A6649,KARPE SIRIVALLI,A,1,A9205,Basic Electrical Engineering Laboratory,A,8.0,80.0,PASS,8.8,0,sem1_results,RES_S1_25881A6649_A9205,STU_25881A6649,SUB_1_A9205
25881A6650,APPANA SOWMYA SRI,A,1,A9001,Matrices and Calculus,AB,0.0,0.0,FAIL,0.0,10,sem1_results,RES_S1_25881A6650_A9001,STU_25881A6650,SUB_1_A9001
25881A6650,APPANA SOWMYA SRI,A,1,A9501,Programming for Problem Solving,AB,0.0,0.0,FAIL,0.0,10,sem1_results,RES_S1_25881A6650_A9501,STU_25881A6650,SUB_1_A9501
25881A6650,APPANA SOWMYA SRI,A,1,A9502,Programming for Problem Solving Laboratory,AB,0.0,0.0,FAIL,0.0,10,sem1_results,RES_S1_25881A6650_A9502,STU_25881A6650,SUB_1_A9502
25881A6650,APPANA SOWMYA SRI,A,1,A9302,Engineering Workshop,AB,0.0,0.0,FAIL,0.0,10,sem1_results,RES_S1_25881A6650_A9302,STU_25881A6650,SUB_1_A9302
25881A6650,APPANA SOWMYA SRI,A,1,A9021,Community Centered Design Thinking,AB,0.0,0.0,FAIL,0.0,10,sem1_results,RES_S1_25881A6650_A9021,STU_25881A6650,SUB_1_A9021
25881A6650,APPANA SOWMYA SRI,A,1,A9007,Engineering Physics,AB,0.0,0.0,FAIL,0.0,10,sem1_results,RES_S1_25881A6650_A9007,STU_25881A6650,SUB_1_A9007
25881A6650,APPANA SOWMYA SRI,A,1,A9008,Engineering Physics Laboratory,AB,0.0,0.0,FAIL,0.0,10,sem1_results,RES_S1_25881A6650_A9008,STU_25881A6650,SUB_1_A9008
25881A6650,APPANA SOWMYA SRI,A,1,A9204,Basic Electrical Engineering,AB,0.0,0.0,FAIL,0.0,10,sem1_results,RES_S1_25881A6650_A9204,STU_25881A6650,SUB_1_A9204
25881A6650,APPANA SOWMYA SRI,A,1,A9801,Foundations of Data Science,AB,0.0,0.0,FAIL,0.0,10,sem1_results,RES_S1_25881A6650_A9801,STU_25881A6650,SUB_1_A9801
25881A6650,APPANA SOWMYA SRI,A,1,A9205,Basic Electrical Engineering Laboratory,AB,0.0,0.0,FAIL,0.0,10,sem1_results,RES_S1_25881A6650_A9205,STU_25881A6650,SUB_1_A9205
25881A6651,SANGANI SRI CHANDANA,A,1,A9001,Matrices and Calculus,O,10.0,100.0,PASS,9.45,0,sem1_results,RES_S1_25881A6651_A9001,STU_25881A6651,SUB_1_A9001
25881A6651,SANGANI SRI CHANDANA,A,1,A9501,Programming for Problem Solving,A,8.0,80.0,PASS,9.45,0,sem1_results,RES_S1_25881A6651_A9501,STU_25881A6651,SUB_1_A9501
25881A6651,SANGANI SRI CHANDANA,A,1,A9502,Programming for Problem Solving Laboratory,A+,9.0,90.0,PASS,9.45,0,sem1_results,RES_S1_25881A6651_A9502,STU_25881A6651,SUB_1_A9502
25881A6651,SANGANI SRI CHANDANA,A,1,A9302,Engineering Workshop,O,10.0,100.0,PASS,9.45,0,sem1_results,RES_S1_25881A6651_A9302,STU_25881A6651,SUB_1_A9302
25881A6651,SANGANI SRI CHANDANA,A,1,A9021,Community Centered Design Thinking,A,8.0,80.0,PASS,9.45,0,sem1_results,RES_S1_25881A6651_A9021,STU_25881A6651,SUB_1_A9021
25881A6651,SANGANI SRI CHANDANA,A,1,A9007,Engineering Physics,O,10.0,100.0,PASS,9.45,0,sem1_results,RES_S1_25881A6651_A9007,STU_25881A6651,SUB_1_A9007
25881A6651,SANGANI SRI CHANDANA,A,1,A9008,Engineering Physics Laboratory,O,10.0,100.0,PASS,9.45,0,sem1_results,RES_S1_25881A6651_A9008,STU_25881A6651,SUB_1_A9008
25881A6651,SANGANI SRI CHANDANA,A,1,A9204,Basic Electrical Engineering,A+,9.0,90.0,PASS,9.45,0,sem1_results,RES_S1_25881A6651_A9204,STU_25881A6651,SUB_1_A9204
25881A6651,SANGANI SRI CHANDANA,A,1,A9801,Foundations of Data Science,O,10.0,100.0,PASS,9.45,0,sem1_results,RES_S1_25881A6651_A9801,STU_25881A6651,SUB_1_A9801
25881A6651,SANGANI SRI CHANDANA,A,1,A9205,Basic Electrical Engineering Laboratory,O,10.0,100.0,PASS,9.45,0,sem1_results,RES_S1_25881A6651_A9205,STU_25881A6651,SUB_1_A9205
25881A6652,PEDDI SRICHARAN,A,1,A9001,Matrices and Calculus,O,10.0,100.0,PASS,8.85,0,sem1_results,RES_S1_25881A6652_A9001,STU_25881A6652,SUB_1_A9001
25881A6652,PEDDI SRICHARAN,A,1,A9501,Programming for Problem Solving,B+,7.0,70.0,PASS,8.85,0,sem1_results,RES_S1_25881A6652_A9501,STU_25881A6652,SUB_1_A9501
25881A6652,PEDDI SRICHARAN,A,1,A9502,Programming for Problem Solving Laboratory,A+,9.0,90.0,PASS,8.85,0,sem1_results,RES_S1_25881A6652_A9502,STU_25881A6652,SUB_1_A9502
25881A6652,PEDDI SRICHARAN,A,1,A9302,Engineering Workshop,O,10.0,100.0,PASS,8.85,0,sem1_results,RES_S1_25881A6652_A9302,STU_25881A6652,SUB_1_A9302
25881A6652,PEDDI SRICHARAN,A,1,A9021,Community Centered Design Thinking,A+,9.0,90.0,PASS,8.85,0,sem1_results,RES_S1_25881A6652_A9021,STU_25881A6652,SUB_1_A9021
25881A6652,PEDDI SRICHARAN,A,1,A9007,Engineering Physics,A,8.0,80.0,PASS,8.85,0,sem1_results,RES_S1_25881A6652_A9007,STU_25881A6652,SUB_1_A9007
25881A6652,PEDDI SRICHARAN,A,1,A9008,Engineering Physics Laboratory,O,10.0,100.0,PASS,8.85,0,sem1_results,RES_S1_25881A6652_A9008,STU_25881A6652,SUB_1_A9008
25881A6652,PEDDI SRICHARAN,A,1,A9204,Basic Electrical Engineering,O,10.0,100.0,PASS,8.85,0,sem1_results,RES_S1_25881A6652_A9204,STU_25881A6652,SUB_1_A9204
25881A6652,PEDDI SRICHARAN,A,1,A9801,Foundations of Data Science,A,8.0,80.0,PASS,8.85,0,sem1_results,RES_S1_25881A6652_A9801,STU_25881A6652,SUB_1_A9801
25881A6652,PEDDI SRICHARAN,A,1,A9205,Basic Electrical Engineering Laboratory,O,10.0,100.0,PASS,8.85,0,sem1_results,RES_S1_25881A6652_A9205,STU_25881A6652,SUB_1_A9205
25881A6653,JAVVAJI SRIJITH,A,1,A9001,Matrices and Calculus,O,10.0,100.0,PASS,8.55,0,sem1_results,RES_S1_25881A6653_A9001,STU_25881A6653,SUB_1_A9001
25881A6653,JAVVAJI SRIJITH,A,1,A9501,Programming for Problem Solving,A,8.0,80.0,PASS,8.55,0,sem1_results,RES_S1_25881A6653_A9501,STU_25881A6653,SUB_1_A9501
25881A6653,JAVVAJI SRIJITH,A,1,A9502,Programming for Problem Solving Laboratory,B+,7.0,70.0,PASS,8.55,0,sem1_results,RES_S1_25881A6653_A9502,STU_25881A6653,SUB_1_A9502
25881A6653,JAVVAJI SRIJITH,A,1,A9302,Engineering Workshop,O,10.0,100.0,PASS,8.55,0,sem1_results,RES_S1_25881A6653_A9302,STU_25881A6653,SUB_1_A9302
25881A6653,JAVVAJI SRIJITH,A,1,A9021,Community Centered Design Thinking,O,10.0,100.0,PASS,8.55,0,sem1_results,RES_S1_25881A6653_A9021,STU_25881A6653,SUB_1_A9021
25881A6653,JAVVAJI SRIJITH,A,1,A9007,Engineering Physics,B+,7.0,70.0,PASS,8.55,0,sem1_results,RES_S1_25881A6653_A9007,STU_25881A6653,SUB_1_A9007
25881A6653,JAVVAJI SRIJITH,A,1,A9008,Engineering Physics Laboratory,O,10.0,100.0,PASS,8.55,0,sem1_results,RES_S1_25881A6653_A9008,STU_25881A6653,SUB_1_A9008
25881A6653,JAVVAJI SRIJITH,A,1,A9204,Basic Electrical Engineering,A+,9.0,90.0,PASS,8.55,0,sem1_results,RES_S1_25881A6653_A9204,STU_25881A6653,SUB_1_A9204
25881A6653,JAVVAJI SRIJITH,A,1,A9801,Foundations of Data Science,B+,7.0,70.0,PASS,8.55,0,sem1_results,RES_S1_25881A6653_A9801,STU_25881A6653,SUB_1_A9801
25881A6653,JAVVAJI SRIJITH,A,1,A9205,Basic Electrical Engineering Laboratory,O,10.0,100.0,PASS,8.55,0,sem1_results,RES_S1_25881A6653_A9205,STU_25881A6653,SUB_1_A9205
25881A6654,MORTHAD SRINIDHI,A,1,A9001,Matrices and Calculus,O,10.0,100.0,PASS,8.8,0,sem1_results,RES_S1_25881A6654_A9001,STU_25881A6654,SUB_1_A9001
25881A6654,MORTHAD SRINIDHI,A,1,A9501,Programming for Problem Solving,B,6.0,60.0,PASS,8.8,0,sem1_results,RES_S1_25881A6654_A9501,STU_25881A6654,SUB_1_A9501
25881A6654,MORTHAD SRINIDHI,A,1,A9502,Programming for Problem Solving Laboratory,B+,7.0,70.0,PASS,8.8,0,sem1_results,RES_S1_25881A6654_A9502,STU_25881A6654,SUB_1_A9502
25881A6654,MORTHAD SRINIDHI,A,1,A9302,Engineering Workshop,O,10.0,100.0,PASS,8.8,0,sem1_results,RES_S1_25881A6654_A9302,STU_25881A6654,SUB_1_A9302
25881A6654,MORTHAD SRINIDHI,A,1,A9021,Community Centered Design Thinking,O,10.0,100.0,PASS,8.8,0,sem1_results,RES_S1_25881A6654_A9021,STU_25881A6654,SUB_1_A9021
25881A6654,MORTHAD SRINIDHI,A,1,A9007,Engineering Physics,A+,9.0,90.0,PASS,8.8,0,sem1_results,RES_S1_25881A6654_A9007,STU_25881A6654,SUB_1_A9007
25881A6654,MORTHAD SRINIDHI,A,1,A9008,Engineering Physics Laboratory,O,10.0,100.0,PASS,8.8,0,sem1_results,RES_S1_25881A6654_A9008,STU_25881A6654,SUB_1_A9008
25881A6654,MORTHAD SRINIDHI,A,1,A9204,Basic Electrical Engineering,A+,9.0,90.0,PASS,8.8,0,sem1_results,RES_S1_25881A6654_A9204,STU_25881A6654,SUB_1_A9204
25881A6654,MORTHAD SRINIDHI,A,1,A9801,Foundations of Data Science,A+,9.0,90.0,PASS,8.8,0,sem1_results,RES_S1_25881A6654_A9801,STU_25881A6654,SUB_1_A9801
25881A6654,MORTHAD SRINIDHI,A,1,A9205,Basic Electrical Engineering Laboratory,A+,9.0,90.0,PASS,8.8,0,sem1_results,RES_S1_25881A6654_A9205,STU_25881A6654,SUB_1_A9205
25881A6655,CHANDA SRINIVASA SHAILESH GUPTA,A,1,A9001,Matrices and Calculus,F,0.0,0.0,FAIL,6.05,1,sem1_results,RES_S1_25881A6655_A9001,STU_25881A6655,SUB_1_A9001
25881A6655,CHANDA SRINIVASA SHAILESH GUPTA,A,1,A9501,Programming for Problem Solving,B,6.0,60.0,PASS,6.05,1,sem1_results,RES_S1_25881A6655_A9501,STU_25881A6655,SUB_1_A9501
25881A6655,CHANDA SRINIVASA SHAILESH GUPTA,A,1,A9502,Programming for Problem Solving Laboratory,A+,9.0,90.0,PASS,6.05,1,sem1_results,RES_S1_25881A6655_A9502,STU_25881A6655,SUB_1_A9502
25881A6655,CHANDA SRINIVASA SHAILESH GUPTA,A,1,A9302,Engineering Workshop,A+,9.0,90.0,PASS,6.05,1,sem1_results,RES_S1_25881A6655_A9302,STU_25881A6655,SUB_1_A9302
25881A6655,CHANDA SRINIVASA SHAILESH GUPTA,A,1,A9021,Community Centered Design Thinking,O,10.0,100.0,PASS,6.05,1,sem1_results,RES_S1_25881A6655_A9021,STU_25881A6655,SUB_1_A9021
25881A6655,CHANDA SRINIVASA SHAILESH GUPTA,A,1,A9007,Engineering Physics,B+,7.0,70.0,PASS,6.05,1,sem1_results,RES_S1_25881A6655_A9007,STU_25881A6655,SUB_1_A9007
25881A6655,CHANDA SRINIVASA SHAILESH GUPTA,A,1,A9008,Engineering Physics Laboratory,A,8.0,80.0,PASS,6.05,1,sem1_results,RES_S1_25881A6655_A9008,STU_25881A6655,SUB_1_A9008
25881A6655,CHANDA SRINIVASA SHAILESH GUPTA,A,1,A9204,Basic Electrical Engineering,B+,7.0,70.0,PASS,6.05,1,sem1_results,RES_S1_25881A6655_A9204,STU_25881A6655,SUB_1_A9204
25881A6655,CHANDA SRINIVASA SHAILESH GUPTA,A,1,A9801,Foundations of Data Science,A,8.0,80.0,PASS,6.05,1,sem1_results,RES_S1_25881A6655_A9801,STU_25881A6655,SUB_1_A9801
25881A6655,CHANDA SRINIVASA SHAILESH GUPTA,A,1,A9205,Basic Electrical Engineering Laboratory,A,8.0,80.0,PASS,6.05,1,sem1_results,RES_S1_25881A6655_A9205,STU_25881A6655,SUB_1_A9205
25881A6656,Y SRIRAM,A,1,A9001,Matrices and Calculus,A+,9.0,90.0,PASS,8.65,0,sem1_results,RES_S1_25881A6656_A9001,STU_25881A6656,SUB_1_A9001
25881A6656,Y SRIRAM,A,1,A9501,Programming for Problem Solving,A+,9.0,90.0,PASS,8.65,0,sem1_results,RES_S1_25881A6656_A9501,STU_25881A6656,SUB_1_A9501
25881A6656,Y SRIRAM,A,1,A9502,Programming for Problem Solving Laboratory,A+,9.0,90.0,PASS,8.65,0,sem1_results,RES_S1_25881A6656_A9502,STU_25881A6656,SUB_1_A9502
25881A6656,Y SRIRAM,A,1,A9302,Engineering Workshop,O,10.0,100.0,PASS,8.65,0,sem1_results,RES_S1_25881A6656_A9302,STU_25881A6656,SUB_1_A9302
25881A6656,Y SRIRAM,A,1,A9021,Community Centered Design Thinking,O,10.0,100.0,PASS,8.65,0,sem1_results,RES_S1_25881A6656_A9021,STU_25881A6656,SUB_1_A9021
25881A6656,Y SRIRAM,A,1,A9007,Engineering Physics,A,8.0,80.0,PASS,8.65,0,sem1_results,RES_S1_25881A6656_A9007,STU_25881A6656,SUB_1_A9007
25881A6656,Y SRIRAM,A,1,A9008,Engineering Physics Laboratory,A+,9.0,90.0,PASS,8.65,0,sem1_results,RES_S1_25881A6656_A9008,STU_25881A6656,SUB_1_A9008
25881A6656,Y SRIRAM,A,1,A9204,Basic Electrical Engineering,A+,9.0,90.0,PASS,8.65,0,sem1_results,RES_S1_25881A6656_A9204,STU_25881A6656,SUB_1_A9204
25881A6656,Y SRIRAM,A,1,A9801,Foundations of Data Science,B+,7.0,70.0,PASS,8.65,0,sem1_results,RES_S1_25881A6656_A9801,STU_25881A6656,SUB_1_A9801
25881A6656,Y SRIRAM,A,1,A9205,Basic Electrical Engineering Laboratory,A+,9.0,90.0,PASS,8.65,0,sem1_results,RES_S1_25881A6656_A9205,STU_25881A6656,SUB_1_A9205
25881A6657,THIPPANI SUDEEKSHA REDDY,A,1,A9001,Matrices and Calculus,B,6.0,60.0,PASS,4.75,2,sem1_results,RES_S1_25881A6657_A9001,STU_25881A6657,SUB_1_A9001
25881A6657,THIPPANI SUDEEKSHA REDDY,A,1,A9501,Programming for Problem Solving,C,5.0,50.0,PASS,4.75,2,sem1_results,RES_S1_25881A6657_A9501,STU_25881A6657,SUB_1_A9501
25881A6657,THIPPANI SUDEEKSHA REDDY,A,1,A9502,Programming for Problem Solving Laboratory,B,6.0,60.0,PASS,4.75,2,sem1_results,RES_S1_25881A6657_A9502,STU_25881A6657,SUB_1_A9502
25881A6657,THIPPANI SUDEEKSHA REDDY,A,1,A9302,Engineering Workshop,O,10.0,100.0,PASS,4.75,2,sem1_results,RES_S1_25881A6657_A9302,STU_25881A6657,SUB_1_A9302
25881A6657,THIPPANI SUDEEKSHA REDDY,A,1,A9021,Community Centered Design Thinking,O,10.0,100.0,PASS,4.75,2,sem1_results,RES_S1_25881A6657_A9021,STU_25881A6657,SUB_1_A9021
25881A6657,THIPPANI SUDEEKSHA REDDY,A,1,A9007,Engineering Physics,F,0.0,0.0,FAIL,4.75,2,sem1_results,RES_S1_25881A6657_A9007,STU_25881A6657,SUB_1_A9007
25881A6657,THIPPANI SUDEEKSHA REDDY,A,1,A9008,Engineering Physics Laboratory,A,8.0,80.0,PASS,4.75,2,sem1_results,RES_S1_25881A6657_A9008,STU_25881A6657,SUB_1_A9008
25881A6657,THIPPANI SUDEEKSHA REDDY,A,1,A9204,Basic Electrical Engineering,F,0.0,0.0,FAIL,4.75,2,sem1_results,RES_S1_25881A6657_A9204,STU_25881A6657,SUB_1_A9204
25881A6657,THIPPANI SUDEEKSHA REDDY,A,1,A9801,Foundations of Data Science,C,5.0,50.0,PASS,4.75,2,sem1_results,RES_S1_25881A6657_A9801,STU_25881A6657,SUB_1_A9801
25881A6657,THIPPANI SUDEEKSHA REDDY,A,1,A9205,Basic Electrical Engineering Laboratory,B+,7.0,70.0,PASS,4.75,2,sem1_results,RES_S1_25881A6657_A9205,STU_25881A6657,SUB_1_A9205
25881A6658,MOHAMMED SUFIYAN,A,1,A9001,Matrices and Calculus,B+,7.0,70.0,PASS,6.7,1,sem1_results,RES_S1_25881A6658_A9001,STU_25881A6658,SUB_1_A9001
25881A6658,MOHAMMED SUFIYAN,A,1,A9501,Programming for Problem Solving,F,0.0,0.0,FAIL,6.7,1,sem1_results,RES_S1_25881A6658_A9501,STU_25881A6658,SUB_1_A9501
25881A6658,MOHAMMED SUFIYAN,A,1,A9502,Programming for Problem Solving Laboratory,A,8.0,80.0,PASS,6.7,1,sem1_results,RES_S1_25881A6658_A9502,STU_25881A6658,SUB_1_A9502
25881A6658,MOHAMMED SUFIYAN,A,1,A9302,Engineering Workshop,O,10.0,100.0,PASS,6.7,1,sem1_results,RES_S1_25881A6658_A9302,STU_25881A6658,SUB_1_A9302
25881A6658,MOHAMMED SUFIYAN,A,1,A9021,Community Centered Design Thinking,O,10.0,100.0,PASS,6.7,1,sem1_results,RES_S1_25881A6658_A9021,STU_25881A6658,SUB_1_A9021
25881A6658,MOHAMMED SUFIYAN,A,1,A9007,Engineering Physics,B,6.0,60.0,PASS,6.7,1,sem1_results,RES_S1_25881A6658_A9007,STU_25881A6658,SUB_1_A9007
25881A6658,MOHAMMED SUFIYAN,A,1,A9008,Engineering Physics Laboratory,O,10.0,100.0,PASS,6.7,1,sem1_results,RES_S1_25881A6658_A9008,STU_25881A6658,SUB_1_A9008
25881A6658,MOHAMMED SUFIYAN,A,1,A9204,Basic Electrical Engineering,B+,7.0,70.0,PASS,6.7,1,sem1_results,RES_S1_25881A6658_A9204,STU_25881A6658,SUB_1_A9204
25881A6658,MOHAMMED SUFIYAN,A,1,A9801,Foundations of Data Science,A+,9.0,90.0,PASS,6.7,1,sem1_results,RES_S1_25881A6658_A9801,STU_25881A6658,SUB_1_A9801
25881A6658,MOHAMMED SUFIYAN,A,1,A9205,Basic Electrical Engineering Laboratory,A+,9.0,90.0,PASS,6.7,1,sem1_results,RES_S1_25881A6658_A9205,STU_25881A6658,SUB_1_A9205
25881A6659,MANDLA VAISHALI,A,1,A9001,Matrices and Calculus,O,10.0,100.0,PASS,9.35,0,sem1_results,RES_S1_25881A6659_A9001,STU_25881A6659,SUB_1_A9001
25881A6659,MANDLA VAISHALI,A,1,A9501,Programming for Problem Solving,A,8.0,80.0,PASS,9.35,0,sem1_results,RES_S1_25881A6659_A9501,STU_25881A6659,SUB_1_A9501
25881A6659,MANDLA VAISHALI,A,1,A9502,Programming for Problem Solving Laboratory,O,10.0,100.0,PASS,9.35,0,sem1_results,RES_S1_25881A6659_A9502,STU_25881A6659,SUB_1_A9502
25881A6659,MANDLA VAISHALI,A,1,A9302,Engineering Workshop,O,10.0,100.0,PASS,9.35,0,sem1_results,RES_S1_25881A6659_A9302,STU_25881A6659,SUB_1_A9302
25881A6659,MANDLA VAISHALI,A,1,A9021,Community Centered Design Thinking,A+,9.0,90.0,PASS,9.35,0,sem1_results,RES_S1_25881A6659_A9021,STU_25881A6659,SUB_1_A9021
25881A6659,MANDLA VAISHALI,A,1,A9007,Engineering Physics,A+,9.0,90.0,PASS,9.35,0,sem1_results,RES_S1_25881A6659_A9007,STU_25881A6659,SUB_1_A9007
25881A6659,MANDLA VAISHALI,A,1,A9008,Engineering Physics Laboratory,O,10.0,100.0,PASS,9.35,0,sem1_results,RES_S1_25881A6659_A9008,STU_25881A6659,SUB_1_A9008
25881A6659,MANDLA VAISHALI,A,1,A9204,Basic Electrical Engineering,O,10.0,100.0,PASS,9.35,0,sem1_results,RES_S1_25881A6659_A9204,STU_25881A6659,SUB_1_A9204
25881A6659,MANDLA VAISHALI,A,1,A9801,Foundations of Data Science,A+,9.0,90.0,PASS,9.35,0,sem1_results,RES_S1_25881A6659_A9801,STU_25881A6659,SUB_1_A9801
25881A6659,MANDLA VAISHALI,A,1,A9205,Basic Electrical Engineering Laboratory,O,10.0,100.0,PASS,9.35,0,sem1_results,RES_S1_25881A6659_A9205,STU_25881A6659,SUB_1_A9205
25881A6660,NAGABANDI VAISHNAVI,A,1,A9001,Matrices and Calculus,O,10.0,100.0,PASS,9.15,0,sem1_results,RES_S1_25881A6660_A9001,STU_25881A6660,SUB_1_A9001
25881A6660,NAGABANDI VAISHNAVI,A,1,A9501,Programming for Problem Solving,B+,7.0,70.0,PASS,9.15,0,sem1_results,RES_S1_25881A6660_A9501,STU_25881A6660,SUB_1_A9501
25881A6660,NAGABANDI VAISHNAVI,A,1,A9502,Programming for Problem Solving Laboratory,A+,9.0,90.0,PASS,9.15,0,sem1_results,RES_S1_25881A6660_A9502,STU_25881A6660,SUB_1_A9502
25881A6660,NAGABANDI VAISHNAVI,A,1,A9302,Engineering Workshop,O,10.0,100.0,PASS,9.15,0,sem1_results,RES_S1_25881A6660_A9302,STU_25881A6660,SUB_1_A9302
25881A6660,NAGABANDI VAISHNAVI,A,1,A9021,Community Centered Design Thinking,A+,9.0,90.0,PASS,9.15,0,sem1_results,RES_S1_25881A6660_A9021,STU_25881A6660,SUB_1_A9021
25881A6660,NAGABANDI VAISHNAVI,A,1,A9007,Engineering Physics,A+,9.0,90.0,PASS,9.15,0,sem1_results,RES_S1_25881A6660_A9007,STU_25881A6660,SUB_1_A9007
25881A6660,NAGABANDI VAISHNAVI,A,1,A9008,Engineering Physics Laboratory,O,10.0,100.0,PASS,9.15,0,sem1_results,RES_S1_25881A6660_A9008,STU_25881A6660,SUB_1_A9008
25881A6660,NAGABANDI VAISHNAVI,A,1,A9204,Basic Electrical Engineering,A+,9.0,90.0,PASS,9.15,0,sem1_results,RES_S1_25881A6660_A9204,STU_25881A6660,SUB_1_A9204
25881A6660,NAGABANDI VAISHNAVI,A,1,A9801,Foundations of Data Science,O,10.0,100.0,PASS,9.15,0,sem1_results,RES_S1_25881A6660_A9801,STU_25881A6660,SUB_1_A9801
25881A6660,NAGABANDI VAISHNAVI,A,1,A9205,Basic Electrical Engineering Laboratory,A+,9.0,90.0,PASS,9.15,0,sem1_results,RES_S1_25881A6660_A9205,STU_25881A6660,SUB_1_A9205
25881A6661,SATU VAMSHI KRISHNA,A,1,A9001,Matrices and Calculus,B+,7.0,70.0,PASS,7.5,0,sem1_results,RES_S1_25881A6661_A9001,STU_25881A6661,SUB_1_A9001
25881A6661,SATU VAMSHI KRISHNA,A,1,A9501,Programming for Problem Solving,B+,7.0,70.0,PASS,7.5,0,sem1_results,RES_S1_25881A6661_A9501,STU_25881A6661,SUB_1_A9501
25881A6661,SATU VAMSHI KRISHNA,A,1,A9502,Programming for Problem Solving Laboratory,A,8.0,80.0,PASS,7.5,0,sem1_results,RES_S1_25881A6661_A9502,STU_25881A6661,SUB_1_A9502
25881A6661,SATU VAMSHI KRISHNA,A,1,A9302,Engineering Workshop,O,10.0,100.0,PASS,7.5,0,sem1_results,RES_S1_25881A6661_A9302,STU_25881A6661,SUB_1_A9302
25881A6661,SATU VAMSHI KRISHNA,A,1,A9021,Community Centered Design Thinking,A+,9.0,90.0,PASS,7.5,0,sem1_results,RES_S1_25881A6661_A9021,STU_25881A6661,SUB_1_A9021
25881A6661,SATU VAMSHI KRISHNA,A,1,A9007,Engineering Physics,B,6.0,60.0,PASS,7.5,0,sem1_results,RES_S1_25881A6661_A9007,STU_25881A6661,SUB_1_A9007
25881A6661,SATU VAMSHI KRISHNA,A,1,A9008,Engineering Physics Laboratory,O,10.0,100.0,PASS,7.5,0,sem1_results,RES_S1_25881A6661_A9008,STU_25881A6661,SUB_1_A9008
25881A6661,SATU VAMSHI KRISHNA,A,1,A9204,Basic Electrical Engineering,A,8.0,80.0,PASS,7.5,0,sem1_results,RES_S1_25881A6661_A9204,STU_25881A6661,SUB_1_A9204
25881A6661,SATU VAMSHI KRISHNA,A,1,A9801,Foundations of Data Science,B+,7.0,70.0,PASS,7.5,0,sem1_results,RES_S1_25881A6661_A9801,STU_25881A6661,SUB_1_A9801
25881A6661,SATU VAMSHI KRISHNA,A,1,A9205,Basic Electrical Engineering Laboratory,A+,9.0,90.0,PASS,7.5,0,sem1_results,RES_S1_25881A6661_A9205,STU_25881A6661,SUB_1_A9205
25881A6662,P VEERA SHANKAR REDDY,A,1,A9001,Matrices and Calculus,O,10.0,100.0,PASS,9.3,0,sem1_results,RES_S1_25881A6662_A9001,STU_25881A6662,SUB_1_A9001
25881A6662,P VEERA SHANKAR REDDY,A,1,A9501,Programming for Problem Solving,A,8.0,80.0,PASS,9.3,0,sem1_results,RES_S1_25881A6662_A9501,STU_25881A6662,SUB_1_A9501
25881A6662,P VEERA SHANKAR REDDY,A,1,A9502,Programming for Problem Solving Laboratory,O,10.0,100.0,PASS,9.3,0,sem1_results,RES_S1_25881A6662_A9502,STU_25881A6662,SUB_1_A9502
25881A6662,P VEERA SHANKAR REDDY,A,1,A9302,Engineering Workshop,O,10.0,100.0,PASS,9.3,0,sem1_results,RES_S1_25881A6662_A9302,STU_25881A6662,SUB_1_A9302
25881A6662,P VEERA SHANKAR REDDY,A,1,A9021,Community Centered Design Thinking,A,8.0,80.0,PASS,9.3,0,sem1_results,RES_S1_25881A6662_A9021,STU_25881A6662,SUB_1_A9021
25881A6662,P VEERA SHANKAR REDDY,A,1,A9007,Engineering Physics,A+,9.0,90.0,PASS,9.3,0,sem1_results,RES_S1_25881A6662_A9007,STU_25881A6662,SUB_1_A9007
25881A6662,P VEERA SHANKAR REDDY,A,1,A9008,Engineering Physics Laboratory,O,10.0,100.0,PASS,9.3,0,sem1_results,RES_S1_25881A6662_A9008,STU_25881A6662,SUB_1_A9008
25881A6662,P VEERA SHANKAR REDDY,A,1,A9204,Basic Electrical Engineering,O,10.0,100.0,PASS,9.3,0,sem1_results,RES_S1_25881A6662_A9204,STU_25881A6662,SUB_1_A9204
25881A6662,P VEERA SHANKAR REDDY,A,1,A9801,Foundations of Data Science,A+,9.0,90.0,PASS,9.3,0,sem1_results,RES_S1_25881A6662_A9801,STU_25881A6662,SUB_1_A9801
25881A6662,P VEERA SHANKAR REDDY,A,1,A9205,Basic Electrical Engineering Laboratory,O,10.0,100.0,PASS,9.3,0,sem1_results,RES_S1_25881A6662_A9205,STU_25881A6662,SUB_1_A9205
25881A6663,BURAM VIASHNAVI,A,1,A9001,Matrices and Calculus,B,6.0,60.0,PASS,6.5,0,sem1_results,RES_S1_25881A6663_A9001,STU_25881A6663,SUB_1_A9001
25881A6663,BURAM VIASHNAVI,A,1,A9501,Programming for Problem Solving,C,5.0,50.0,PASS,6.5,0,sem1_results,RES_S1_25881A6663_A9501,STU_25881A6663,SUB_1_A9501
25881A6663,BURAM VIASHNAVI,A,1,A9502,Programming for Problem Solving Laboratory,B+,7.0,70.0,PASS,6.5,0,sem1_results,RES_S1_25881A6663_A9502,STU_25881A6663,SUB_1_A9502
25881A6663,BURAM VIASHNAVI,A,1,A9302,Engineering Workshop,O,10.0,100.0,PASS,6.5,0,sem1_results,RES_S1_25881A6663_A9302,STU_25881A6663,SUB_1_A9302
25881A6663,BURAM VIASHNAVI,A,1,A9021,Community Centered Design Thinking,A+,9.0,90.0,PASS,6.5,0,sem1_results,RES_S1_25881A6663_A9021,STU_25881A6663,SUB_1_A9021
25881A6663,BURAM VIASHNAVI,A,1,A9007,Engineering Physics,C,5.0,50.0,PASS,6.5,0,sem1_results,RES_S1_25881A6663_A9007,STU_25881A6663,SUB_1_A9007
25881A6663,BURAM VIASHNAVI,A,1,A9008,Engineering Physics Laboratory,A+,9.0,90.0,PASS,6.5,0,sem1_results,RES_S1_25881A6663_A9008,STU_25881A6663,SUB_1_A9008
25881A6663,BURAM VIASHNAVI,A,1,A9204,Basic Electrical Engineering,B+,7.0,70.0,PASS,6.5,0,sem1_results,RES_S1_25881A6663_A9204,STU_25881A6663,SUB_1_A9204
25881A6663,BURAM VIASHNAVI,A,1,A9801,Foundations of Data Science,B,6.0,60.0,PASS,6.5,0,sem1_results,RES_S1_25881A6663_A9801,STU_25881A6663,SUB_1_A9801
25881A6663,BURAM VIASHNAVI,A,1,A9205,Basic Electrical Engineering Laboratory,A+,9.0,90.0,PASS,6.5,0,sem1_results,RES_S1_25881A6663_A9205,STU_25881A6663,SUB_1_A9205
25881A6664,NEERUDU VIVEK,A,1,A9001,Matrices and Calculus,O,10.0,100.0,PASS,9.5,0,sem1_results,RES_S1_25881A6664_A9001,STU_25881A6664,SUB_1_A9001
25881A6664,NEERUDU VIVEK,A,1,A9501,Programming for Problem Solving,A,8.0,80.0,PASS,9.5,0,sem1_results,RES_S1_25881A6664_A9501,STU_25881A6664,SUB_1_A9501
25881A6664,NEERUDU VIVEK,A,1,A9502,Programming for Problem Solving Laboratory,O,10.0,100.0,PASS,9.5,0,sem1_results,RES_S1_25881A6664_A9502,STU_25881A6664,SUB_1_A9502
25881A6664,NEERUDU VIVEK,A,1,A9302,Engineering Workshop,O,10.0,100.0,PASS,9.5,0,sem1_results,RES_S1_25881A6664_A9302,STU_25881A6664,SUB_1_A9302
25881A6664,NEERUDU VIVEK,A,1,A9021,Community Centered Design Thinking,A+,9.0,90.0,PASS,9.5,0,sem1_results,RES_S1_25881A6664_A9021,STU_25881A6664,SUB_1_A9021
25881A6664,NEERUDU VIVEK,A,1,A9007,Engineering Physics,A+,9.0,90.0,PASS,9.5,0,sem1_results,RES_S1_25881A6664_A9007,STU_25881A6664,SUB_1_A9007
25881A6664,NEERUDU VIVEK,A,1,A9008,Engineering Physics Laboratory,O,10.0,100.0,PASS,9.5,0,sem1_results,RES_S1_25881A6664_A9008,STU_25881A6664,SUB_1_A9008
25881A6664,NEERUDU VIVEK,A,1,A9204,Basic Electrical Engineering,O,10.0,100.0,PASS,9.5,0,sem1_results,RES_S1_25881A6664_A9204,STU_25881A6664,SUB_1_A9204
25881A6664,NEERUDU VIVEK,A,1,A9801,Foundations of Data Science,O,10.0,100.0,PASS,9.5,0,sem1_results,RES_S1_25881A6664_A9801,STU_25881A6664,SUB_1_A9801
25881A6664,NEERUDU VIVEK,A,1,A9205,Basic Electrical Engineering Laboratory,O,10.0,100.0,PASS,9.5,0,sem1_results,RES_S1_25881A6664_A9205,STU_25881A6664,SUB_1_A9205
25881A6665,KAMATHAM YASHWANTH,A,1,A9001,Matrices and Calculus,B,6.0,60.0,PASS,6.8,0,sem1_results,RES_S1_25881A6665_A9001,STU_25881A6665,SUB_1_A9001
25881A6665,KAMATHAM YASHWANTH,A,1,A9501,Programming for Problem Solving,B,6.0,60.0,PASS,6.8,0,sem1_results,RES_S1_25881A6665_A9501,STU_25881A6665,SUB_1_A9501
25881A6665,KAMATHAM YASHWANTH,A,1,A9502,Programming for Problem Solving Laboratory,B+,7.0,70.0,PASS,6.8,0,sem1_results,RES_S1_25881A6665_A9502,STU_25881A6665,SUB_1_A9502
25881A6665,KAMATHAM YASHWANTH,A,1,A9302,Engineering Workshop,O,10.0,100.0,PASS,6.8,0,sem1_results,RES_S1_25881A6665_A9302,STU_25881A6665,SUB_1_A9302
25881A6665,KAMATHAM YASHWANTH,A,1,A9021,Community Centered Design Thinking,O,10.0,100.0,PASS,6.8,0,sem1_results,RES_S1_25881A6665_A9021,STU_25881A6665,SUB_1_A9021
25881A6665,KAMATHAM YASHWANTH,A,1,A9007,Engineering Physics,B,6.0,60.0,PASS,6.8,0,sem1_results,RES_S1_25881A6665_A9007,STU_25881A6665,SUB_1_A9007
25881A6665,KAMATHAM YASHWANTH,A,1,A9008,Engineering Physics Laboratory,A+,9.0,90.0,PASS,6.8,0,sem1_results,RES_S1_25881A6665_A9008,STU_25881A6665,SUB_1_A9008
25881A6665,KAMATHAM YASHWANTH,A,1,A9204,Basic Electrical Engineering,C,5.0,50.0,PASS,6.8,0,sem1_results,RES_S1_25881A6665_A9204,STU_25881A6665,SUB_1_A9204
25881A6665,KAMATHAM YASHWANTH,A,1,A9801,Foundations of Data Science,B+,7.0,70.0,PASS,6.8,0,sem1_results,RES_S1_25881A6665_A9801,STU_25881A6665,SUB_1_A9801
25881A6665,KAMATHAM YASHWANTH,A,1,A9205,Basic Electrical Engineering Laboratory,A+,9.0,90.0,PASS,6.8,0,sem1_results,RES_S1_25881A6665_A9205,STU_25881A6665,SUB_1_A9205
25881A6666,GUDA ADHI YADAV,B,1,A9001,Matrices and Calculus,O,10.0,100.0,PASS,9.3,0,sem1_results,RES_S1_25881A6666_A9001,STU_25881A6666,SUB_1_A9001
25881A6666,GUDA ADHI YADAV,B,1,A9501,Programming for Problem Solving,A,8.0,80.0,PASS,9.3,0,sem1_results,RES_S1_25881A6666_A9501,STU_25881A6666,SUB_1_A9501
25881A6666,GUDA ADHI YADAV,B,1,A9502,Programming for Problem Solving Laboratory,O,10.0,100.0,PASS,9.3,0,sem1_results,RES_S1_25881A6666_A9502,STU_25881A6666,SUB_1_A9502
25881A6666,GUDA ADHI YADAV,B,1,A9302,Engineering Workshop,A+,9.0,90.0,PASS,9.3,0,sem1_results,RES_S1_25881A6666_A9302,STU_25881A6666,SUB_1_A9302
25881A6666,GUDA ADHI YADAV,B,1,A9021,Community Centered Design Thinking,A+,9.0,90.0,PASS,9.3,0,sem1_results,RES_S1_25881A6666_A9021,STU_25881A6666,SUB_1_A9021
25881A6666,GUDA ADHI YADAV,B,1,A9007,Engineering Physics,O,10.0,100.0,PASS,9.3,0,sem1_results,RES_S1_25881A6666_A9007,STU_25881A6666,SUB_1_A9007
25881A6666,GUDA ADHI YADAV,B,1,A9008,Engineering Physics Laboratory,O,10.0,100.0,PASS,9.3,0,sem1_results,RES_S1_25881A6666_A9008,STU_25881A6666,SUB_1_A9008
25881A6666,GUDA ADHI YADAV,B,1,A9204,Basic Electrical Engineering,O,10.0,100.0,PASS,9.3,0,sem1_results,RES_S1_25881A6666_A9204,STU_25881A6666,SUB_1_A9204
25881A6666,GUDA ADHI YADAV,B,1,A9801,Foundations of Data Science,A,8.0,80.0,PASS,9.3,0,sem1_results,RES_S1_25881A6666_A9801,STU_25881A6666,SUB_1_A9801
25881A6666,GUDA ADHI YADAV,B,1,A9205,Basic Electrical Engineering Laboratory,O,10.0,100.0,PASS,9.3,0,sem1_results,RES_S1_25881A6666_A9205,STU_25881A6666,SUB_1_A9205
25881A6667,PALAMOOR ADITHYA GOUD,B,1,A9001,Matrices and Calculus,O,10.0,100.0,PASS,8.95,0,sem1_results,RES_S1_25881A6667_A9001,STU_25881A6667,SUB_1_A9001
25881A6667,PALAMOOR ADITHYA GOUD,B,1,A9501,Programming for Problem Solving,A,8.0,80.0,PASS,8.95,0,sem1_results,RES_S1_25881A6667_A9501,STU_25881A6667,SUB_1_A9501
25881A6667,PALAMOOR ADITHYA GOUD,B,1,A9502,Programming for Problem Solving Laboratory,A+,9.0,90.0,PASS,8.95,0,sem1_results,RES_S1_25881A6667_A9502,STU_25881A6667,SUB_1_A9502
25881A6667,PALAMOOR ADITHYA GOUD,B,1,A9302,Engineering Workshop,A,8.0,80.0,PASS,8.95,0,sem1_results,RES_S1_25881A6667_A9302,STU_25881A6667,SUB_1_A9302
25881A6667,PALAMOOR ADITHYA GOUD,B,1,A9021,Community Centered Design Thinking,A+,9.0,90.0,PASS,8.95,0,sem1_results,RES_S1_25881A6667_A9021,STU_25881A6667,SUB_1_A9021
25881A6667,PALAMOOR ADITHYA GOUD,B,1,A9007,Engineering Physics,A+,9.0,90.0,PASS,8.95,0,sem1_results,RES_S1_25881A6667_A9007,STU_25881A6667,SUB_1_A9007
25881A6667,PALAMOOR ADITHYA GOUD,B,1,A9008,Engineering Physics Laboratory,A+,9.0,90.0,PASS,8.95,0,sem1_results,RES_S1_25881A6667_A9008,STU_25881A6667,SUB_1_A9008
25881A6667,PALAMOOR ADITHYA GOUD,B,1,A9204,Basic Electrical Engineering,O,10.0,100.0,PASS,8.95,0,sem1_results,RES_S1_25881A6667_A9204,STU_25881A6667,SUB_1_A9204
25881A6667,PALAMOOR ADITHYA GOUD,B,1,A9801,Foundations of Data Science,A,8.0,80.0,PASS,8.95,0,sem1_results,RES_S1_25881A6667_A9801,STU_25881A6667,SUB_1_A9801
25881A6667,PALAMOOR ADITHYA GOUD,B,1,A9205,Basic Electrical Engineering Laboratory,A+,9.0,90.0,PASS,8.95,0,sem1_results,RES_S1_25881A6667_A9205,STU_25881A6667,SUB_1_A9205
25881A6668,SHAHBAZ AHMED KHAN,B,1,A9001,Matrices and Calculus,A+,9.0,90.0,PASS,8.8,0,sem1_results,RES_S1_25881A6668_A9001,STU_25881A6668,SUB_1_A9001
25881A6668,SHAHBAZ AHMED KHAN,B,1,A9501,Programming for Problem Solving,A,8.0,80.0,PASS,8.8,0,sem1_results,RES_S1_25881A6668_A9501,STU_25881A6668,SUB_1_A9501
25881A6668,SHAHBAZ AHMED KHAN,B,1,A9502,Programming for Problem Solving Laboratory,O,10.0,100.0,PASS,8.8,0,sem1_results,RES_S1_25881A6668_A9502,STU_25881A6668,SUB_1_A9502
25881A6668,SHAHBAZ AHMED KHAN,B,1,A9302,Engineering Workshop,A+,9.0,90.0,PASS,8.8,0,sem1_results,RES_S1_25881A6668_A9302,STU_25881A6668,SUB_1_A9302
25881A6668,SHAHBAZ AHMED KHAN,B,1,A9021,Community Centered Design Thinking,A+,9.0,90.0,PASS,8.8,0,sem1_results,RES_S1_25881A6668_A9021,STU_25881A6668,SUB_1_A9021
25881A6668,SHAHBAZ AHMED KHAN,B,1,A9007,Engineering Physics,A+,9.0,90.0,PASS,8.8,0,sem1_results,RES_S1_25881A6668_A9007,STU_25881A6668,SUB_1_A9007
25881A6668,SHAHBAZ AHMED KHAN,B,1,A9008,Engineering Physics Laboratory,A+,9.0,90.0,PASS,8.8,0,sem1_results,RES_S1_25881A6668_A9008,STU_25881A6668,SUB_1_A9008
25881A6668,SHAHBAZ AHMED KHAN,B,1,A9204,Basic Electrical Engineering,A+,9.0,90.0,PASS,8.8,0,sem1_results,RES_S1_25881A6668_A9204,STU_25881A6668,SUB_1_A9204
25881A6668,SHAHBAZ AHMED KHAN,B,1,A9801,Foundations of Data Science,A,8.0,80.0,PASS,8.8,0,sem1_results,RES_S1_25881A6668_A9801,STU_25881A6668,SUB_1_A9801
25881A6668,SHAHBAZ AHMED KHAN,B,1,A9205,Basic Electrical Engineering Laboratory,O,10.0,100.0,PASS,8.8,0,sem1_results,RES_S1_25881A6668_A9205,STU_25881A6668,SUB_1_A9205
25881A6669,KARLA AKSHYA REDDY,B,1,A9001,Matrices and Calculus,O,10.0,100.0,PASS,9.45,0,sem1_results,RES_S1_25881A6669_A9001,STU_25881A6669,SUB_1_A9001
25881A6669,KARLA AKSHYA REDDY,B,1,A9501,Programming for Problem Solving,A,8.0,80.0,PASS,9.45,0,sem1_results,RES_S1_25881A6669_A9501,STU_25881A6669,SUB_1_A9501
25881A6669,KARLA AKSHYA REDDY,B,1,A9502,Programming for Problem Solving Laboratory,O,10.0,100.0,PASS,9.45,0,sem1_results,RES_S1_25881A6669_A9502,STU_25881A6669,SUB_1_A9502
25881A6669,KARLA AKSHYA REDDY,B,1,A9302,Engineering Workshop,O,10.0,100.0,PASS,9.45,0,sem1_results,RES_S1_25881A6669_A9302,STU_25881A6669,SUB_1_A9302
25881A6669,KARLA AKSHYA REDDY,B,1,A9021,Community Centered Design Thinking,A+,9.0,90.0,PASS,9.45,0,sem1_results,RES_S1_25881A6669_A9021,STU_25881A6669,SUB_1_A9021
25881A6669,KARLA AKSHYA REDDY,B,1,A9007,Engineering Physics,O,10.0,100.0,PASS,9.45,0,sem1_results,RES_S1_25881A6669_A9007,STU_25881A6669,SUB_1_A9007
25881A6669,KARLA AKSHYA REDDY,B,1,A9008,Engineering Physics Laboratory,O,10.0,100.0,PASS,9.45,0,sem1_results,RES_S1_25881A6669_A9008,STU_25881A6669,SUB_1_A9008
25881A6669,KARLA AKSHYA REDDY,B,1,A9204,Basic Electrical Engineering,O,10.0,100.0,PASS,9.45,0,sem1_results,RES_S1_25881A6669_A9204,STU_25881A6669,SUB_1_A9204
25881A6669,KARLA AKSHYA REDDY,B,1,A9801,Foundations of Data Science,A+,9.0,90.0,PASS,9.45,0,sem1_results,RES_S1_25881A6669_A9801,STU_25881A6669,SUB_1_A9801
25881A6669,KARLA AKSHYA REDDY,B,1,A9205,Basic Electrical Engineering Laboratory,A+,9.0,90.0,PASS,9.45,0,sem1_results,RES_S1_25881A6669_A9205,STU_25881A6669,SUB_1_A9205
25881A6670,PADAMATI ASHWITHA REDDY,B,1,A9001,Matrices and Calculus,A+,9.0,90.0,PASS,7.5,0,sem1_results,RES_S1_25881A6670_A9001,STU_25881A6670,SUB_1_A9001
25881A6670,PADAMATI ASHWITHA REDDY,B,1,A9501,Programming for Problem Solving,C,5.0,50.0,PASS,7.5,0,sem1_results,RES_S1_25881A6670_A9501,STU_25881A6670,SUB_1_A9501
25881A6670,PADAMATI ASHWITHA REDDY,B,1,A9502,Programming for Problem Solving Laboratory,A,8.0,80.0,PASS,7.5,0,sem1_results,RES_S1_25881A6670_A9502,STU_25881A6670,SUB_1_A9502
25881A6670,PADAMATI ASHWITHA REDDY,B,1,A9302,Engineering Workshop,A+,9.0,90.0,PASS,7.5,0,sem1_results,RES_S1_25881A6670_A9302,STU_25881A6670,SUB_1_A9302
25881A6670,PADAMATI ASHWITHA REDDY,B,1,A9021,Community Centered Design Thinking,A+,9.0,90.0,PASS,7.5,0,sem1_results,RES_S1_25881A6670_A9021,STU_25881A6670,SUB_1_A9021
25881A6670,PADAMATI ASHWITHA REDDY,B,1,A9007,Engineering Physics,A,8.0,80.0,PASS,7.5,0,sem1_results,RES_S1_25881A6670_A9007,STU_25881A6670,SUB_1_A9007
25881A6670,PADAMATI ASHWITHA REDDY,B,1,A9008,Engineering Physics Laboratory,A+,9.0,90.0,PASS,7.5,0,sem1_results,RES_S1_25881A6670_A9008,STU_25881A6670,SUB_1_A9008
25881A6670,PADAMATI ASHWITHA REDDY,B,1,A9204,Basic Electrical Engineering,B+,7.0,70.0,PASS,7.5,0,sem1_results,RES_S1_25881A6670_A9204,STU_25881A6670,SUB_1_A9204
25881A6670,PADAMATI ASHWITHA REDDY,B,1,A9801,Foundations of Data Science,B,6.0,60.0,PASS,7.5,0,sem1_results,RES_S1_25881A6670_A9801,STU_25881A6670,SUB_1_A9801
25881A6670,PADAMATI ASHWITHA REDDY,B,1,A9205,Basic Electrical Engineering Laboratory,A,8.0,80.0,PASS,7.5,0,sem1_results,RES_S1_25881A6670_A9205,STU_25881A6670,SUB_1_A9205
25881A6671,PUSULURI BIPIN,B,1,A9001,Matrices and Calculus,O,10.0,100.0,PASS,8.7,0,sem1_results,RES_S1_25881A6671_A9001,STU_25881A6671,SUB_1_A9001
25881A6671,PUSULURI BIPIN,B,1,A9501,Programming for Problem Solving,B+,7.0,70.0,PASS,8.7,0,sem1_results,RES_S1_25881A6671_A9501,STU_25881A6671,SUB_1_A9501
25881A6671,PUSULURI BIPIN,B,1,A9502,Programming for Problem Solving Laboratory,A+,9.0,90.0,PASS,8.7,0,sem1_results,RES_S1_25881A6671_A9502,STU_25881A6671,SUB_1_A9502
25881A6671,PUSULURI BIPIN,B,1,A9302,Engineering Workshop,O,10.0,100.0,PASS,8.7,0,sem1_results,RES_S1_25881A6671_A9302,STU_25881A6671,SUB_1_A9302
25881A6671,PUSULURI BIPIN,B,1,A9021,Community Centered Design Thinking,A+,9.0,90.0,PASS,8.7,0,sem1_results,RES_S1_25881A6671_A9021,STU_25881A6671,SUB_1_A9021
25881A6671,PUSULURI BIPIN,B,1,A9007,Engineering Physics,A,8.0,80.0,PASS,8.7,0,sem1_results,RES_S1_25881A6671_A9007,STU_25881A6671,SUB_1_A9007
25881A6671,PUSULURI BIPIN,B,1,A9008,Engineering Physics Laboratory,A+,9.0,90.0,PASS,8.7,0,sem1_results,RES_S1_25881A6671_A9008,STU_25881A6671,SUB_1_A9008
25881A6671,PUSULURI BIPIN,B,1,A9204,Basic Electrical Engineering,A,8.0,80.0,PASS,8.7,0,sem1_results,RES_S1_25881A6671_A9204,STU_25881A6671,SUB_1_A9204
25881A6671,PUSULURI BIPIN,B,1,A9801,Foundations of Data Science,A+,9.0,90.0,PASS,8.7,0,sem1_results,RES_S1_25881A6671_A9801,STU_25881A6671,SUB_1_A9801
25881A6671,PUSULURI BIPIN,B,1,A9205,Basic Electrical Engineering Laboratory,A+,9.0,90.0,PASS,8.7,0,sem1_results,RES_S1_25881A6671_A9205,STU_25881A6671,SUB_1_A9205
25881A6672,PUNNA CHARAN TEJ,B,1,A9001,Matrices and Calculus,A,8.0,80.0,PASS,7.6,0,sem1_results,RES_S1_25881A6672_A9001,STU_25881A6672,SUB_1_A9001
25881A6672,PUNNA CHARAN TEJ,B,1,A9501,Programming for Problem Solving,B,6.0,60.0,PASS,7.6,0,sem1_results,RES_S1_25881A6672_A9501,STU_25881A6672,SUB_1_A9501
25881A6672,PUNNA CHARAN TEJ,B,1,A9502,Programming for Problem Solving Laboratory,A+,9.0,90.0,PASS,7.6,0,sem1_results,RES_S1_25881A6672_A9502,STU_25881A6672,SUB_1_A9502
25881A6672,PUNNA CHARAN TEJ,B,1,A9302,Engineering Workshop,A+,9.0,90.0,PASS,7.6,0,sem1_results,RES_S1_25881A6672_A9302,STU_25881A6672,SUB_1_A9302
25881A6672,PUNNA CHARAN TEJ,B,1,A9021,Community Centered Design Thinking,A+,9.0,90.0,PASS,7.6,0,sem1_results,RES_S1_25881A6672_A9021,STU_25881A6672,SUB_1_A9021
25881A6672,PUNNA CHARAN TEJ,B,1,A9007,Engineering Physics,B+,7.0,70.0,PASS,7.6,0,sem1_results,RES_S1_25881A6672_A9007,STU_25881A6672,SUB_1_A9007
25881A6672,PUNNA CHARAN TEJ,B,1,A9008,Engineering Physics Laboratory,O,10.0,100.0,PASS,7.6,0,sem1_results,RES_S1_25881A6672_A9008,STU_25881A6672,SUB_1_A9008
25881A6672,PUNNA CHARAN TEJ,B,1,A9204,Basic Electrical Engineering,B+,7.0,70.0,PASS,7.6,0,sem1_results,RES_S1_25881A6672_A9204,STU_25881A6672,SUB_1_A9204
25881A6672,PUNNA CHARAN TEJ,B,1,A9801,Foundations of Data Science,B+,7.0,70.0,PASS,7.6,0,sem1_results,RES_S1_25881A6672_A9801,STU_25881A6672,SUB_1_A9801
25881A6672,PUNNA CHARAN TEJ,B,1,A9205,Basic Electrical Engineering Laboratory,A+,9.0,90.0,PASS,7.6,0,sem1_results,RES_S1_25881A6672_A9205,STU_25881A6672,SUB_1_A9205
25881A6673,BODDU DAVID RAJ,B,1,A9001,Matrices and Calculus,O,10.0,100.0,PASS,9.1,0,sem1_results,RES_S1_25881A6673_A9001,STU_25881A6673,SUB_1_A9001
25881A6673,BODDU DAVID RAJ,B,1,A9501,Programming for Problem Solving,A,8.0,80.0,PASS,9.1,0,sem1_results,RES_S1_25881A6673_A9501,STU_25881A6673,SUB_1_A9501
25881A6673,BODDU DAVID RAJ,B,1,A9502,Programming for Problem Solving Laboratory,A+,9.0,90.0,PASS,9.1,0,sem1_results,RES_S1_25881A6673_A9502,STU_25881A6673,SUB_1_A9502
25881A6673,BODDU DAVID RAJ,B,1,A9302,Engineering Workshop,O,10.0,100.0,PASS,9.1,0,sem1_results,RES_S1_25881A6673_A9302,STU_25881A6673,SUB_1_A9302
25881A6673,BODDU DAVID RAJ,B,1,A9021,Community Centered Design Thinking,O,10.0,100.0,PASS,9.1,0,sem1_results,RES_S1_25881A6673_A9021,STU_25881A6673,SUB_1_A9021
25881A6673,BODDU DAVID RAJ,B,1,A9007,Engineering Physics,A+,9.0,90.0,PASS,9.1,0,sem1_results,RES_S1_25881A6673_A9007,STU_25881A6673,SUB_1_A9007
25881A6673,BODDU DAVID RAJ,B,1,A9008,Engineering Physics Laboratory,O,10.0,100.0,PASS,9.1,0,sem1_results,RES_S1_25881A6673_A9008,STU_25881A6673,SUB_1_A9008
25881A6673,BODDU DAVID RAJ,B,1,A9204,Basic Electrical Engineering,A+,9.0,90.0,PASS,9.1,0,sem1_results,RES_S1_25881A6673_A9204,STU_25881A6673,SUB_1_A9204
25881A6673,BODDU DAVID RAJ,B,1,A9801,Foundations of Data Science,A,8.0,80.0,PASS,9.1,0,sem1_results,RES_S1_25881A6673_A9801,STU_25881A6673,SUB_1_A9801
25881A6673,BODDU DAVID RAJ,B,1,A9205,Basic Electrical Engineering Laboratory,O,10.0,100.0,PASS,9.1,0,sem1_results,RES_S1_25881A6673_A9205,STU_25881A6673,SUB_1_A9205
25881A6674,ARASANI DEEPIKA,B,1,A9001,Matrices and Calculus,F,0.0,0.0,FAIL,5.45,1,sem1_results,RES_S1_25881A6674_A9001,STU_25881A6674,SUB_1_A9001
25881A6674,ARASANI DEEPIKA,B,1,A9501,Programming for Problem Solving,C,5.0,50.0,PASS,5.45,1,sem1_results,RES_S1_25881A6674_A9501,STU_25881A6674,SUB_1_A9501
25881A6674,ARASANI DEEPIKA,B,1,A9502,Programming for Problem Solving Laboratory,A+,9.0,90.0,PASS,5.45,1,sem1_results,RES_S1_25881A6674_A9502,STU_25881A6674,SUB_1_A9502
25881A6674,ARASANI DEEPIKA,B,1,A9302,Engineering Workshop,A+,9.0,90.0,PASS,5.45,1,sem1_results,RES_S1_25881A6674_A9302,STU_25881A6674,SUB_1_A9302
25881A6674,ARASANI DEEPIKA,B,1,A9021,Community Centered Design Thinking,A+,9.0,90.0,PASS,5.45,1,sem1_results,RES_S1_25881A6674_A9021,STU_25881A6674,SUB_1_A9021
25881A6674,ARASANI DEEPIKA,B,1,A9007,Engineering Physics,B,6.0,60.0,PASS,5.45,1,sem1_results,RES_S1_25881A6674_A9007,STU_25881A6674,SUB_1_A9007
25881A6674,ARASANI DEEPIKA,B,1,A9008,Engineering Physics Laboratory,A+,9.0,90.0,PASS,5.45,1,sem1_results,RES_S1_25881A6674_A9008,STU_25881A6674,SUB_1_A9008
25881A6674,ARASANI DEEPIKA,B,1,A9204,Basic Electrical Engineering,B,6.0,60.0,PASS,5.45,1,sem1_results,RES_S1_25881A6674_A9204,STU_25881A6674,SUB_1_A9204
25881A6674,ARASANI DEEPIKA,B,1,A9801,Foundations of Data Science,B+,7.0,70.0,PASS,5.45,1,sem1_results,RES_S1_25881A6674_A9801,STU_25881A6674,SUB_1_A9801
25881A6674,ARASANI DEEPIKA,B,1,A9205,Basic Electrical Engineering Laboratory,B+,7.0,70.0,PASS,5.45,1,sem1_results,RES_S1_25881A6674_A9205,STU_25881A6674,SUB_1_A9205
25881A6675,DUNNA DURGA VENKATA SAI,B,1,A9001,Matrices and Calculus,C,5.0,50.0,PASS,3.7,3,sem1_results,RES_S1_25881A6675_A9001,STU_25881A6675,SUB_1_A9001
25881A6675,DUNNA DURGA VENKATA SAI,B,1,A9501,Programming for Problem Solving,F,0.0,0.0,FAIL,3.7,3,sem1_results,RES_S1_25881A6675_A9501,STU_25881A6675,SUB_1_A9501
25881A6675,DUNNA DURGA VENKATA SAI,B,1,A9502,Programming for Problem Solving Laboratory,B+,7.0,70.0,PASS,3.7,3,sem1_results,RES_S1_25881A6675_A9502,STU_25881A6675,SUB_1_A9502
25881A6675,DUNNA DURGA VENKATA SAI,B,1,A9302,Engineering Workshop,A,8.0,80.0,PASS,3.7,3,sem1_results,RES_S1_25881A6675_A9302,STU_25881A6675,SUB_1_A9302
25881A6675,DUNNA DURGA VENKATA SAI,B,1,A9021,Community Centered Design Thinking,A+,9.0,90.0,PASS,3.7,3,sem1_results,RES_S1_25881A6675_A9021,STU_25881A6675,SUB_1_A9021
25881A6675,DUNNA DURGA VENKATA SAI,B,1,A9007,Engineering Physics,F,0.0,0.0,FAIL,3.7,3,sem1_results,RES_S1_25881A6675_A9007,STU_25881A6675,SUB_1_A9007
25881A6675,DUNNA DURGA VENKATA SAI,B,1,A9008,Engineering Physics Laboratory,A,8.0,80.0,PASS,3.7,3,sem1_results,RES_S1_25881A6675_A9008,STU_25881A6675,SUB_1_A9008
25881A6675,DUNNA DURGA VENKATA SAI,B,1,A9204,Basic Electrical Engineering,F,0.0,0.0,FAIL,3.7,3,sem1_results,RES_S1_25881A6675_A9204,STU_25881A6675,SUB_1_A9204
25881A6675,DUNNA DURGA VENKATA SAI,B,1,A9801,Foundations of Data Science,C,5.0,50.0,PASS,3.7,3,sem1_results,RES_S1_25881A6675_A9801,STU_25881A6675,SUB_1_A9801
25881A6675,DUNNA DURGA VENKATA SAI,B,1,A9205,Basic Electrical Engineering Laboratory,B+,7.0,70.0,PASS,3.7,3,sem1_results,RES_S1_25881A6675_A9205,STU_25881A6675,SUB_1_A9205
25881A6676,B GOKUL SAI REDDY,B,1,A9001,Matrices and Calculus,O,10.0,100.0,PASS,9.2,0,sem1_results,RES_S1_25881A6676_A9001,STU_25881A6676,SUB_1_A9001
25881A6676,B GOKUL SAI REDDY,B,1,A9501,Programming for Problem Solving,A,8.0,80.0,PASS,9.2,0,sem1_results,RES_S1_25881A6676_A9501,STU_25881A6676,SUB_1_A9501
25881A6676,B GOKUL SAI REDDY,B,1,A9502,Programming for Problem Solving Laboratory,A+,9.0,90.0,PASS,9.2,0,sem1_results,RES_S1_25881A6676_A9502,STU_25881A6676,SUB_1_A9502
25881A6676,B GOKUL SAI REDDY,B,1,A9302,Engineering Workshop,A+,9.0,90.0,PASS,9.2,0,sem1_results,RES_S1_25881A6676_A9302,STU_25881A6676,SUB_1_A9302
25881A6676,B GOKUL SAI REDDY,B,1,A9021,Community Centered Design Thinking,O,10.0,100.0,PASS,9.2,0,sem1_results,RES_S1_25881A6676_A9021,STU_25881A6676,SUB_1_A9021
25881A6676,B GOKUL SAI REDDY,B,1,A9007,Engineering Physics,A+,9.0,90.0,PASS,9.2,0,sem1_results,RES_S1_25881A6676_A9007,STU_25881A6676,SUB_1_A9007
25881A6676,B GOKUL SAI REDDY,B,1,A9008,Engineering Physics Laboratory,O,10.0,100.0,PASS,9.2,0,sem1_results,RES_S1_25881A6676_A9008,STU_25881A6676,SUB_1_A9008
25881A6676,B GOKUL SAI REDDY,B,1,A9204,Basic Electrical Engineering,A+,9.0,90.0,PASS,9.2,0,sem1_results,RES_S1_25881A6676_A9204,STU_25881A6676,SUB_1_A9204
25881A6676,B GOKUL SAI REDDY,B,1,A9801,Foundations of Data Science,A+,9.0,90.0,PASS,9.2,0,sem1_results,RES_S1_25881A6676_A9801,STU_25881A6676,SUB_1_A9801
25881A6676,B GOKUL SAI REDDY,B,1,A9205,Basic Electrical Engineering Laboratory,O,10.0,100.0,PASS,9.2,0,sem1_results,RES_S1_25881A6676_A9205,STU_25881A6676,SUB_1_A9205
25881A6677,NITI GOYAL,B,1,A9001,Matrices and Calculus,O,10.0,100.0,PASS,8.95,0,sem1_results,RES_S1_25881A6677_A9001,STU_25881A6677,SUB_1_A9001
25881A6677,NITI GOYAL,B,1,A9501,Programming for Problem Solving,B+,7.0,70.0,PASS,8.95,0,sem1_results,RES_S1_25881A6677_A9501,STU_25881A6677,SUB_1_A9501
25881A6677,NITI GOYAL,B,1,A9502,Programming for Problem Solving Laboratory,A,8.0,80.0,PASS,8.95,0,sem1_results,RES_S1_25881A6677_A9502,STU_25881A6677,SUB_1_A9502
25881A6677,NITI GOYAL,B,1,A9302,Engineering Workshop,O,10.0,100.0,PASS,8.95,0,sem1_results,RES_S1_25881A6677_A9302,STU_25881A6677,SUB_1_A9302
25881A6677,NITI GOYAL,B,1,A9021,Community Centered Design Thinking,O,10.0,100.0,PASS,8.95,0,sem1_results,RES_S1_25881A6677_A9021,STU_25881A6677,SUB_1_A9021
25881A6677,NITI GOYAL,B,1,A9007,Engineering Physics,A+,9.0,90.0,PASS,8.95,0,sem1_results,RES_S1_25881A6677_A9007,STU_25881A6677,SUB_1_A9007
25881A6677,NITI GOYAL,B,1,A9008,Engineering Physics Laboratory,A+,9.0,90.0,PASS,8.95,0,sem1_results,RES_S1_25881A6677_A9008,STU_25881A6677,SUB_1_A9008
25881A6677,NITI GOYAL,B,1,A9204,Basic Electrical Engineering,A+,9.0,90.0,PASS,8.95,0,sem1_results,RES_S1_25881A6677_A9204,STU_25881A6677,SUB_1_A9204
25881A6677,NITI GOYAL,B,1,A9801,Foundations of Data Science,A+,9.0,90.0,PASS,8.95,0,sem1_results,RES_S1_25881A6677_A9801,STU_25881A6677,SUB_1_A9801
25881A6677,NITI GOYAL,B,1,A9205,Basic Electrical Engineering Laboratory,A+,9.0,90.0,PASS,8.95,0,sem1_results,RES_S1_25881A6677_A9205,STU_25881A6677,SUB_1_A9205
25881A6678,GUDALA GRACE PAUL,B,1,A9001,Matrices and Calculus,A+,9.0,90.0,PASS,8.0,0,sem1_results,RES_S1_25881A6678_A9001,STU_25881A6678,SUB_1_A9001
25881A6678,GUDALA GRACE PAUL,B,1,A9501,Programming for Problem Solving,B+,7.0,70.0,PASS,8.0,0,sem1_results,RES_S1_25881A6678_A9501,STU_25881A6678,SUB_1_A9501
25881A6678,GUDALA GRACE PAUL,B,1,A9502,Programming for Problem Solving Laboratory,A,8.0,80.0,PASS,8.0,0,sem1_results,RES_S1_25881A6678_A9502,STU_25881A6678,SUB_1_A9502
25881A6678,GUDALA GRACE PAUL,B,1,A9302,Engineering Workshop,A,8.0,80.0,PASS,8.0,0,sem1_results,RES_S1_25881A6678_A9302,STU_25881A6678,SUB_1_A9302
25881A6678,GUDALA GRACE PAUL,B,1,A9021,Community Centered Design Thinking,A+,9.0,90.0,PASS,8.0,0,sem1_results,RES_S1_25881A6678_A9021,STU_25881A6678,SUB_1_A9021
25881A6678,GUDALA GRACE PAUL,B,1,A9007,Engineering Physics,B+,7.0,70.0,PASS,8.0,0,sem1_results,RES_S1_25881A6678_A9007,STU_25881A6678,SUB_1_A9007
25881A6678,GUDALA GRACE PAUL,B,1,A9008,Engineering Physics Laboratory,O,10.0,100.0,PASS,8.0,0,sem1_results,RES_S1_25881A6678_A9008,STU_25881A6678,SUB_1_A9008
25881A6678,GUDALA GRACE PAUL,B,1,A9204,Basic Electrical Engineering,B+,7.0,70.0,PASS,8.0,0,sem1_results,RES_S1_25881A6678_A9204,STU_25881A6678,SUB_1_A9204
25881A6678,GUDALA GRACE PAUL,B,1,A9801,Foundations of Data Science,A,8.0,80.0,PASS,8.0,0,sem1_results,RES_S1_25881A6678_A9801,STU_25881A6678,SUB_1_A9801
25881A6678,GUDALA GRACE PAUL,B,1,A9205,Basic Electrical Engineering Laboratory,A+,9.0,90.0,PASS,8.0,0,sem1_results,RES_S1_25881A6678_A9205,STU_25881A6678,SUB_1_A9205
25881A6679,DAMIREDDY HARSHA VARDHAN REDDY,B,1,A9001,Matrices and Calculus,F,0.0,0.0,FAIL,4.45,2,sem1_results,RES_S1_25881A6679_A9001,STU_25881A6679,SUB_1_A9001
25881A6679,DAMIREDDY HARSHA VARDHAN REDDY,B,1,A9501,Programming for Problem Solving,F,0.0,0.0,FAIL,4.45,2,sem1_results,RES_S1_25881A6679_A9501,STU_25881A6679,SUB_1_A9501
25881A6679,DAMIREDDY HARSHA VARDHAN REDDY,B,1,A9502,Programming for Problem Solving Laboratory,A,8.0,80.0,PASS,4.45,2,sem1_results,RES_S1_25881A6679_A9502,STU_25881A6679,SUB_1_A9502
25881A6679,DAMIREDDY HARSHA VARDHAN REDDY,B,1,A9302,Engineering Workshop,A,8.0,80.0,PASS,4.45,2,sem1_results,RES_S1_25881A6679_A9302,STU_25881A6679,SUB_1_A9302
25881A6679,DAMIREDDY HARSHA VARDHAN REDDY,B,1,A9021,Community Centered Design Thinking,A+,9.0,90.0,PASS,4.45,2,sem1_results,RES_S1_25881A6679_A9021,STU_25881A6679,SUB_1_A9021
25881A6679,DAMIREDDY HARSHA VARDHAN REDDY,B,1,A9007,Engineering Physics,B,6.0,60.0,PASS,4.45,2,sem1_results,RES_S1_25881A6679_A9007,STU_25881A6679,SUB_1_A9007
25881A6679,DAMIREDDY HARSHA VARDHAN REDDY,B,1,A9008,Engineering Physics Laboratory,A+,9.0,90.0,PASS,4.45,2,sem1_results,RES_S1_25881A6679_A9008,STU_25881A6679,SUB_1_A9008
25881A6679,DAMIREDDY HARSHA VARDHAN REDDY,B,1,A9204,Basic Electrical Engineering,C,5.0,50.0,PASS,4.45,2,sem1_results,RES_S1_25881A6679_A9204,STU_25881A6679,SUB_1_A9204
25881A6679,DAMIREDDY HARSHA VARDHAN REDDY,B,1,A9801,Foundations of Data Science,B,6.0,60.0,PASS,4.45,2,sem1_results,RES_S1_25881A6679_A9801,STU_25881A6679,SUB_1_A9801
25881A6679,DAMIREDDY HARSHA VARDHAN REDDY,B,1,A9205,Basic Electrical Engineering Laboratory,A+,9.0,90.0,PASS,4.45,2,sem1_results,RES_S1_25881A6679_A9205,STU_25881A6679,SUB_1_A9205
25881A6680,KUNDARAPU HARSHAVARDHAN,B,1,A9001,Matrices and Calculus,O,10.0,100.0,PASS,9.05,0,sem1_results,RES_S1_25881A6680_A9001,STU_25881A6680,SUB_1_A9001
25881A6680,KUNDARAPU HARSHAVARDHAN,B,1,A9501,Programming for Problem Solving,B+,7.0,70.0,PASS,9.05,0,sem1_results,RES_S1_25881A6680_A9501,STU_25881A6680,SUB_1_A9501
25881A6680,KUNDARAPU HARSHAVARDHAN,B,1,A9502,Programming for Problem Solving Laboratory,A+,9.0,90.0,PASS,9.05,0,sem1_results,RES_S1_25881A6680_A9502,STU_25881A6680,SUB_1_A9502
25881A6680,KUNDARAPU HARSHAVARDHAN,B,1,A9302,Engineering Workshop,O,10.0,100.0,PASS,9.05,0,sem1_results,RES_S1_25881A6680_A9302,STU_25881A6680,SUB_1_A9302
25881A6680,KUNDARAPU HARSHAVARDHAN,B,1,A9021,Community Centered Design Thinking,O,10.0,100.0,PASS,9.05,0,sem1_results,RES_S1_25881A6680_A9021,STU_25881A6680,SUB_1_A9021
25881A6680,KUNDARAPU HARSHAVARDHAN,B,1,A9007,Engineering Physics,A,8.0,80.0,PASS,9.05,0,sem1_results,RES_S1_25881A6680_A9007,STU_25881A6680,SUB_1_A9007
25881A6680,KUNDARAPU HARSHAVARDHAN,B,1,A9008,Engineering Physics Laboratory,O,10.0,100.0,PASS,9.05,0,sem1_results,RES_S1_25881A6680_A9008,STU_25881A6680,SUB_1_A9008
25881A6680,KUNDARAPU HARSHAVARDHAN,B,1,A9204,Basic Electrical Engineering,O,10.0,100.0,PASS,9.05,0,sem1_results,RES_S1_25881A6680_A9204,STU_25881A6680,SUB_1_A9204
25881A6680,KUNDARAPU HARSHAVARDHAN,B,1,A9801,Foundations of Data Science,A+,9.0,90.0,PASS,9.05,0,sem1_results,RES_S1_25881A6680_A9801,STU_25881A6680,SUB_1_A9801
25881A6680,KUNDARAPU HARSHAVARDHAN,B,1,A9205,Basic Electrical Engineering Laboratory,O,10.0,100.0,PASS,9.05,0,sem1_results,RES_S1_25881A6680_A9205,STU_25881A6680,SUB_1_A9205
25881A6681,TUMU HASINI,B,1,A9001,Matrices and Calculus,A,8.0,80.0,PASS,7.7,0,sem1_results,RES_S1_25881A6681_A9001,STU_25881A6681,SUB_1_A9001
25881A6681,TUMU HASINI,B,1,A9501,Programming for Problem Solving,B,6.0,60.0,PASS,7.7,0,sem1_results,RES_S1_25881A6681_A9501,STU_25881A6681,SUB_1_A9501
25881A6681,TUMU HASINI,B,1,A9502,Programming for Problem Solving Laboratory,A+,9.0,90.0,PASS,7.7,0,sem1_results,RES_S1_25881A6681_A9502,STU_25881A6681,SUB_1_A9502
25881A6681,TUMU HASINI,B,1,A9302,Engineering Workshop,A+,9.0,90.0,PASS,7.7,0,sem1_results,RES_S1_25881A6681_A9302,STU_25881A6681,SUB_1_A9302
25881A6681,TUMU HASINI,B,1,A9021,Community Centered Design Thinking,O,10.0,100.0,PASS,7.7,0,sem1_results,RES_S1_25881A6681_A9021,STU_25881A6681,SUB_1_A9021
25881A6681,TUMU HASINI,B,1,A9007,Engineering Physics,B+,7.0,70.0,PASS,7.7,0,sem1_results,RES_S1_25881A6681_A9007,STU_25881A6681,SUB_1_A9007
25881A6681,TUMU HASINI,B,1,A9008,Engineering Physics Laboratory,A+,9.0,90.0,PASS,7.7,0,sem1_results,RES_S1_25881A6681_A9008,STU_25881A6681,SUB_1_A9008
25881A6681,TUMU HASINI,B,1,A9204,Basic Electrical Engineering,A,8.0,80.0,PASS,7.7,0,sem1_results,RES_S1_25881A6681_A9204,STU_25881A6681,SUB_1_A9204
25881A6681,TUMU HASINI,B,1,A9801,Foundations of Data Science,B+,7.0,70.0,PASS,7.7,0,sem1_results,RES_S1_25881A6681_A9801,STU_25881A6681,SUB_1_A9801
25881A6681,TUMU HASINI,B,1,A9205,Basic Electrical Engineering Laboratory,A+,9.0,90.0,PASS,7.7,0,sem1_results,RES_S1_25881A6681_A9205,STU_25881A6681,SUB_1_A9205
25881A6682,TANGELLA KALYAN RAJU,B,1,A9001,Matrices and Calculus,O,10.0,100.0,PASS,9.55,0,sem1_results,RES_S1_25881A6682_A9001,STU_25881A6682,SUB_1_A9001
25881A6682,TANGELLA KALYAN RAJU,B,1,A9501,Programming for Problem Solving,O,10.0,100.0,PASS,9.55,0,sem1_results,RES_S1_25881A6682_A9501,STU_25881A6682,SUB_1_A9501
25881A6682,TANGELLA KALYAN RAJU,B,1,A9502,Programming for Problem Solving Laboratory,O,10.0,100.0,PASS,9.55,0,sem1_results,RES_S1_25881A6682_A9502,STU_25881A6682,SUB_1_A9502
25881A6682,TANGELLA KALYAN RAJU,B,1,A9302,Engineering Workshop,O,10.0,100.0,PASS,9.55,0,sem1_results,RES_S1_25881A6682_A9302,STU_25881A6682,SUB_1_A9302
25881A6682,TANGELLA KALYAN RAJU,B,1,A9021,Community Centered Design Thinking,A+,9.0,90.0,PASS,9.55,0,sem1_results,RES_S1_25881A6682_A9021,STU_25881A6682,SUB_1_A9021
25881A6682,TANGELLA KALYAN RAJU,B,1,A9007,Engineering Physics,A+,9.0,90.0,PASS,9.55,0,sem1_results,RES_S1_25881A6682_A9007,STU_25881A6682,SUB_1_A9007
25881A6682,TANGELLA KALYAN RAJU,B,1,A9008,Engineering Physics Laboratory,O,10.0,100.0,PASS,9.55,0,sem1_results,RES_S1_25881A6682_A9008,STU_25881A6682,SUB_1_A9008
25881A6682,TANGELLA KALYAN RAJU,B,1,A9204,Basic Electrical Engineering,A+,9.0,90.0,PASS,9.55,0,sem1_results,RES_S1_25881A6682_A9204,STU_25881A6682,SUB_1_A9204
25881A6682,TANGELLA KALYAN RAJU,B,1,A9801,Foundations of Data Science,A+,9.0,90.0,PASS,9.55,0,sem1_results,RES_S1_25881A6682_A9801,STU_25881A6682,SUB_1_A9801
25881A6682,TANGELLA KALYAN RAJU,B,1,A9205,Basic Electrical Engineering Laboratory,O,10.0,100.0,PASS,9.55,0,sem1_results,RES_S1_25881A6682_A9205,STU_25881A6682,SUB_1_A9205
25881A6683,POTURAJU KALYANI,B,1,A9001,Matrices and Calculus,A+,9.0,90.0,PASS,7.35,1,sem1_results,RES_S1_25881A6683_A9001,STU_25881A6683,SUB_1_A9001
25881A6683,POTURAJU KALYANI,B,1,A9501,Programming for Problem Solving,F,0.0,0.0,FAIL,7.35,1,sem1_results,RES_S1_25881A6683_A9501,STU_25881A6683,SUB_1_A9501
25881A6683,POTURAJU KALYANI,B,1,A9502,Programming for Problem Solving Laboratory,A+,9.0,90.0,PASS,7.35,1,sem1_results,RES_S1_25881A6683_A9502,STU_25881A6683,SUB_1_A9502
25881A6683,POTURAJU KALYANI,B,1,A9302,Engineering Workshop,O,10.0,100.0,PASS,7.35,1,sem1_results,RES_S1_25881A6683_A9302,STU_25881A6683,SUB_1_A9302
25881A6683,POTURAJU KALYANI,B,1,A9021,Community Centered Design Thinking,A+,9.0,90.0,PASS,7.35,1,sem1_results,RES_S1_25881A6683_A9021,STU_25881A6683,SUB_1_A9021
25881A6683,POTURAJU KALYANI,B,1,A9007,Engineering Physics,A,8.0,80.0,PASS,7.35,1,sem1_results,RES_S1_25881A6683_A9007,STU_25881A6683,SUB_1_A9007
25881A6683,POTURAJU KALYANI,B,1,A9008,Engineering Physics Laboratory,A+,9.0,90.0,PASS,7.35,1,sem1_results,RES_S1_25881A6683_A9008,STU_25881A6683,SUB_1_A9008
25881A6683,POTURAJU KALYANI,B,1,A9204,Basic Electrical Engineering,A,8.0,80.0,PASS,7.35,1,sem1_results,RES_S1_25881A6683_A9204,STU_25881A6683,SUB_1_A9204
25881A6683,POTURAJU KALYANI,B,1,A9801,Foundations of Data Science,A,8.0,80.0,PASS,7.35,1,sem1_results,RES_S1_25881A6683_A9801,STU_25881A6683,SUB_1_A9801
25881A6683,POTURAJU KALYANI,B,1,A9205,Basic Electrical Engineering Laboratory,O,10.0,100.0,PASS,7.35,1,sem1_results,RES_S1_25881A6683_A9205,STU_25881A6683,SUB_1_A9205
25881A6684,KURA KAUSHIK RAJ,B,1,A9001,Matrices and Calculus,B+,7.0,70.0,PASS,7.4,0,sem1_results,RES_S1_25881A6684_A9001,STU_25881A6684,SUB_1_A9001
25881A6684,KURA KAUSHIK RAJ,B,1,A9501,Programming for Problem Solving,B,6.0,60.0,PASS,7.4,0,sem1_results,RES_S1_25881A6684_A9501,STU_25881A6684,SUB_1_A9501
25881A6684,KURA KAUSHIK RAJ,B,1,A9502,Programming for Problem Solving Laboratory,A,8.0,80.0,PASS,7.4,0,sem1_results,RES_S1_25881A6684_A9502,STU_25881A6684,SUB_1_A9502
25881A6684,KURA KAUSHIK RAJ,B,1,A9302,Engineering Workshop,O,10.0,100.0,PASS,7.4,0,sem1_results,RES_S1_25881A6684_A9302,STU_25881A6684,SUB_1_A9302
25881A6684,KURA KAUSHIK RAJ,B,1,A9021,Community Centered Design Thinking,A+,9.0,90.0,PASS,7.4,0,sem1_results,RES_S1_25881A6684_A9021,STU_25881A6684,SUB_1_A9021
25881A6684,KURA KAUSHIK RAJ,B,1,A9007,Engineering Physics,B+,7.0,70.0,PASS,7.4,0,sem1_results,RES_S1_25881A6684_A9007,STU_25881A6684,SUB_1_A9007
25881A6684,KURA KAUSHIK RAJ,B,1,A9008,Engineering Physics Laboratory,A+,9.0,90.0,PASS,7.4,0,sem1_results,RES_S1_25881A6684_A9008,STU_25881A6684,SUB_1_A9008
25881A6684,KURA KAUSHIK RAJ,B,1,A9204,Basic Electrical Engineering,A,8.0,80.0,PASS,7.4,0,sem1_results,RES_S1_25881A6684_A9204,STU_25881A6684,SUB_1_A9204
25881A6684,KURA KAUSHIK RAJ,B,1,A9801,Foundations of Data Science,B+,7.0,70.0,PASS,7.4,0,sem1_results,RES_S1_25881A6684_A9801,STU_25881A6684,SUB_1_A9801
25881A6684,KURA KAUSHIK RAJ,B,1,A9205,Basic Electrical Engineering Laboratory,A,8.0,80.0,PASS,7.4,0,sem1_results,RES_S1_25881A6684_A9205,STU_25881A6684,SUB_1_A9205
25881A6685,KUNAL SINGH,B,1,A9001,Matrices and Calculus,O,10.0,100.0,PASS,9.95,0,sem1_results,RES_S1_25881A6685_A9001,STU_25881A6685,SUB_1_A9001
25881A6685,KUNAL SINGH,B,1,A9501,Programming for Problem Solving,O,10.0,100.0,PASS,9.95,0,sem1_results,RES_S1_25881A6685_A9501,STU_25881A6685,SUB_1_A9501
25881A6685,KUNAL SINGH,B,1,A9502,Programming for Problem Solving Laboratory,O,10.0,100.0,PASS,9.95,0,sem1_results,RES_S1_25881A6685_A9502,STU_25881A6685,SUB_1_A9502
25881A6685,KUNAL SINGH,B,1,A9302,Engineering Workshop,O,10.0,100.0,PASS,9.95,0,sem1_results,RES_S1_25881A6685_A9302,STU_25881A6685,SUB_1_A9302
25881A6685,KUNAL SINGH,B,1,A9021,Community Centered Design Thinking,A+,9.0,90.0,PASS,9.95,0,sem1_results,RES_S1_25881A6685_A9021,STU_25881A6685,SUB_1_A9021
25881A6685,KUNAL SINGH,B,1,A9007,Engineering Physics,O,10.0,100.0,PASS,9.95,0,sem1_results,RES_S1_25881A6685_A9007,STU_25881A6685,SUB_1_A9007
25881A6685,KUNAL SINGH,B,1,A9008,Engineering Physics Laboratory,O,10.0,100.0,PASS,9.95,0,sem1_results,RES_S1_25881A6685_A9008,STU_25881A6685,SUB_1_A9008
25881A6685,KUNAL SINGH,B,1,A9204,Basic Electrical Engineering,O,10.0,100.0,PASS,9.95,0,sem1_results,RES_S1_25881A6685_A9204,STU_25881A6685,SUB_1_A9204
25881A6685,KUNAL SINGH,B,1,A9801,Foundations of Data Science,O,10.0,100.0,PASS,9.95,0,sem1_results,RES_S1_25881A6685_A9801,STU_25881A6685,SUB_1_A9801
25881A6685,KUNAL SINGH,B,1,A9205,Basic Electrical Engineering Laboratory,O,10.0,100.0,PASS,9.95,0,sem1_results,RES_S1_25881A6685_A9205,STU_25881A6685,SUB_1_A9205
25881A6686,PEDDAGOLLA LEELA BHAVANI,B,1,A9001,Matrices and Calculus,A+,9.0,90.0,PASS,8.9,0,sem1_results,RES_S1_25881A6686_A9001,STU_25881A6686,SUB_1_A9001
25881A6686,PEDDAGOLLA LEELA BHAVANI,B,1,A9501,Programming for Problem Solving,A+,9.0,90.0,PASS,8.9,0,sem1_results,RES_S1_25881A6686_A9501,STU_25881A6686,SUB_1_A9501
25881A6686,PEDDAGOLLA LEELA BHAVANI,B,1,A9502,Programming for Problem Solving Laboratory,O,10.0,100.0,PASS,8.9,0,sem1_results,RES_S1_25881A6686_A9502,STU_25881A6686,SUB_1_A9502
25881A6686,PEDDAGOLLA LEELA BHAVANI,B,1,A9302,Engineering Workshop,A+,9.0,90.0,PASS,8.9,0,sem1_results,RES_S1_25881A6686_A9302,STU_25881A6686,SUB_1_A9302
25881A6686,PEDDAGOLLA LEELA BHAVANI,B,1,A9021,Community Centered Design Thinking,A+,9.0,90.0,PASS,8.9,0,sem1_results,RES_S1_25881A6686_A9021,STU_25881A6686,SUB_1_A9021
25881A6686,PEDDAGOLLA LEELA BHAVANI,B,1,A9007,Engineering Physics,A,8.0,80.0,PASS,8.9,0,sem1_results,RES_S1_25881A6686_A9007,STU_25881A6686,SUB_1_A9007
25881A6686,PEDDAGOLLA LEELA BHAVANI,B,1,A9008,Engineering Physics Laboratory,O,10.0,100.0,PASS,8.9,0,sem1_results,RES_S1_25881A6686_A9008,STU_25881A6686,SUB_1_A9008
25881A6686,PEDDAGOLLA LEELA BHAVANI,B,1,A9204,Basic Electrical Engineering,A+,9.0,90.0,PASS,8.9,0,sem1_results,RES_S1_25881A6686_A9204,STU_25881A6686,SUB_1_A9204
25881A6686,PEDDAGOLLA LEELA BHAVANI,B,1,A9801,Foundations of Data Science,A+,9.0,90.0,PASS,8.9,0,sem1_results,RES_S1_25881A6686_A9801,STU_25881A6686,SUB_1_A9801
25881A6686,PEDDAGOLLA LEELA BHAVANI,B,1,A9205,Basic Electrical Engineering Laboratory,A,8.0,80.0,PASS,8.9,0,sem1_results,RES_S1_25881A6686_A9205,STU_25881A6686,SUB_1_A9205
25881A6687,VANKADARI LOKESH,B,1,A9001,Matrices and Calculus,O,10.0,100.0,PASS,8.55,0,sem1_results,RES_S1_25881A6687_A9001,STU_25881A6687,SUB_1_A9001
25881A6687,VANKADARI LOKESH,B,1,A9501,Programming for Problem Solving,A,8.0,80.0,PASS,8.55,0,sem1_results,RES_S1_25881A6687_A9501,STU_25881A6687,SUB_1_A9501
25881A6687,VANKADARI LOKESH,B,1,A9502,Programming for Problem Solving Laboratory,A+,9.0,90.0,PASS,8.55,0,sem1_results,RES_S1_25881A6687_A9502,STU_25881A6687,SUB_1_A9502
25881A6687,VANKADARI LOKESH,B,1,A9302,Engineering Workshop,A+,9.0,90.0,PASS,8.55,0,sem1_results,RES_S1_25881A6687_A9302,STU_25881A6687,SUB_1_A9302
25881A6687,VANKADARI LOKESH,B,1,A9021,Community Centered Design Thinking,A+,9.0,90.0,PASS,8.55,0,sem1_results,RES_S1_25881A6687_A9021,STU_25881A6687,SUB_1_A9021
25881A6687,VANKADARI LOKESH,B,1,A9007,Engineering Physics,A,8.0,80.0,PASS,8.55,0,sem1_results,RES_S1_25881A6687_A9007,STU_25881A6687,SUB_1_A9007
25881A6687,VANKADARI LOKESH,B,1,A9008,Engineering Physics Laboratory,O,10.0,100.0,PASS,8.55,0,sem1_results,RES_S1_25881A6687_A9008,STU_25881A6687,SUB_1_A9008
25881A6687,VANKADARI LOKESH,B,1,A9204,Basic Electrical Engineering,A,8.0,80.0,PASS,8.55,0,sem1_results,RES_S1_25881A6687_A9204,STU_25881A6687,SUB_1_A9204
25881A6687,VANKADARI LOKESH,B,1,A9801,Foundations of Data Science,B+,7.0,70.0,PASS,8.55,0,sem1_results,RES_S1_25881A6687_A9801,STU_25881A6687,SUB_1_A9801
25881A6687,VANKADARI LOKESH,B,1,A9205,Basic Electrical Engineering Laboratory,A+,9.0,90.0,PASS,8.55,0,sem1_results,RES_S1_25881A6687_A9205,STU_25881A6687,SUB_1_A9205
25881A6688,RAPARTHI MAHATHI,B,1,A9001,Matrices and Calculus,B+,7.0,70.0,PASS,7.7,0,sem1_results,RES_S1_25881A6688_A9001,STU_25881A6688,SUB_1_A9001
25881A6688,RAPARTHI MAHATHI,B,1,A9501,Programming for Problem Solving,B,6.0,60.0,PASS,7.7,0,sem1_results,RES_S1_25881A6688_A9501,STU_25881A6688,SUB_1_A9501
25881A6688,RAPARTHI MAHATHI,B,1,A9502,Programming for Problem Solving Laboratory,A,8.0,80.0,PASS,7.7,0,sem1_results,RES_S1_25881A6688_A9502,STU_25881A6688,SUB_1_A9502
25881A6688,RAPARTHI MAHATHI,B,1,A9302,Engineering Workshop,A+,9.0,90.0,PASS,7.7,0,sem1_results,RES_S1_25881A6688_A9302,STU_25881A6688,SUB_1_A9302
25881A6688,RAPARTHI MAHATHI,B,1,A9021,Community Centered Design Thinking,A+,9.0,90.0,PASS,7.7,0,sem1_results,RES_S1_25881A6688_A9021,STU_25881A6688,SUB_1_A9021
25881A6688,RAPARTHI MAHATHI,B,1,A9007,Engineering Physics,B+,7.0,70.0,PASS,7.7,0,sem1_results,RES_S1_25881A6688_A9007,STU_25881A6688,SUB_1_A9007
25881A6688,RAPARTHI MAHATHI,B,1,A9008,Engineering Physics Laboratory,A+,9.0,90.0,PASS,7.7,0,sem1_results,RES_S1_25881A6688_A9008,STU_25881A6688,SUB_1_A9008
25881A6688,RAPARTHI MAHATHI,B,1,A9204,Basic Electrical Engineering,A,8.0,80.0,PASS,7.7,0,sem1_results,RES_S1_25881A6688_A9204,STU_25881A6688,SUB_1_A9204
25881A6688,RAPARTHI MAHATHI,B,1,A9801,Foundations of Data Science,A+,9.0,90.0,PASS,7.7,0,sem1_results,RES_S1_25881A6688_A9801,STU_25881A6688,SUB_1_A9801
25881A6688,RAPARTHI MAHATHI,B,1,A9205,Basic Electrical Engineering Laboratory,A+,9.0,90.0,PASS,7.7,0,sem1_results,RES_S1_25881A6688_A9205,STU_25881A6688,SUB_1_A9205
25881A6689,KOMMARAJULA MANI,B,1,A9001,Matrices and Calculus,O,10.0,100.0,PASS,9.3,0,sem1_results,RES_S1_25881A6689_A9001,STU_25881A6689,SUB_1_A9001
25881A6689,KOMMARAJULA MANI,B,1,A9501,Programming for Problem Solving,A+,9.0,90.0,PASS,9.3,0,sem1_results,RES_S1_25881A6689_A9501,STU_25881A6689,SUB_1_A9501
25881A6689,KOMMARAJULA MANI,B,1,A9502,Programming for Problem Solving Laboratory,A+,9.0,90.0,PASS,9.3,0,sem1_results,RES_S1_25881A6689_A9502,STU_25881A6689,SUB_1_A9502
25881A6689,KOMMARAJULA MANI,B,1,A9302,Engineering Workshop,A+,9.0,90.0,PASS,9.3,0,sem1_results,RES_S1_25881A6689_A9302,STU_25881A6689,SUB_1_A9302
25881A6689,KOMMARAJULA MANI,B,1,A9021,Community Centered Design Thinking,A+,9.0,90.0,PASS,9.3,0,sem1_results,RES_S1_25881A6689_A9021,STU_25881A6689,SUB_1_A9021
25881A6689,KOMMARAJULA MANI,B,1,A9007,Engineering Physics,A+,9.0,90.0,PASS,9.3,0,sem1_results,RES_S1_25881A6689_A9007,STU_25881A6689,SUB_1_A9007
25881A6689,KOMMARAJULA MANI,B,1,A9008,Engineering Physics Laboratory,A+,9.0,90.0,PASS,9.3,0,sem1_results,RES_S1_25881A6689_A9008,STU_25881A6689,SUB_1_A9008
25881A6689,KOMMARAJULA MANI,B,1,A9204,Basic Electrical Engineering,O,10.0,100.0,PASS,9.3,0,sem1_results,RES_S1_25881A6689_A9204,STU_25881A6689,SUB_1_A9204
25881A6689,KOMMARAJULA MANI,B,1,A9801,Foundations of Data Science,A+,9.0,90.0,PASS,9.3,0,sem1_results,RES_S1_25881A6689_A9801,STU_25881A6689,SUB_1_A9801
25881A6689,KOMMARAJULA MANI,B,1,A9205,Basic Electrical Engineering Laboratory,A+,9.0,90.0,PASS,9.3,0,sem1_results,RES_S1_25881A6689_A9205,STU_25881A6689,SUB_1_A9205
25881A6690,SADALA MANISH REDDY,B,1,A9001,Matrices and Calculus,C,5.0,50.0,PASS,5.1,1,sem1_results,RES_S1_25881A6690_A9001,STU_25881A6690,SUB_1_A9001
25881A6690,SADALA MANISH REDDY,B,1,A9501,Programming for Problem Solving,F,0.0,0.0,FAIL,5.1,1,sem1_results,RES_S1_25881A6690_A9501,STU_25881A6690,SUB_1_A9501
25881A6690,SADALA MANISH REDDY,B,1,A9502,Programming for Problem Solving Laboratory,A,8.0,80.0,PASS,5.1,1,sem1_results,RES_S1_25881A6690_A9502,STU_25881A6690,SUB_1_A9502
25881A6690,SADALA MANISH REDDY,B,1,A9302,Engineering Workshop,A+,9.0,90.0,PASS,5.1,1,sem1_results,RES_S1_25881A6690_A9302,STU_25881A6690,SUB_1_A9302
25881A6690,SADALA MANISH REDDY,B,1,A9021,Community Centered Design Thinking,A+,9.0,90.0,PASS,5.1,1,sem1_results,RES_S1_25881A6690_A9021,STU_25881A6690,SUB_1_A9021
25881A6690,SADALA MANISH REDDY,B,1,A9007,Engineering Physics,C,5.0,50.0,PASS,5.1,1,sem1_results,RES_S1_25881A6690_A9007,STU_25881A6690,SUB_1_A9007
25881A6690,SADALA MANISH REDDY,B,1,A9008,Engineering Physics Laboratory,A,8.0,80.0,PASS,5.1,1,sem1_results,RES_S1_25881A6690_A9008,STU_25881A6690,SUB_1_A9008
25881A6690,SADALA MANISH REDDY,B,1,A9204,Basic Electrical Engineering,C,5.0,50.0,PASS,5.1,1,sem1_results,RES_S1_25881A6690_A9204,STU_25881A6690,SUB_1_A9204
25881A6690,SADALA MANISH REDDY,B,1,A9801,Foundations of Data Science,C,5.0,50.0,PASS,5.1,1,sem1_results,RES_S1_25881A6690_A9801,STU_25881A6690,SUB_1_A9801
25881A6690,SADALA MANISH REDDY,B,1,A9205,Basic Electrical Engineering Laboratory,A,8.0,80.0,PASS,5.1,1,sem1_results,RES_S1_25881A6690_A9205,STU_25881A6690,SUB_1_A9205
25881A6691,MENDE MEGHANA,B,1,A9001,Matrices and Calculus,A,8.0,80.0,PASS,8.75,0,sem1_results,RES_S1_25881A6691_A9001,STU_25881A6691,SUB_1_A9001
25881A6691,MENDE MEGHANA,B,1,A9501,Programming for Problem Solving,A+,9.0,90.0,PASS,8.75,0,sem1_results,RES_S1_25881A6691_A9501,STU_25881A6691,SUB_1_A9501
25881A6691,MENDE MEGHANA,B,1,A9502,Programming for Problem Solving Laboratory,A+,9.0,90.0,PASS,8.75,0,sem1_results,RES_S1_25881A6691_A9502,STU_25881A6691,SUB_1_A9502
25881A6691,MENDE MEGHANA,B,1,A9302,Engineering Workshop,O,10.0,100.0,PASS,8.75,0,sem1_results,RES_S1_25881A6691_A9302,STU_25881A6691,SUB_1_A9302
25881A6691,MENDE MEGHANA,B,1,A9021,Community Centered Design Thinking,A+,9.0,90.0,PASS,8.75,0,sem1_results,RES_S1_25881A6691_A9021,STU_25881A6691,SUB_1_A9021
25881A6691,MENDE MEGHANA,B,1,A9007,Engineering Physics,A+,9.0,90.0,PASS,8.75,0,sem1_results,RES_S1_25881A6691_A9007,STU_25881A6691,SUB_1_A9007
25881A6691,MENDE MEGHANA,B,1,A9008,Engineering Physics Laboratory,O,10.0,100.0,PASS,8.75,0,sem1_results,RES_S1_25881A6691_A9008,STU_25881A6691,SUB_1_A9008
25881A6691,MENDE MEGHANA,B,1,A9204,Basic Electrical Engineering,A+,9.0,90.0,PASS,8.75,0,sem1_results,RES_S1_25881A6691_A9204,STU_25881A6691,SUB_1_A9204
25881A6691,MENDE MEGHANA,B,1,A9801,Foundations of Data Science,A,8.0,80.0,PASS,8.75,0,sem1_results,RES_S1_25881A6691_A9801,STU_25881A6691,SUB_1_A9801
25881A6691,MENDE MEGHANA,B,1,A9205,Basic Electrical Engineering Laboratory,A+,9.0,90.0,PASS,8.75,0,sem1_results,RES_S1_25881A6691_A9205,STU_25881A6691,SUB_1_A9205
25881A6692,NADIKATTU NAGA SHIVANI,B,1,A9001,Matrices and Calculus,O,10.0,100.0,PASS,9.05,0,sem1_results,RES_S1_25881A6692_A9001,STU_25881A6692,SUB_1_A9001
25881A6692,NADIKATTU NAGA SHIVANI,B,1,A9501,Programming for Problem Solving,B+,7.0,70.0,PASS,9.05,0,sem1_results,RES_S1_25881A6692_A9501,STU_25881A6692,SUB_1_A9501
25881A6692,NADIKATTU NAGA SHIVANI,B,1,A9502,Programming for Problem Solving Laboratory,A+,9.0,90.0,PASS,9.05,0,sem1_results,RES_S1_25881A6692_A9502,STU_25881A6692,SUB_1_A9502
25881A6692,NADIKATTU NAGA SHIVANI,B,1,A9302,Engineering Workshop,O,10.0,100.0,PASS,9.05,0,sem1_results,RES_S1_25881A6692_A9302,STU_25881A6692,SUB_1_A9302
25881A6692,NADIKATTU NAGA SHIVANI,B,1,A9021,Community Centered Design Thinking,A+,9.0,90.0,PASS,9.05,0,sem1_results,RES_S1_25881A6692_A9021,STU_25881A6692,SUB_1_A9021
25881A6692,NADIKATTU NAGA SHIVANI,B,1,A9007,Engineering Physics,A+,9.0,90.0,PASS,9.05,0,sem1_results,RES_S1_25881A6692_A9007,STU_25881A6692,SUB_1_A9007
25881A6692,NADIKATTU NAGA SHIVANI,B,1,A9008,Engineering Physics Laboratory,O,10.0,100.0,PASS,9.05,0,sem1_results,RES_S1_25881A6692_A9008,STU_25881A6692,SUB_1_A9008
25881A6692,NADIKATTU NAGA SHIVANI,B,1,A9204,Basic Electrical Engineering,A+,9.0,90.0,PASS,9.05,0,sem1_results,RES_S1_25881A6692_A9204,STU_25881A6692,SUB_1_A9204
25881A6692,NADIKATTU NAGA SHIVANI,B,1,A9801,Foundations of Data Science,A+,9.0,90.0,PASS,9.05,0,sem1_results,RES_S1_25881A6692_A9801,STU_25881A6692,SUB_1_A9801
25881A6692,NADIKATTU NAGA SHIVANI,B,1,A9205,Basic Electrical Engineering Laboratory,O,10.0,100.0,PASS,9.05,0,sem1_results,RES_S1_25881A6692_A9205,STU_25881A6692,SUB_1_A9205
25881A6693,BATHULA NIHARIKA,B,1,A9001,Matrices and Calculus,O,10.0,100.0,PASS,9.8,0,sem1_results,RES_S1_25881A6693_A9001,STU_25881A6693,SUB_1_A9001
25881A6693,BATHULA NIHARIKA,B,1,A9501,Programming for Problem Solving,A+,9.0,90.0,PASS,9.8,0,sem1_results,RES_S1_25881A6693_A9501,STU_25881A6693,SUB_1_A9501
25881A6693,BATHULA NIHARIKA,B,1,A9502,Programming for Problem Solving Laboratory,O,10.0,100.0,PASS,9.8,0,sem1_results,RES_S1_25881A6693_A9502,STU_25881A6693,SUB_1_A9502
25881A6693,BATHULA NIHARIKA,B,1,A9302,Engineering Workshop,O,10.0,100.0,PASS,9.8,0,sem1_results,RES_S1_25881A6693_A9302,STU_25881A6693,SUB_1_A9302
25881A6693,BATHULA NIHARIKA,B,1,A9021,Community Centered Design Thinking,A+,9.0,90.0,PASS,9.8,0,sem1_results,RES_S1_25881A6693_A9021,STU_25881A6693,SUB_1_A9021
25881A6693,BATHULA NIHARIKA,B,1,A9007,Engineering Physics,O,10.0,100.0,PASS,9.8,0,sem1_results,RES_S1_25881A6693_A9007,STU_25881A6693,SUB_1_A9007
25881A6693,BATHULA NIHARIKA,B,1,A9008,Engineering Physics Laboratory,O,10.0,100.0,PASS,9.8,0,sem1_results,RES_S1_25881A6693_A9008,STU_25881A6693,SUB_1_A9008
25881A6693,BATHULA NIHARIKA,B,1,A9204,Basic Electrical Engineering,O,10.0,100.0,PASS,9.8,0,sem1_results,RES_S1_25881A6693_A9204,STU_25881A6693,SUB_1_A9204
25881A6693,BATHULA NIHARIKA,B,1,A9801,Foundations of Data Science,O,10.0,100.0,PASS,9.8,0,sem1_results,RES_S1_25881A6693_A9801,STU_25881A6693,SUB_1_A9801
25881A6693,BATHULA NIHARIKA,B,1,A9205,Basic Electrical Engineering Laboratory,O,10.0,100.0,PASS,9.8,0,sem1_results,RES_S1_25881A6693_A9205,STU_25881A6693,SUB_1_A9205
25881A6694,GOGGA PRADEEP,B,1,A9001,Matrices and Calculus,A,8.0,80.0,PASS,7.7,0,sem1_results,RES_S1_25881A6694_A9001,STU_25881A6694,SUB_1_A9001
25881A6694,GOGGA PRADEEP,B,1,A9501,Programming for Problem Solving,C,5.0,50.0,PASS,7.7,0,sem1_results,RES_S1_25881A6694_A9501,STU_25881A6694,SUB_1_A9501
25881A6694,GOGGA PRADEEP,B,1,A9502,Programming for Problem Solving Laboratory,A+,9.0,90.0,PASS,7.7,0,sem1_results,RES_S1_25881A6694_A9502,STU_25881A6694,SUB_1_A9502
25881A6694,GOGGA PRADEEP,B,1,A9302,Engineering Workshop,O,10.0,100.0,PASS,7.7,0,sem1_results,RES_S1_25881A6694_A9302,STU_25881A6694,SUB_1_A9302
25881A6694,GOGGA PRADEEP,B,1,A9021,Community Centered Design Thinking,A+,9.0,90.0,PASS,7.7,0,sem1_results,RES_S1_25881A6694_A9021,STU_25881A6694,SUB_1_A9021
25881A6694,GOGGA PRADEEP,B,1,A9007,Engineering Physics,B+,7.0,70.0,PASS,7.7,0,sem1_results,RES_S1_25881A6694_A9007,STU_25881A6694,SUB_1_A9007
25881A6694,GOGGA PRADEEP,B,1,A9008,Engineering Physics Laboratory,A+,9.0,90.0,PASS,7.7,0,sem1_results,RES_S1_25881A6694_A9008,STU_25881A6694,SUB_1_A9008
25881A6694,GOGGA PRADEEP,B,1,A9204,Basic Electrical Engineering,A,8.0,80.0,PASS,7.7,0,sem1_results,RES_S1_25881A6694_A9204,STU_25881A6694,SUB_1_A9204
25881A6694,GOGGA PRADEEP,B,1,A9801,Foundations of Data Science,A,8.0,80.0,PASS,7.7,0,sem1_results,RES_S1_25881A6694_A9801,STU_25881A6694,SUB_1_A9801
25881A6694,GOGGA PRADEEP,B,1,A9205,Basic Electrical Engineering Laboratory,A+,9.0,90.0,PASS,7.7,0,sem1_results,RES_S1_25881A6694_A9205,STU_25881A6694,SUB_1_A9205
25881A6695,CHINNAPAGA PRASHANH KUMAR,B,1,A9001,Matrices and Calculus,C,5.0,50.0,PASS,5.4,1,sem1_results,RES_S1_25881A6695_A9001,STU_25881A6695,SUB_1_A9001
25881A6695,CHINNAPAGA PRASHANH KUMAR,B,1,A9501,Programming for Problem Solving,B,6.0,60.0,PASS,5.4,1,sem1_results,RES_S1_25881A6695_A9501,STU_25881A6695,SUB_1_A9501
25881A6695,CHINNAPAGA PRASHANH KUMAR,B,1,A9502,Programming for Problem Solving Laboratory,A,8.0,80.0,PASS,5.4,1,sem1_results,RES_S1_25881A6695_A9502,STU_25881A6695,SUB_1_A9502
25881A6695,CHINNAPAGA PRASHANH KUMAR,B,1,A9302,Engineering Workshop,A+,9.0,90.0,PASS,5.4,1,sem1_results,RES_S1_25881A6695_A9302,STU_25881A6695,SUB_1_A9302
25881A6695,CHINNAPAGA PRASHANH KUMAR,B,1,A9021,Community Centered Design Thinking,A+,9.0,90.0,PASS,5.4,1,sem1_results,RES_S1_25881A6695_A9021,STU_25881A6695,SUB_1_A9021
25881A6695,CHINNAPAGA PRASHANH KUMAR,B,1,A9007,Engineering Physics,F,0.0,0.0,FAIL,5.4,1,sem1_results,RES_S1_25881A6695_A9007,STU_25881A6695,SUB_1_A9007
25881A6695,CHINNAPAGA PRASHANH KUMAR,B,1,A9008,Engineering Physics Laboratory,A,8.0,80.0,PASS,5.4,1,sem1_results,RES_S1_25881A6695_A9008,STU_25881A6695,SUB_1_A9008
25881A6695,CHINNAPAGA PRASHANH KUMAR,B,1,A9204,Basic Electrical Engineering,C,5.0,50.0,PASS,5.4,1,sem1_results,RES_S1_25881A6695_A9204,STU_25881A6695,SUB_1_A9204
25881A6695,CHINNAPAGA PRASHANH KUMAR,B,1,A9801,Foundations of Data Science,B,6.0,60.0,PASS,5.4,1,sem1_results,RES_S1_25881A6695_A9801,STU_25881A6695,SUB_1_A9801
25881A6695,CHINNAPAGA PRASHANH KUMAR,B,1,A9205,Basic Electrical Engineering Laboratory,A,8.0,80.0,PASS,5.4,1,sem1_results,RES_S1_25881A6695_A9205,STU_25881A6695,SUB_1_A9205
25881A6696,BUKYA PRAVEEN KUMAR,B,1,A9001,Matrices and Calculus,O,10.0,100.0,PASS,8.95,0,sem1_results,RES_S1_25881A6696_A9001,STU_25881A6696,SUB_1_A9001
25881A6696,BUKYA PRAVEEN KUMAR,B,1,A9501,Programming for Problem Solving,B+,7.0,70.0,PASS,8.95,0,sem1_results,RES_S1_25881A6696_A9501,STU_25881A6696,SUB_1_A9501
25881A6696,BUKYA PRAVEEN KUMAR,B,1,A9502,Programming for Problem Solving Laboratory,A,8.0,80.0,PASS,8.95,0,sem1_results,RES_S1_25881A6696_A9502,STU_25881A6696,SUB_1_A9502
25881A6696,BUKYA PRAVEEN KUMAR,B,1,A9302,Engineering Workshop,O,10.0,100.0,PASS,8.95,0,sem1_results,RES_S1_25881A6696_A9302,STU_25881A6696,SUB_1_A9302
25881A6696,BUKYA PRAVEEN KUMAR,B,1,A9021,Community Centered Design Thinking,A+,9.0,90.0,PASS,8.95,0,sem1_results,RES_S1_25881A6696_A9021,STU_25881A6696,SUB_1_A9021
25881A6696,BUKYA PRAVEEN KUMAR,B,1,A9007,Engineering Physics,A+,9.0,90.0,PASS,8.95,0,sem1_results,RES_S1_25881A6696_A9007,STU_25881A6696,SUB_1_A9007
25881A6696,BUKYA PRAVEEN KUMAR,B,1,A9008,Engineering Physics Laboratory,O,10.0,100.0,PASS,8.95,0,sem1_results,RES_S1_25881A6696_A9008,STU_25881A6696,SUB_1_A9008
25881A6696,BUKYA PRAVEEN KUMAR,B,1,A9204,Basic Electrical Engineering,A+,9.0,90.0,PASS,8.95,0,sem1_results,RES_S1_25881A6696_A9204,STU_25881A6696,SUB_1_A9204
25881A6696,BUKYA PRAVEEN KUMAR,B,1,A9801,Foundations of Data Science,A+,9.0,90.0,PASS,8.95,0,sem1_results,RES_S1_25881A6696_A9801,STU_25881A6696,SUB_1_A9801
25881A6696,BUKYA PRAVEEN KUMAR,B,1,A9205,Basic Electrical Engineering Laboratory,A+,9.0,90.0,PASS,8.95,0,sem1_results,RES_S1_25881A6696_A9205,STU_25881A6696,SUB_1_A9205
25881A6697,K RAGHAVENDRA,B,1,A9001,Matrices and Calculus,A,8.0,80.0,PASS,8.1,0,sem1_results,RES_S1_25881A6697_A9001,STU_25881A6697,SUB_1_A9001
25881A6697,K RAGHAVENDRA,B,1,A9501,Programming for Problem Solving,B,6.0,60.0,PASS,8.1,0,sem1_results,RES_S1_25881A6697_A9501,STU_25881A6697,SUB_1_A9501
25881A6697,K RAGHAVENDRA,B,1,A9502,Programming for Problem Solving Laboratory,A+,9.0,90.0,PASS,8.1,0,sem1_results,RES_S1_25881A6697_A9502,STU_25881A6697,SUB_1_A9502
25881A6697,K RAGHAVENDRA,B,1,A9302,Engineering Workshop,O,10.0,100.0,PASS,8.1,0,sem1_results,RES_S1_25881A6697_A9302,STU_25881A6697,SUB_1_A9302
25881A6697,K RAGHAVENDRA,B,1,A9021,Community Centered Design Thinking,A+,9.0,90.0,PASS,8.1,0,sem1_results,RES_S1_25881A6697_A9021,STU_25881A6697,SUB_1_A9021
25881A6697,K RAGHAVENDRA,B,1,A9007,Engineering Physics,A,8.0,80.0,PASS,8.1,0,sem1_results,RES_S1_25881A6697_A9007,STU_25881A6697,SUB_1_A9007
25881A6697,K RAGHAVENDRA,B,1,A9008,Engineering Physics Laboratory,A+,9.0,90.0,PASS,8.1,0,sem1_results,RES_S1_25881A6697_A9008,STU_25881A6697,SUB_1_A9008
25881A6697,K RAGHAVENDRA,B,1,A9204,Basic Electrical Engineering,A+,9.0,90.0,PASS,8.1,0,sem1_results,RES_S1_25881A6697_A9204,STU_25881A6697,SUB_1_A9204
25881A6697,K RAGHAVENDRA,B,1,A9801,Foundations of Data Science,A,8.0,80.0,PASS,8.1,0,sem1_results,RES_S1_25881A6697_A9801,STU_25881A6697,SUB_1_A9801
25881A6697,K RAGHAVENDRA,B,1,A9205,Basic Electrical Engineering Laboratory,A+,9.0,90.0,PASS,8.1,0,sem1_results,RES_S1_25881A6697_A9205,STU_25881A6697,SUB_1_A9205
25881A6698,YELLAREDDY RAGHAVENDRA REDDY,B,1,A9001,Matrices and Calculus,A+,9.0,90.0,PASS,7.3,0,sem1_results,RES_S1_25881A6698_A9001,STU_25881A6698,SUB_1_A9001
25881A6698,YELLAREDDY RAGHAVENDRA REDDY,B,1,A9501,Programming for Problem Solving,C,5.0,50.0,PASS,7.3,0,sem1_results,RES_S1_25881A6698_A9501,STU_25881A6698,SUB_1_A9501
25881A6698,YELLAREDDY RAGHAVENDRA REDDY,B,1,A9502,Programming for Problem Solving Laboratory,A,8.0,80.0,PASS,7.3,0,sem1_results,RES_S1_25881A6698_A9502,STU_25881A6698,SUB_1_A9502
25881A6698,YELLAREDDY RAGHAVENDRA REDDY,B,1,A9302,Engineering Workshop,A+,9.0,90.0,PASS,7.3,0,sem1_results,RES_S1_25881A6698_A9302,STU_25881A6698,SUB_1_A9302
25881A6698,YELLAREDDY RAGHAVENDRA REDDY,B,1,A9021,Community Centered Design Thinking,A+,9.0,90.0,PASS,7.3,0,sem1_results,RES_S1_25881A6698_A9021,STU_25881A6698,SUB_1_A9021
25881A6698,YELLAREDDY RAGHAVENDRA REDDY,B,1,A9007,Engineering Physics,B,6.0,60.0,PASS,7.3,0,sem1_results,RES_S1_25881A6698_A9007,STU_25881A6698,SUB_1_A9007
25881A6698,YELLAREDDY RAGHAVENDRA REDDY,B,1,A9008,Engineering Physics Laboratory,A,8.0,80.0,PASS,7.3,0,sem1_results,RES_S1_25881A6698_A9008,STU_25881A6698,SUB_1_A9008
25881A6698,YELLAREDDY RAGHAVENDRA REDDY,B,1,A9204,Basic Electrical Engineering,B+,7.0,70.0,PASS,7.3,0,sem1_results,RES_S1_25881A6698_A9204,STU_25881A6698,SUB_1_A9204
25881A6698,YELLAREDDY RAGHAVENDRA REDDY,B,1,A9801,Foundations of Data Science,B+,7.0,70.0,PASS,7.3,0,sem1_results,RES_S1_25881A6698_A9801,STU_25881A6698,SUB_1_A9801
25881A6698,YELLAREDDY RAGHAVENDRA REDDY,B,1,A9205,Basic Electrical Engineering Laboratory,A,8.0,80.0,PASS,7.3,0,sem1_results,RES_S1_25881A6698_A9205,STU_25881A6698,SUB_1_A9205
25881A6699,RAJEEV KUMAR SINGH,B,1,A9001,Matrices and Calculus,A,8.0,80.0,PASS,8.5,0,sem1_results,RES_S1_25881A6699_A9001,STU_25881A6699,SUB_1_A9001
25881A6699,RAJEEV KUMAR SINGH,B,1,A9501,Programming for Problem Solving,B+,7.0,70.0,PASS,8.5,0,sem1_results,RES_S1_25881A6699_A9501,STU_25881A6699,SUB_1_A9501
25881A6699,RAJEEV KUMAR SINGH,B,1,A9502,Programming for Problem Solving Laboratory,B+,7.0,70.0,PASS,8.5,0,sem1_results,RES_S1_25881A6699_A9502,STU_25881A6699,SUB_1_A9502
25881A6699,RAJEEV KUMAR SINGH,B,1,A9302,Engineering Workshop,A+,9.0,90.0,PASS,8.5,0,sem1_results,RES_S1_25881A6699_A9302,STU_25881A6699,SUB_1_A9302
25881A6699,RAJEEV KUMAR SINGH,B,1,A9021,Community Centered Design Thinking,O,10.0,100.0,PASS,8.5,0,sem1_results,RES_S1_25881A6699_A9021,STU_25881A6699,SUB_1_A9021
25881A6699,RAJEEV KUMAR SINGH,B,1,A9007,Engineering Physics,A+,9.0,90.0,PASS,8.5,0,sem1_results,RES_S1_25881A6699_A9007,STU_25881A6699,SUB_1_A9007
25881A6699,RAJEEV KUMAR SINGH,B,1,A9008,Engineering Physics Laboratory,A+,9.0,90.0,PASS,8.5,0,sem1_results,RES_S1_25881A6699_A9008,STU_25881A6699,SUB_1_A9008
25881A6699,RAJEEV KUMAR SINGH,B,1,A9204,Basic Electrical Engineering,A+,9.0,90.0,PASS,8.5,0,sem1_results,RES_S1_25881A6699_A9204,STU_25881A6699,SUB_1_A9204
25881A6699,RAJEEV KUMAR SINGH,B,1,A9801,Foundations of Data Science,A+,9.0,90.0,PASS,8.5,0,sem1_results,RES_S1_25881A6699_A9801,STU_25881A6699,SUB_1_A9801
25881A6699,RAJEEV KUMAR SINGH,B,1,A9205,Basic Electrical Engineering Laboratory,O,10.0,100.0,PASS,8.5,0,sem1_results,RES_S1_25881A6699_A9205,STU_25881A6699,SUB_1_A9205
25881A66A0,SATTOOR RITESH GOUD,B,1,A9001,Matrices and Calculus,C,5.0,50.0,PASS,7.35,0,sem1_results,RES_S1_25881A66A0_A9001,STU_25881A66A0,SUB_1_A9001
25881A66A0,SATTOOR RITESH GOUD,B,1,A9501,Programming for Problem Solving,B,6.0,60.0,PASS,7.35,0,sem1_results,RES_S1_25881A66A0_A9501,STU_25881A66A0,SUB_1_A9501
25881A66A0,SATTOOR RITESH GOUD,B,1,A9502,Programming for Problem Solving Laboratory,A+,9.0,90.0,PASS,7.35,0,sem1_results,RES_S1_25881A66A0_A9502,STU_25881A66A0,SUB_1_A9502
25881A66A0,SATTOOR RITESH GOUD,B,1,A9302,Engineering Workshop,O,10.0,100.0,PASS,7.35,0,sem1_results,RES_S1_25881A66A0_A9302,STU_25881A66A0,SUB_1_A9302
25881A66A0,SATTOOR RITESH GOUD,B,1,A9021,Community Centered Design Thinking,O,10.0,100.0,PASS,7.35,0,sem1_results,RES_S1_25881A66A0_A9021,STU_25881A66A0,SUB_1_A9021
25881A66A0,SATTOOR RITESH GOUD,B,1,A9007,Engineering Physics,A,8.0,80.0,PASS,7.35,0,sem1_results,RES_S1_25881A66A0_A9007,STU_25881A66A0,SUB_1_A9007
25881A66A0,SATTOOR RITESH GOUD,B,1,A9008,Engineering Physics Laboratory,A+,9.0,90.0,PASS,7.35,0,sem1_results,RES_S1_25881A66A0_A9008,STU_25881A66A0,SUB_1_A9008
25881A66A0,SATTOOR RITESH GOUD,B,1,A9204,Basic Electrical Engineering,B+,7.0,70.0,PASS,7.35,0,sem1_results,RES_S1_25881A66A0_A9204,STU_25881A66A0,SUB_1_A9204
25881A66A0,SATTOOR RITESH GOUD,B,1,A9801,Foundations of Data Science,A,8.0,80.0,PASS,7.35,0,sem1_results,RES_S1_25881A66A0_A9801,STU_25881A66A0,SUB_1_A9801
25881A66A0,SATTOOR RITESH GOUD,B,1,A9205,Basic Electrical Engineering Laboratory,A+,9.0,90.0,PASS,7.35,0,sem1_results,RES_S1_25881A66A0_A9205,STU_25881A66A0,SUB_1_A9205
25881A66A1,GURRALA RITHWICK REDDY,B,1,A9001,Matrices and Calculus,F,0.0,0.0,FAIL,1.85,5,sem1_results,RES_S1_25881A66A1_A9001,STU_25881A66A1,SUB_1_A9001
25881A66A1,GURRALA RITHWICK REDDY,B,1,A9501,Programming for Problem Solving,F,0.0,0.0,FAIL,1.85,5,sem1_results,RES_S1_25881A66A1_A9501,STU_25881A66A1,SUB_1_A9501
25881A66A1,GURRALA RITHWICK REDDY,B,1,A9502,Programming for Problem Solving Laboratory,B,6.0,60.0,PASS,1.85,5,sem1_results,RES_S1_25881A66A1_A9502,STU_25881A66A1,SUB_1_A9502
25881A66A1,GURRALA RITHWICK REDDY,B,1,A9302,Engineering Workshop,B+,7.0,70.0,PASS,1.85,5,sem1_results,RES_S1_25881A66A1_A9302,STU_25881A66A1,SUB_1_A9302
25881A66A1,GURRALA RITHWICK REDDY,B,1,A9021,Community Centered Design Thinking,O,10.0,100.0,PASS,1.85,5,sem1_results,RES_S1_25881A66A1_A9021,STU_25881A66A1,SUB_1_A9021
25881A66A1,GURRALA RITHWICK REDDY,B,1,A9007,Engineering Physics,F,0.0,0.0,FAIL,1.85,5,sem1_results,RES_S1_25881A66A1_A9007,STU_25881A66A1,SUB_1_A9007
25881A66A1,GURRALA RITHWICK REDDY,B,1,A9008,Engineering Physics Laboratory,A,8.0,80.0,PASS,1.85,5,sem1_results,RES_S1_25881A66A1_A9008,STU_25881A66A1,SUB_1_A9008
25881A66A1,GURRALA RITHWICK REDDY,B,1,A9204,Basic Electrical Engineering,F,0.0,0.0,FAIL,1.85,5,sem1_results,RES_S1_25881A66A1_A9204,STU_25881A66A1,SUB_1_A9204
25881A66A1,GURRALA RITHWICK REDDY,B,1,A9801,Foundations of Data Science,F,0.0,0.0,FAIL,1.85,5,sem1_results,RES_S1_25881A66A1_A9801,STU_25881A66A1,SUB_1_A9801
25881A66A1,GURRALA RITHWICK REDDY,B,1,A9205,Basic Electrical Engineering Laboratory,B,6.0,60.0,PASS,1.85,5,sem1_results,RES_S1_25881A66A1_A9205,STU_25881A66A1,SUB_1_A9205
25881A66A2,CHUNCHU ROHITH SRINIVAS,B,1,A9001,Matrices and Calculus,A,8.0,80.0,PASS,8.55,0,sem1_results,RES_S1_25881A66A2_A9001,STU_25881A66A2,SUB_1_A9001
25881A66A2,CHUNCHU ROHITH SRINIVAS,B,1,A9501,Programming for Problem Solving,A+,9.0,90.0,PASS,8.55,0,sem1_results,RES_S1_25881A66A2_A9501,STU_25881A66A2,SUB_1_A9501
25881A66A2,CHUNCHU ROHITH SRINIVAS,B,1,A9502,Programming for Problem Solving Laboratory,A,8.0,80.0,PASS,8.55,0,sem1_results,RES_S1_25881A66A2_A9502,STU_25881A66A2,SUB_1_A9502
25881A66A2,CHUNCHU ROHITH SRINIVAS,B,1,A9302,Engineering Workshop,A+,9.0,90.0,PASS,8.55,0,sem1_results,RES_S1_25881A66A2_A9302,STU_25881A66A2,SUB_1_A9302
25881A66A2,CHUNCHU ROHITH SRINIVAS,B,1,A9021,Community Centered Design Thinking,O,10.0,100.0,PASS,8.55,0,sem1_results,RES_S1_25881A66A2_A9021,STU_25881A66A2,SUB_1_A9021
25881A66A2,CHUNCHU ROHITH SRINIVAS,B,1,A9007,Engineering Physics,A,8.0,80.0,PASS,8.55,0,sem1_results,RES_S1_25881A66A2_A9007,STU_25881A66A2,SUB_1_A9007
25881A66A2,CHUNCHU ROHITH SRINIVAS,B,1,A9008,Engineering Physics Laboratory,A+,9.0,90.0,PASS,8.55,0,sem1_results,RES_S1_25881A66A2_A9008,STU_25881A66A2,SUB_1_A9008
25881A66A2,CHUNCHU ROHITH SRINIVAS,B,1,A9204,Basic Electrical Engineering,A,8.0,80.0,PASS,8.55,0,sem1_results,RES_S1_25881A66A2_A9204,STU_25881A66A2,SUB_1_A9204
25881A66A2,CHUNCHU ROHITH SRINIVAS,B,1,A9801,Foundations of Data Science,A+,9.0,90.0,PASS,8.55,0,sem1_results,RES_S1_25881A66A2_A9801,STU_25881A66A2,SUB_1_A9801
25881A66A2,CHUNCHU ROHITH SRINIVAS,B,1,A9205,Basic Electrical Engineering Laboratory,A+,9.0,90.0,PASS,8.55,0,sem1_results,RES_S1_25881A66A2_A9205,STU_25881A66A2,SUB_1_A9205
25881A66A3,RUDHRATEJA CHITHARU,B,1,A9001,Matrices and Calculus,A+,9.0,90.0,PASS,8.15,0,sem1_results,RES_S1_25881A66A3_A9001,STU_25881A66A3,SUB_1_A9001
25881A66A3,RUDHRATEJA CHITHARU,B,1,A9501,Programming for Problem Solving,B,6.0,60.0,PASS,8.15,0,sem1_results,RES_S1_25881A66A3_A9501,STU_25881A66A3,SUB_1_A9501
25881A66A3,RUDHRATEJA CHITHARU,B,1,A9502,Programming for Problem Solving Laboratory,A+,9.0,90.0,PASS,8.15,0,sem1_results,RES_S1_25881A66A3_A9502,STU_25881A66A3,SUB_1_A9502
25881A66A3,RUDHRATEJA CHITHARU,B,1,A9302,Engineering Workshop,A+,9.0,90.0,PASS,8.15,0,sem1_results,RES_S1_25881A66A3_A9302,STU_25881A66A3,SUB_1_A9302
25881A66A3,RUDHRATEJA CHITHARU,B,1,A9021,Community Centered Design Thinking,A+,9.0,90.0,PASS,8.15,0,sem1_results,RES_S1_25881A66A3_A9021,STU_25881A66A3,SUB_1_A9021
25881A66A3,RUDHRATEJA CHITHARU,B,1,A9007,Engineering Physics,A,8.0,80.0,PASS,8.15,0,sem1_results,RES_S1_25881A66A3_A9007,STU_25881A66A3,SUB_1_A9007
25881A66A3,RUDHRATEJA CHITHARU,B,1,A9008,Engineering Physics Laboratory,A+,9.0,90.0,PASS,8.15,0,sem1_results,RES_S1_25881A66A3_A9008,STU_25881A66A3,SUB_1_A9008
25881A66A3,RUDHRATEJA CHITHARU,B,1,A9204,Basic Electrical Engineering,A,8.0,80.0,PASS,8.15,0,sem1_results,RES_S1_25881A66A3_A9204,STU_25881A66A3,SUB_1_A9204
25881A66A3,RUDHRATEJA CHITHARU,B,1,A9801,Foundations of Data Science,A,8.0,80.0,PASS,8.15,0,sem1_results,RES_S1_25881A66A3_A9801,STU_25881A66A3,SUB_1_A9801
25881A66A3,RUDHRATEJA CHITHARU,B,1,A9205,Basic Electrical Engineering Laboratory,A+,9.0,90.0,PASS,8.15,0,sem1_results,RES_S1_25881A66A3_A9205,STU_25881A66A3,SUB_1_A9205
25881A66A4,TUSAMBAD RUTHIKA,B,1,A9001,Matrices and Calculus,B+,7.0,70.0,PASS,8.1,0,sem1_results,RES_S1_25881A66A4_A9001,STU_25881A66A4,SUB_1_A9001
25881A66A4,TUSAMBAD RUTHIKA,B,1,A9501,Programming for Problem Solving,B+,7.0,70.0,PASS,8.1,0,sem1_results,RES_S1_25881A66A4_A9501,STU_25881A66A4,SUB_1_A9501
25881A66A4,TUSAMBAD RUTHIKA,B,1,A9502,Programming for Problem Solving Laboratory,A,8.0,80.0,PASS,8.1,0,sem1_results,RES_S1_25881A66A4_A9502,STU_25881A66A4,SUB_1_A9502
25881A66A4,TUSAMBAD RUTHIKA,B,1,A9302,Engineering Workshop,O,10.0,100.0,PASS,8.1,0,sem1_results,RES_S1_25881A66A4_A9302,STU_25881A66A4,SUB_1_A9302
25881A66A4,TUSAMBAD RUTHIKA,B,1,A9021,Community Centered Design Thinking,A+,9.0,90.0,PASS,8.1,0,sem1_results,RES_S1_25881A66A4_A9021,STU_25881A66A4,SUB_1_A9021
25881A66A4,TUSAMBAD RUTHIKA,B,1,A9007,Engineering Physics,A+,9.0,90.0,PASS,8.1,0,sem1_results,RES_S1_25881A66A4_A9007,STU_25881A66A4,SUB_1_A9007
25881A66A4,TUSAMBAD RUTHIKA,B,1,A9008,Engineering Physics Laboratory,A+,9.0,90.0,PASS,8.1,0,sem1_results,RES_S1_25881A66A4_A9008,STU_25881A66A4,SUB_1_A9008
25881A66A4,TUSAMBAD RUTHIKA,B,1,A9204,Basic Electrical Engineering,B+,7.0,70.0,PASS,8.1,0,sem1_results,RES_S1_25881A66A4_A9204,STU_25881A66A4,SUB_1_A9204
25881A66A4,TUSAMBAD RUTHIKA,B,1,A9801,Foundations of Data Science,A+,9.0,90.0,PASS,8.1,0,sem1_results,RES_S1_25881A66A4_A9801,STU_25881A66A4,SUB_1_A9801
25881A66A4,TUSAMBAD RUTHIKA,B,1,A9205,Basic Electrical Engineering Laboratory,A+,9.0,90.0,PASS,8.1,0,sem1_results,RES_S1_25881A66A4_A9205,STU_25881A66A4,SUB_1_A9205
25881A66A5,DONALA SAHASRA,B,1,A9001,Matrices and Calculus,B,6.0,60.0,PASS,6.6,0,sem1_results,RES_S1_25881A66A5_A9001,STU_25881A66A5,SUB_1_A9001
25881A66A5,DONALA SAHASRA,B,1,A9501,Programming for Problem Solving,B,6.0,60.0,PASS,6.6,0,sem1_results,RES_S1_25881A66A5_A9501,STU_25881A66A5,SUB_1_A9501
25881A66A5,DONALA SAHASRA,B,1,A9502,Programming for Problem Solving Laboratory,A,8.0,80.0,PASS,6.6,0,sem1_results,RES_S1_25881A66A5_A9502,STU_25881A66A5,SUB_1_A9502
25881A66A5,DONALA SAHASRA,B,1,A9302,Engineering Workshop,O,10.0,100.0,PASS,6.6,0,sem1_results,RES_S1_25881A66A5_A9302,STU_25881A66A5,SUB_1_A9302
25881A66A5,DONALA SAHASRA,B,1,A9021,Community Centered Design Thinking,A+,9.0,90.0,PASS,6.6,0,sem1_results,RES_S1_25881A66A5_A9021,STU_25881A66A5,SUB_1_A9021
25881A66A5,DONALA SAHASRA,B,1,A9007,Engineering Physics,B,6.0,60.0,PASS,6.6,0,sem1_results,RES_S1_25881A66A5_A9007,STU_25881A66A5,SUB_1_A9007
25881A66A5,DONALA SAHASRA,B,1,A9008,Engineering Physics Laboratory,A,8.0,80.0,PASS,6.6,0,sem1_results,RES_S1_25881A66A5_A9008,STU_25881A66A5,SUB_1_A9008
25881A66A5,DONALA SAHASRA,B,1,A9204,Basic Electrical Engineering,C,5.0,50.0,PASS,6.6,0,sem1_results,RES_S1_25881A66A5_A9204,STU_25881A66A5,SUB_1_A9204
25881A66A5,DONALA SAHASRA,B,1,A9801,Foundations of Data Science,B,6.0,60.0,PASS,6.6,0,sem1_results,RES_S1_25881A66A5_A9801,STU_25881A66A5,SUB_1_A9801
25881A66A5,DONALA SAHASRA,B,1,A9205,Basic Electrical Engineering Laboratory,A+,9.0,90.0,PASS,6.6,0,sem1_results,RES_S1_25881A66A5_A9205,STU_25881A66A5,SUB_1_A9205
25881A66A6,AKKAPELLI SAI SUSHANTH,B,1,A9001,Matrices and Calculus,O,10.0,100.0,PASS,8.8,0,sem1_results,RES_S1_25881A66A6_A9001,STU_25881A66A6,SUB_1_A9001
25881A66A6,AKKAPELLI SAI SUSHANTH,B,1,A9501,Programming for Problem Solving,B,6.0,60.0,PASS,8.8,0,sem1_results,RES_S1_25881A66A6_A9501,STU_25881A66A6,SUB_1_A9501
25881A66A6,AKKAPELLI SAI SUSHANTH,B,1,A9502,Programming for Problem Solving Laboratory,A+,9.0,90.0,PASS,8.8,0,sem1_results,RES_S1_25881A66A6_A9502,STU_25881A66A6,SUB_1_A9502
25881A66A6,AKKAPELLI SAI SUSHANTH,B,1,A9302,Engineering Workshop,A+,9.0,90.0,PASS,8.8,0,sem1_results,RES_S1_25881A66A6_A9302,STU_25881A66A6,SUB_1_A9302
25881A66A6,AKKAPELLI SAI SUSHANTH,B,1,A9021,Community Centered Design Thinking,A+,9.0,90.0,PASS,8.8,0,sem1_results,RES_S1_25881A66A6_A9021,STU_25881A66A6,SUB_1_A9021
25881A66A6,AKKAPELLI SAI SUSHANTH,B,1,A9007,Engineering Physics,A+,9.0,90.0,PASS,8.8,0,sem1_results,RES_S1_25881A66A6_A9007,STU_25881A66A6,SUB_1_A9007
25881A66A6,AKKAPELLI SAI SUSHANTH,B,1,A9008,Engineering Physics Laboratory,O,10.0,100.0,PASS,8.8,0,sem1_results,RES_S1_25881A66A6_A9008,STU_25881A66A6,SUB_1_A9008
25881A66A6,AKKAPELLI SAI SUSHANTH,B,1,A9204,Basic Electrical Engineering,A+,9.0,90.0,PASS,8.8,0,sem1_results,RES_S1_25881A66A6_A9204,STU_25881A66A6,SUB_1_A9204
25881A66A6,AKKAPELLI SAI SUSHANTH,B,1,A9801,Foundations of Data Science,A+,9.0,90.0,PASS,8.8,0,sem1_results,RES_S1_25881A66A6_A9801,STU_25881A66A6,SUB_1_A9801
25881A66A6,AKKAPELLI SAI SUSHANTH,B,1,A9205,Basic Electrical Engineering Laboratory,A+,9.0,90.0,PASS,8.8,0,sem1_results,RES_S1_25881A66A6_A9205,STU_25881A66A6,SUB_1_A9205
25881A66A7,BHEEMA SAI RINISH REDDY,B,1,A9001,Matrices and Calculus,O,10.0,100.0,PASS,8.6,0,sem1_results,RES_S1_25881A66A7_A9001,STU_25881A66A7,SUB_1_A9001
25881A66A7,BHEEMA SAI RINISH REDDY,B,1,A9501,Programming for Problem Solving,A,8.0,80.0,PASS,8.6,0,sem1_results,RES_S1_25881A66A7_A9501,STU_25881A66A7,SUB_1_A9501
25881A66A7,BHEEMA SAI RINISH REDDY,B,1,A9502,Programming for Problem Solving Laboratory,A+,9.0,90.0,PASS,8.6,0,sem1_results,RES_S1_25881A66A7_A9502,STU_25881A66A7,SUB_1_A9502
25881A66A7,BHEEMA SAI RINISH REDDY,B,1,A9302,Engineering Workshop,O,10.0,100.0,PASS,8.6,0,sem1_results,RES_S1_25881A66A7_A9302,STU_25881A66A7,SUB_1_A9302
25881A66A7,BHEEMA SAI RINISH REDDY,B,1,A9021,Community Centered Design Thinking,O,10.0,100.0,PASS,8.6,0,sem1_results,RES_S1_25881A66A7_A9021,STU_25881A66A7,SUB_1_A9021
25881A66A7,BHEEMA SAI RINISH REDDY,B,1,A9007,Engineering Physics,A,8.0,80.0,PASS,8.6,0,sem1_results,RES_S1_25881A66A7_A9007,STU_25881A66A7,SUB_1_A9007
25881A66A7,BHEEMA SAI RINISH REDDY,B,1,A9008,Engineering Physics Laboratory,A+,9.0,90.0,PASS,8.6,0,sem1_results,RES_S1_25881A66A7_A9008,STU_25881A66A7,SUB_1_A9008
25881A66A7,BHEEMA SAI RINISH REDDY,B,1,A9204,Basic Electrical Engineering,A,8.0,80.0,PASS,8.6,0,sem1_results,RES_S1_25881A66A7_A9204,STU_25881A66A7,SUB_1_A9204
25881A66A7,BHEEMA SAI RINISH REDDY,B,1,A9801,Foundations of Data Science,B+,7.0,70.0,PASS,8.6,0,sem1_results,RES_S1_25881A66A7_A9801,STU_25881A66A7,SUB_1_A9801
25881A66A7,BHEEMA SAI RINISH REDDY,B,1,A9205,Basic Electrical Engineering Laboratory,A+,9.0,90.0,PASS,8.6,0,sem1_results,RES_S1_25881A66A7_A9205,STU_25881A66A7,SUB_1_A9205
25881A66A8,KOMATIREDDY SAI VARSHITHA,B,1,A9001,Matrices and Calculus,A+,9.0,90.0,PASS,8.9,0,sem1_results,RES_S1_25881A66A8_A9001,STU_25881A66A8,SUB_1_A9001
25881A66A8,KOMATIREDDY SAI VARSHITHA,B,1,A9501,Programming for Problem Solving,A,8.0,80.0,PASS,8.9,0,sem1_results,RES_S1_25881A66A8_A9501,STU_25881A66A8,SUB_1_A9501
25881A66A8,KOMATIREDDY SAI VARSHITHA,B,1,A9502,Programming for Problem Solving Laboratory,A+,9.0,90.0,PASS,8.9,0,sem1_results,RES_S1_25881A66A8_A9502,STU_25881A66A8,SUB_1_A9502
25881A66A8,KOMATIREDDY SAI VARSHITHA,B,1,A9302,Engineering Workshop,A+,9.0,90.0,PASS,8.9,0,sem1_results,RES_S1_25881A66A8_A9302,STU_25881A66A8,SUB_1_A9302
25881A66A8,KOMATIREDDY SAI VARSHITHA,B,1,A9021,Community Centered Design Thinking,O,10.0,100.0,PASS,8.9,0,sem1_results,RES_S1_25881A66A8_A9021,STU_25881A66A8,SUB_1_A9021
25881A66A8,KOMATIREDDY SAI VARSHITHA,B,1,A9007,Engineering Physics,A+,9.0,90.0,PASS,8.9,0,sem1_results,RES_S1_25881A66A8_A9007,STU_25881A66A8,SUB_1_A9007
25881A66A8,KOMATIREDDY SAI VARSHITHA,B,1,A9008,Engineering Physics Laboratory,O,10.0,100.0,PASS,8.9,0,sem1_results,RES_S1_25881A66A8_A9008,STU_25881A66A8,SUB_1_A9008
25881A66A8,KOMATIREDDY SAI VARSHITHA,B,1,A9204,Basic Electrical Engineering,A,8.0,80.0,PASS,8.9,0,sem1_results,RES_S1_25881A66A8_A9204,STU_25881A66A8,SUB_1_A9204
25881A66A8,KOMATIREDDY SAI VARSHITHA,B,1,A9801,Foundations of Data Science,A+,9.0,90.0,PASS,8.9,0,sem1_results,RES_S1_25881A66A8_A9801,STU_25881A66A8,SUB_1_A9801
25881A66A8,KOMATIREDDY SAI VARSHITHA,B,1,A9205,Basic Electrical Engineering Laboratory,O,10.0,100.0,PASS,8.9,0,sem1_results,RES_S1_25881A66A8_A9205,STU_25881A66A8,SUB_1_A9205
25881A66A9,MUNIGALA SAI RAJ,B,1,A9001,Matrices and Calculus,B+,7.0,70.0,PASS,7.5,0,sem1_results,RES_S1_25881A66A9_A9001,STU_25881A66A9,SUB_1_A9001
25881A66A9,MUNIGALA SAI RAJ,B,1,A9501,Programming for Problem Solving,B+,7.0,70.0,PASS,7.5,0,sem1_results,RES_S1_25881A66A9_A9501,STU_25881A66A9,SUB_1_A9501
25881A66A9,MUNIGALA SAI RAJ,B,1,A9502,Programming for Problem Solving Laboratory,A,8.0,80.0,PASS,7.5,0,sem1_results,RES_S1_25881A66A9_A9502,STU_25881A66A9,SUB_1_A9502
25881A66A9,MUNIGALA SAI RAJ,B,1,A9302,Engineering Workshop,O,10.0,100.0,PASS,7.5,0,sem1_results,RES_S1_25881A66A9_A9302,STU_25881A66A9,SUB_1_A9302
25881A66A9,MUNIGALA SAI RAJ,B,1,A9021,Community Centered Design Thinking,A+,9.0,90.0,PASS,7.5,0,sem1_results,RES_S1_25881A66A9_A9021,STU_25881A66A9,SUB_1_A9021
25881A66A9,MUNIGALA SAI RAJ,B,1,A9007,Engineering Physics,B+,7.0,70.0,PASS,7.5,0,sem1_results,RES_S1_25881A66A9_A9007,STU_25881A66A9,SUB_1_A9007
25881A66A9,MUNIGALA SAI RAJ,B,1,A9008,Engineering Physics Laboratory,A+,9.0,90.0,PASS,7.5,0,sem1_results,RES_S1_25881A66A9_A9008,STU_25881A66A9,SUB_1_A9008
25881A66A9,MUNIGALA SAI RAJ,B,1,A9204,Basic Electrical Engineering,B,6.0,60.0,PASS,7.5,0,sem1_results,RES_S1_25881A66A9_A9204,STU_25881A66A9,SUB_1_A9204
25881A66A9,MUNIGALA SAI RAJ,B,1,A9801,Foundations of Data Science,A,8.0,80.0,PASS,7.5,0,sem1_results,RES_S1_25881A66A9_A9801,STU_25881A66A9,SUB_1_A9801
25881A66A9,MUNIGALA SAI RAJ,B,1,A9205,Basic Electrical Engineering Laboratory,A,8.0,80.0,PASS,7.5,0,sem1_results,RES_S1_25881A66A9_A9205,STU_25881A66A9,SUB_1_A9205
25881A66B0,PATLOLLA SAI JASHWANTH REDDY,B,1,A9001,Matrices and Calculus,B+,7.0,70.0,PASS,7.95,0,sem1_results,RES_S1_25881A66B0_A9001,STU_25881A66B0,SUB_1_A9001
25881A66B0,PATLOLLA SAI JASHWANTH REDDY,B,1,A9501,Programming for Problem Solving,B+,7.0,70.0,PASS,7.95,0,sem1_results,RES_S1_25881A66B0_A9501,STU_25881A66B0,SUB_1_A9501
25881A66B0,PATLOLLA SAI JASHWANTH REDDY,B,1,A9502,Programming for Problem Solving Laboratory,A,8.0,80.0,PASS,7.95,0,sem1_results,RES_S1_25881A66B0_A9502,STU_25881A66B0,SUB_1_A9502
25881A66B0,PATLOLLA SAI JASHWANTH REDDY,B,1,A9302,Engineering Workshop,O,10.0,100.0,PASS,7.95,0,sem1_results,RES_S1_25881A66B0_A9302,STU_25881A66B0,SUB_1_A9302
25881A66B0,PATLOLLA SAI JASHWANTH REDDY,B,1,A9021,Community Centered Design Thinking,O,10.0,100.0,PASS,7.95,0,sem1_results,RES_S1_25881A66B0_A9021,STU_25881A66B0,SUB_1_A9021
25881A66B0,PATLOLLA SAI JASHWANTH REDDY,B,1,A9007,Engineering Physics,A,8.0,80.0,PASS,7.95,0,sem1_results,RES_S1_25881A66B0_A9007,STU_25881A66B0,SUB_1_A9007
25881A66B0,PATLOLLA SAI JASHWANTH REDDY,B,1,A9008,Engineering Physics Laboratory,A+,9.0,90.0,PASS,7.95,0,sem1_results,RES_S1_25881A66B0_A9008,STU_25881A66B0,SUB_1_A9008
25881A66B0,PATLOLLA SAI JASHWANTH REDDY,B,1,A9204,Basic Electrical Engineering,A,8.0,80.0,PASS,7.95,0,sem1_results,RES_S1_25881A66B0_A9204,STU_25881A66B0,SUB_1_A9204
25881A66B0,PATLOLLA SAI JASHWANTH REDDY,B,1,A9801,Foundations of Data Science,A,8.0,80.0,PASS,7.95,0,sem1_results,RES_S1_25881A66B0_A9801,STU_25881A66B0,SUB_1_A9801
25881A66B0,PATLOLLA SAI JASHWANTH REDDY,B,1,A9205,Basic Electrical Engineering Laboratory,A+,9.0,90.0,PASS,7.95,0,sem1_results,RES_S1_25881A66B0_A9205,STU_25881A66B0,SUB_1_A9205
25881A66B1,THUMU SAI KARTHIK,B,1,A9001,Matrices and Calculus,A,8.0,80.0,PASS,7.5,0,sem1_results,RES_S1_25881A66B1_A9001,STU_25881A66B1,SUB_1_A9001
25881A66B1,THUMU SAI KARTHIK,B,1,A9501,Programming for Problem Solving,B,6.0,60.0,PASS,7.5,0,sem1_results,RES_S1_25881A66B1_A9501,STU_25881A66B1,SUB_1_A9501
25881A66B1,THUMU SAI KARTHIK,B,1,A9502,Programming for Problem Solving Laboratory,B+,7.0,70.0,PASS,7.5,0,sem1_results,RES_S1_25881A66B1_A9502,STU_25881A66B1,SUB_1_A9502
25881A66B1,THUMU SAI KARTHIK,B,1,A9302,Engineering Workshop,A+,9.0,90.0,PASS,7.5,0,sem1_results,RES_S1_25881A66B1_A9302,STU_25881A66B1,SUB_1_A9302
25881A66B1,THUMU SAI KARTHIK,B,1,A9021,Community Centered Design Thinking,A+,9.0,90.0,PASS,7.5,0,sem1_results,RES_S1_25881A66B1_A9021,STU_25881A66B1,SUB_1_A9021
25881A66B1,THUMU SAI KARTHIK,B,1,A9007,Engineering Physics,B+,7.0,70.0,PASS,7.5,0,sem1_results,RES_S1_25881A66B1_A9007,STU_25881A66B1,SUB_1_A9007
25881A66B1,THUMU SAI KARTHIK,B,1,A9008,Engineering Physics Laboratory,A+,9.0,90.0,PASS,7.5,0,sem1_results,RES_S1_25881A66B1_A9008,STU_25881A66B1,SUB_1_A9008
25881A66B1,THUMU SAI KARTHIK,B,1,A9204,Basic Electrical Engineering,B,6.0,60.0,PASS,7.5,0,sem1_results,RES_S1_25881A66B1_A9204,STU_25881A66B1,SUB_1_A9204
25881A66B1,THUMU SAI KARTHIK,B,1,A9801,Foundations of Data Science,A,8.0,80.0,PASS,7.5,0,sem1_results,RES_S1_25881A66B1_A9801,STU_25881A66B1,SUB_1_A9801
25881A66B1,THUMU SAI KARTHIK,B,1,A9205,Basic Electrical Engineering Laboratory,A+,9.0,90.0,PASS,7.5,0,sem1_results,RES_S1_25881A66B1_A9205,STU_25881A66B1,SUB_1_A9205
25881A66B2,KARNATI SAINITHIN,B,1,A9001,Matrices and Calculus,A,8.0,80.0,PASS,7.85,0,sem1_results,RES_S1_25881A66B2_A9001,STU_25881A66B2,SUB_1_A9001
25881A66B2,KARNATI SAINITHIN,B,1,A9501,Programming for Problem Solving,B,6.0,60.0,PASS,7.85,0,sem1_results,RES_S1_25881A66B2_A9501,STU_25881A66B2,SUB_1_A9501
25881A66B2,KARNATI SAINITHIN,B,1,A9502,Programming for Problem Solving Laboratory,A+,9.0,90.0,PASS,7.85,0,sem1_results,RES_S1_25881A66B2_A9502,STU_25881A66B2,SUB_1_A9502
25881A66B2,KARNATI SAINITHIN,B,1,A9302,Engineering Workshop,A+,9.0,90.0,PASS,7.85,0,sem1_results,RES_S1_25881A66B2_A9302,STU_25881A66B2,SUB_1_A9302
25881A66B2,KARNATI SAINITHIN,B,1,A9021,Community Centered Design Thinking,O,10.0,100.0,PASS,7.85,0,sem1_results,RES_S1_25881A66B2_A9021,STU_25881A66B2,SUB_1_A9021
25881A66B2,KARNATI SAINITHIN,B,1,A9007,Engineering Physics,A,8.0,80.0,PASS,7.85,0,sem1_results,RES_S1_25881A66B2_A9007,STU_25881A66B2,SUB_1_A9007
25881A66B2,KARNATI SAINITHIN,B,1,A9008,Engineering Physics Laboratory,A+,9.0,90.0,PASS,7.85,0,sem1_results,RES_S1_25881A66B2_A9008,STU_25881A66B2,SUB_1_A9008
25881A66B2,KARNATI SAINITHIN,B,1,A9204,Basic Electrical Engineering,B,6.0,60.0,PASS,7.85,0,sem1_results,RES_S1_25881A66B2_A9204,STU_25881A66B2,SUB_1_A9204
25881A66B2,KARNATI SAINITHIN,B,1,A9801,Foundations of Data Science,A,8.0,80.0,PASS,7.85,0,sem1_results,RES_S1_25881A66B2_A9801,STU_25881A66B2,SUB_1_A9801
25881A66B2,KARNATI SAINITHIN,B,1,A9205,Basic Electrical Engineering Laboratory,O,10.0,100.0,PASS,7.85,0,sem1_results,RES_S1_25881A66B2_A9205,STU_25881A66B2,SUB_1_A9205
25881A66B3,INDLA SAKETHA RAM,B,1,A9001,Matrices and Calculus,A+,9.0,90.0,PASS,9.0,0,sem1_results,RES_S1_25881A66B3_A9001,STU_25881A66B3,SUB_1_A9001
25881A66B3,INDLA SAKETHA RAM,B,1,A9501,Programming for Problem Solving,A+,9.0,90.0,PASS,9.0,0,sem1_results,RES_S1_25881A66B3_A9501,STU_25881A66B3,SUB_1_A9501
25881A66B3,INDLA SAKETHA RAM,B,1,A9502,Programming for Problem Solving Laboratory,A+,9.0,90.0,PASS,9.0,0,sem1_results,RES_S1_25881A66B3_A9502,STU_25881A66B3,SUB_1_A9502
25881A66B3,INDLA SAKETHA RAM,B,1,A9302,Engineering Workshop,A+,9.0,90.0,PASS,9.0,0,sem1_results,RES_S1_25881A66B3_A9302,STU_25881A66B3,SUB_1_A9302
25881A66B3,INDLA SAKETHA RAM,B,1,A9021,Community Centered Design Thinking,O,10.0,100.0,PASS,9.0,0,sem1_results,RES_S1_25881A66B3_A9021,STU_25881A66B3,SUB_1_A9021
25881A66B3,INDLA SAKETHA RAM,B,1,A9007,Engineering Physics,A,8.0,80.0,PASS,9.0,0,sem1_results,RES_S1_25881A66B3_A9007,STU_25881A66B3,SUB_1_A9007
25881A66B3,INDLA SAKETHA RAM,B,1,A9008,Engineering Physics Laboratory,A+,9.0,90.0,PASS,9.0,0,sem1_results,RES_S1_25881A66B3_A9008,STU_25881A66B3,SUB_1_A9008
25881A66B3,INDLA SAKETHA RAM,B,1,A9204,Basic Electrical Engineering,O,10.0,100.0,PASS,9.0,0,sem1_results,RES_S1_25881A66B3_A9204,STU_25881A66B3,SUB_1_A9204
25881A66B3,INDLA SAKETHA RAM,B,1,A9801,Foundations of Data Science,A+,9.0,90.0,PASS,9.0,0,sem1_results,RES_S1_25881A66B3_A9801,STU_25881A66B3,SUB_1_A9801
25881A66B3,INDLA SAKETHA RAM,B,1,A9205,Basic Electrical Engineering Laboratory,A+,9.0,90.0,PASS,9.0,0,sem1_results,RES_S1_25881A66B3_A9205,STU_25881A66B3,SUB_1_A9205
25881A66B4,MOHAMMAD SAMI,B,1,A9001,Matrices and Calculus,B,6.0,60.0,PASS,5.4,1,sem1_results,RES_S1_25881A66B4_A9001,STU_25881A66B4,SUB_1_A9001
25881A66B4,MOHAMMAD SAMI,B,1,A9501,Programming for Problem Solving,F,0.0,0.0,FAIL,5.4,1,sem1_results,RES_S1_25881A66B4_A9501,STU_25881A66B4,SUB_1_A9501
25881A66B4,MOHAMMAD SAMI,B,1,A9502,Programming for Problem Solving Laboratory,B,6.0,60.0,PASS,5.4,1,sem1_results,RES_S1_25881A66B4_A9502,STU_25881A66B4,SUB_1_A9502
25881A66B4,MOHAMMAD SAMI,B,1,A9302,Engineering Workshop,A,8.0,80.0,PASS,5.4,1,sem1_results,RES_S1_25881A66B4_A9302,STU_25881A66B4,SUB_1_A9302
25881A66B4,MOHAMMAD SAMI,B,1,A9021,Community Centered Design Thinking,A+,9.0,90.0,PASS,5.4,1,sem1_results,RES_S1_25881A66B4_A9021,STU_25881A66B4,SUB_1_A9021
25881A66B4,MOHAMMAD SAMI,B,1,A9007,Engineering Physics,B,6.0,60.0,PASS,5.4,1,sem1_results,RES_S1_25881A66B4_A9007,STU_25881A66B4,SUB_1_A9007
25881A66B4,MOHAMMAD SAMI,B,1,A9008,Engineering Physics Laboratory,A,8.0,80.0,PASS,5.4,1,sem1_results,RES_S1_25881A66B4_A9008,STU_25881A66B4,SUB_1_A9008
25881A66B4,MOHAMMAD SAMI,B,1,A9204,Basic Electrical Engineering,C,5.0,50.0,PASS,5.4,1,sem1_results,RES_S1_25881A66B4_A9204,STU_25881A66B4,SUB_1_A9204
25881A66B4,MOHAMMAD SAMI,B,1,A9801,Foundations of Data Science,B,6.0,60.0,PASS,5.4,1,sem1_results,RES_S1_25881A66B4_A9801,STU_25881A66B4,SUB_1_A9801
25881A66B4,MOHAMMAD SAMI,B,1,A9205,Basic Electrical Engineering Laboratory,B+,7.0,70.0,PASS,5.4,1,sem1_results,RES_S1_25881A66B4_A9205,STU_25881A66B4,SUB_1_A9205
25881A66B5,KORRA SANJAY CHOUHAN,B,1,A9001,Matrices and Calculus,F,0.0,0.0,FAIL,1.8,5,sem1_results,RES_S1_25881A66B5_A9001,STU_25881A66B5,SUB_1_A9001
25881A66B5,KORRA SANJAY CHOUHAN,B,1,A9501,Programming for Problem Solving,F,0.0,0.0,FAIL,1.8,5,sem1_results,RES_S1_25881A66B5_A9501,STU_25881A66B5,SUB_1_A9501
25881A66B5,KORRA SANJAY CHOUHAN,B,1,A9502,Programming for Problem Solving Laboratory,B,6.0,60.0,PASS,1.8,5,sem1_results,RES_S1_25881A66B5_A9502,STU_25881A66B5,SUB_1_A9502
25881A66B5,KORRA SANJAY CHOUHAN,B,1,A9302,Engineering Workshop,B+,7.0,70.0,PASS,1.8,5,sem1_results,RES_S1_25881A66B5_A9302,STU_25881A66B5,SUB_1_A9302
25881A66B5,KORRA SANJAY CHOUHAN,B,1,A9021,Community Centered Design Thinking,A+,9.0,90.0,PASS,1.8,5,sem1_results,RES_S1_25881A66B5_A9021,STU_25881A66B5,SUB_1_A9021
25881A66B5,KORRA SANJAY CHOUHAN,B,1,A9007,Engineering Physics,F,0.0,0.0,FAIL,1.8,5,sem1_results,RES_S1_25881A66B5_A9007,STU_25881A66B5,SUB_1_A9007
25881A66B5,KORRA SANJAY CHOUHAN,B,1,A9008,Engineering Physics Laboratory,B+,7.0,70.0,PASS,1.8,5,sem1_results,RES_S1_25881A66B5_A9008,STU_25881A66B5,SUB_1_A9008
25881A66B5,KORRA SANJAY CHOUHAN,B,1,A9204,Basic Electrical Engineering,F,0.0,0.0,FAIL,1.8,5,sem1_results,RES_S1_25881A66B5_A9204,STU_25881A66B5,SUB_1_A9204
25881A66B5,KORRA SANJAY CHOUHAN,B,1,A9801,Foundations of Data Science,F,0.0,0.0,FAIL,1.8,5,sem1_results,RES_S1_25881A66B5_A9801,STU_25881A66B5,SUB_1_A9801
25881A66B5,KORRA SANJAY CHOUHAN,B,1,A9205,Basic Electrical Engineering Laboratory,B+,7.0,70.0,PASS,1.8,5,sem1_results,RES_S1_25881A66B5_A9205,STU_25881A66B5,SUB_1_A9205
25881A66B6,THASHAMSHETTY SATHWIK,B,1,A9001,Matrices and Calculus,C,5.0,50.0,PASS,4.6,2,sem1_results,RES_S1_25881A66B6_A9001,STU_25881A66B6,SUB_1_A9001
25881A66B6,THASHAMSHETTY SATHWIK,B,1,A9501,Programming for Problem Solving,F,0.0,0.0,FAIL,4.6,2,sem1_results,RES_S1_25881A66B6_A9501,STU_25881A66B6,SUB_1_A9501
25881A66B6,THASHAMSHETTY SATHWIK,B,1,A9502,Programming for Problem Solving Laboratory,B+,7.0,70.0,PASS,4.6,2,sem1_results,RES_S1_25881A66B6_A9502,STU_25881A66B6,SUB_1_A9502
25881A66B6,THASHAMSHETTY SATHWIK,B,1,A9302,Engineering Workshop,A+,9.0,90.0,PASS,4.6,2,sem1_results,RES_S1_25881A66B6_A9302,STU_25881A66B6,SUB_1_A9302
25881A66B6,THASHAMSHETTY SATHWIK,B,1,A9021,Community Centered Design Thinking,O,10.0,100.0,PASS,4.6,2,sem1_results,RES_S1_25881A66B6_A9021,STU_25881A66B6,SUB_1_A9021
25881A66B6,THASHAMSHETTY SATHWIK,B,1,A9007,Engineering Physics,C,5.0,50.0,PASS,4.6,2,sem1_results,RES_S1_25881A66B6_A9007,STU_25881A66B6,SUB_1_A9007
25881A66B6,THASHAMSHETTY SATHWIK,B,1,A9008,Engineering Physics Laboratory,A,8.0,80.0,PASS,4.6,2,sem1_results,RES_S1_25881A66B6_A9008,STU_25881A66B6,SUB_1_A9008
25881A66B6,THASHAMSHETTY SATHWIK,B,1,A9204,Basic Electrical Engineering,F,0.0,0.0,FAIL,4.6,2,sem1_results,RES_S1_25881A66B6_A9204,STU_25881A66B6,SUB_1_A9204
25881A66B6,THASHAMSHETTY SATHWIK,B,1,A9801,Foundations of Data Science,C,5.0,50.0,PASS,4.6,2,sem1_results,RES_S1_25881A66B6_A9801,STU_25881A66B6,SUB_1_A9801
25881A66B6,THASHAMSHETTY SATHWIK,B,1,A9205,Basic Electrical Engineering Laboratory,A,8.0,80.0,PASS,4.6,2,sem1_results,RES_S1_25881A66B6_A9205,STU_25881A66B6,SUB_1_A9205
25881A66B7,NENAVATH SAVITHA,B,1,A9001,Matrices and Calculus,A+,9.0,90.0,PASS,8.95,0,sem1_results,RES_S1_25881A66B7_A9001,STU_25881A66B7,SUB_1_A9001
25881A66B7,NENAVATH SAVITHA,B,1,A9501,Programming for Problem Solving,A,8.0,80.0,PASS,8.95,0,sem1_results,RES_S1_25881A66B7_A9501,STU_25881A66B7,SUB_1_A9501
25881A66B7,NENAVATH SAVITHA,B,1,A9502,Programming for Problem Solving Laboratory,O,10.0,100.0,PASS,8.95,0,sem1_results,RES_S1_25881A66B7_A9502,STU_25881A66B7,SUB_1_A9502
25881A66B7,NENAVATH SAVITHA,B,1,A9302,Engineering Workshop,O,10.0,100.0,PASS,8.95,0,sem1_results,RES_S1_25881A66B7_A9302,STU_25881A66B7,SUB_1_A9302
25881A66B7,NENAVATH SAVITHA,B,1,A9021,Community Centered Design Thinking,O,10.0,100.0,PASS,8.95,0,sem1_results,RES_S1_25881A66B7_A9021,STU_25881A66B7,SUB_1_A9021
25881A66B7,NENAVATH SAVITHA,B,1,A9007,Engineering Physics,A+,9.0,90.0,PASS,8.95,0,sem1_results,RES_S1_25881A66B7_A9007,STU_25881A66B7,SUB_1_A9007
25881A66B7,NENAVATH SAVITHA,B,1,A9008,Engineering Physics Laboratory,O,10.0,100.0,PASS,8.95,0,sem1_results,RES_S1_25881A66B7_A9008,STU_25881A66B7,SUB_1_A9008
25881A66B7,NENAVATH SAVITHA,B,1,A9204,Basic Electrical Engineering,A+,9.0,90.0,PASS,8.95,0,sem1_results,RES_S1_25881A66B7_A9204,STU_25881A66B7,SUB_1_A9204
25881A66B7,NENAVATH SAVITHA,B,1,A9801,Foundations of Data Science,A,8.0,80.0,PASS,8.95,0,sem1_results,RES_S1_25881A66B7_A9801,STU_25881A66B7,SUB_1_A9801
25881A66B7,NENAVATH SAVITHA,B,1,A9205,Basic Electrical Engineering Laboratory,O,10.0,100.0,PASS,8.95,0,sem1_results,RES_S1_25881A66B7_A9205,STU_25881A66B7,SUB_1_A9205
25881A66B8,KOLAN SHARNIKA,B,1,A9001,Matrices and Calculus,B,6.0,60.0,PASS,6.9,0,sem1_results,RES_S1_25881A66B8_A9001,STU_25881A66B8,SUB_1_A9001
25881A66B8,KOLAN SHARNIKA,B,1,A9501,Programming for Problem Solving,B,6.0,60.0,PASS,6.9,0,sem1_results,RES_S1_25881A66B8_A9501,STU_25881A66B8,SUB_1_A9501
25881A66B8,KOLAN SHARNIKA,B,1,A9502,Programming for Problem Solving Laboratory,A,8.0,80.0,PASS,6.9,0,sem1_results,RES_S1_25881A66B8_A9502,STU_25881A66B8,SUB_1_A9502
25881A66B8,KOLAN SHARNIKA,B,1,A9302,Engineering Workshop,A+,9.0,90.0,PASS,6.9,0,sem1_results,RES_S1_25881A66B8_A9302,STU_25881A66B8,SUB_1_A9302
25881A66B8,KOLAN SHARNIKA,B,1,A9021,Community Centered Design Thinking,A+,9.0,90.0,PASS,6.9,0,sem1_results,RES_S1_25881A66B8_A9021,STU_25881A66B8,SUB_1_A9021
25881A66B8,KOLAN SHARNIKA,B,1,A9007,Engineering Physics,B+,7.0,70.0,PASS,6.9,0,sem1_results,RES_S1_25881A66B8_A9007,STU_25881A66B8,SUB_1_A9007
25881A66B8,KOLAN SHARNIKA,B,1,A9008,Engineering Physics Laboratory,A+,9.0,90.0,PASS,6.9,0,sem1_results,RES_S1_25881A66B8_A9008,STU_25881A66B8,SUB_1_A9008
25881A66B8,KOLAN SHARNIKA,B,1,A9204,Basic Electrical Engineering,B,6.0,60.0,PASS,6.9,0,sem1_results,RES_S1_25881A66B8_A9204,STU_25881A66B8,SUB_1_A9204
25881A66B8,KOLAN SHARNIKA,B,1,A9801,Foundations of Data Science,B+,7.0,70.0,PASS,6.9,0,sem1_results,RES_S1_25881A66B8_A9801,STU_25881A66B8,SUB_1_A9801
25881A66B8,KOLAN SHARNIKA,B,1,A9205,Basic Electrical Engineering Laboratory,B+,7.0,70.0,PASS,6.9,0,sem1_results,RES_S1_25881A66B8_A9205,STU_25881A66B8,SUB_1_A9205
25881A66B9,NALLELA SHIVA,B,1,A9001,Matrices and Calculus,A,8.0,80.0,PASS,7.65,0,sem1_results,RES_S1_25881A66B9_A9001,STU_25881A66B9,SUB_1_A9001
25881A66B9,NALLELA SHIVA,B,1,A9501,Programming for Problem Solving,B,6.0,60.0,PASS,7.65,0,sem1_results,RES_S1_25881A66B9_A9501,STU_25881A66B9,SUB_1_A9501
25881A66B9,NALLELA SHIVA,B,1,A9502,Programming for Problem Solving Laboratory,A+,9.0,90.0,PASS,7.65,0,sem1_results,RES_S1_25881A66B9_A9502,STU_25881A66B9,SUB_1_A9502
25881A66B9,NALLELA SHIVA,B,1,A9302,Engineering Workshop,A+,9.0,90.0,PASS,7.65,0,sem1_results,RES_S1_25881A66B9_A9302,STU_25881A66B9,SUB_1_A9302
25881A66B9,NALLELA SHIVA,B,1,A9021,Community Centered Design Thinking,A+,9.0,90.0,PASS,7.65,0,sem1_results,RES_S1_25881A66B9_A9021,STU_25881A66B9,SUB_1_A9021
25881A66B9,NALLELA SHIVA,B,1,A9007,Engineering Physics,B,6.0,60.0,PASS,7.65,0,sem1_results,RES_S1_25881A66B9_A9007,STU_25881A66B9,SUB_1_A9007
25881A66B9,NALLELA SHIVA,B,1,A9008,Engineering Physics Laboratory,A+,9.0,90.0,PASS,7.65,0,sem1_results,RES_S1_25881A66B9_A9008,STU_25881A66B9,SUB_1_A9008
25881A66B9,NALLELA SHIVA,B,1,A9204,Basic Electrical Engineering,A,8.0,80.0,PASS,7.65,0,sem1_results,RES_S1_25881A66B9_A9204,STU_25881A66B9,SUB_1_A9204
25881A66B9,NALLELA SHIVA,B,1,A9801,Foundations of Data Science,A,8.0,80.0,PASS,7.65,0,sem1_results,RES_S1_25881A66B9_A9801,STU_25881A66B9,SUB_1_A9801
25881A66B9,NALLELA SHIVA,B,1,A9205,Basic Electrical Engineering Laboratory,A+,9.0,90.0,PASS,7.65,0,sem1_results,RES_S1_25881A66B9_A9205,STU_25881A66B9,SUB_1_A9205
25881A66C0,BUDDULA SHRIVALLI,B,1,A9001,Matrices and Calculus,C,5.0,50.0,PASS,6.3,0,sem1_results,RES_S1_25881A66C0_A9001,STU_25881A66C0,SUB_1_A9001
25881A66C0,BUDDULA SHRIVALLI,B,1,A9501,Programming for Problem Solving,B+,7.0,70.0,PASS,6.3,0,sem1_results,RES_S1_25881A66C0_A9501,STU_25881A66C0,SUB_1_A9501
25881A66C0,BUDDULA SHRIVALLI,B,1,A9502,Programming for Problem Solving Laboratory,B+,7.0,70.0,PASS,6.3,0,sem1_results,RES_S1_25881A66C0_A9502,STU_25881A66C0,SUB_1_A9502
25881A66C0,BUDDULA SHRIVALLI,B,1,A9302,Engineering Workshop,A+,9.0,90.0,PASS,6.3,0,sem1_results,RES_S1_25881A66C0_A9302,STU_25881A66C0,SUB_1_A9302
25881A66C0,BUDDULA SHRIVALLI,B,1,A9021,Community Centered Design Thinking,O,10.0,100.0,PASS,6.3,0,sem1_results,RES_S1_25881A66C0_A9021,STU_25881A66C0,SUB_1_A9021
25881A66C0,BUDDULA SHRIVALLI,B,1,A9007,Engineering Physics,C,5.0,50.0,PASS,6.3,0,sem1_results,RES_S1_25881A66C0_A9007,STU_25881A66C0,SUB_1_A9007
25881A66C0,BUDDULA SHRIVALLI,B,1,A9008,Engineering Physics Laboratory,A+,9.0,90.0,PASS,6.3,0,sem1_results,RES_S1_25881A66C0_A9008,STU_25881A66C0,SUB_1_A9008
25881A66C0,BUDDULA SHRIVALLI,B,1,A9204,Basic Electrical Engineering,C,5.0,50.0,PASS,6.3,0,sem1_results,RES_S1_25881A66C0_A9204,STU_25881A66C0,SUB_1_A9204
25881A66C0,BUDDULA SHRIVALLI,B,1,A9801,Foundations of Data Science,B,6.0,60.0,PASS,6.3,0,sem1_results,RES_S1_25881A66C0_A9801,STU_25881A66C0,SUB_1_A9801
25881A66C0,BUDDULA SHRIVALLI,B,1,A9205,Basic Electrical Engineering Laboratory,B+,7.0,70.0,PASS,6.3,0,sem1_results,RES_S1_25881A66C0_A9205,STU_25881A66C0,SUB_1_A9205
25881A66C1,K SHRUTHI,B,1,A9001,Matrices and Calculus,O,10.0,100.0,PASS,9.65,0,sem1_results,RES_S1_25881A66C1_A9001,STU_25881A66C1,SUB_1_A9001
25881A66C1,K SHRUTHI,B,1,A9501,Programming for Problem Solving,A+,9.0,90.0,PASS,9.65,0,sem1_results,RES_S1_25881A66C1_A9501,STU_25881A66C1,SUB_1_A9501
25881A66C1,K SHRUTHI,B,1,A9502,Programming for Problem Solving Laboratory,O,10.0,100.0,PASS,9.65,0,sem1_results,RES_S1_25881A66C1_A9502,STU_25881A66C1,SUB_1_A9502
25881A66C1,K SHRUTHI,B,1,A9302,Engineering Workshop,O,10.0,100.0,PASS,9.65,0,sem1_results,RES_S1_25881A66C1_A9302,STU_25881A66C1,SUB_1_A9302
25881A66C1,K SHRUTHI,B,1,A9021,Community Centered Design Thinking,O,10.0,100.0,PASS,9.65,0,sem1_results,RES_S1_25881A66C1_A9021,STU_25881A66C1,SUB_1_A9021
25881A66C1,K SHRUTHI,B,1,A9007,Engineering Physics,O,10.0,100.0,PASS,9.65,0,sem1_results,RES_S1_25881A66C1_A9007,STU_25881A66C1,SUB_1_A9007
25881A66C1,K SHRUTHI,B,1,A9008,Engineering Physics Laboratory,A+,9.0,90.0,PASS,9.65,0,sem1_results,RES_S1_25881A66C1_A9008,STU_25881A66C1,SUB_1_A9008
25881A66C1,K SHRUTHI,B,1,A9204,Basic Electrical Engineering,O,10.0,100.0,PASS,9.65,0,sem1_results,RES_S1_25881A66C1_A9204,STU_25881A66C1,SUB_1_A9204
25881A66C1,K SHRUTHI,B,1,A9801,Foundations of Data Science,A+,9.0,90.0,PASS,9.65,0,sem1_results,RES_S1_25881A66C1_A9801,STU_25881A66C1,SUB_1_A9801
25881A66C1,K SHRUTHI,B,1,A9205,Basic Electrical Engineering Laboratory,O,10.0,100.0,PASS,9.65,0,sem1_results,RES_S1_25881A66C1_A9205,STU_25881A66C1,SUB_1_A9205
25881A66C2,NELLURI SMARAN,B,1,A9001,Matrices and Calculus,C,5.0,50.0,PASS,3.05,4,sem1_results,RES_S1_25881A66C2_A9001,STU_25881A66C2,SUB_1_A9001
25881A66C2,NELLURI SMARAN,B,1,A9501,Programming for Problem Solving,F,0.0,0.0,FAIL,3.05,4,sem1_results,RES_S1_25881A66C2_A9501,STU_25881A66C2,SUB_1_A9501
25881A66C2,NELLURI SMARAN,B,1,A9502,Programming for Problem Solving Laboratory,A,8.0,80.0,PASS,3.05,4,sem1_results,RES_S1_25881A66C2_A9502,STU_25881A66C2,SUB_1_A9502
25881A66C2,NELLURI SMARAN,B,1,A9302,Engineering Workshop,A+,9.0,90.0,PASS,3.05,4,sem1_results,RES_S1_25881A66C2_A9302,STU_25881A66C2,SUB_1_A9302
25881A66C2,NELLURI SMARAN,B,1,A9021,Community Centered Design Thinking,A+,9.0,90.0,PASS,3.05,4,sem1_results,RES_S1_25881A66C2_A9021,STU_25881A66C2,SUB_1_A9021
25881A66C2,NELLURI SMARAN,B,1,A9007,Engineering Physics,F,0.0,0.0,FAIL,3.05,4,sem1_results,RES_S1_25881A66C2_A9007,STU_25881A66C2,SUB_1_A9007
25881A66C2,NELLURI SMARAN,B,1,A9008,Engineering Physics Laboratory,A,8.0,80.0,PASS,3.05,4,sem1_results,RES_S1_25881A66C2_A9008,STU_25881A66C2,SUB_1_A9008
25881A66C2,NELLURI SMARAN,B,1,A9204,Basic Electrical Engineering,F,0.0,0.0,FAIL,3.05,4,sem1_results,RES_S1_25881A66C2_A9204,STU_25881A66C2,SUB_1_A9204
25881A66C2,NELLURI SMARAN,B,1,A9801,Foundations of Data Science,F,0.0,0.0,FAIL,3.05,4,sem1_results,RES_S1_25881A66C2_A9801,STU_25881A66C2,SUB_1_A9801
25881A66C2,NELLURI SMARAN,B,1,A9205,Basic Electrical Engineering Laboratory,B+,7.0,70.0,PASS,3.05,4,sem1_results,RES_S1_25881A66C2_A9205,STU_25881A66C2,SUB_1_A9205
25881A66C3,MARAVENI SPURTHI,B,1,A9001,Matrices and Calculus,O,10.0,100.0,PASS,9.65,0,sem1_results,RES_S1_25881A66C3_A9001,STU_25881A66C3,SUB_1_A9001
25881A66C3,MARAVENI SPURTHI,B,1,A9501,Programming for Problem Solving,A+,9.0,90.0,PASS,9.65,0,sem1_results,RES_S1_25881A66C3_A9501,STU_25881A66C3,SUB_1_A9501
25881A66C3,MARAVENI SPURTHI,B,1,A9502,Programming for Problem Solving Laboratory,A+,9.0,90.0,PASS,9.65,0,sem1_results,RES_S1_25881A66C3_A9502,STU_25881A66C3,SUB_1_A9502
25881A66C3,MARAVENI SPURTHI,B,1,A9302,Engineering Workshop,O,10.0,100.0,PASS,9.65,0,sem1_results,RES_S1_25881A66C3_A9302,STU_25881A66C3,SUB_1_A9302
25881A66C3,MARAVENI SPURTHI,B,1,A9021,Community Centered Design Thinking,O,10.0,100.0,PASS,9.65,0,sem1_results,RES_S1_25881A66C3_A9021,STU_25881A66C3,SUB_1_A9021
25881A66C3,MARAVENI SPURTHI,B,1,A9007,Engineering Physics,O,10.0,100.0,PASS,9.65,0,sem1_results,RES_S1_25881A66C3_A9007,STU_25881A66C3,SUB_1_A9007
25881A66C3,MARAVENI SPURTHI,B,1,A9008,Engineering Physics Laboratory,O,10.0,100.0,PASS,9.65,0,sem1_results,RES_S1_25881A66C3_A9008,STU_25881A66C3,SUB_1_A9008
25881A66C3,MARAVENI SPURTHI,B,1,A9204,Basic Electrical Engineering,O,10.0,100.0,PASS,9.65,0,sem1_results,RES_S1_25881A66C3_A9204,STU_25881A66C3,SUB_1_A9204
25881A66C3,MARAVENI SPURTHI,B,1,A9801,Foundations of Data Science,A+,9.0,90.0,PASS,9.65,0,sem1_results,RES_S1_25881A66C3_A9801,STU_25881A66C3,SUB_1_A9801
25881A66C3,MARAVENI SPURTHI,B,1,A9205,Basic Electrical Engineering Laboratory,O,10.0,100.0,PASS,9.65,0,sem1_results,RES_S1_25881A66C3_A9205,STU_25881A66C3,SUB_1_A9205
25881A66C4,BANTU TANU SRI,B,1,A9001,Matrices and Calculus,O,10.0,100.0,PASS,9.7,0,sem1_results,RES_S1_25881A66C4_A9001,STU_25881A66C4,SUB_1_A9001
25881A66C4,BANTU TANU SRI,B,1,A9501,Programming for Problem Solving,A+,9.0,90.0,PASS,9.7,0,sem1_results,RES_S1_25881A66C4_A9501,STU_25881A66C4,SUB_1_A9501
25881A66C4,BANTU TANU SRI,B,1,A9502,Programming for Problem Solving Laboratory,O,10.0,100.0,PASS,9.7,0,sem1_results,RES_S1_25881A66C4_A9502,STU_25881A66C4,SUB_1_A9502
25881A66C4,BANTU TANU SRI,B,1,A9302,Engineering Workshop,O,10.0,100.0,PASS,9.7,0,sem1_results,RES_S1_25881A66C4_A9302,STU_25881A66C4,SUB_1_A9302
25881A66C4,BANTU TANU SRI,B,1,A9021,Community Centered Design Thinking,O,10.0,100.0,PASS,9.7,0,sem1_results,RES_S1_25881A66C4_A9021,STU_25881A66C4,SUB_1_A9021
25881A66C4,BANTU TANU SRI,B,1,A9007,Engineering Physics,O,10.0,100.0,PASS,9.7,0,sem1_results,RES_S1_25881A66C4_A9007,STU_25881A66C4,SUB_1_A9007
25881A66C4,BANTU TANU SRI,B,1,A9008,Engineering Physics Laboratory,O,10.0,100.0,PASS,9.7,0,sem1_results,RES_S1_25881A66C4_A9008,STU_25881A66C4,SUB_1_A9008
25881A66C4,BANTU TANU SRI,B,1,A9204,Basic Electrical Engineering,O,10.0,100.0,PASS,9.7,0,sem1_results,RES_S1_25881A66C4_A9204,STU_25881A66C4,SUB_1_A9204
25881A66C4,BANTU TANU SRI,B,1,A9801,Foundations of Data Science,A+,9.0,90.0,PASS,9.7,0,sem1_results,RES_S1_25881A66C4_A9801,STU_25881A66C4,SUB_1_A9801
25881A66C4,BANTU TANU SRI,B,1,A9205,Basic Electrical Engineering Laboratory,O,10.0,100.0,PASS,9.7,0,sem1_results,RES_S1_25881A66C4_A9205,STU_25881A66C4,SUB_1_A9205
25881A66C5,BHUKYA THARUN,B,1,A9001,Matrices and Calculus,B+,7.0,70.0,PASS,7.05,0,sem1_results,RES_S1_25881A66C5_A9001,STU_25881A66C5,SUB_1_A9001
25881A66C5,BHUKYA THARUN,B,1,A9501,Programming for Problem Solving,C,5.0,50.0,PASS,7.05,0,sem1_results,RES_S1_25881A66C5_A9501,STU_25881A66C5,SUB_1_A9501
25881A66C5,BHUKYA THARUN,B,1,A9502,Programming for Problem Solving Laboratory,A,8.0,80.0,PASS,7.05,0,sem1_results,RES_S1_25881A66C5_A9502,STU_25881A66C5,SUB_1_A9502
25881A66C5,BHUKYA THARUN,B,1,A9302,Engineering Workshop,O,10.0,100.0,PASS,7.05,0,sem1_results,RES_S1_25881A66C5_A9302,STU_25881A66C5,SUB_1_A9302
25881A66C5,BHUKYA THARUN,B,1,A9021,Community Centered Design Thinking,A+,9.0,90.0,PASS,7.05,0,sem1_results,RES_S1_25881A66C5_A9021,STU_25881A66C5,SUB_1_A9021
25881A66C5,BHUKYA THARUN,B,1,A9007,Engineering Physics,B+,7.0,70.0,PASS,7.05,0,sem1_results,RES_S1_25881A66C5_A9007,STU_25881A66C5,SUB_1_A9007
25881A66C5,BHUKYA THARUN,B,1,A9008,Engineering Physics Laboratory,A,8.0,80.0,PASS,7.05,0,sem1_results,RES_S1_25881A66C5_A9008,STU_25881A66C5,SUB_1_A9008
25881A66C5,BHUKYA THARUN,B,1,A9204,Basic Electrical Engineering,B,6.0,60.0,PASS,7.05,0,sem1_results,RES_S1_25881A66C5_A9204,STU_25881A66C5,SUB_1_A9204
25881A66C5,BHUKYA THARUN,B,1,A9801,Foundations of Data Science,B+,7.0,70.0,PASS,7.05,0,sem1_results,RES_S1_25881A66C5_A9801,STU_25881A66C5,SUB_1_A9801
25881A66C5,BHUKYA THARUN,B,1,A9205,Basic Electrical Engineering Laboratory,A+,9.0,90.0,PASS,7.05,0,sem1_results,RES_S1_25881A66C5_A9205,STU_25881A66C5,SUB_1_A9205
25881A66C6,MACHARLA VAGDEVI,B,1,A9001,Matrices and Calculus,B+,7.0,70.0,PASS,7.55,0,sem1_results,RES_S1_25881A66C6_A9001,STU_25881A66C6,SUB_1_A9001
25881A66C6,MACHARLA VAGDEVI,B,1,A9501,Programming for Problem Solving,B,6.0,60.0,PASS,7.55,0,sem1_results,RES_S1_25881A66C6_A9501,STU_25881A66C6,SUB_1_A9501
25881A66C6,MACHARLA VAGDEVI,B,1,A9502,Programming for Problem Solving Laboratory,A,8.0,80.0,PASS,7.55,0,sem1_results,RES_S1_25881A66C6_A9502,STU_25881A66C6,SUB_1_A9502
25881A66C6,MACHARLA VAGDEVI,B,1,A9302,Engineering Workshop,A+,9.0,90.0,PASS,7.55,0,sem1_results,RES_S1_25881A66C6_A9302,STU_25881A66C6,SUB_1_A9302
25881A66C6,MACHARLA VAGDEVI,B,1,A9021,Community Centered Design Thinking,A+,9.0,90.0,PASS,7.55,0,sem1_results,RES_S1_25881A66C6_A9021,STU_25881A66C6,SUB_1_A9021
25881A66C6,MACHARLA VAGDEVI,B,1,A9007,Engineering Physics,A,8.0,80.0,PASS,7.55,0,sem1_results,RES_S1_25881A66C6_A9007,STU_25881A66C6,SUB_1_A9007
25881A66C6,MACHARLA VAGDEVI,B,1,A9008,Engineering Physics Laboratory,A+,9.0,90.0,PASS,7.55,0,sem1_results,RES_S1_25881A66C6_A9008,STU_25881A66C6,SUB_1_A9008
25881A66C6,MACHARLA VAGDEVI,B,1,A9204,Basic Electrical Engineering,B+,7.0,70.0,PASS,7.55,0,sem1_results,RES_S1_25881A66C6_A9204,STU_25881A66C6,SUB_1_A9204
25881A66C6,MACHARLA VAGDEVI,B,1,A9801,Foundations of Data Science,A,8.0,80.0,PASS,7.55,0,sem1_results,RES_S1_25881A66C6_A9801,STU_25881A66C6,SUB_1_A9801
25881A66C6,MACHARLA VAGDEVI,B,1,A9205,Basic Electrical Engineering Laboratory,A,8.0,80.0,PASS,7.55,0,sem1_results,RES_S1_25881A66C6_A9205,STU_25881A66C6,SUB_1_A9205
25881A66C7,NAKKA VENU,B,1,A9001,Matrices and Calculus,A+,9.0,90.0,PASS,8.45,0,sem1_results,RES_S1_25881A66C7_A9001,STU_25881A66C7,SUB_1_A9001
25881A66C7,NAKKA VENU,B,1,A9501,Programming for Problem Solving,A+,9.0,90.0,PASS,8.45,0,sem1_results,RES_S1_25881A66C7_A9501,STU_25881A66C7,SUB_1_A9501
25881A66C7,NAKKA VENU,B,1,A9502,Programming for Problem Solving Laboratory,A+,9.0,90.0,PASS,8.45,0,sem1_results,RES_S1_25881A66C7_A9502,STU_25881A66C7,SUB_1_A9502
25881A66C7,NAKKA VENU,B,1,A9302,Engineering Workshop,A+,9.0,90.0,PASS,8.45,0,sem1_results,RES_S1_25881A66C7_A9302,STU_25881A66C7,SUB_1_A9302
25881A66C7,NAKKA VENU,B,1,A9021,Community Centered Design Thinking,A+,9.0,90.0,PASS,8.45,0,sem1_results,RES_S1_25881A66C7_A9021,STU_25881A66C7,SUB_1_A9021
25881A66C7,NAKKA VENU,B,1,A9007,Engineering Physics,A,8.0,80.0,PASS,8.45,0,sem1_results,RES_S1_25881A66C7_A9007,STU_25881A66C7,SUB_1_A9007
25881A66C7,NAKKA VENU,B,1,A9008,Engineering Physics Laboratory,O,10.0,100.0,PASS,8.45,0,sem1_results,RES_S1_25881A66C7_A9008,STU_25881A66C7,SUB_1_A9008
25881A66C7,NAKKA VENU,B,1,A9204,Basic Electrical Engineering,A+,9.0,90.0,PASS,8.45,0,sem1_results,RES_S1_25881A66C7_A9204,STU_25881A66C7,SUB_1_A9204
25881A66C7,NAKKA VENU,B,1,A9801,Foundations of Data Science,B,6.0,60.0,PASS,8.45,0,sem1_results,RES_S1_25881A66C7_A9801,STU_25881A66C7,SUB_1_A9801
25881A66C7,NAKKA VENU,B,1,A9205,Basic Electrical Engineering Laboratory,A+,9.0,90.0,PASS,8.45,0,sem1_results,RES_S1_25881A66C7_A9205,STU_25881A66C7,SUB_1_A9205
25881A66C8,BANOTH VIGNESWAR,B,1,A9001,Matrices and Calculus,A+,9.0,90.0,PASS,8.0,0,sem1_results,RES_S1_25881A66C8_A9001,STU_25881A66C8,SUB_1_A9001
25881A66C8,BANOTH VIGNESWAR,B,1,A9501,Programming for Problem Solving,B,6.0,60.0,PASS,8.0,0,sem1_results,RES_S1_25881A66C8_A9501,STU_25881A66C8,SUB_1_A9501
25881A66C8,BANOTH VIGNESWAR,B,1,A9502,Programming for Problem Solving Laboratory,A,8.0,80.0,PASS,8.0,0,sem1_results,RES_S1_25881A66C8_A9502,STU_25881A66C8,SUB_1_A9502
25881A66C8,BANOTH VIGNESWAR,B,1,A9302,Engineering Workshop,A+,9.0,90.0,PASS,8.0,0,sem1_results,RES_S1_25881A66C8_A9302,STU_25881A66C8,SUB_1_A9302
25881A66C8,BANOTH VIGNESWAR,B,1,A9021,Community Centered Design Thinking,O,10.0,100.0,PASS,8.0,0,sem1_results,RES_S1_25881A66C8_A9021,STU_25881A66C8,SUB_1_A9021
25881A66C8,BANOTH VIGNESWAR,B,1,A9007,Engineering Physics,A,8.0,80.0,PASS,8.0,0,sem1_results,RES_S1_25881A66C8_A9007,STU_25881A66C8,SUB_1_A9007
25881A66C8,BANOTH VIGNESWAR,B,1,A9008,Engineering Physics Laboratory,A+,9.0,90.0,PASS,8.0,0,sem1_results,RES_S1_25881A66C8_A9008,STU_25881A66C8,SUB_1_A9008
25881A66C8,BANOTH VIGNESWAR,B,1,A9204,Basic Electrical Engineering,A,8.0,80.0,PASS,8.0,0,sem1_results,RES_S1_25881A66C8_A9204,STU_25881A66C8,SUB_1_A9204
25881A66C8,BANOTH VIGNESWAR,B,1,A9801,Foundations of Data Science,B+,7.0,70.0,PASS,8.0,0,sem1_results,RES_S1_25881A66C8_A9801,STU_25881A66C8,SUB_1_A9801
25881A66C8,BANOTH VIGNESWAR,B,1,A9205,Basic Electrical Engineering Laboratory,A+,9.0,90.0,PASS,8.0,0,sem1_results,RES_S1_25881A66C8_A9205,STU_25881A66C8,SUB_1_A9205
25881A66C9,SHAIK YASAR ARAFATH,B,1,A9001,Matrices and Calculus,O,10.0,100.0,PASS,9.1,0,sem1_results,RES_S1_25881A66C9_A9001,STU_25881A66C9,SUB_1_A9001
25881A66C9,SHAIK YASAR ARAFATH,B,1,A9501,Programming for Problem Solving,A,8.0,80.0,PASS,9.1,0,sem1_results,RES_S1_25881A66C9_A9501,STU_25881A66C9,SUB_1_A9501
25881A66C9,SHAIK YASAR ARAFATH,B,1,A9502,Programming for Problem Solving Laboratory,A+,9.0,90.0,PASS,9.1,0,sem1_results,RES_S1_25881A66C9_A9502,STU_25881A66C9,SUB_1_A9502
25881A66C9,SHAIK YASAR ARAFATH,B,1,A9302,Engineering Workshop,O,10.0,100.0,PASS,9.1,0,sem1_results,RES_S1_25881A66C9_A9302,STU_25881A66C9,SUB_1_A9302
25881A66C9,SHAIK YASAR ARAFATH,B,1,A9021,Community Centered Design Thinking,O,10.0,100.0,PASS,9.1,0,sem1_results,RES_S1_25881A66C9_A9021,STU_25881A66C9,SUB_1_A9021
25881A66C9,SHAIK YASAR ARAFATH,B,1,A9007,Engineering Physics,A+,9.0,90.0,PASS,9.1,0,sem1_results,RES_S1_25881A66C9_A9007,STU_25881A66C9,SUB_1_A9007
25881A66C9,SHAIK YASAR ARAFATH,B,1,A9008,Engineering Physics Laboratory,A+,9.0,90.0,PASS,9.1,0,sem1_results,RES_S1_25881A66C9_A9008,STU_25881A66C9,SUB_1_A9008
25881A66C9,SHAIK YASAR ARAFATH,B,1,A9204,Basic Electrical Engineering,O,10.0,100.0,PASS,9.1,0,sem1_results,RES_S1_25881A66C9_A9204,STU_25881A66C9,SUB_1_A9204
25881A66C9,SHAIK YASAR ARAFATH,B,1,A9801,Foundations of Data Science,A,8.0,80.0,PASS,9.1,0,sem1_results,RES_S1_25881A66C9_A9801,STU_25881A66C9,SUB_1_A9801
25881A66C9,SHAIK YASAR ARAFATH,B,1,A9205,Basic Electrical Engineering Laboratory,A+,9.0,90.0,PASS,9.1,0,sem1_results,RES_S1_25881A66C9_A9205,STU_25881A66C9,SUB_1_A9205
25881A66D0,BOJJA ADITHYA,C,1,A9001,Matrices and Calculus,A,8.0,80.0,PASS,7.95,0,sem1_results,RES_S1_25881A66D0_A9001,STU_25881A66D0,SUB_1_A9001
25881A66D0,BOJJA ADITHYA,C,1,A9501,Programming for Problem Solving,B,6.0,60.0,PASS,7.95,0,sem1_results,RES_S1_25881A66D0_A9501,STU_25881A66D0,SUB_1_A9501
25881A66D0,BOJJA ADITHYA,C,1,A9502,Programming for Problem Solving Laboratory,A+,9.0,90.0,PASS,7.95,0,sem1_results,RES_S1_25881A66D0_A9502,STU_25881A66D0,SUB_1_A9502
25881A66D0,BOJJA ADITHYA,C,1,A9302,Engineering Workshop,O,10.0,100.0,PASS,7.95,0,sem1_results,RES_S1_25881A66D0_A9302,STU_25881A66D0,SUB_1_A9302
25881A66D0,BOJJA ADITHYA,C,1,A9021,Community Centered Design Thinking,A+,9.0,90.0,PASS,7.95,0,sem1_results,RES_S1_25881A66D0_A9021,STU_25881A66D0,SUB_1_A9021
25881A66D0,BOJJA ADITHYA,C,1,A9007,Engineering Physics,B+,7.0,70.0,PASS,7.95,0,sem1_results,RES_S1_25881A66D0_A9007,STU_25881A66D0,SUB_1_A9007
25881A66D0,BOJJA ADITHYA,C,1,A9008,Engineering Physics Laboratory,O,10.0,100.0,PASS,7.95,0,sem1_results,RES_S1_25881A66D0_A9008,STU_25881A66D0,SUB_1_A9008
25881A66D0,BOJJA ADITHYA,C,1,A9204,Basic Electrical Engineering,A,8.0,80.0,PASS,7.95,0,sem1_results,RES_S1_25881A66D0_A9204,STU_25881A66D0,SUB_1_A9204
25881A66D0,BOJJA ADITHYA,C,1,A9801,Foundations of Data Science,A,8.0,80.0,PASS,7.95,0,sem1_results,RES_S1_25881A66D0_A9801,STU_25881A66D0,SUB_1_A9801
25881A66D0,BOJJA ADITHYA,C,1,A9205,Basic Electrical Engineering Laboratory,O,10.0,100.0,PASS,7.95,0,sem1_results,RES_S1_25881A66D0_A9205,STU_25881A66D0,SUB_1_A9205
25881A66D1,AKKANGARI AKSHITHA,C,1,A9001,Matrices and Calculus,O,10.0,100.0,PASS,9.5,0,sem1_results,RES_S1_25881A66D1_A9001,STU_25881A66D1,SUB_1_A9001
25881A66D1,AKKANGARI AKSHITHA,C,1,A9501,Programming for Problem Solving,A+,9.0,90.0,PASS,9.5,0,sem1_results,RES_S1_25881A66D1_A9501,STU_25881A66D1,SUB_1_A9501
25881A66D1,AKKANGARI AKSHITHA,C,1,A9502,Programming for Problem Solving Laboratory,A+,9.0,90.0,PASS,9.5,0,sem1_results,RES_S1_25881A66D1_A9502,STU_25881A66D1,SUB_1_A9502
25881A66D1,AKKANGARI AKSHITHA,C,1,A9302,Engineering Workshop,O,10.0,100.0,PASS,9.5,0,sem1_results,RES_S1_25881A66D1_A9302,STU_25881A66D1,SUB_1_A9302
25881A66D1,AKKANGARI AKSHITHA,C,1,A9021,Community Centered Design Thinking,A+,9.0,90.0,PASS,9.5,0,sem1_results,RES_S1_25881A66D1_A9021,STU_25881A66D1,SUB_1_A9021
25881A66D1,AKKANGARI AKSHITHA,C,1,A9007,Engineering Physics,A+,9.0,90.0,PASS,9.5,0,sem1_results,RES_S1_25881A66D1_A9007,STU_25881A66D1,SUB_1_A9007
25881A66D1,AKKANGARI AKSHITHA,C,1,A9008,Engineering Physics Laboratory,O,10.0,100.0,PASS,9.5,0,sem1_results,RES_S1_25881A66D1_A9008,STU_25881A66D1,SUB_1_A9008
25881A66D1,AKKANGARI AKSHITHA,C,1,A9204,Basic Electrical Engineering,A+,9.0,90.0,PASS,9.5,0,sem1_results,RES_S1_25881A66D1_A9204,STU_25881A66D1,SUB_1_A9204
25881A66D1,AKKANGARI AKSHITHA,C,1,A9801,Foundations of Data Science,O,10.0,100.0,PASS,9.5,0,sem1_results,RES_S1_25881A66D1_A9801,STU_25881A66D1,SUB_1_A9801
25881A66D1,AKKANGARI AKSHITHA,C,1,A9205,Basic Electrical Engineering Laboratory,O,10.0,100.0,PASS,9.5,0,sem1_results,RES_S1_25881A66D1_A9205,STU_25881A66D1,SUB_1_A9205
25881A66D2,KASARAVENI AKSHITHA,C,1,A9001,Matrices and Calculus,O,10.0,100.0,PASS,8.95,0,sem1_results,RES_S1_25881A66D2_A9001,STU_25881A66D2,SUB_1_A9001
25881A66D2,KASARAVENI AKSHITHA,C,1,A9501,Programming for Problem Solving,B+,7.0,70.0,PASS,8.95,0,sem1_results,RES_S1_25881A66D2_A9501,STU_25881A66D2,SUB_1_A9501
25881A66D2,KASARAVENI AKSHITHA,C,1,A9502,Programming for Problem Solving Laboratory,A,8.0,80.0,PASS,8.95,0,sem1_results,RES_S1_25881A66D2_A9502,STU_25881A66D2,SUB_1_A9502
25881A66D2,KASARAVENI AKSHITHA,C,1,A9302,Engineering Workshop,O,10.0,100.0,PASS,8.95,0,sem1_results,RES_S1_25881A66D2_A9302,STU_25881A66D2,SUB_1_A9302
25881A66D2,KASARAVENI AKSHITHA,C,1,A9021,Community Centered Design Thinking,A,8.0,80.0,PASS,8.95,0,sem1_results,RES_S1_25881A66D2_A9021,STU_25881A66D2,SUB_1_A9021
25881A66D2,KASARAVENI AKSHITHA,C,1,A9007,Engineering Physics,A,8.0,80.0,PASS,8.95,0,sem1_results,RES_S1_25881A66D2_A9007,STU_25881A66D2,SUB_1_A9007
25881A66D2,KASARAVENI AKSHITHA,C,1,A9008,Engineering Physics Laboratory,O,10.0,100.0,PASS,8.95,0,sem1_results,RES_S1_25881A66D2_A9008,STU_25881A66D2,SUB_1_A9008
25881A66D2,KASARAVENI AKSHITHA,C,1,A9204,Basic Electrical Engineering,A+,9.0,90.0,PASS,8.95,0,sem1_results,RES_S1_25881A66D2_A9204,STU_25881A66D2,SUB_1_A9204
25881A66D2,KASARAVENI AKSHITHA,C,1,A9801,Foundations of Data Science,O,10.0,100.0,PASS,8.95,0,sem1_results,RES_S1_25881A66D2_A9801,STU_25881A66D2,SUB_1_A9801
25881A66D2,KASARAVENI AKSHITHA,C,1,A9205,Basic Electrical Engineering Laboratory,O,10.0,100.0,PASS,8.95,0,sem1_results,RES_S1_25881A66D2_A9205,STU_25881A66D2,SUB_1_A9205
25881A66D3,POTU AMULYA,C,1,A9001,Matrices and Calculus,O,10.0,100.0,PASS,9.0,0,sem1_results,RES_S1_25881A66D3_A9001,STU_25881A66D3,SUB_1_A9001
25881A66D3,POTU AMULYA,C,1,A9501,Programming for Problem Solving,A,8.0,80.0,PASS,9.0,0,sem1_results,RES_S1_25881A66D3_A9501,STU_25881A66D3,SUB_1_A9501
25881A66D3,POTU AMULYA,C,1,A9502,Programming for Problem Solving Laboratory,A+,9.0,90.0,PASS,9.0,0,sem1_results,RES_S1_25881A66D3_A9502,STU_25881A66D3,SUB_1_A9502
25881A66D3,POTU AMULYA,C,1,A9302,Engineering Workshop,O,10.0,100.0,PASS,9.0,0,sem1_results,RES_S1_25881A66D3_A9302,STU_25881A66D3,SUB_1_A9302
25881A66D3,POTU AMULYA,C,1,A9021,Community Centered Design Thinking,A+,9.0,90.0,PASS,9.0,0,sem1_results,RES_S1_25881A66D3_A9021,STU_25881A66D3,SUB_1_A9021
25881A66D3,POTU AMULYA,C,1,A9007,Engineering Physics,A,8.0,80.0,PASS,9.0,0,sem1_results,RES_S1_25881A66D3_A9007,STU_25881A66D3,SUB_1_A9007
25881A66D3,POTU AMULYA,C,1,A9008,Engineering Physics Laboratory,O,10.0,100.0,PASS,9.0,0,sem1_results,RES_S1_25881A66D3_A9008,STU_25881A66D3,SUB_1_A9008
25881A66D3,POTU AMULYA,C,1,A9204,Basic Electrical Engineering,O,10.0,100.0,PASS,9.0,0,sem1_results,RES_S1_25881A66D3_A9204,STU_25881A66D3,SUB_1_A9204
25881A66D3,POTU AMULYA,C,1,A9801,Foundations of Data Science,A,8.0,80.0,PASS,9.0,0,sem1_results,RES_S1_25881A66D3_A9801,STU_25881A66D3,SUB_1_A9801
25881A66D3,POTU AMULYA,C,1,A9205,Basic Electrical Engineering Laboratory,O,10.0,100.0,PASS,9.0,0,sem1_results,RES_S1_25881A66D3_A9205,STU_25881A66D3,SUB_1_A9205
25881A66D4,MOHD ANAS,C,1,A9001,Matrices and Calculus,A,8.0,80.0,PASS,7.75,0,sem1_results,RES_S1_25881A66D4_A9001,STU_25881A66D4,SUB_1_A9001
25881A66D4,MOHD ANAS,C,1,A9501,Programming for Problem Solving,B,6.0,60.0,PASS,7.75,0,sem1_results,RES_S1_25881A66D4_A9501,STU_25881A66D4,SUB_1_A9501
25881A66D4,MOHD ANAS,C,1,A9502,Programming for Problem Solving Laboratory,A+,9.0,90.0,PASS,7.75,0,sem1_results,RES_S1_25881A66D4_A9502,STU_25881A66D4,SUB_1_A9502
25881A66D4,MOHD ANAS,C,1,A9302,Engineering Workshop,O,10.0,100.0,PASS,7.75,0,sem1_results,RES_S1_25881A66D4_A9302,STU_25881A66D4,SUB_1_A9302
25881A66D4,MOHD ANAS,C,1,A9021,Community Centered Design Thinking,A+,9.0,90.0,PASS,7.75,0,sem1_results,RES_S1_25881A66D4_A9021,STU_25881A66D4,SUB_1_A9021
25881A66D4,MOHD ANAS,C,1,A9007,Engineering Physics,B+,7.0,70.0,PASS,7.75,0,sem1_results,RES_S1_25881A66D4_A9007,STU_25881A66D4,SUB_1_A9007
25881A66D4,MOHD ANAS,C,1,A9008,Engineering Physics Laboratory,A+,9.0,90.0,PASS,7.75,0,sem1_results,RES_S1_25881A66D4_A9008,STU_25881A66D4,SUB_1_A9008
25881A66D4,MOHD ANAS,C,1,A9204,Basic Electrical Engineering,A,8.0,80.0,PASS,7.75,0,sem1_results,RES_S1_25881A66D4_A9204,STU_25881A66D4,SUB_1_A9204
25881A66D4,MOHD ANAS,C,1,A9801,Foundations of Data Science,B+,7.0,70.0,PASS,7.75,0,sem1_results,RES_S1_25881A66D4_A9801,STU_25881A66D4,SUB_1_A9801
25881A66D4,MOHD ANAS,C,1,A9205,Basic Electrical Engineering Laboratory,O,10.0,100.0,PASS,7.75,0,sem1_results,RES_S1_25881A66D4_A9205,STU_25881A66D4,SUB_1_A9205
25881A66D5,SAFA AQEEL,C,1,A9001,Matrices and Calculus,O,10.0,100.0,PASS,9.3,0,sem1_results,RES_S1_25881A66D5_A9001,STU_25881A66D5,SUB_1_A9001
25881A66D5,SAFA AQEEL,C,1,A9501,Programming for Problem Solving,A+,9.0,90.0,PASS,9.3,0,sem1_results,RES_S1_25881A66D5_A9501,STU_25881A66D5,SUB_1_A9501
25881A66D5,SAFA AQEEL,C,1,A9502,Programming for Problem Solving Laboratory,A+,9.0,90.0,PASS,9.3,0,sem1_results,RES_S1_25881A66D5_A9502,STU_25881A66D5,SUB_1_A9502
25881A66D5,SAFA AQEEL,C,1,A9302,Engineering Workshop,A+,9.0,90.0,PASS,9.3,0,sem1_results,RES_S1_25881A66D5_A9302,STU_25881A66D5,SUB_1_A9302
25881A66D5,SAFA AQEEL,C,1,A9021,Community Centered Design Thinking,O,10.0,100.0,PASS,9.3,0,sem1_results,RES_S1_25881A66D5_A9021,STU_25881A66D5,SUB_1_A9021
25881A66D5,SAFA AQEEL,C,1,A9007,Engineering Physics,A+,9.0,90.0,PASS,9.3,0,sem1_results,RES_S1_25881A66D5_A9007,STU_25881A66D5,SUB_1_A9007
25881A66D5,SAFA AQEEL,C,1,A9008,Engineering Physics Laboratory,O,10.0,100.0,PASS,9.3,0,sem1_results,RES_S1_25881A66D5_A9008,STU_25881A66D5,SUB_1_A9008
25881A66D5,SAFA AQEEL,C,1,A9204,Basic Electrical Engineering,O,10.0,100.0,PASS,9.3,0,sem1_results,RES_S1_25881A66D5_A9204,STU_25881A66D5,SUB_1_A9204
25881A66D5,SAFA AQEEL,C,1,A9801,Foundations of Data Science,A,8.0,80.0,PASS,9.3,0,sem1_results,RES_S1_25881A66D5_A9801,STU_25881A66D5,SUB_1_A9801
25881A66D5,SAFA AQEEL,C,1,A9205,Basic Electrical Engineering Laboratory,O,10.0,100.0,PASS,9.3,0,sem1_results,RES_S1_25881A66D5_A9205,STU_25881A66D5,SUB_1_A9205
25881A66D6,NAROJU ARAVIND,C,1,A9001,Matrices and Calculus,O,10.0,100.0,PASS,8.9,0,sem1_results,RES_S1_25881A66D6_A9001,STU_25881A66D6,SUB_1_A9001
25881A66D6,NAROJU ARAVIND,C,1,A9501,Programming for Problem Solving,B+,7.0,70.0,PASS,8.9,0,sem1_results,RES_S1_25881A66D6_A9501,STU_25881A66D6,SUB_1_A9501
25881A66D6,NAROJU ARAVIND,C,1,A9502,Programming for Problem Solving Laboratory,A,8.0,80.0,PASS,8.9,0,sem1_results,RES_S1_25881A66D6_A9502,STU_25881A66D6,SUB_1_A9502
25881A66D6,NAROJU ARAVIND,C,1,A9302,Engineering Workshop,O,10.0,100.0,PASS,8.9,0,sem1_results,RES_S1_25881A66D6_A9302,STU_25881A66D6,SUB_1_A9302
25881A66D6,NAROJU ARAVIND,C,1,A9021,Community Centered Design Thinking,A,8.0,80.0,PASS,8.9,0,sem1_results,RES_S1_25881A66D6_A9021,STU_25881A66D6,SUB_1_A9021
25881A66D6,NAROJU ARAVIND,C,1,A9007,Engineering Physics,A+,9.0,90.0,PASS,8.9,0,sem1_results,RES_S1_25881A66D6_A9007,STU_25881A66D6,SUB_1_A9007
25881A66D6,NAROJU ARAVIND,C,1,A9008,Engineering Physics Laboratory,A+,9.0,90.0,PASS,8.9,0,sem1_results,RES_S1_25881A66D6_A9008,STU_25881A66D6,SUB_1_A9008
25881A66D6,NAROJU ARAVIND,C,1,A9204,Basic Electrical Engineering,A+,9.0,90.0,PASS,8.9,0,sem1_results,RES_S1_25881A66D6_A9204,STU_25881A66D6,SUB_1_A9204
25881A66D6,NAROJU ARAVIND,C,1,A9801,Foundations of Data Science,A+,9.0,90.0,PASS,8.9,0,sem1_results,RES_S1_25881A66D6_A9801,STU_25881A66D6,SUB_1_A9801
25881A66D6,NAROJU ARAVIND,C,1,A9205,Basic Electrical Engineering Laboratory,O,10.0,100.0,PASS,8.9,0,sem1_results,RES_S1_25881A66D6_A9205,STU_25881A66D6,SUB_1_A9205
25881A66D7,BHUKYA ASMITHA,C,1,A9001,Matrices and Calculus,B+,7.0,70.0,PASS,6.55,1,sem1_results,RES_S1_25881A66D7_A9001,STU_25881A66D7,SUB_1_A9001
25881A66D7,BHUKYA ASMITHA,C,1,A9501,Programming for Problem Solving,F,0.0,0.0,FAIL,6.55,1,sem1_results,RES_S1_25881A66D7_A9501,STU_25881A66D7,SUB_1_A9501
25881A66D7,BHUKYA ASMITHA,C,1,A9502,Programming for Problem Solving Laboratory,A,8.0,80.0,PASS,6.55,1,sem1_results,RES_S1_25881A66D7_A9502,STU_25881A66D7,SUB_1_A9502
25881A66D7,BHUKYA ASMITHA,C,1,A9302,Engineering Workshop,O,10.0,100.0,PASS,6.55,1,sem1_results,RES_S1_25881A66D7_A9302,STU_25881A66D7,SUB_1_A9302
25881A66D7,BHUKYA ASMITHA,C,1,A9021,Community Centered Design Thinking,O,10.0,100.0,PASS,6.55,1,sem1_results,RES_S1_25881A66D7_A9021,STU_25881A66D7,SUB_1_A9021
25881A66D7,BHUKYA ASMITHA,C,1,A9007,Engineering Physics,B+,7.0,70.0,PASS,6.55,1,sem1_results,RES_S1_25881A66D7_A9007,STU_25881A66D7,SUB_1_A9007
25881A66D7,BHUKYA ASMITHA,C,1,A9008,Engineering Physics Laboratory,A+,9.0,90.0,PASS,6.55,1,sem1_results,RES_S1_25881A66D7_A9008,STU_25881A66D7,SUB_1_A9008
25881A66D7,BHUKYA ASMITHA,C,1,A9204,Basic Electrical Engineering,B+,7.0,70.0,PASS,6.55,1,sem1_results,RES_S1_25881A66D7_A9204,STU_25881A66D7,SUB_1_A9204
25881A66D7,BHUKYA ASMITHA,C,1,A9801,Foundations of Data Science,B+,7.0,70.0,PASS,6.55,1,sem1_results,RES_S1_25881A66D7_A9801,STU_25881A66D7,SUB_1_A9801
25881A66D7,BHUKYA ASMITHA,C,1,A9205,Basic Electrical Engineering Laboratory,O,10.0,100.0,PASS,6.55,1,sem1_results,RES_S1_25881A66D7_A9205,STU_25881A66D7,SUB_1_A9205
25881A66D8,DONTHIREDDY BHAVESH,C,1,A9001,Matrices and Calculus,A,8.0,80.0,PASS,7.35,0,sem1_results,RES_S1_25881A66D8_A9001,STU_25881A66D8,SUB_1_A9001
25881A66D8,DONTHIREDDY BHAVESH,C,1,A9501,Programming for Problem Solving,C,5.0,50.0,PASS,7.35,0,sem1_results,RES_S1_25881A66D8_A9501,STU_25881A66D8,SUB_1_A9501
25881A66D8,DONTHIREDDY BHAVESH,C,1,A9502,Programming for Problem Solving Laboratory,A,8.0,80.0,PASS,7.35,0,sem1_results,RES_S1_25881A66D8_A9502,STU_25881A66D8,SUB_1_A9502
25881A66D8,DONTHIREDDY BHAVESH,C,1,A9302,Engineering Workshop,A+,9.0,90.0,PASS,7.35,0,sem1_results,RES_S1_25881A66D8_A9302,STU_25881A66D8,SUB_1_A9302
25881A66D8,DONTHIREDDY BHAVESH,C,1,A9021,Community Centered Design Thinking,O,10.0,100.0,PASS,7.35,0,sem1_results,RES_S1_25881A66D8_A9021,STU_25881A66D8,SUB_1_A9021
25881A66D8,DONTHIREDDY BHAVESH,C,1,A9007,Engineering Physics,B+,7.0,70.0,PASS,7.35,0,sem1_results,RES_S1_25881A66D8_A9007,STU_25881A66D8,SUB_1_A9007
25881A66D8,DONTHIREDDY BHAVESH,C,1,A9008,Engineering Physics Laboratory,A+,9.0,90.0,PASS,7.35,0,sem1_results,RES_S1_25881A66D8_A9008,STU_25881A66D8,SUB_1_A9008
25881A66D8,DONTHIREDDY BHAVESH,C,1,A9204,Basic Electrical Engineering,A,8.0,80.0,PASS,7.35,0,sem1_results,RES_S1_25881A66D8_A9204,STU_25881A66D8,SUB_1_A9204
25881A66D8,DONTHIREDDY BHAVESH,C,1,A9801,Foundations of Data Science,B,6.0,60.0,PASS,7.35,0,sem1_results,RES_S1_25881A66D8_A9801,STU_25881A66D8,SUB_1_A9801
25881A66D8,DONTHIREDDY BHAVESH,C,1,A9205,Basic Electrical Engineering Laboratory,A+,9.0,90.0,PASS,7.35,0,sem1_results,RES_S1_25881A66D8_A9205,STU_25881A66D8,SUB_1_A9205
25881A66D9,THOTAKURI BHAVYA,C,1,A9001,Matrices and Calculus,A,8.0,80.0,PASS,7.95,0,sem1_results,RES_S1_25881A66D9_A9001,STU_25881A66D9,SUB_1_A9001
25881A66D9,THOTAKURI BHAVYA,C,1,A9501,Programming for Problem Solving,C,5.0,50.0,PASS,7.95,0,sem1_results,RES_S1_25881A66D9_A9501,STU_25881A66D9,SUB_1_A9501
25881A66D9,THOTAKURI BHAVYA,C,1,A9502,Programming for Problem Solving Laboratory,B,6.0,60.0,PASS,7.95,0,sem1_results,RES_S1_25881A66D9_A9502,STU_25881A66D9,SUB_1_A9502
25881A66D9,THOTAKURI BHAVYA,C,1,A9302,Engineering Workshop,A+,9.0,90.0,PASS,7.95,0,sem1_results,RES_S1_25881A66D9_A9302,STU_25881A66D9,SUB_1_A9302
25881A66D9,THOTAKURI BHAVYA,C,1,A9021,Community Centered Design Thinking,A+,9.0,90.0,PASS,7.95,0,sem1_results,RES_S1_25881A66D9_A9021,STU_25881A66D9,SUB_1_A9021
25881A66D9,THOTAKURI BHAVYA,C,1,A9007,Engineering Physics,A,8.0,80.0,PASS,7.95,0,sem1_results,RES_S1_25881A66D9_A9007,STU_25881A66D9,SUB_1_A9007
25881A66D9,THOTAKURI BHAVYA,C,1,A9008,Engineering Physics Laboratory,O,10.0,100.0,PASS,7.95,0,sem1_results,RES_S1_25881A66D9_A9008,STU_25881A66D9,SUB_1_A9008
25881A66D9,THOTAKURI BHAVYA,C,1,A9204,Basic Electrical Engineering,O,10.0,100.0,PASS,7.95,0,sem1_results,RES_S1_25881A66D9_A9204,STU_25881A66D9,SUB_1_A9204
25881A66D9,THOTAKURI BHAVYA,C,1,A9801,Foundations of Data Science,A,8.0,80.0,PASS,7.95,0,sem1_results,RES_S1_25881A66D9_A9801,STU_25881A66D9,SUB_1_A9801
25881A66D9,THOTAKURI BHAVYA,C,1,A9205,Basic Electrical Engineering Laboratory,O,10.0,100.0,PASS,7.95,0,sem1_results,RES_S1_25881A66D9_A9205,STU_25881A66D9,SUB_1_A9205
25881A66E0,CHERUKUPALLY CHAITANYA AKSHITH,C,1,A9001,Matrices and Calculus,O,10.0,100.0,PASS,9.1,0,sem1_results,RES_S1_25881A66E0_A9001,STU_25881A66E0,SUB_1_A9001
25881A66E0,CHERUKUPALLY CHAITANYA AKSHITH,C,1,A9501,Programming for Problem Solving,A,8.0,80.0,PASS,9.1,0,sem1_results,RES_S1_25881A66E0_A9501,STU_25881A66E0,SUB_1_A9501
25881A66E0,CHERUKUPALLY CHAITANYA AKSHITH,C,1,A9502,Programming for Problem Solving Laboratory,O,10.0,100.0,PASS,9.1,0,sem1_results,RES_S1_25881A66E0_A9502,STU_25881A66E0,SUB_1_A9502
25881A66E0,CHERUKUPALLY CHAITANYA AKSHITH,C,1,A9302,Engineering Workshop,A+,9.0,90.0,PASS,9.1,0,sem1_results,RES_S1_25881A66E0_A9302,STU_25881A66E0,SUB_1_A9302
25881A66E0,CHERUKUPALLY CHAITANYA AKSHITH,C,1,A9021,Community Centered Design Thinking,O,10.0,100.0,PASS,9.1,0,sem1_results,RES_S1_25881A66E0_A9021,STU_25881A66E0,SUB_1_A9021
25881A66E0,CHERUKUPALLY CHAITANYA AKSHITH,C,1,A9007,Engineering Physics,A+,9.0,90.0,PASS,9.1,0,sem1_results,RES_S1_25881A66E0_A9007,STU_25881A66E0,SUB_1_A9007
25881A66E0,CHERUKUPALLY CHAITANYA AKSHITH,C,1,A9008,Engineering Physics Laboratory,O,10.0,100.0,PASS,9.1,0,sem1_results,RES_S1_25881A66E0_A9008,STU_25881A66E0,SUB_1_A9008
25881A66E0,CHERUKUPALLY CHAITANYA AKSHITH,C,1,A9204,Basic Electrical Engineering,A+,9.0,90.0,PASS,9.1,0,sem1_results,RES_S1_25881A66E0_A9204,STU_25881A66E0,SUB_1_A9204
25881A66E0,CHERUKUPALLY CHAITANYA AKSHITH,C,1,A9801,Foundations of Data Science,A,8.0,80.0,PASS,9.1,0,sem1_results,RES_S1_25881A66E0_A9801,STU_25881A66E0,SUB_1_A9801
25881A66E0,CHERUKUPALLY CHAITANYA AKSHITH,C,1,A9205,Basic Electrical Engineering Laboratory,O,10.0,100.0,PASS,9.1,0,sem1_results,RES_S1_25881A66E0_A9205,STU_25881A66E0,SUB_1_A9205
25881A66E1,ALETI CHARAN,C,1,A9001,Matrices and Calculus,A+,9.0,90.0,PASS,8.7,0,sem1_results,RES_S1_25881A66E1_A9001,STU_25881A66E1,SUB_1_A9001
25881A66E1,ALETI CHARAN,C,1,A9501,Programming for Problem Solving,B+,7.0,70.0,PASS,8.7,0,sem1_results,RES_S1_25881A66E1_A9501,STU_25881A66E1,SUB_1_A9501
25881A66E1,ALETI CHARAN,C,1,A9502,Programming for Problem Solving Laboratory,A+,9.0,90.0,PASS,8.7,0,sem1_results,RES_S1_25881A66E1_A9502,STU_25881A66E1,SUB_1_A9502
25881A66E1,ALETI CHARAN,C,1,A9302,Engineering Workshop,A+,9.0,90.0,PASS,8.7,0,sem1_results,RES_S1_25881A66E1_A9302,STU_25881A66E1,SUB_1_A9302
25881A66E1,ALETI CHARAN,C,1,A9021,Community Centered Design Thinking,O,10.0,100.0,PASS,8.7,0,sem1_results,RES_S1_25881A66E1_A9021,STU_25881A66E1,SUB_1_A9021
25881A66E1,ALETI CHARAN,C,1,A9007,Engineering Physics,A+,9.0,90.0,PASS,8.7,0,sem1_results,RES_S1_25881A66E1_A9007,STU_25881A66E1,SUB_1_A9007
25881A66E1,ALETI CHARAN,C,1,A9008,Engineering Physics Laboratory,A+,9.0,90.0,PASS,8.7,0,sem1_results,RES_S1_25881A66E1_A9008,STU_25881A66E1,SUB_1_A9008
25881A66E1,ALETI CHARAN,C,1,A9204,Basic Electrical Engineering,A,8.0,80.0,PASS,8.7,0,sem1_results,RES_S1_25881A66E1_A9204,STU_25881A66E1,SUB_1_A9204
25881A66E1,ALETI CHARAN,C,1,A9801,Foundations of Data Science,A+,9.0,90.0,PASS,8.7,0,sem1_results,RES_S1_25881A66E1_A9801,STU_25881A66E1,SUB_1_A9801
25881A66E1,ALETI CHARAN,C,1,A9205,Basic Electrical Engineering Laboratory,O,10.0,100.0,PASS,8.7,0,sem1_results,RES_S1_25881A66E1_A9205,STU_25881A66E1,SUB_1_A9205
25881A66E2,BOMMANABOINA CHETAN,C,1,A9001,Matrices and Calculus,A+,9.0,90.0,PASS,7.95,0,sem1_results,RES_S1_25881A66E2_A9001,STU_25881A66E2,SUB_1_A9001
25881A66E2,BOMMANABOINA CHETAN,C,1,A9501,Programming for Problem Solving,B,6.0,60.0,PASS,7.95,0,sem1_results,RES_S1_25881A66E2_A9501,STU_25881A66E2,SUB_1_A9501
25881A66E2,BOMMANABOINA CHETAN,C,1,A9502,Programming for Problem Solving Laboratory,A,8.0,80.0,PASS,7.95,0,sem1_results,RES_S1_25881A66E2_A9502,STU_25881A66E2,SUB_1_A9502
25881A66E2,BOMMANABOINA CHETAN,C,1,A9302,Engineering Workshop,A+,9.0,90.0,PASS,7.95,0,sem1_results,RES_S1_25881A66E2_A9302,STU_25881A66E2,SUB_1_A9302
25881A66E2,BOMMANABOINA CHETAN,C,1,A9021,Community Centered Design Thinking,A,8.0,80.0,PASS,7.95,0,sem1_results,RES_S1_25881A66E2_A9021,STU_25881A66E2,SUB_1_A9021
25881A66E2,BOMMANABOINA CHETAN,C,1,A9007,Engineering Physics,A+,9.0,90.0,PASS,7.95,0,sem1_results,RES_S1_25881A66E2_A9007,STU_25881A66E2,SUB_1_A9007
25881A66E2,BOMMANABOINA CHETAN,C,1,A9008,Engineering Physics Laboratory,A+,9.0,90.0,PASS,7.95,0,sem1_results,RES_S1_25881A66E2_A9008,STU_25881A66E2,SUB_1_A9008
25881A66E2,BOMMANABOINA CHETAN,C,1,A9204,Basic Electrical Engineering,A,8.0,80.0,PASS,7.95,0,sem1_results,RES_S1_25881A66E2_A9204,STU_25881A66E2,SUB_1_A9204
25881A66E2,BOMMANABOINA CHETAN,C,1,A9801,Foundations of Data Science,B,6.0,60.0,PASS,7.95,0,sem1_results,RES_S1_25881A66E2_A9801,STU_25881A66E2,SUB_1_A9801
25881A66E2,BOMMANABOINA CHETAN,C,1,A9205,Basic Electrical Engineering Laboratory,O,10.0,100.0,PASS,7.95,0,sem1_results,RES_S1_25881A66E2_A9205,STU_25881A66E2,SUB_1_A9205
25881A66E3,TALLA DINESH GOUD,C,1,A9001,Matrices and Calculus,A+,9.0,90.0,PASS,7.9,0,sem1_results,RES_S1_25881A66E3_A9001,STU_25881A66E3,SUB_1_A9001
25881A66E3,TALLA DINESH GOUD,C,1,A9501,Programming for Problem Solving,B,6.0,60.0,PASS,7.9,0,sem1_results,RES_S1_25881A66E3_A9501,STU_25881A66E3,SUB_1_A9501
25881A66E3,TALLA DINESH GOUD,C,1,A9502,Programming for Problem Solving Laboratory,A+,9.0,90.0,PASS,7.9,0,sem1_results,RES_S1_25881A66E3_A9502,STU_25881A66E3,SUB_1_A9502
25881A66E3,TALLA DINESH GOUD,C,1,A9302,Engineering Workshop,A+,9.0,90.0,PASS,7.9,0,sem1_results,RES_S1_25881A66E3_A9302,STU_25881A66E3,SUB_1_A9302
25881A66E3,TALLA DINESH GOUD,C,1,A9021,Community Centered Design Thinking,O,10.0,100.0,PASS,7.9,0,sem1_results,RES_S1_25881A66E3_A9021,STU_25881A66E3,SUB_1_A9021
25881A66E3,TALLA DINESH GOUD,C,1,A9007,Engineering Physics,B+,7.0,70.0,PASS,7.9,0,sem1_results,RES_S1_25881A66E3_A9007,STU_25881A66E3,SUB_1_A9007
25881A66E3,TALLA DINESH GOUD,C,1,A9008,Engineering Physics Laboratory,A,8.0,80.0,PASS,7.9,0,sem1_results,RES_S1_25881A66E3_A9008,STU_25881A66E3,SUB_1_A9008
25881A66E3,TALLA DINESH GOUD,C,1,A9204,Basic Electrical Engineering,A,8.0,80.0,PASS,7.9,0,sem1_results,RES_S1_25881A66E3_A9204,STU_25881A66E3,SUB_1_A9204
25881A66E3,TALLA DINESH GOUD,C,1,A9801,Foundations of Data Science,B+,7.0,70.0,PASS,7.9,0,sem1_results,RES_S1_25881A66E3_A9801,STU_25881A66E3,SUB_1_A9801
25881A66E3,TALLA DINESH GOUD,C,1,A9205,Basic Electrical Engineering Laboratory,O,10.0,100.0,PASS,7.9,0,sem1_results,RES_S1_25881A66E3_A9205,STU_25881A66E3,SUB_1_A9205
25881A66E4,GANESH SAINI,C,1,A9001,Matrices and Calculus,O,10.0,100.0,PASS,9.05,0,sem1_results,RES_S1_25881A66E4_A9001,STU_25881A66E4,SUB_1_A9001
25881A66E4,GANESH SAINI,C,1,A9501,Programming for Problem Solving,B,6.0,60.0,PASS,9.05,0,sem1_results,RES_S1_25881A66E4_A9501,STU_25881A66E4,SUB_1_A9501
25881A66E4,GANESH SAINI,C,1,A9502,Programming for Problem Solving Laboratory,A+,9.0,90.0,PASS,9.05,0,sem1_results,RES_S1_25881A66E4_A9502,STU_25881A66E4,SUB_1_A9502
25881A66E4,GANESH SAINI,C,1,A9302,Engineering Workshop,O,10.0,100.0,PASS,9.05,0,sem1_results,RES_S1_25881A66E4_A9302,STU_25881A66E4,SUB_1_A9302
25881A66E4,GANESH SAINI,C,1,A9021,Community Centered Design Thinking,O,10.0,100.0,PASS,9.05,0,sem1_results,RES_S1_25881A66E4_A9021,STU_25881A66E4,SUB_1_A9021
25881A66E4,GANESH SAINI,C,1,A9007,Engineering Physics,A+,9.0,90.0,PASS,9.05,0,sem1_results,RES_S1_25881A66E4_A9007,STU_25881A66E4,SUB_1_A9007
25881A66E4,GANESH SAINI,C,1,A9008,Engineering Physics Laboratory,O,10.0,100.0,PASS,9.05,0,sem1_results,RES_S1_25881A66E4_A9008,STU_25881A66E4,SUB_1_A9008
25881A66E4,GANESH SAINI,C,1,A9204,Basic Electrical Engineering,O,10.0,100.0,PASS,9.05,0,sem1_results,RES_S1_25881A66E4_A9204,STU_25881A66E4,SUB_1_A9204
25881A66E4,GANESH SAINI,C,1,A9801,Foundations of Data Science,A+,9.0,90.0,PASS,9.05,0,sem1_results,RES_S1_25881A66E4_A9801,STU_25881A66E4,SUB_1_A9801
25881A66E4,GANESH SAINI,C,1,A9205,Basic Electrical Engineering Laboratory,O,10.0,100.0,PASS,9.05,0,sem1_results,RES_S1_25881A66E4_A9205,STU_25881A66E4,SUB_1_A9205
25881A66E5,NENAVATH HANMANTHU,C,1,A9001,Matrices and Calculus,A+,9.0,90.0,PASS,8.9,0,sem1_results,RES_S1_25881A66E5_A9001,STU_25881A66E5,SUB_1_A9001
25881A66E5,NENAVATH HANMANTHU,C,1,A9501,Programming for Problem Solving,B+,7.0,70.0,PASS,8.9,0,sem1_results,RES_S1_25881A66E5_A9501,STU_25881A66E5,SUB_1_A9501
25881A66E5,NENAVATH HANMANTHU,C,1,A9502,Programming for Problem Solving Laboratory,A+,9.0,90.0,PASS,8.9,0,sem1_results,RES_S1_25881A66E5_A9502,STU_25881A66E5,SUB_1_A9502
25881A66E5,NENAVATH HANMANTHU,C,1,A9302,Engineering Workshop,O,10.0,100.0,PASS,8.9,0,sem1_results,RES_S1_25881A66E5_A9302,STU_25881A66E5,SUB_1_A9302
25881A66E5,NENAVATH HANMANTHU,C,1,A9021,Community Centered Design Thinking,O,10.0,100.0,PASS,8.9,0,sem1_results,RES_S1_25881A66E5_A9021,STU_25881A66E5,SUB_1_A9021
25881A66E5,NENAVATH HANMANTHU,C,1,A9007,Engineering Physics,A+,9.0,90.0,PASS,8.9,0,sem1_results,RES_S1_25881A66E5_A9007,STU_25881A66E5,SUB_1_A9007
25881A66E5,NENAVATH HANMANTHU,C,1,A9008,Engineering Physics Laboratory,O,10.0,100.0,PASS,8.9,0,sem1_results,RES_S1_25881A66E5_A9008,STU_25881A66E5,SUB_1_A9008
25881A66E5,NENAVATH HANMANTHU,C,1,A9204,Basic Electrical Engineering,A+,9.0,90.0,PASS,8.9,0,sem1_results,RES_S1_25881A66E5_A9204,STU_25881A66E5,SUB_1_A9204
25881A66E5,NENAVATH HANMANTHU,C,1,A9801,Foundations of Data Science,A+,9.0,90.0,PASS,8.9,0,sem1_results,RES_S1_25881A66E5_A9801,STU_25881A66E5,SUB_1_A9801
25881A66E5,NENAVATH HANMANTHU,C,1,A9205,Basic Electrical Engineering Laboratory,O,10.0,100.0,PASS,8.9,0,sem1_results,RES_S1_25881A66E5_A9205,STU_25881A66E5,SUB_1_A9205
25881A66E6,ABBANBOINA HARIKA,C,1,A9001,Matrices and Calculus,O,10.0,100.0,PASS,9.15,0,sem1_results,RES_S1_25881A66E6_A9001,STU_25881A66E6,SUB_1_A9001
25881A66E6,ABBANBOINA HARIKA,C,1,A9501,Programming for Problem Solving,A,8.0,80.0,PASS,9.15,0,sem1_results,RES_S1_25881A66E6_A9501,STU_25881A66E6,SUB_1_A9501
25881A66E6,ABBANBOINA HARIKA,C,1,A9502,Programming for Problem Solving Laboratory,A+,9.0,90.0,PASS,9.15,0,sem1_results,RES_S1_25881A66E6_A9502,STU_25881A66E6,SUB_1_A9502
25881A66E6,ABBANBOINA HARIKA,C,1,A9302,Engineering Workshop,O,10.0,100.0,PASS,9.15,0,sem1_results,RES_S1_25881A66E6_A9302,STU_25881A66E6,SUB_1_A9302
25881A66E6,ABBANBOINA HARIKA,C,1,A9021,Community Centered Design Thinking,A+,9.0,90.0,PASS,9.15,0,sem1_results,RES_S1_25881A66E6_A9021,STU_25881A66E6,SUB_1_A9021
25881A66E6,ABBANBOINA HARIKA,C,1,A9007,Engineering Physics,A+,9.0,90.0,PASS,9.15,0,sem1_results,RES_S1_25881A66E6_A9007,STU_25881A66E6,SUB_1_A9007
25881A66E6,ABBANBOINA HARIKA,C,1,A9008,Engineering Physics Laboratory,O,10.0,100.0,PASS,9.15,0,sem1_results,RES_S1_25881A66E6_A9008,STU_25881A66E6,SUB_1_A9008
25881A66E6,ABBANBOINA HARIKA,C,1,A9204,Basic Electrical Engineering,O,10.0,100.0,PASS,9.15,0,sem1_results,RES_S1_25881A66E6_A9204,STU_25881A66E6,SUB_1_A9204
25881A66E6,ABBANBOINA HARIKA,C,1,A9801,Foundations of Data Science,A,8.0,80.0,PASS,9.15,0,sem1_results,RES_S1_25881A66E6_A9801,STU_25881A66E6,SUB_1_A9801
25881A66E6,ABBANBOINA HARIKA,C,1,A9205,Basic Electrical Engineering Laboratory,O,10.0,100.0,PASS,9.15,0,sem1_results,RES_S1_25881A66E6_A9205,STU_25881A66E6,SUB_1_A9205
25881A66E7,SUNKOJU HARSHITH,C,1,A9001,Matrices and Calculus,F,0.0,0.0,FAIL,2.1,6,sem1_results,RES_S1_25881A66E7_A9001,STU_25881A66E7,SUB_1_A9001
25881A66E7,SUNKOJU HARSHITH,C,1,A9501,Programming for Problem Solving,F,0.0,0.0,FAIL,2.1,6,sem1_results,RES_S1_25881A66E7_A9501,STU_25881A66E7,SUB_1_A9501
25881A66E7,SUNKOJU HARSHITH,C,1,A9502,Programming for Problem Solving Laboratory,F,0.0,0.0,FAIL,2.1,6,sem1_results,RES_S1_25881A66E7_A9502,STU_25881A66E7,SUB_1_A9502
25881A66E7,SUNKOJU HARSHITH,C,1,A9302,Engineering Workshop,A,8.0,80.0,PASS,2.1,6,sem1_results,RES_S1_25881A66E7_A9302,STU_25881A66E7,SUB_1_A9302
25881A66E7,SUNKOJU HARSHITH,C,1,A9021,Community Centered Design Thinking,A,8.0,80.0,PASS,2.1,6,sem1_results,RES_S1_25881A66E7_A9021,STU_25881A66E7,SUB_1_A9021
25881A66E7,SUNKOJU HARSHITH,C,1,A9007,Engineering Physics,F,0.0,0.0,FAIL,2.1,6,sem1_results,RES_S1_25881A66E7_A9007,STU_25881A66E7,SUB_1_A9007
25881A66E7,SUNKOJU HARSHITH,C,1,A9008,Engineering Physics Laboratory,F,0.0,0.0,FAIL,2.1,6,sem1_results,RES_S1_25881A66E7_A9008,STU_25881A66E7,SUB_1_A9008
25881A66E7,SUNKOJU HARSHITH,C,1,A9204,Basic Electrical Engineering,F,0.0,0.0,FAIL,2.1,6,sem1_results,RES_S1_25881A66E7_A9204,STU_25881A66E7,SUB_1_A9204
25881A66E7,SUNKOJU HARSHITH,C,1,A9801,Foundations of Data Science,B,6.0,60.0,PASS,2.1,6,sem1_results,RES_S1_25881A66E7_A9801,STU_25881A66E7,SUB_1_A9801
25881A66E7,SUNKOJU HARSHITH,C,1,A9205,Basic Electrical Engineering Laboratory,A,8.0,80.0,PASS,2.1,6,sem1_results,RES_S1_25881A66E7_A9205,STU_25881A66E7,SUB_1_A9205
25881A66E8,HARSHITH JHAJHRYA,C,1,A9001,Matrices and Calculus,O,10.0,100.0,PASS,9.5,0,sem1_results,RES_S1_25881A66E8_A9001,STU_25881A66E8,SUB_1_A9001
25881A66E8,HARSHITH JHAJHRYA,C,1,A9501,Programming for Problem Solving,A+,9.0,90.0,PASS,9.5,0,sem1_results,RES_S1_25881A66E8_A9501,STU_25881A66E8,SUB_1_A9501
25881A66E8,HARSHITH JHAJHRYA,C,1,A9502,Programming for Problem Solving Laboratory,A+,9.0,90.0,PASS,9.5,0,sem1_results,RES_S1_25881A66E8_A9502,STU_25881A66E8,SUB_1_A9502
25881A66E8,HARSHITH JHAJHRYA,C,1,A9302,Engineering Workshop,O,10.0,100.0,PASS,9.5,0,sem1_results,RES_S1_25881A66E8_A9302,STU_25881A66E8,SUB_1_A9302
25881A66E8,HARSHITH JHAJHRYA,C,1,A9021,Community Centered Design Thinking,O,10.0,100.0,PASS,9.5,0,sem1_results,RES_S1_25881A66E8_A9021,STU_25881A66E8,SUB_1_A9021
25881A66E8,HARSHITH JHAJHRYA,C,1,A9007,Engineering Physics,A+,9.0,90.0,PASS,9.5,0,sem1_results,RES_S1_25881A66E8_A9007,STU_25881A66E8,SUB_1_A9007
25881A66E8,HARSHITH JHAJHRYA,C,1,A9008,Engineering Physics Laboratory,O,10.0,100.0,PASS,9.5,0,sem1_results,RES_S1_25881A66E8_A9008,STU_25881A66E8,SUB_1_A9008
25881A66E8,HARSHITH JHAJHRYA,C,1,A9204,Basic Electrical Engineering,O,10.0,100.0,PASS,9.5,0,sem1_results,RES_S1_25881A66E8_A9204,STU_25881A66E8,SUB_1_A9204
25881A66E8,HARSHITH JHAJHRYA,C,1,A9801,Foundations of Data Science,A+,9.0,90.0,PASS,9.5,0,sem1_results,RES_S1_25881A66E8_A9801,STU_25881A66E8,SUB_1_A9801
25881A66E8,HARSHITH JHAJHRYA,C,1,A9205,Basic Electrical Engineering Laboratory,O,10.0,100.0,PASS,9.5,0,sem1_results,RES_S1_25881A66E8_A9205,STU_25881A66E8,SUB_1_A9205
25881A66E9,DEVULAPALLY HASINI REDDY,C,1,A9001,Matrices and Calculus,C,5.0,50.0,PASS,4.95,2,sem1_results,RES_S1_25881A66E9_A9001,STU_25881A66E9,SUB_1_A9001
25881A66E9,DEVULAPALLY HASINI REDDY,C,1,A9501,Programming for Problem Solving,F,0.0,0.0,FAIL,4.95,2,sem1_results,RES_S1_25881A66E9_A9501,STU_25881A66E9,SUB_1_A9501
25881A66E9,DEVULAPALLY HASINI REDDY,C,1,A9502,Programming for Problem Solving Laboratory,B,6.0,60.0,PASS,4.95,2,sem1_results,RES_S1_25881A66E9_A9502,STU_25881A66E9,SUB_1_A9502
25881A66E9,DEVULAPALLY HASINI REDDY,C,1,A9302,Engineering Workshop,A+,9.0,90.0,PASS,4.95,2,sem1_results,RES_S1_25881A66E9_A9302,STU_25881A66E9,SUB_1_A9302
25881A66E9,DEVULAPALLY HASINI REDDY,C,1,A9021,Community Centered Design Thinking,O,10.0,100.0,PASS,4.95,2,sem1_results,RES_S1_25881A66E9_A9021,STU_25881A66E9,SUB_1_A9021
25881A66E9,DEVULAPALLY HASINI REDDY,C,1,A9007,Engineering Physics,F,0.0,0.0,FAIL,4.95,2,sem1_results,RES_S1_25881A66E9_A9007,STU_25881A66E9,SUB_1_A9007
25881A66E9,DEVULAPALLY HASINI REDDY,C,1,A9008,Engineering Physics Laboratory,A+,9.0,90.0,PASS,4.95,2,sem1_results,RES_S1_25881A66E9_A9008,STU_25881A66E9,SUB_1_A9008
25881A66E9,DEVULAPALLY HASINI REDDY,C,1,A9204,Basic Electrical Engineering,B,6.0,60.0,PASS,4.95,2,sem1_results,RES_S1_25881A66E9_A9204,STU_25881A66E9,SUB_1_A9204
25881A66E9,DEVULAPALLY HASINI REDDY,C,1,A9801,Foundations of Data Science,A,8.0,80.0,PASS,4.95,2,sem1_results,RES_S1_25881A66E9_A9801,STU_25881A66E9,SUB_1_A9801
25881A66E9,DEVULAPALLY HASINI REDDY,C,1,A9205,Basic Electrical Engineering Laboratory,A+,9.0,90.0,PASS,4.95,2,sem1_results,RES_S1_25881A66E9_A9205,STU_25881A66E9,SUB_1_A9205
25881A66F0,G HEMANATHA REDDY,C,1,A9001,Matrices and Calculus,B+,7.0,70.0,PASS,6.4,1,sem1_results,RES_S1_25881A66F0_A9001,STU_25881A66F0,SUB_1_A9001
25881A66F0,G HEMANATHA REDDY,C,1,A9501,Programming for Problem Solving,B+,7.0,70.0,PASS,6.4,1,sem1_results,RES_S1_25881A66F0_A9501,STU_25881A66F0,SUB_1_A9501
25881A66F0,G HEMANATHA REDDY,C,1,A9502,Programming for Problem Solving Laboratory,A+,9.0,90.0,PASS,6.4,1,sem1_results,RES_S1_25881A66F0_A9502,STU_25881A66F0,SUB_1_A9502
25881A66F0,G HEMANATHA REDDY,C,1,A9302,Engineering Workshop,A+,9.0,90.0,PASS,6.4,1,sem1_results,RES_S1_25881A66F0_A9302,STU_25881A66F0,SUB_1_A9302
25881A66F0,G HEMANATHA REDDY,C,1,A9021,Community Centered Design Thinking,O,10.0,100.0,PASS,6.4,1,sem1_results,RES_S1_25881A66F0_A9021,STU_25881A66F0,SUB_1_A9021
25881A66F0,G HEMANATHA REDDY,C,1,A9007,Engineering Physics,C,5.0,50.0,PASS,6.4,1,sem1_results,RES_S1_25881A66F0_A9007,STU_25881A66F0,SUB_1_A9007
25881A66F0,G HEMANATHA REDDY,C,1,A9008,Engineering Physics Laboratory,A+,9.0,90.0,PASS,6.4,1,sem1_results,RES_S1_25881A66F0_A9008,STU_25881A66F0,SUB_1_A9008
25881A66F0,G HEMANATHA REDDY,C,1,A9204,Basic Electrical Engineering,F,0.0,0.0,FAIL,6.4,1,sem1_results,RES_S1_25881A66F0_A9204,STU_25881A66F0,SUB_1_A9204
25881A66F0,G HEMANATHA REDDY,C,1,A9801,Foundations of Data Science,B,6.0,60.0,PASS,6.4,1,sem1_results,RES_S1_25881A66F0_A9801,STU_25881A66F0,SUB_1_A9801
25881A66F0,G HEMANATHA REDDY,C,1,A9205,Basic Electrical Engineering Laboratory,A+,9.0,90.0,PASS,6.4,1,sem1_results,RES_S1_25881A66F0_A9205,STU_25881A66F0,SUB_1_A9205
25881A66F1,BASAVESHA HIREMATH,C,1,A9001,Matrices and Calculus,A+,9.0,90.0,PASS,7.9,0,sem1_results,RES_S1_25881A66F1_A9001,STU_25881A66F1,SUB_1_A9001
25881A66F1,BASAVESHA HIREMATH,C,1,A9501,Programming for Problem Solving,B,6.0,60.0,PASS,7.9,0,sem1_results,RES_S1_25881A66F1_A9501,STU_25881A66F1,SUB_1_A9501
25881A66F1,BASAVESHA HIREMATH,C,1,A9502,Programming for Problem Solving Laboratory,A+,9.0,90.0,PASS,7.9,0,sem1_results,RES_S1_25881A66F1_A9502,STU_25881A66F1,SUB_1_A9502
25881A66F1,BASAVESHA HIREMATH,C,1,A9302,Engineering Workshop,A+,9.0,90.0,PASS,7.9,0,sem1_results,RES_S1_25881A66F1_A9302,STU_25881A66F1,SUB_1_A9302
25881A66F1,BASAVESHA HIREMATH,C,1,A9021,Community Centered Design Thinking,A+,9.0,90.0,PASS,7.9,0,sem1_results,RES_S1_25881A66F1_A9021,STU_25881A66F1,SUB_1_A9021
25881A66F1,BASAVESHA HIREMATH,C,1,A9007,Engineering Physics,B+,7.0,70.0,PASS,7.9,0,sem1_results,RES_S1_25881A66F1_A9007,STU_25881A66F1,SUB_1_A9007
25881A66F1,BASAVESHA HIREMATH,C,1,A9008,Engineering Physics Laboratory,A+,9.0,90.0,PASS,7.9,0,sem1_results,RES_S1_25881A66F1_A9008,STU_25881A66F1,SUB_1_A9008
25881A66F1,BASAVESHA HIREMATH,C,1,A9204,Basic Electrical Engineering,A,8.0,80.0,PASS,7.9,0,sem1_results,RES_S1_25881A66F1_A9204,STU_25881A66F1,SUB_1_A9204
25881A66F1,BASAVESHA HIREMATH,C,1,A9801,Foundations of Data Science,B+,7.0,70.0,PASS,7.9,0,sem1_results,RES_S1_25881A66F1_A9801,STU_25881A66F1,SUB_1_A9801
25881A66F1,BASAVESHA HIREMATH,C,1,A9205,Basic Electrical Engineering Laboratory,O,10.0,100.0,PASS,7.9,0,sem1_results,RES_S1_25881A66F1_A9205,STU_25881A66F1,SUB_1_A9205
25881A66F2,SARDARNI JASMEET KAUR,C,1,A9001,Matrices and Calculus,B+,7.0,70.0,PASS,7.8,0,sem1_results,RES_S1_25881A66F2_A9001,STU_25881A66F2,SUB_1_A9001
25881A66F2,SARDARNI JASMEET KAUR,C,1,A9501,Programming for Problem Solving,B,6.0,60.0,PASS,7.8,0,sem1_results,RES_S1_25881A66F2_A9501,STU_25881A66F2,SUB_1_A9501
25881A66F2,SARDARNI JASMEET KAUR,C,1,A9502,Programming for Problem Solving Laboratory,A,8.0,80.0,PASS,7.8,0,sem1_results,RES_S1_25881A66F2_A9502,STU_25881A66F2,SUB_1_A9502
25881A66F2,SARDARNI JASMEET KAUR,C,1,A9302,Engineering Workshop,A+,9.0,90.0,PASS,7.8,0,sem1_results,RES_S1_25881A66F2_A9302,STU_25881A66F2,SUB_1_A9302
25881A66F2,SARDARNI JASMEET KAUR,C,1,A9021,Community Centered Design Thinking,A+,9.0,90.0,PASS,7.8,0,sem1_results,RES_S1_25881A66F2_A9021,STU_25881A66F2,SUB_1_A9021
25881A66F2,SARDARNI JASMEET KAUR,C,1,A9007,Engineering Physics,A,8.0,80.0,PASS,7.8,0,sem1_results,RES_S1_25881A66F2_A9007,STU_25881A66F2,SUB_1_A9007
25881A66F2,SARDARNI JASMEET KAUR,C,1,A9008,Engineering Physics Laboratory,O,10.0,100.0,PASS,7.8,0,sem1_results,RES_S1_25881A66F2_A9008,STU_25881A66F2,SUB_1_A9008
25881A66F2,SARDARNI JASMEET KAUR,C,1,A9204,Basic Electrical Engineering,A,8.0,80.0,PASS,7.8,0,sem1_results,RES_S1_25881A66F2_A9204,STU_25881A66F2,SUB_1_A9204
25881A66F2,SARDARNI JASMEET KAUR,C,1,A9801,Foundations of Data Science,A,8.0,80.0,PASS,7.8,0,sem1_results,RES_S1_25881A66F2_A9801,STU_25881A66F2,SUB_1_A9801
25881A66F2,SARDARNI JASMEET KAUR,C,1,A9205,Basic Electrical Engineering Laboratory,O,10.0,100.0,PASS,7.8,0,sem1_results,RES_S1_25881A66F2_A9205,STU_25881A66F2,SUB_1_A9205
25881A66F3,PALLEMPATI JATHIN,C,1,A9001,Matrices and Calculus,A+,9.0,90.0,PASS,9.0,0,sem1_results,RES_S1_25881A66F3_A9001,STU_25881A66F3,SUB_1_A9001
25881A66F3,PALLEMPATI JATHIN,C,1,A9501,Programming for Problem Solving,A,8.0,80.0,PASS,9.0,0,sem1_results,RES_S1_25881A66F3_A9501,STU_25881A66F3,SUB_1_A9501
25881A66F3,PALLEMPATI JATHIN,C,1,A9502,Programming for Problem Solving Laboratory,A,8.0,80.0,PASS,9.0,0,sem1_results,RES_S1_25881A66F3_A9502,STU_25881A66F3,SUB_1_A9502
25881A66F3,PALLEMPATI JATHIN,C,1,A9302,Engineering Workshop,O,10.0,100.0,PASS,9.0,0,sem1_results,RES_S1_25881A66F3_A9302,STU_25881A66F3,SUB_1_A9302
25881A66F3,PALLEMPATI JATHIN,C,1,A9021,Community Centered Design Thinking,O,10.0,100.0,PASS,9.0,0,sem1_results,RES_S1_25881A66F3_A9021,STU_25881A66F3,SUB_1_A9021
25881A66F3,PALLEMPATI JATHIN,C,1,A9007,Engineering Physics,A+,9.0,90.0,PASS,9.0,0,sem1_results,RES_S1_25881A66F3_A9007,STU_25881A66F3,SUB_1_A9007
25881A66F3,PALLEMPATI JATHIN,C,1,A9008,Engineering Physics Laboratory,O,10.0,100.0,PASS,9.0,0,sem1_results,RES_S1_25881A66F3_A9008,STU_25881A66F3,SUB_1_A9008
25881A66F3,PALLEMPATI JATHIN,C,1,A9204,Basic Electrical Engineering,A+,9.0,90.0,PASS,9.0,0,sem1_results,RES_S1_25881A66F3_A9204,STU_25881A66F3,SUB_1_A9204
25881A66F3,PALLEMPATI JATHIN,C,1,A9801,Foundations of Data Science,A+,9.0,90.0,PASS,9.0,0,sem1_results,RES_S1_25881A66F3_A9801,STU_25881A66F3,SUB_1_A9801
25881A66F3,PALLEMPATI JATHIN,C,1,A9205,Basic Electrical Engineering Laboratory,O,10.0,100.0,PASS,9.0,0,sem1_results,RES_S1_25881A66F3_A9205,STU_25881A66F3,SUB_1_A9205
25881A66F4,JARUGUMALLI JOY BENJMEN,C,1,A9001,Matrices and Calculus,F,0.0,0.0,FAIL,2.35,5,sem1_results,RES_S1_25881A66F4_A9001,STU_25881A66F4,SUB_1_A9001
25881A66F4,JARUGUMALLI JOY BENJMEN,C,1,A9501,Programming for Problem Solving,F,0.0,0.0,FAIL,2.35,5,sem1_results,RES_S1_25881A66F4_A9501,STU_25881A66F4,SUB_1_A9501
25881A66F4,JARUGUMALLI JOY BENJMEN,C,1,A9502,Programming for Problem Solving Laboratory,F,0.0,0.0,FAIL,2.35,5,sem1_results,RES_S1_25881A66F4_A9502,STU_25881A66F4,SUB_1_A9502
25881A66F4,JARUGUMALLI JOY BENJMEN,C,1,A9302,Engineering Workshop,A+,9.0,90.0,PASS,2.35,5,sem1_results,RES_S1_25881A66F4_A9302,STU_25881A66F4,SUB_1_A9302
25881A66F4,JARUGUMALLI JOY BENJMEN,C,1,A9021,Community Centered Design Thinking,B+,7.0,70.0,PASS,2.35,5,sem1_results,RES_S1_25881A66F4_A9021,STU_25881A66F4,SUB_1_A9021
25881A66F4,JARUGUMALLI JOY BENJMEN,C,1,A9007,Engineering Physics,F,0.0,0.0,FAIL,2.35,5,sem1_results,RES_S1_25881A66F4_A9007,STU_25881A66F4,SUB_1_A9007
25881A66F4,JARUGUMALLI JOY BENJMEN,C,1,A9008,Engineering Physics Laboratory,A,8.0,80.0,PASS,2.35,5,sem1_results,RES_S1_25881A66F4_A9008,STU_25881A66F4,SUB_1_A9008
25881A66F4,JARUGUMALLI JOY BENJMEN,C,1,A9204,Basic Electrical Engineering,F,0.0,0.0,FAIL,2.35,5,sem1_results,RES_S1_25881A66F4_A9204,STU_25881A66F4,SUB_1_A9204
25881A66F4,JARUGUMALLI JOY BENJMEN,C,1,A9801,Foundations of Data Science,C,5.0,50.0,PASS,2.35,5,sem1_results,RES_S1_25881A66F4_A9801,STU_25881A66F4,SUB_1_A9801
25881A66F4,JARUGUMALLI JOY BENJMEN,C,1,A9205,Basic Electrical Engineering Laboratory,A,8.0,80.0,PASS,2.35,5,sem1_results,RES_S1_25881A66F4_A9205,STU_25881A66F4,SUB_1_A9205
25881A66F5,CHILAKALA KARTHIKEYA,C,1,A9001,Matrices and Calculus,A,8.0,80.0,PASS,6.4,1,sem1_results,RES_S1_25881A66F5_A9001,STU_25881A66F5,SUB_1_A9001
25881A66F5,CHILAKALA KARTHIKEYA,C,1,A9501,Programming for Problem Solving,F,0.0,0.0,FAIL,6.4,1,sem1_results,RES_S1_25881A66F5_A9501,STU_25881A66F5,SUB_1_A9501
25881A66F5,CHILAKALA KARTHIKEYA,C,1,A9502,Programming for Problem Solving Laboratory,B,6.0,60.0,PASS,6.4,1,sem1_results,RES_S1_25881A66F5_A9502,STU_25881A66F5,SUB_1_A9502
25881A66F5,CHILAKALA KARTHIKEYA,C,1,A9302,Engineering Workshop,A+,9.0,90.0,PASS,6.4,1,sem1_results,RES_S1_25881A66F5_A9302,STU_25881A66F5,SUB_1_A9302
25881A66F5,CHILAKALA KARTHIKEYA,C,1,A9021,Community Centered Design Thinking,B+,7.0,70.0,PASS,6.4,1,sem1_results,RES_S1_25881A66F5_A9021,STU_25881A66F5,SUB_1_A9021
25881A66F5,CHILAKALA KARTHIKEYA,C,1,A9007,Engineering Physics,B,6.0,60.0,PASS,6.4,1,sem1_results,RES_S1_25881A66F5_A9007,STU_25881A66F5,SUB_1_A9007
25881A66F5,CHILAKALA KARTHIKEYA,C,1,A9008,Engineering Physics Laboratory,A+,9.0,90.0,PASS,6.4,1,sem1_results,RES_S1_25881A66F5_A9008,STU_25881A66F5,SUB_1_A9008
25881A66F5,CHILAKALA KARTHIKEYA,C,1,A9204,Basic Electrical Engineering,B+,7.0,70.0,PASS,6.4,1,sem1_results,RES_S1_25881A66F5_A9204,STU_25881A66F5,SUB_1_A9204
25881A66F5,CHILAKALA KARTHIKEYA,C,1,A9801,Foundations of Data Science,A,8.0,80.0,PASS,6.4,1,sem1_results,RES_S1_25881A66F5_A9801,STU_25881A66F5,SUB_1_A9801
25881A66F5,CHILAKALA KARTHIKEYA,C,1,A9205,Basic Electrical Engineering Laboratory,A+,9.0,90.0,PASS,6.4,1,sem1_results,RES_S1_25881A66F5_A9205,STU_25881A66F5,SUB_1_A9205
25881A66F6,BALIJA MADHUSHALINI,C,1,A9001,Matrices and Calculus,A+,9.0,90.0,PASS,8.45,0,sem1_results,RES_S1_25881A66F6_A9001,STU_25881A66F6,SUB_1_A9001
25881A66F6,BALIJA MADHUSHALINI,C,1,A9501,Programming for Problem Solving,B+,7.0,70.0,PASS,8.45,0,sem1_results,RES_S1_25881A66F6_A9501,STU_25881A66F6,SUB_1_A9501
25881A66F6,BALIJA MADHUSHALINI,C,1,A9502,Programming for Problem Solving Laboratory,B+,7.0,70.0,PASS,8.45,0,sem1_results,RES_S1_25881A66F6_A9502,STU_25881A66F6,SUB_1_A9502
25881A66F6,BALIJA MADHUSHALINI,C,1,A9302,Engineering Workshop,A+,9.0,90.0,PASS,8.45,0,sem1_results,RES_S1_25881A66F6_A9302,STU_25881A66F6,SUB_1_A9302
25881A66F6,BALIJA MADHUSHALINI,C,1,A9021,Community Centered Design Thinking,B+,7.0,70.0,PASS,8.45,0,sem1_results,RES_S1_25881A66F6_A9021,STU_25881A66F6,SUB_1_A9021
25881A66F6,BALIJA MADHUSHALINI,C,1,A9007,Engineering Physics,A,8.0,80.0,PASS,8.45,0,sem1_results,RES_S1_25881A66F6_A9007,STU_25881A66F6,SUB_1_A9007
25881A66F6,BALIJA MADHUSHALINI,C,1,A9008,Engineering Physics Laboratory,O,10.0,100.0,PASS,8.45,0,sem1_results,RES_S1_25881A66F6_A9008,STU_25881A66F6,SUB_1_A9008
25881A66F6,BALIJA MADHUSHALINI,C,1,A9204,Basic Electrical Engineering,A+,9.0,90.0,PASS,8.45,0,sem1_results,RES_S1_25881A66F6_A9204,STU_25881A66F6,SUB_1_A9204
25881A66F6,BALIJA MADHUSHALINI,C,1,A9801,Foundations of Data Science,A+,9.0,90.0,PASS,8.45,0,sem1_results,RES_S1_25881A66F6_A9801,STU_25881A66F6,SUB_1_A9801
25881A66F6,BALIJA MADHUSHALINI,C,1,A9205,Basic Electrical Engineering Laboratory,O,10.0,100.0,PASS,8.45,0,sem1_results,RES_S1_25881A66F6_A9205,STU_25881A66F6,SUB_1_A9205
25881A66F7,DEBOJIT MAJUMDAR,C,1,A9001,Matrices and Calculus,B,6.0,60.0,PASS,6.25,1,sem1_results,RES_S1_25881A66F7_A9001,STU_25881A66F7,SUB_1_A9001
25881A66F7,DEBOJIT MAJUMDAR,C,1,A9501,Programming for Problem Solving,F,0.0,0.0,FAIL,6.25,1,sem1_results,RES_S1_25881A66F7_A9501,STU_25881A66F7,SUB_1_A9501
25881A66F7,DEBOJIT MAJUMDAR,C,1,A9502,Programming for Problem Solving Laboratory,A,8.0,80.0,PASS,6.25,1,sem1_results,RES_S1_25881A66F7_A9502,STU_25881A66F7,SUB_1_A9502
25881A66F7,DEBOJIT MAJUMDAR,C,1,A9302,Engineering Workshop,A+,9.0,90.0,PASS,6.25,1,sem1_results,RES_S1_25881A66F7_A9302,STU_25881A66F7,SUB_1_A9302
25881A66F7,DEBOJIT MAJUMDAR,C,1,A9021,Community Centered Design Thinking,A+,9.0,90.0,PASS,6.25,1,sem1_results,RES_S1_25881A66F7_A9021,STU_25881A66F7,SUB_1_A9021
25881A66F7,DEBOJIT MAJUMDAR,C,1,A9007,Engineering Physics,B+,7.0,70.0,PASS,6.25,1,sem1_results,RES_S1_25881A66F7_A9007,STU_25881A66F7,SUB_1_A9007
25881A66F7,DEBOJIT MAJUMDAR,C,1,A9008,Engineering Physics Laboratory,A+,9.0,90.0,PASS,6.25,1,sem1_results,RES_S1_25881A66F7_A9008,STU_25881A66F7,SUB_1_A9008
25881A66F7,DEBOJIT MAJUMDAR,C,1,A9204,Basic Electrical Engineering,B+,7.0,70.0,PASS,6.25,1,sem1_results,RES_S1_25881A66F7_A9204,STU_25881A66F7,SUB_1_A9204
25881A66F7,DEBOJIT MAJUMDAR,C,1,A9801,Foundations of Data Science,B+,7.0,70.0,PASS,6.25,1,sem1_results,RES_S1_25881A66F7_A9801,STU_25881A66F7,SUB_1_A9801
25881A66F7,DEBOJIT MAJUMDAR,C,1,A9205,Basic Electrical Engineering Laboratory,O,10.0,100.0,PASS,6.25,1,sem1_results,RES_S1_25881A66F7_A9205,STU_25881A66F7,SUB_1_A9205
25881A66F8,BADUGU MANIVARSHITH,C,1,A9001,Matrices and Calculus,O,10.0,100.0,PASS,8.75,0,sem1_results,RES_S1_25881A66F8_A9001,STU_25881A66F8,SUB_1_A9001
25881A66F8,BADUGU MANIVARSHITH,C,1,A9501,Programming for Problem Solving,B+,7.0,70.0,PASS,8.75,0,sem1_results,RES_S1_25881A66F8_A9501,STU_25881A66F8,SUB_1_A9501
25881A66F8,BADUGU MANIVARSHITH,C,1,A9502,Programming for Problem Solving Laboratory,B+,7.0,70.0,PASS,8.75,0,sem1_results,RES_S1_25881A66F8_A9502,STU_25881A66F8,SUB_1_A9502
25881A66F8,BADUGU MANIVARSHITH,C,1,A9302,Engineering Workshop,A+,9.0,90.0,PASS,8.75,0,sem1_results,RES_S1_25881A66F8_A9302,STU_25881A66F8,SUB_1_A9302
25881A66F8,BADUGU MANIVARSHITH,C,1,A9021,Community Centered Design Thinking,A+,9.0,90.0,PASS,8.75,0,sem1_results,RES_S1_25881A66F8_A9021,STU_25881A66F8,SUB_1_A9021
25881A66F8,BADUGU MANIVARSHITH,C,1,A9007,Engineering Physics,A+,9.0,90.0,PASS,8.75,0,sem1_results,RES_S1_25881A66F8_A9007,STU_25881A66F8,SUB_1_A9007
25881A66F8,BADUGU MANIVARSHITH,C,1,A9008,Engineering Physics Laboratory,O,10.0,100.0,PASS,8.75,0,sem1_results,RES_S1_25881A66F8_A9008,STU_25881A66F8,SUB_1_A9008
25881A66F8,BADUGU MANIVARSHITH,C,1,A9204,Basic Electrical Engineering,A+,9.0,90.0,PASS,8.75,0,sem1_results,RES_S1_25881A66F8_A9204,STU_25881A66F8,SUB_1_A9204
25881A66F8,BADUGU MANIVARSHITH,C,1,A9801,Foundations of Data Science,A,8.0,80.0,PASS,8.75,0,sem1_results,RES_S1_25881A66F8_A9801,STU_25881A66F8,SUB_1_A9801
25881A66F8,BADUGU MANIVARSHITH,C,1,A9205,Basic Electrical Engineering Laboratory,O,10.0,100.0,PASS,8.75,0,sem1_results,RES_S1_25881A66F8_A9205,STU_25881A66F8,SUB_1_A9205
25881A66F9,MANCHINILLA MANOJ,C,1,A9001,Matrices and Calculus,B+,7.0,70.0,PASS,7.15,0,sem1_results,RES_S1_25881A66F9_A9001,STU_25881A66F9,SUB_1_A9001
25881A66F9,MANCHINILLA MANOJ,C,1,A9501,Programming for Problem Solving,C,5.0,50.0,PASS,7.15,0,sem1_results,RES_S1_25881A66F9_A9501,STU_25881A66F9,SUB_1_A9501
25881A66F9,MANCHINILLA MANOJ,C,1,A9502,Programming for Problem Solving Laboratory,A,8.0,80.0,PASS,7.15,0,sem1_results,RES_S1_25881A66F9_A9502,STU_25881A66F9,SUB_1_A9502
25881A66F9,MANCHINILLA MANOJ,C,1,A9302,Engineering Workshop,A+,9.0,90.0,PASS,7.15,0,sem1_results,RES_S1_25881A66F9_A9302,STU_25881A66F9,SUB_1_A9302
25881A66F9,MANCHINILLA MANOJ,C,1,A9021,Community Centered Design Thinking,B+,7.0,70.0,PASS,7.15,0,sem1_results,RES_S1_25881A66F9_A9021,STU_25881A66F9,SUB_1_A9021
25881A66F9,MANCHINILLA MANOJ,C,1,A9007,Engineering Physics,B,6.0,60.0,PASS,7.15,0,sem1_results,RES_S1_25881A66F9_A9007,STU_25881A66F9,SUB_1_A9007
25881A66F9,MANCHINILLA MANOJ,C,1,A9008,Engineering Physics Laboratory,O,10.0,100.0,PASS,7.15,0,sem1_results,RES_S1_25881A66F9_A9008,STU_25881A66F9,SUB_1_A9008
25881A66F9,MANCHINILLA MANOJ,C,1,A9204,Basic Electrical Engineering,B+,7.0,70.0,PASS,7.15,0,sem1_results,RES_S1_25881A66F9_A9204,STU_25881A66F9,SUB_1_A9204
25881A66F9,MANCHINILLA MANOJ,C,1,A9801,Foundations of Data Science,A,8.0,80.0,PASS,7.15,0,sem1_results,RES_S1_25881A66F9_A9801,STU_25881A66F9,SUB_1_A9801
25881A66F9,MANCHINILLA MANOJ,C,1,A9205,Basic Electrical Engineering Laboratory,O,10.0,100.0,PASS,7.15,0,sem1_results,RES_S1_25881A66F9_A9205,STU_25881A66F9,SUB_1_A9205
25881A66G0,BACHALWAD MARUTHI,C,1,A9001,Matrices and Calculus,O,10.0,100.0,PASS,8.5,0,sem1_results,RES_S1_25881A66G0_A9001,STU_25881A66G0,SUB_1_A9001
25881A66G0,BACHALWAD MARUTHI,C,1,A9501,Programming for Problem Solving,B+,7.0,70.0,PASS,8.5,0,sem1_results,RES_S1_25881A66G0_A9501,STU_25881A66G0,SUB_1_A9501
25881A66G0,BACHALWAD MARUTHI,C,1,A9502,Programming for Problem Solving Laboratory,A,8.0,80.0,PASS,8.5,0,sem1_results,RES_S1_25881A66G0_A9502,STU_25881A66G0,SUB_1_A9502
25881A66G0,BACHALWAD MARUTHI,C,1,A9302,Engineering Workshop,A+,9.0,90.0,PASS,8.5,0,sem1_results,RES_S1_25881A66G0_A9302,STU_25881A66G0,SUB_1_A9302
25881A66G0,BACHALWAD MARUTHI,C,1,A9021,Community Centered Design Thinking,A+,9.0,90.0,PASS,8.5,0,sem1_results,RES_S1_25881A66G0_A9021,STU_25881A66G0,SUB_1_A9021
25881A66G0,BACHALWAD MARUTHI,C,1,A9007,Engineering Physics,A,8.0,80.0,PASS,8.5,0,sem1_results,RES_S1_25881A66G0_A9007,STU_25881A66G0,SUB_1_A9007
25881A66G0,BACHALWAD MARUTHI,C,1,A9008,Engineering Physics Laboratory,A+,9.0,90.0,PASS,8.5,0,sem1_results,RES_S1_25881A66G0_A9008,STU_25881A66G0,SUB_1_A9008
25881A66G0,BACHALWAD MARUTHI,C,1,A9204,Basic Electrical Engineering,A,8.0,80.0,PASS,8.5,0,sem1_results,RES_S1_25881A66G0_A9204,STU_25881A66G0,SUB_1_A9204
25881A66G0,BACHALWAD MARUTHI,C,1,A9801,Foundations of Data Science,A,8.0,80.0,PASS,8.5,0,sem1_results,RES_S1_25881A66G0_A9801,STU_25881A66G0,SUB_1_A9801
25881A66G0,BACHALWAD MARUTHI,C,1,A9205,Basic Electrical Engineering Laboratory,O,10.0,100.0,PASS,8.5,0,sem1_results,RES_S1_25881A66G0_A9205,STU_25881A66G0,SUB_1_A9205
25881A66G1,ERUVA MOHITH,C,1,A9001,Matrices and Calculus,O,10.0,100.0,PASS,8.8,0,sem1_results,RES_S1_25881A66G1_A9001,STU_25881A66G1,SUB_1_A9001
25881A66G1,ERUVA MOHITH,C,1,A9501,Programming for Problem Solving,A,8.0,80.0,PASS,8.8,0,sem1_results,RES_S1_25881A66G1_A9501,STU_25881A66G1,SUB_1_A9501
25881A66G1,ERUVA MOHITH,C,1,A9502,Programming for Problem Solving Laboratory,A+,9.0,90.0,PASS,8.8,0,sem1_results,RES_S1_25881A66G1_A9502,STU_25881A66G1,SUB_1_A9502
25881A66G1,ERUVA MOHITH,C,1,A9302,Engineering Workshop,A+,9.0,90.0,PASS,8.8,0,sem1_results,RES_S1_25881A66G1_A9302,STU_25881A66G1,SUB_1_A9302
25881A66G1,ERUVA MOHITH,C,1,A9021,Community Centered Design Thinking,A,8.0,80.0,PASS,8.8,0,sem1_results,RES_S1_25881A66G1_A9021,STU_25881A66G1,SUB_1_A9021
25881A66G1,ERUVA MOHITH,C,1,A9007,Engineering Physics,A,8.0,80.0,PASS,8.8,0,sem1_results,RES_S1_25881A66G1_A9007,STU_25881A66G1,SUB_1_A9007
25881A66G1,ERUVA MOHITH,C,1,A9008,Engineering Physics Laboratory,O,10.0,100.0,PASS,8.8,0,sem1_results,RES_S1_25881A66G1_A9008,STU_25881A66G1,SUB_1_A9008
25881A66G1,ERUVA MOHITH,C,1,A9204,Basic Electrical Engineering,A+,9.0,90.0,PASS,8.8,0,sem1_results,RES_S1_25881A66G1_A9204,STU_25881A66G1,SUB_1_A9204
25881A66G1,ERUVA MOHITH,C,1,A9801,Foundations of Data Science,A,8.0,80.0,PASS,8.8,0,sem1_results,RES_S1_25881A66G1_A9801,STU_25881A66G1,SUB_1_A9801
25881A66G1,ERUVA MOHITH,C,1,A9205,Basic Electrical Engineering Laboratory,O,10.0,100.0,PASS,8.8,0,sem1_results,RES_S1_25881A66G1_A9205,STU_25881A66G1,SUB_1_A9205
25881A66G2,MUHAMMAD MUSTAFA,C,1,A9001,Matrices and Calculus,O,10.0,100.0,PASS,9.4,0,sem1_results,RES_S1_25881A66G2_A9001,STU_25881A66G2,SUB_1_A9001
25881A66G2,MUHAMMAD MUSTAFA,C,1,A9501,Programming for Problem Solving,A,8.0,80.0,PASS,9.4,0,sem1_results,RES_S1_25881A66G2_A9501,STU_25881A66G2,SUB_1_A9501
25881A66G2,MUHAMMAD MUSTAFA,C,1,A9502,Programming for Problem Solving Laboratory,O,10.0,100.0,PASS,9.4,0,sem1_results,RES_S1_25881A66G2_A9502,STU_25881A66G2,SUB_1_A9502
25881A66G2,MUHAMMAD MUSTAFA,C,1,A9302,Engineering Workshop,O,10.0,100.0,PASS,9.4,0,sem1_results,RES_S1_25881A66G2_A9302,STU_25881A66G2,SUB_1_A9302
25881A66G2,MUHAMMAD MUSTAFA,C,1,A9021,Community Centered Design Thinking,O,10.0,100.0,PASS,9.4,0,sem1_results,RES_S1_25881A66G2_A9021,STU_25881A66G2,SUB_1_A9021
25881A66G2,MUHAMMAD MUSTAFA,C,1,A9007,Engineering Physics,A+,9.0,90.0,PASS,9.4,0,sem1_results,RES_S1_25881A66G2_A9007,STU_25881A66G2,SUB_1_A9007
25881A66G2,MUHAMMAD MUSTAFA,C,1,A9008,Engineering Physics Laboratory,O,10.0,100.0,PASS,9.4,0,sem1_results,RES_S1_25881A66G2_A9008,STU_25881A66G2,SUB_1_A9008
25881A66G2,MUHAMMAD MUSTAFA,C,1,A9204,Basic Electrical Engineering,O,10.0,100.0,PASS,9.4,0,sem1_results,RES_S1_25881A66G2_A9204,STU_25881A66G2,SUB_1_A9204
25881A66G2,MUHAMMAD MUSTAFA,C,1,A9801,Foundations of Data Science,A+,9.0,90.0,PASS,9.4,0,sem1_results,RES_S1_25881A66G2_A9801,STU_25881A66G2,SUB_1_A9801
25881A66G2,MUHAMMAD MUSTAFA,C,1,A9205,Basic Electrical Engineering Laboratory,O,10.0,100.0,PASS,9.4,0,sem1_results,RES_S1_25881A66G2_A9205,STU_25881A66G2,SUB_1_A9205
25881A66G3,MALINENI NAGA TEJA SRI,C,1,A9001,Matrices and Calculus,B,6.0,60.0,PASS,4.1,3,sem1_results,RES_S1_25881A66G3_A9001,STU_25881A66G3,SUB_1_A9001
25881A66G3,MALINENI NAGA TEJA SRI,C,1,A9501,Programming for Problem Solving,F,0.0,0.0,FAIL,4.1,3,sem1_results,RES_S1_25881A66G3_A9501,STU_25881A66G3,SUB_1_A9501
25881A66G3,MALINENI NAGA TEJA SRI,C,1,A9502,Programming for Problem Solving Laboratory,B,6.0,60.0,PASS,4.1,3,sem1_results,RES_S1_25881A66G3_A9502,STU_25881A66G3,SUB_1_A9502
25881A66G3,MALINENI NAGA TEJA SRI,C,1,A9302,Engineering Workshop,O,10.0,100.0,PASS,4.1,3,sem1_results,RES_S1_25881A66G3_A9302,STU_25881A66G3,SUB_1_A9302
25881A66G3,MALINENI NAGA TEJA SRI,C,1,A9021,Community Centered Design Thinking,O,10.0,100.0,PASS,4.1,3,sem1_results,RES_S1_25881A66G3_A9021,STU_25881A66G3,SUB_1_A9021
25881A66G3,MALINENI NAGA TEJA SRI,C,1,A9007,Engineering Physics,F,0.0,0.0,FAIL,4.1,3,sem1_results,RES_S1_25881A66G3_A9007,STU_25881A66G3,SUB_1_A9007
25881A66G3,MALINENI NAGA TEJA SRI,C,1,A9008,Engineering Physics Laboratory,A,8.0,80.0,PASS,4.1,3,sem1_results,RES_S1_25881A66G3_A9008,STU_25881A66G3,SUB_1_A9008
25881A66G3,MALINENI NAGA TEJA SRI,C,1,A9204,Basic Electrical Engineering,F,0.0,0.0,FAIL,4.1,3,sem1_results,RES_S1_25881A66G3_A9204,STU_25881A66G3,SUB_1_A9204
25881A66G3,MALINENI NAGA TEJA SRI,C,1,A9801,Foundations of Data Science,C,5.0,50.0,PASS,4.1,3,sem1_results,RES_S1_25881A66G3_A9801,STU_25881A66G3,SUB_1_A9801
25881A66G3,MALINENI NAGA TEJA SRI,C,1,A9205,Basic Electrical Engineering Laboratory,A+,9.0,90.0,PASS,4.1,3,sem1_results,RES_S1_25881A66G3_A9205,STU_25881A66G3,SUB_1_A9205
25881A66G4,MEDIPELLI NANDHINI,C,1,A9001,Matrices and Calculus,O,10.0,100.0,PASS,9.05,0,sem1_results,RES_S1_25881A66G4_A9001,STU_25881A66G4,SUB_1_A9001
25881A66G4,MEDIPELLI NANDHINI,C,1,A9501,Programming for Problem Solving,A,8.0,80.0,PASS,9.05,0,sem1_results,RES_S1_25881A66G4_A9501,STU_25881A66G4,SUB_1_A9501
25881A66G4,MEDIPELLI NANDHINI,C,1,A9502,Programming for Problem Solving Laboratory,A+,9.0,90.0,PASS,9.05,0,sem1_results,RES_S1_25881A66G4_A9502,STU_25881A66G4,SUB_1_A9502
25881A66G4,MEDIPELLI NANDHINI,C,1,A9302,Engineering Workshop,O,10.0,100.0,PASS,9.05,0,sem1_results,RES_S1_25881A66G4_A9302,STU_25881A66G4,SUB_1_A9302
25881A66G4,MEDIPELLI NANDHINI,C,1,A9021,Community Centered Design Thinking,A+,9.0,90.0,PASS,9.05,0,sem1_results,RES_S1_25881A66G4_A9021,STU_25881A66G4,SUB_1_A9021
25881A66G4,MEDIPELLI NANDHINI,C,1,A9007,Engineering Physics,A+,9.0,90.0,PASS,9.05,0,sem1_results,RES_S1_25881A66G4_A9007,STU_25881A66G4,SUB_1_A9007
25881A66G4,MEDIPELLI NANDHINI,C,1,A9008,Engineering Physics Laboratory,O,10.0,100.0,PASS,9.05,0,sem1_results,RES_S1_25881A66G4_A9008,STU_25881A66G4,SUB_1_A9008
25881A66G4,MEDIPELLI NANDHINI,C,1,A9204,Basic Electrical Engineering,A+,9.0,90.0,PASS,9.05,0,sem1_results,RES_S1_25881A66G4_A9204,STU_25881A66G4,SUB_1_A9204
25881A66G4,MEDIPELLI NANDHINI,C,1,A9801,Foundations of Data Science,A,8.0,80.0,PASS,9.05,0,sem1_results,RES_S1_25881A66G4_A9801,STU_25881A66G4,SUB_1_A9801
25881A66G4,MEDIPELLI NANDHINI,C,1,A9205,Basic Electrical Engineering Laboratory,O,10.0,100.0,PASS,9.05,0,sem1_results,RES_S1_25881A66G4_A9205,STU_25881A66G4,SUB_1_A9205
25881A66G5,PALADI NITEESH,C,1,A9001,Matrices and Calculus,A,8.0,80.0,PASS,7.45,0,sem1_results,RES_S1_25881A66G5_A9001,STU_25881A66G5,SUB_1_A9001
25881A66G5,PALADI NITEESH,C,1,A9501,Programming for Problem Solving,C,5.0,50.0,PASS,7.45,0,sem1_results,RES_S1_25881A66G5_A9501,STU_25881A66G5,SUB_1_A9501
25881A66G5,PALADI NITEESH,C,1,A9502,Programming for Problem Solving Laboratory,B,6.0,60.0,PASS,7.45,0,sem1_results,RES_S1_25881A66G5_A9502,STU_25881A66G5,SUB_1_A9502
25881A66G5,PALADI NITEESH,C,1,A9302,Engineering Workshop,A+,9.0,90.0,PASS,7.45,0,sem1_results,RES_S1_25881A66G5_A9302,STU_25881A66G5,SUB_1_A9302
25881A66G5,PALADI NITEESH,C,1,A9021,Community Centered Design Thinking,A+,9.0,90.0,PASS,7.45,0,sem1_results,RES_S1_25881A66G5_A9021,STU_25881A66G5,SUB_1_A9021
25881A66G5,PALADI NITEESH,C,1,A9007,Engineering Physics,B+,7.0,70.0,PASS,7.45,0,sem1_results,RES_S1_25881A66G5_A9007,STU_25881A66G5,SUB_1_A9007
25881A66G5,PALADI NITEESH,C,1,A9008,Engineering Physics Laboratory,A+,9.0,90.0,PASS,7.45,0,sem1_results,RES_S1_25881A66G5_A9008,STU_25881A66G5,SUB_1_A9008
25881A66G5,PALADI NITEESH,C,1,A9204,Basic Electrical Engineering,B+,7.0,70.0,PASS,7.45,0,sem1_results,RES_S1_25881A66G5_A9204,STU_25881A66G5,SUB_1_A9204
25881A66G5,PALADI NITEESH,C,1,A9801,Foundations of Data Science,A,8.0,80.0,PASS,7.45,0,sem1_results,RES_S1_25881A66G5_A9801,STU_25881A66G5,SUB_1_A9801
25881A66G5,PALADI NITEESH,C,1,A9205,Basic Electrical Engineering Laboratory,O,10.0,100.0,PASS,7.45,0,sem1_results,RES_S1_25881A66G5_A9205,STU_25881A66G5,SUB_1_A9205
25881A66G6,RACHAKONDA POOJITHA,C,1,A9001,Matrices and Calculus,B+,7.0,70.0,PASS,7.55,0,sem1_results,RES_S1_25881A66G6_A9001,STU_25881A66G6,SUB_1_A9001
25881A66G6,RACHAKONDA POOJITHA,C,1,A9501,Programming for Problem Solving,B,6.0,60.0,PASS,7.55,0,sem1_results,RES_S1_25881A66G6_A9501,STU_25881A66G6,SUB_1_A9501
25881A66G6,RACHAKONDA POOJITHA,C,1,A9502,Programming for Problem Solving Laboratory,A+,9.0,90.0,PASS,7.55,0,sem1_results,RES_S1_25881A66G6_A9502,STU_25881A66G6,SUB_1_A9502
25881A66G6,RACHAKONDA POOJITHA,C,1,A9302,Engineering Workshop,O,10.0,100.0,PASS,7.55,0,sem1_results,RES_S1_25881A66G6_A9302,STU_25881A66G6,SUB_1_A9302
25881A66G6,RACHAKONDA POOJITHA,C,1,A9021,Community Centered Design Thinking,A+,9.0,90.0,PASS,7.55,0,sem1_results,RES_S1_25881A66G6_A9021,STU_25881A66G6,SUB_1_A9021
25881A66G6,RACHAKONDA POOJITHA,C,1,A9007,Engineering Physics,B+,7.0,70.0,PASS,7.55,0,sem1_results,RES_S1_25881A66G6_A9007,STU_25881A66G6,SUB_1_A9007
25881A66G6,RACHAKONDA POOJITHA,C,1,A9008,Engineering Physics Laboratory,A+,9.0,90.0,PASS,7.55,0,sem1_results,RES_S1_25881A66G6_A9008,STU_25881A66G6,SUB_1_A9008
25881A66G6,RACHAKONDA POOJITHA,C,1,A9204,Basic Electrical Engineering,A,8.0,80.0,PASS,7.55,0,sem1_results,RES_S1_25881A66G6_A9204,STU_25881A66G6,SUB_1_A9204
25881A66G6,RACHAKONDA POOJITHA,C,1,A9801,Foundations of Data Science,B+,7.0,70.0,PASS,7.55,0,sem1_results,RES_S1_25881A66G6_A9801,STU_25881A66G6,SUB_1_A9801
25881A66G6,RACHAKONDA POOJITHA,C,1,A9205,Basic Electrical Engineering Laboratory,O,10.0,100.0,PASS,7.55,0,sem1_results,RES_S1_25881A66G6_A9205,STU_25881A66G6,SUB_1_A9205
25881A66G7,MADAKA PRANATHI LASYA,C,1,A9001,Matrices and Calculus,A,8.0,80.0,PASS,8.15,0,sem1_results,RES_S1_25881A66G7_A9001,STU_25881A66G7,SUB_1_A9001
25881A66G7,MADAKA PRANATHI LASYA,C,1,A9501,Programming for Problem Solving,A,8.0,80.0,PASS,8.15,0,sem1_results,RES_S1_25881A66G7_A9501,STU_25881A66G7,SUB_1_A9501
25881A66G7,MADAKA PRANATHI LASYA,C,1,A9502,Programming for Problem Solving Laboratory,A,8.0,80.0,PASS,8.15,0,sem1_results,RES_S1_25881A66G7_A9502,STU_25881A66G7,SUB_1_A9502
25881A66G7,MADAKA PRANATHI LASYA,C,1,A9302,Engineering Workshop,O,10.0,100.0,PASS,8.15,0,sem1_results,RES_S1_25881A66G7_A9302,STU_25881A66G7,SUB_1_A9302
25881A66G7,MADAKA PRANATHI LASYA,C,1,A9021,Community Centered Design Thinking,O,10.0,100.0,PASS,8.15,0,sem1_results,RES_S1_25881A66G7_A9021,STU_25881A66G7,SUB_1_A9021
25881A66G7,MADAKA PRANATHI LASYA,C,1,A9007,Engineering Physics,B+,7.0,70.0,PASS,8.15,0,sem1_results,RES_S1_25881A66G7_A9007,STU_25881A66G7,SUB_1_A9007
25881A66G7,MADAKA PRANATHI LASYA,C,1,A9008,Engineering Physics Laboratory,A+,9.0,90.0,PASS,8.15,0,sem1_results,RES_S1_25881A66G7_A9008,STU_25881A66G7,SUB_1_A9008
25881A66G7,MADAKA PRANATHI LASYA,C,1,A9204,Basic Electrical Engineering,A,8.0,80.0,PASS,8.15,0,sem1_results,RES_S1_25881A66G7_A9204,STU_25881A66G7,SUB_1_A9204
25881A66G7,MADAKA PRANATHI LASYA,C,1,A9801,Foundations of Data Science,A,8.0,80.0,PASS,8.15,0,sem1_results,RES_S1_25881A66G7_A9801,STU_25881A66G7,SUB_1_A9801
25881A66G7,MADAKA PRANATHI LASYA,C,1,A9205,Basic Electrical Engineering Laboratory,A+,9.0,90.0,PASS,8.15,0,sem1_results,RES_S1_25881A66G7_A9205,STU_25881A66G7,SUB_1_A9205
25881A66G8,PULLURI RAGHU CHARAN,C,1,A9001,Matrices and Calculus,O,10.0,100.0,PASS,9.05,0,sem1_results,RES_S1_25881A66G8_A9001,STU_25881A66G8,SUB_1_A9001
25881A66G8,PULLURI RAGHU CHARAN,C,1,A9501,Programming for Problem Solving,A,8.0,80.0,PASS,9.05,0,sem1_results,RES_S1_25881A66G8_A9501,STU_25881A66G8,SUB_1_A9501
25881A66G8,PULLURI RAGHU CHARAN,C,1,A9502,Programming for Problem Solving Laboratory,A+,9.0,90.0,PASS,9.05,0,sem1_results,RES_S1_25881A66G8_A9502,STU_25881A66G8,SUB_1_A9502
25881A66G8,PULLURI RAGHU CHARAN,C,1,A9302,Engineering Workshop,O,10.0,100.0,PASS,9.05,0,sem1_results,RES_S1_25881A66G8_A9302,STU_25881A66G8,SUB_1_A9302
25881A66G8,PULLURI RAGHU CHARAN,C,1,A9021,Community Centered Design Thinking,A+,9.0,90.0,PASS,9.05,0,sem1_results,RES_S1_25881A66G8_A9021,STU_25881A66G8,SUB_1_A9021
25881A66G8,PULLURI RAGHU CHARAN,C,1,A9007,Engineering Physics,A,8.0,80.0,PASS,9.05,0,sem1_results,RES_S1_25881A66G8_A9007,STU_25881A66G8,SUB_1_A9007
25881A66G8,PULLURI RAGHU CHARAN,C,1,A9008,Engineering Physics Laboratory,O,10.0,100.0,PASS,9.05,0,sem1_results,RES_S1_25881A66G8_A9008,STU_25881A66G8,SUB_1_A9008
25881A66G8,PULLURI RAGHU CHARAN,C,1,A9204,Basic Electrical Engineering,A+,9.0,90.0,PASS,9.05,0,sem1_results,RES_S1_25881A66G8_A9204,STU_25881A66G8,SUB_1_A9204
25881A66G8,PULLURI RAGHU CHARAN,C,1,A9801,Foundations of Data Science,A+,9.0,90.0,PASS,9.05,0,sem1_results,RES_S1_25881A66G8_A9801,STU_25881A66G8,SUB_1_A9801
25881A66G8,PULLURI RAGHU CHARAN,C,1,A9205,Basic Electrical Engineering Laboratory,O,10.0,100.0,PASS,9.05,0,sem1_results,RES_S1_25881A66G8_A9205,STU_25881A66G8,SUB_1_A9205
25881A66G9,PADISHALA RAJEEV KUMAR,C,1,A9001,Matrices and Calculus,B,6.0,60.0,PASS,4.1,3,sem1_results,RES_S1_25881A66G9_A9001,STU_25881A66G9,SUB_1_A9001
25881A66G9,PADISHALA RAJEEV KUMAR,C,1,A9501,Programming for Problem Solving,F,0.0,0.0,FAIL,4.1,3,sem1_results,RES_S1_25881A66G9_A9501,STU_25881A66G9,SUB_1_A9501
25881A66G9,PADISHALA RAJEEV KUMAR,C,1,A9502,Programming for Problem Solving Laboratory,A,8.0,80.0,PASS,4.1,3,sem1_results,RES_S1_25881A66G9_A9502,STU_25881A66G9,SUB_1_A9502
25881A66G9,PADISHALA RAJEEV KUMAR,C,1,A9302,Engineering Workshop,O,10.0,100.0,PASS,4.1,3,sem1_results,RES_S1_25881A66G9_A9302,STU_25881A66G9,SUB_1_A9302
25881A66G9,PADISHALA RAJEEV KUMAR,C,1,A9021,Community Centered Design Thinking,O,10.0,100.0,PASS,4.1,3,sem1_results,RES_S1_25881A66G9_A9021,STU_25881A66G9,SUB_1_A9021
25881A66G9,PADISHALA RAJEEV KUMAR,C,1,A9007,Engineering Physics,F,0.0,0.0,FAIL,4.1,3,sem1_results,RES_S1_25881A66G9_A9007,STU_25881A66G9,SUB_1_A9007
25881A66G9,PADISHALA RAJEEV KUMAR,C,1,A9008,Engineering Physics Laboratory,A,8.0,80.0,PASS,4.1,3,sem1_results,RES_S1_25881A66G9_A9008,STU_25881A66G9,SUB_1_A9008
25881A66G9,PADISHALA RAJEEV KUMAR,C,1,A9204,Basic Electrical Engineering,B,6.0,60.0,PASS,4.1,3,sem1_results,RES_S1_25881A66G9_A9204,STU_25881A66G9,SUB_1_A9204
25881A66G9,PADISHALA RAJEEV KUMAR,C,1,A9801,Foundations of Data Science,F,0.0,0.0,FAIL,4.1,3,sem1_results,RES_S1_25881A66G9_A9801,STU_25881A66G9,SUB_1_A9801
25881A66G9,PADISHALA RAJEEV KUMAR,C,1,A9205,Basic Electrical Engineering Laboratory,O,10.0,100.0,PASS,4.1,3,sem1_results,RES_S1_25881A66G9_A9205,STU_25881A66G9,SUB_1_A9205
25881A66H0,RANGA REDDY LAASYA,C,1,A9001,Matrices and Calculus,B+,7.0,70.0,PASS,5.55,1,sem1_results,RES_S1_25881A66H0_A9001,STU_25881A66H0,SUB_1_A9001
25881A66H0,RANGA REDDY LAASYA,C,1,A9501,Programming for Problem Solving,F,0.0,0.0,FAIL,5.55,1,sem1_results,RES_S1_25881A66H0_A9501,STU_25881A66H0,SUB_1_A9501
25881A66H0,RANGA REDDY LAASYA,C,1,A9502,Programming for Problem Solving Laboratory,B,6.0,60.0,PASS,5.55,1,sem1_results,RES_S1_25881A66H0_A9502,STU_25881A66H0,SUB_1_A9502
25881A66H0,RANGA REDDY LAASYA,C,1,A9302,Engineering Workshop,A+,9.0,90.0,PASS,5.55,1,sem1_results,RES_S1_25881A66H0_A9302,STU_25881A66H0,SUB_1_A9302
25881A66H0,RANGA REDDY LAASYA,C,1,A9021,Community Centered Design Thinking,B,6.0,60.0,PASS,5.55,1,sem1_results,RES_S1_25881A66H0_A9021,STU_25881A66H0,SUB_1_A9021
25881A66H0,RANGA REDDY LAASYA,C,1,A9007,Engineering Physics,C,5.0,50.0,PASS,5.55,1,sem1_results,RES_S1_25881A66H0_A9007,STU_25881A66H0,SUB_1_A9007
25881A66H0,RANGA REDDY LAASYA,C,1,A9008,Engineering Physics Laboratory,A,8.0,80.0,PASS,5.55,1,sem1_results,RES_S1_25881A66H0_A9008,STU_25881A66H0,SUB_1_A9008
25881A66H0,RANGA REDDY LAASYA,C,1,A9204,Basic Electrical Engineering,B,6.0,60.0,PASS,5.55,1,sem1_results,RES_S1_25881A66H0_A9204,STU_25881A66H0,SUB_1_A9204
25881A66H0,RANGA REDDY LAASYA,C,1,A9801,Foundations of Data Science,B,6.0,60.0,PASS,5.55,1,sem1_results,RES_S1_25881A66H0_A9801,STU_25881A66H0,SUB_1_A9801
25881A66H0,RANGA REDDY LAASYA,C,1,A9205,Basic Electrical Engineering Laboratory,A+,9.0,90.0,PASS,5.55,1,sem1_results,RES_S1_25881A66H0_A9205,STU_25881A66H0,SUB_1_A9205
25881A66H1,POOLA REVANTH KUMAR,C,1,A9001,Matrices and Calculus,B,6.0,60.0,PASS,5.5,1,sem1_results,RES_S1_25881A66H1_A9001,STU_25881A66H1,SUB_1_A9001
25881A66H1,POOLA REVANTH KUMAR,C,1,A9501,Programming for Problem Solving,F,0.0,0.0,FAIL,5.5,1,sem1_results,RES_S1_25881A66H1_A9501,STU_25881A66H1,SUB_1_A9501
25881A66H1,POOLA REVANTH KUMAR,C,1,A9502,Programming for Problem Solving Laboratory,B,6.0,60.0,PASS,5.5,1,sem1_results,RES_S1_25881A66H1_A9502,STU_25881A66H1,SUB_1_A9502
25881A66H1,POOLA REVANTH KUMAR,C,1,A9302,Engineering Workshop,O,10.0,100.0,PASS,5.5,1,sem1_results,RES_S1_25881A66H1_A9302,STU_25881A66H1,SUB_1_A9302
25881A66H1,POOLA REVANTH KUMAR,C,1,A9021,Community Centered Design Thinking,O,10.0,100.0,PASS,5.5,1,sem1_results,RES_S1_25881A66H1_A9021,STU_25881A66H1,SUB_1_A9021
25881A66H1,POOLA REVANTH KUMAR,C,1,A9007,Engineering Physics,C,5.0,50.0,PASS,5.5,1,sem1_results,RES_S1_25881A66H1_A9007,STU_25881A66H1,SUB_1_A9007
25881A66H1,POOLA REVANTH KUMAR,C,1,A9008,Engineering Physics Laboratory,A+,9.0,90.0,PASS,5.5,1,sem1_results,RES_S1_25881A66H1_A9008,STU_25881A66H1,SUB_1_A9008
25881A66H1,POOLA REVANTH KUMAR,C,1,A9204,Basic Electrical Engineering,C,5.0,50.0,PASS,5.5,1,sem1_results,RES_S1_25881A66H1_A9204,STU_25881A66H1,SUB_1_A9204
25881A66H1,POOLA REVANTH KUMAR,C,1,A9801,Foundations of Data Science,B,6.0,60.0,PASS,5.5,1,sem1_results,RES_S1_25881A66H1_A9801,STU_25881A66H1,SUB_1_A9801
25881A66H1,POOLA REVANTH KUMAR,C,1,A9205,Basic Electrical Engineering Laboratory,A,8.0,80.0,PASS,5.5,1,sem1_results,RES_S1_25881A66H1_A9205,STU_25881A66H1,SUB_1_A9205
25881A66H2,REDDY RICHITHA REDDY,C,1,A9001,Matrices and Calculus,A+,9.0,90.0,PASS,8.35,0,sem1_results,RES_S1_25881A66H2_A9001,STU_25881A66H2,SUB_1_A9001
25881A66H2,REDDY RICHITHA REDDY,C,1,A9501,Programming for Problem Solving,A,8.0,80.0,PASS,8.35,0,sem1_results,RES_S1_25881A66H2_A9501,STU_25881A66H2,SUB_1_A9501
25881A66H2,REDDY RICHITHA REDDY,C,1,A9502,Programming for Problem Solving Laboratory,A,8.0,80.0,PASS,8.35,0,sem1_results,RES_S1_25881A66H2_A9502,STU_25881A66H2,SUB_1_A9502
25881A66H2,REDDY RICHITHA REDDY,C,1,A9302,Engineering Workshop,O,10.0,100.0,PASS,8.35,0,sem1_results,RES_S1_25881A66H2_A9302,STU_25881A66H2,SUB_1_A9302
25881A66H2,REDDY RICHITHA REDDY,C,1,A9021,Community Centered Design Thinking,A+,9.0,90.0,PASS,8.35,0,sem1_results,RES_S1_25881A66H2_A9021,STU_25881A66H2,SUB_1_A9021
25881A66H2,REDDY RICHITHA REDDY,C,1,A9007,Engineering Physics,A,8.0,80.0,PASS,8.35,0,sem1_results,RES_S1_25881A66H2_A9007,STU_25881A66H2,SUB_1_A9007
25881A66H2,REDDY RICHITHA REDDY,C,1,A9008,Engineering Physics Laboratory,A+,9.0,90.0,PASS,8.35,0,sem1_results,RES_S1_25881A66H2_A9008,STU_25881A66H2,SUB_1_A9008
25881A66H2,REDDY RICHITHA REDDY,C,1,A9204,Basic Electrical Engineering,A,8.0,80.0,PASS,8.35,0,sem1_results,RES_S1_25881A66H2_A9204,STU_25881A66H2,SUB_1_A9204
25881A66H2,REDDY RICHITHA REDDY,C,1,A9801,Foundations of Data Science,B+,7.0,70.0,PASS,8.35,0,sem1_results,RES_S1_25881A66H2_A9801,STU_25881A66H2,SUB_1_A9801
25881A66H2,REDDY RICHITHA REDDY,C,1,A9205,Basic Electrical Engineering Laboratory,O,10.0,100.0,PASS,8.35,0,sem1_results,RES_S1_25881A66H2_A9205,STU_25881A66H2,SUB_1_A9205
25881A66H3,MUNNANGI RUDRA SAI PRATAP REDDY,C,1,A9001,Matrices and Calculus,O,10.0,100.0,PASS,9.55,0,sem1_results,RES_S1_25881A66H3_A9001,STU_25881A66H3,SUB_1_A9001
25881A66H3,MUNNANGI RUDRA SAI PRATAP REDDY,C,1,A9501,Programming for Problem Solving,O,10.0,100.0,PASS,9.55,0,sem1_results,RES_S1_25881A66H3_A9501,STU_25881A66H3,SUB_1_A9501
25881A66H3,MUNNANGI RUDRA SAI PRATAP REDDY,C,1,A9502,Programming for Problem Solving Laboratory,O,10.0,100.0,PASS,9.55,0,sem1_results,RES_S1_25881A66H3_A9502,STU_25881A66H3,SUB_1_A9502
25881A66H3,MUNNANGI RUDRA SAI PRATAP REDDY,C,1,A9302,Engineering Workshop,O,10.0,100.0,PASS,9.55,0,sem1_results,RES_S1_25881A66H3_A9302,STU_25881A66H3,SUB_1_A9302
25881A66H3,MUNNANGI RUDRA SAI PRATAP REDDY,C,1,A9021,Community Centered Design Thinking,O,10.0,100.0,PASS,9.55,0,sem1_results,RES_S1_25881A66H3_A9021,STU_25881A66H3,SUB_1_A9021
25881A66H3,MUNNANGI RUDRA SAI PRATAP REDDY,C,1,A9007,Engineering Physics,A+,9.0,90.0,PASS,9.55,0,sem1_results,RES_S1_25881A66H3_A9007,STU_25881A66H3,SUB_1_A9007
25881A66H3,MUNNANGI RUDRA SAI PRATAP REDDY,C,1,A9008,Engineering Physics Laboratory,O,10.0,100.0,PASS,9.55,0,sem1_results,RES_S1_25881A66H3_A9008,STU_25881A66H3,SUB_1_A9008
25881A66H3,MUNNANGI RUDRA SAI PRATAP REDDY,C,1,A9204,Basic Electrical Engineering,O,10.0,100.0,PASS,9.55,0,sem1_results,RES_S1_25881A66H3_A9204,STU_25881A66H3,SUB_1_A9204
25881A66H3,MUNNANGI RUDRA SAI PRATAP REDDY,C,1,A9801,Foundations of Data Science,A,8.0,80.0,PASS,9.55,0,sem1_results,RES_S1_25881A66H3_A9801,STU_25881A66H3,SUB_1_A9801
25881A66H3,MUNNANGI RUDRA SAI PRATAP REDDY,C,1,A9205,Basic Electrical Engineering Laboratory,O,10.0,100.0,PASS,9.55,0,sem1_results,RES_S1_25881A66H3_A9205,STU_25881A66H3,SUB_1_A9205
25881A66H4,PENDEM SADHVIK,C,1,A9001,Matrices and Calculus,O,10.0,100.0,PASS,9.3,0,sem1_results,RES_S1_25881A66H4_A9001,STU_25881A66H4,SUB_1_A9001
25881A66H4,PENDEM SADHVIK,C,1,A9501,Programming for Problem Solving,A,8.0,80.0,PASS,9.3,0,sem1_results,RES_S1_25881A66H4_A9501,STU_25881A66H4,SUB_1_A9501
25881A66H4,PENDEM SADHVIK,C,1,A9502,Programming for Problem Solving Laboratory,O,10.0,100.0,PASS,9.3,0,sem1_results,RES_S1_25881A66H4_A9502,STU_25881A66H4,SUB_1_A9502
25881A66H4,PENDEM SADHVIK,C,1,A9302,Engineering Workshop,A+,9.0,90.0,PASS,9.3,0,sem1_results,RES_S1_25881A66H4_A9302,STU_25881A66H4,SUB_1_A9302
25881A66H4,PENDEM SADHVIK,C,1,A9021,Community Centered Design Thinking,A+,9.0,90.0,PASS,9.3,0,sem1_results,RES_S1_25881A66H4_A9021,STU_25881A66H4,SUB_1_A9021
25881A66H4,PENDEM SADHVIK,C,1,A9007,Engineering Physics,A+,9.0,90.0,PASS,9.3,0,sem1_results,RES_S1_25881A66H4_A9007,STU_25881A66H4,SUB_1_A9007
25881A66H4,PENDEM SADHVIK,C,1,A9008,Engineering Physics Laboratory,O,10.0,100.0,PASS,9.3,0,sem1_results,RES_S1_25881A66H4_A9008,STU_25881A66H4,SUB_1_A9008
25881A66H4,PENDEM SADHVIK,C,1,A9204,Basic Electrical Engineering,O,10.0,100.0,PASS,9.3,0,sem1_results,RES_S1_25881A66H4_A9204,STU_25881A66H4,SUB_1_A9204
25881A66H4,PENDEM SADHVIK,C,1,A9801,Foundations of Data Science,A+,9.0,90.0,PASS,9.3,0,sem1_results,RES_S1_25881A66H4_A9801,STU_25881A66H4,SUB_1_A9801
25881A66H4,PENDEM SADHVIK,C,1,A9205,Basic Electrical Engineering Laboratory,O,10.0,100.0,PASS,9.3,0,sem1_results,RES_S1_25881A66H4_A9205,STU_25881A66H4,SUB_1_A9205
25881A66H5,MOGILIGIDDA SAHITHI,C,1,A9001,Matrices and Calculus,O,10.0,100.0,PASS,9.55,0,sem1_results,RES_S1_25881A66H5_A9001,STU_25881A66H5,SUB_1_A9001
25881A66H5,MOGILIGIDDA SAHITHI,C,1,A9501,Programming for Problem Solving,A+,9.0,90.0,PASS,9.55,0,sem1_results,RES_S1_25881A66H5_A9501,STU_25881A66H5,SUB_1_A9501
25881A66H5,MOGILIGIDDA SAHITHI,C,1,A9502,Programming for Problem Solving Laboratory,O,10.0,100.0,PASS,9.55,0,sem1_results,RES_S1_25881A66H5_A9502,STU_25881A66H5,SUB_1_A9502
25881A66H5,MOGILIGIDDA SAHITHI,C,1,A9302,Engineering Workshop,O,10.0,100.0,PASS,9.55,0,sem1_results,RES_S1_25881A66H5_A9302,STU_25881A66H5,SUB_1_A9302
25881A66H5,MOGILIGIDDA SAHITHI,C,1,A9021,Community Centered Design Thinking,O,10.0,100.0,PASS,9.55,0,sem1_results,RES_S1_25881A66H5_A9021,STU_25881A66H5,SUB_1_A9021
25881A66H5,MOGILIGIDDA SAHITHI,C,1,A9007,Engineering Physics,A+,9.0,90.0,PASS,9.55,0,sem1_results,RES_S1_25881A66H5_A9007,STU_25881A66H5,SUB_1_A9007
25881A66H5,MOGILIGIDDA SAHITHI,C,1,A9008,Engineering Physics Laboratory,O,10.0,100.0,PASS,9.55,0,sem1_results,RES_S1_25881A66H5_A9008,STU_25881A66H5,SUB_1_A9008
25881A66H5,MOGILIGIDDA SAHITHI,C,1,A9204,Basic Electrical Engineering,O,10.0,100.0,PASS,9.55,0,sem1_results,RES_S1_25881A66H5_A9204,STU_25881A66H5,SUB_1_A9204
25881A66H5,MOGILIGIDDA SAHITHI,C,1,A9801,Foundations of Data Science,A+,9.0,90.0,PASS,9.55,0,sem1_results,RES_S1_25881A66H5_A9801,STU_25881A66H5,SUB_1_A9801
25881A66H5,MOGILIGIDDA SAHITHI,C,1,A9205,Basic Electrical Engineering Laboratory,O,10.0,100.0,PASS,9.55,0,sem1_results,RES_S1_25881A66H5_A9205,STU_25881A66H5,SUB_1_A9205
25881A66H6,C SAI NEEHAL,C,1,A9001,Matrices and Calculus,A+,9.0,90.0,PASS,8.9,0,sem1_results,RES_S1_25881A66H6_A9001,STU_25881A66H6,SUB_1_A9001
25881A66H6,C SAI NEEHAL,C,1,A9501,Programming for Problem Solving,A,8.0,80.0,PASS,8.9,0,sem1_results,RES_S1_25881A66H6_A9501,STU_25881A66H6,SUB_1_A9501
25881A66H6,C SAI NEEHAL,C,1,A9502,Programming for Problem Solving Laboratory,A+,9.0,90.0,PASS,8.9,0,sem1_results,RES_S1_25881A66H6_A9502,STU_25881A66H6,SUB_1_A9502
25881A66H6,C SAI NEEHAL,C,1,A9302,Engineering Workshop,O,10.0,100.0,PASS,8.9,0,sem1_results,RES_S1_25881A66H6_A9302,STU_25881A66H6,SUB_1_A9302
25881A66H6,C SAI NEEHAL,C,1,A9021,Community Centered Design Thinking,A+,9.0,90.0,PASS,8.9,0,sem1_results,RES_S1_25881A66H6_A9021,STU_25881A66H6,SUB_1_A9021
25881A66H6,C SAI NEEHAL,C,1,A9007,Engineering Physics,A,8.0,80.0,PASS,8.9,0,sem1_results,RES_S1_25881A66H6_A9007,STU_25881A66H6,SUB_1_A9007
25881A66H6,C SAI NEEHAL,C,1,A9008,Engineering Physics Laboratory,O,10.0,100.0,PASS,8.9,0,sem1_results,RES_S1_25881A66H6_A9008,STU_25881A66H6,SUB_1_A9008
25881A66H6,C SAI NEEHAL,C,1,A9204,Basic Electrical Engineering,O,10.0,100.0,PASS,8.9,0,sem1_results,RES_S1_25881A66H6_A9204,STU_25881A66H6,SUB_1_A9204
25881A66H6,C SAI NEEHAL,C,1,A9801,Foundations of Data Science,A+,9.0,90.0,PASS,8.9,0,sem1_results,RES_S1_25881A66H6_A9801,STU_25881A66H6,SUB_1_A9801
25881A66H6,C SAI NEEHAL,C,1,A9205,Basic Electrical Engineering Laboratory,A+,9.0,90.0,PASS,8.9,0,sem1_results,RES_S1_25881A66H6_A9205,STU_25881A66H6,SUB_1_A9205
25881A66H7,NAGUNURI SAI CHARAN TEJA,C,1,A9001,Matrices and Calculus,C,5.0,50.0,PASS,4.25,3,sem1_results,RES_S1_25881A66H7_A9001,STU_25881A66H7,SUB_1_A9001
25881A66H7,NAGUNURI SAI CHARAN TEJA,C,1,A9501,Programming for Problem Solving,F,0.0,0.0,FAIL,4.25,3,sem1_results,RES_S1_25881A66H7_A9501,STU_25881A66H7,SUB_1_A9501
25881A66H7,NAGUNURI SAI CHARAN TEJA,C,1,A9502,Programming for Problem Solving Laboratory,A,8.0,80.0,PASS,4.25,3,sem1_results,RES_S1_25881A66H7_A9502,STU_25881A66H7,SUB_1_A9502
25881A66H7,NAGUNURI SAI CHARAN TEJA,C,1,A9302,Engineering Workshop,A+,9.0,90.0,PASS,4.25,3,sem1_results,RES_S1_25881A66H7_A9302,STU_25881A66H7,SUB_1_A9302
25881A66H7,NAGUNURI SAI CHARAN TEJA,C,1,A9021,Community Centered Design Thinking,A+,9.0,90.0,PASS,4.25,3,sem1_results,RES_S1_25881A66H7_A9021,STU_25881A66H7,SUB_1_A9021
25881A66H7,NAGUNURI SAI CHARAN TEJA,C,1,A9007,Engineering Physics,F,0.0,0.0,FAIL,4.25,3,sem1_results,RES_S1_25881A66H7_A9007,STU_25881A66H7,SUB_1_A9007
25881A66H7,NAGUNURI SAI CHARAN TEJA,C,1,A9008,Engineering Physics Laboratory,A+,9.0,90.0,PASS,4.25,3,sem1_results,RES_S1_25881A66H7_A9008,STU_25881A66H7,SUB_1_A9008
25881A66H7,NAGUNURI SAI CHARAN TEJA,C,1,A9204,Basic Electrical Engineering,F,0.0,0.0,FAIL,4.25,3,sem1_results,RES_S1_25881A66H7_A9204,STU_25881A66H7,SUB_1_A9204
25881A66H7,NAGUNURI SAI CHARAN TEJA,C,1,A9801,Foundations of Data Science,B+,7.0,70.0,PASS,4.25,3,sem1_results,RES_S1_25881A66H7_A9801,STU_25881A66H7,SUB_1_A9801
25881A66H7,NAGUNURI SAI CHARAN TEJA,C,1,A9205,Basic Electrical Engineering Laboratory,A+,9.0,90.0,PASS,4.25,3,sem1_results,RES_S1_25881A66H7_A9205,STU_25881A66H7,SUB_1_A9205
25881A66H8,MUYYALI SANJAY,C,1,A9001,Matrices and Calculus,F,0.0,0.0,FAIL,3.0,4,sem1_results,RES_S1_25881A66H8_A9001,STU_25881A66H8,SUB_1_A9001
25881A66H8,MUYYALI SANJAY,C,1,A9501,Programming for Problem Solving,F,0.0,0.0,FAIL,3.0,4,sem1_results,RES_S1_25881A66H8_A9501,STU_25881A66H8,SUB_1_A9501
25881A66H8,MUYYALI SANJAY,C,1,A9502,Programming for Problem Solving Laboratory,B,6.0,60.0,PASS,3.0,4,sem1_results,RES_S1_25881A66H8_A9502,STU_25881A66H8,SUB_1_A9502
25881A66H8,MUYYALI SANJAY,C,1,A9302,Engineering Workshop,O,10.0,100.0,PASS,3.0,4,sem1_results,RES_S1_25881A66H8_A9302,STU_25881A66H8,SUB_1_A9302
25881A66H8,MUYYALI SANJAY,C,1,A9021,Community Centered Design Thinking,A+,9.0,90.0,PASS,3.0,4,sem1_results,RES_S1_25881A66H8_A9021,STU_25881A66H8,SUB_1_A9021
25881A66H8,MUYYALI SANJAY,C,1,A9007,Engineering Physics,F,0.0,0.0,FAIL,3.0,4,sem1_results,RES_S1_25881A66H8_A9007,STU_25881A66H8,SUB_1_A9007
25881A66H8,MUYYALI SANJAY,C,1,A9008,Engineering Physics Laboratory,A+,9.0,90.0,PASS,3.0,4,sem1_results,RES_S1_25881A66H8_A9008,STU_25881A66H8,SUB_1_A9008
25881A66H8,MUYYALI SANJAY,C,1,A9204,Basic Electrical Engineering,F,0.0,0.0,FAIL,3.0,4,sem1_results,RES_S1_25881A66H8_A9204,STU_25881A66H8,SUB_1_A9204
25881A66H8,MUYYALI SANJAY,C,1,A9801,Foundations of Data Science,B,6.0,60.0,PASS,3.0,4,sem1_results,RES_S1_25881A66H8_A9801,STU_25881A66H8,SUB_1_A9801
25881A66H8,MUYYALI SANJAY,C,1,A9205,Basic Electrical Engineering Laboratory,A,8.0,80.0,PASS,3.0,4,sem1_results,RES_S1_25881A66H8_A9205,STU_25881A66H8,SUB_1_A9205
25881A66H9,JERPULA SANTHOSH,C,1,A9001,Matrices and Calculus,C,5.0,50.0,PASS,5.1,2,sem1_results,RES_S1_25881A66H9_A9001,STU_25881A66H9,SUB_1_A9001
25881A66H9,JERPULA SANTHOSH,C,1,A9501,Programming for Problem Solving,F,0.0,0.0,FAIL,5.1,2,sem1_results,RES_S1_25881A66H9_A9501,STU_25881A66H9,SUB_1_A9501
25881A66H9,JERPULA SANTHOSH,C,1,A9502,Programming for Problem Solving Laboratory,F,0.0,0.0,FAIL,5.1,2,sem1_results,RES_S1_25881A66H9_A9502,STU_25881A66H9,SUB_1_A9502
25881A66H9,JERPULA SANTHOSH,C,1,A9302,Engineering Workshop,A,8.0,80.0,PASS,5.1,2,sem1_results,RES_S1_25881A66H9_A9302,STU_25881A66H9,SUB_1_A9302
25881A66H9,JERPULA SANTHOSH,C,1,A9021,Community Centered Design Thinking,A+,9.0,90.0,PASS,5.1,2,sem1_results,RES_S1_25881A66H9_A9021,STU_25881A66H9,SUB_1_A9021
25881A66H9,JERPULA SANTHOSH,C,1,A9007,Engineering Physics,C,5.0,50.0,PASS,5.1,2,sem1_results,RES_S1_25881A66H9_A9007,STU_25881A66H9,SUB_1_A9007
25881A66H9,JERPULA SANTHOSH,C,1,A9008,Engineering Physics Laboratory,A,8.0,80.0,PASS,5.1,2,sem1_results,RES_S1_25881A66H9_A9008,STU_25881A66H9,SUB_1_A9008
25881A66H9,JERPULA SANTHOSH,C,1,A9204,Basic Electrical Engineering,B,6.0,60.0,PASS,5.1,2,sem1_results,RES_S1_25881A66H9_A9204,STU_25881A66H9,SUB_1_A9204
25881A66H9,JERPULA SANTHOSH,C,1,A9801,Foundations of Data Science,B+,7.0,70.0,PASS,5.1,2,sem1_results,RES_S1_25881A66H9_A9801,STU_25881A66H9,SUB_1_A9801
25881A66H9,JERPULA SANTHOSH,C,1,A9205,Basic Electrical Engineering Laboratory,A+,9.0,90.0,PASS,5.1,2,sem1_results,RES_S1_25881A66H9_A9205,STU_25881A66H9,SUB_1_A9205
25881A66J0,MADIGA SHAILAJA,C,1,A9001,Matrices and Calculus,O,10.0,100.0,PASS,8.7,0,sem1_results,RES_S1_25881A66J0_A9001,STU_25881A66J0,SUB_1_A9001
25881A66J0,MADIGA SHAILAJA,C,1,A9501,Programming for Problem Solving,B,6.0,60.0,PASS,8.7,0,sem1_results,RES_S1_25881A66J0_A9501,STU_25881A66J0,SUB_1_A9501
25881A66J0,MADIGA SHAILAJA,C,1,A9502,Programming for Problem Solving Laboratory,A+,9.0,90.0,PASS,8.7,0,sem1_results,RES_S1_25881A66J0_A9502,STU_25881A66J0,SUB_1_A9502
25881A66J0,MADIGA SHAILAJA,C,1,A9302,Engineering Workshop,O,10.0,100.0,PASS,8.7,0,sem1_results,RES_S1_25881A66J0_A9302,STU_25881A66J0,SUB_1_A9302
25881A66J0,MADIGA SHAILAJA,C,1,A9021,Community Centered Design Thinking,O,10.0,100.0,PASS,8.7,0,sem1_results,RES_S1_25881A66J0_A9021,STU_25881A66J0,SUB_1_A9021
25881A66J0,MADIGA SHAILAJA,C,1,A9007,Engineering Physics,A+,9.0,90.0,PASS,8.7,0,sem1_results,RES_S1_25881A66J0_A9007,STU_25881A66J0,SUB_1_A9007
25881A66J0,MADIGA SHAILAJA,C,1,A9008,Engineering Physics Laboratory,A+,9.0,90.0,PASS,8.7,0,sem1_results,RES_S1_25881A66J0_A9008,STU_25881A66J0,SUB_1_A9008
25881A66J0,MADIGA SHAILAJA,C,1,A9204,Basic Electrical Engineering,A+,9.0,90.0,PASS,8.7,0,sem1_results,RES_S1_25881A66J0_A9204,STU_25881A66J0,SUB_1_A9204
25881A66J0,MADIGA SHAILAJA,C,1,A9801,Foundations of Data Science,A,8.0,80.0,PASS,8.7,0,sem1_results,RES_S1_25881A66J0_A9801,STU_25881A66J0,SUB_1_A9801
25881A66J0,MADIGA SHAILAJA,C,1,A9205,Basic Electrical Engineering Laboratory,A+,9.0,90.0,PASS,8.7,0,sem1_results,RES_S1_25881A66J0_A9205,STU_25881A66J0,SUB_1_A9205
25881A66J1,MUDDALA SHIVADEEPTHI,C,1,A9001,Matrices and Calculus,O,10.0,100.0,PASS,8.65,0,sem1_results,RES_S1_25881A66J1_A9001,STU_25881A66J1,SUB_1_A9001
25881A66J1,MUDDALA SHIVADEEPTHI,C,1,A9501,Programming for Problem Solving,B,6.0,60.0,PASS,8.65,0,sem1_results,RES_S1_25881A66J1_A9501,STU_25881A66J1,SUB_1_A9501
25881A66J1,MUDDALA SHIVADEEPTHI,C,1,A9502,Programming for Problem Solving Laboratory,A+,9.0,90.0,PASS,8.65,0,sem1_results,RES_S1_25881A66J1_A9502,STU_25881A66J1,SUB_1_A9502
25881A66J1,MUDDALA SHIVADEEPTHI,C,1,A9302,Engineering Workshop,O,10.0,100.0,PASS,8.65,0,sem1_results,RES_S1_25881A66J1_A9302,STU_25881A66J1,SUB_1_A9302
25881A66J1,MUDDALA SHIVADEEPTHI,C,1,A9021,Community Centered Design Thinking,A,8.0,80.0,PASS,8.65,0,sem1_results,RES_S1_25881A66J1_A9021,STU_25881A66J1,SUB_1_A9021
25881A66J1,MUDDALA SHIVADEEPTHI,C,1,A9007,Engineering Physics,A,8.0,80.0,PASS,8.65,0,sem1_results,RES_S1_25881A66J1_A9007,STU_25881A66J1,SUB_1_A9007
25881A66J1,MUDDALA SHIVADEEPTHI,C,1,A9008,Engineering Physics Laboratory,O,10.0,100.0,PASS,8.65,0,sem1_results,RES_S1_25881A66J1_A9008,STU_25881A66J1,SUB_1_A9008
25881A66J1,MUDDALA SHIVADEEPTHI,C,1,A9204,Basic Electrical Engineering,O,10.0,100.0,PASS,8.65,0,sem1_results,RES_S1_25881A66J1_A9204,STU_25881A66J1,SUB_1_A9204
25881A66J1,MUDDALA SHIVADEEPTHI,C,1,A9801,Foundations of Data Science,A,8.0,80.0,PASS,8.65,0,sem1_results,RES_S1_25881A66J1_A9801,STU_25881A66J1,SUB_1_A9801
25881A66J1,MUDDALA SHIVADEEPTHI,C,1,A9205,Basic Electrical Engineering Laboratory,O,10.0,100.0,PASS,8.65,0,sem1_results,RES_S1_25881A66J1_A9205,STU_25881A66J1,SUB_1_A9205
25881A66J2,SAPAVAT SINDHU,C,1,A9001,Matrices and Calculus,O,10.0,100.0,PASS,9.0,0,sem1_results,RES_S1_25881A66J2_A9001,STU_25881A66J2,SUB_1_A9001
25881A66J2,SAPAVAT SINDHU,C,1,A9501,Programming for Problem Solving,A,8.0,80.0,PASS,9.0,0,sem1_results,RES_S1_25881A66J2_A9501,STU_25881A66J2,SUB_1_A9501
25881A66J2,SAPAVAT SINDHU,C,1,A9502,Programming for Problem Solving Laboratory,A+,9.0,90.0,PASS,9.0,0,sem1_results,RES_S1_25881A66J2_A9502,STU_25881A66J2,SUB_1_A9502
25881A66J2,SAPAVAT SINDHU,C,1,A9302,Engineering Workshop,O,10.0,100.0,PASS,9.0,0,sem1_results,RES_S1_25881A66J2_A9302,STU_25881A66J2,SUB_1_A9302
25881A66J2,SAPAVAT SINDHU,C,1,A9021,Community Centered Design Thinking,A+,9.0,90.0,PASS,9.0,0,sem1_results,RES_S1_25881A66J2_A9021,STU_25881A66J2,SUB_1_A9021
25881A66J2,SAPAVAT SINDHU,C,1,A9007,Engineering Physics,A,8.0,80.0,PASS,9.0,0,sem1_results,RES_S1_25881A66J2_A9007,STU_25881A66J2,SUB_1_A9007
25881A66J2,SAPAVAT SINDHU,C,1,A9008,Engineering Physics Laboratory,O,10.0,100.0,PASS,9.0,0,sem1_results,RES_S1_25881A66J2_A9008,STU_25881A66J2,SUB_1_A9008
25881A66J2,SAPAVAT SINDHU,C,1,A9204,Basic Electrical Engineering,A+,9.0,90.0,PASS,9.0,0,sem1_results,RES_S1_25881A66J2_A9204,STU_25881A66J2,SUB_1_A9204
25881A66J2,SAPAVAT SINDHU,C,1,A9801,Foundations of Data Science,A+,9.0,90.0,PASS,9.0,0,sem1_results,RES_S1_25881A66J2_A9801,STU_25881A66J2,SUB_1_A9801
25881A66J2,SAPAVAT SINDHU,C,1,A9205,Basic Electrical Engineering Laboratory,A+,9.0,90.0,PASS,9.0,0,sem1_results,RES_S1_25881A66J2_A9205,STU_25881A66J2,SUB_1_A9205
25881A66J3,PITTALA SREE KARUNYAN,C,1,A9001,Matrices and Calculus,A+,9.0,90.0,PASS,7.85,0,sem1_results,RES_S1_25881A66J3_A9001,STU_25881A66J3,SUB_1_A9001
25881A66J3,PITTALA SREE KARUNYAN,C,1,A9501,Programming for Problem Solving,B,6.0,60.0,PASS,7.85,0,sem1_results,RES_S1_25881A66J3_A9501,STU_25881A66J3,SUB_1_A9501
25881A66J3,PITTALA SREE KARUNYAN,C,1,A9502,Programming for Problem Solving Laboratory,A,8.0,80.0,PASS,7.85,0,sem1_results,RES_S1_25881A66J3_A9502,STU_25881A66J3,SUB_1_A9502
25881A66J3,PITTALA SREE KARUNYAN,C,1,A9302,Engineering Workshop,A+,9.0,90.0,PASS,7.85,0,sem1_results,RES_S1_25881A66J3_A9302,STU_25881A66J3,SUB_1_A9302
25881A66J3,PITTALA SREE KARUNYAN,C,1,A9021,Community Centered Design Thinking,A,8.0,80.0,PASS,7.85,0,sem1_results,RES_S1_25881A66J3_A9021,STU_25881A66J3,SUB_1_A9021
25881A66J3,PITTALA SREE KARUNYAN,C,1,A9007,Engineering Physics,B,6.0,60.0,PASS,7.85,0,sem1_results,RES_S1_25881A66J3_A9007,STU_25881A66J3,SUB_1_A9007
25881A66J3,PITTALA SREE KARUNYAN,C,1,A9008,Engineering Physics Laboratory,O,10.0,100.0,PASS,7.85,0,sem1_results,RES_S1_25881A66J3_A9008,STU_25881A66J3,SUB_1_A9008
25881A66J3,PITTALA SREE KARUNYAN,C,1,A9204,Basic Electrical Engineering,A,8.0,80.0,PASS,7.85,0,sem1_results,RES_S1_25881A66J3_A9204,STU_25881A66J3,SUB_1_A9204
25881A66J3,PITTALA SREE KARUNYAN,C,1,A9801,Foundations of Data Science,A,8.0,80.0,PASS,7.85,0,sem1_results,RES_S1_25881A66J3_A9801,STU_25881A66J3,SUB_1_A9801
25881A66J3,PITTALA SREE KARUNYAN,C,1,A9205,Basic Electrical Engineering Laboratory,O,10.0,100.0,PASS,7.85,0,sem1_results,RES_S1_25881A66J3_A9205,STU_25881A66J3,SUB_1_A9205
25881A66J4,ANNADASU SRUTHI,C,1,A9001,Matrices and Calculus,A+,9.0,90.0,PASS,8.0,0,sem1_results,RES_S1_25881A66J4_A9001,STU_25881A66J4,SUB_1_A9001
25881A66J4,ANNADASU SRUTHI,C,1,A9501,Programming for Problem Solving,B+,7.0,70.0,PASS,8.0,0,sem1_results,RES_S1_25881A66J4_A9501,STU_25881A66J4,SUB_1_A9501
25881A66J4,ANNADASU SRUTHI,C,1,A9502,Programming for Problem Solving Laboratory,B+,7.0,70.0,PASS,8.0,0,sem1_results,RES_S1_25881A66J4_A9502,STU_25881A66J4,SUB_1_A9502
25881A66J4,ANNADASU SRUTHI,C,1,A9302,Engineering Workshop,O,10.0,100.0,PASS,8.0,0,sem1_results,RES_S1_25881A66J4_A9302,STU_25881A66J4,SUB_1_A9302
25881A66J4,ANNADASU SRUTHI,C,1,A9021,Community Centered Design Thinking,A+,9.0,90.0,PASS,8.0,0,sem1_results,RES_S1_25881A66J4_A9021,STU_25881A66J4,SUB_1_A9021
25881A66J4,ANNADASU SRUTHI,C,1,A9007,Engineering Physics,B+,7.0,70.0,PASS,8.0,0,sem1_results,RES_S1_25881A66J4_A9007,STU_25881A66J4,SUB_1_A9007
25881A66J4,ANNADASU SRUTHI,C,1,A9008,Engineering Physics Laboratory,A+,9.0,90.0,PASS,8.0,0,sem1_results,RES_S1_25881A66J4_A9008,STU_25881A66J4,SUB_1_A9008
25881A66J4,ANNADASU SRUTHI,C,1,A9204,Basic Electrical Engineering,A,8.0,80.0,PASS,8.0,0,sem1_results,RES_S1_25881A66J4_A9204,STU_25881A66J4,SUB_1_A9204
25881A66J4,ANNADASU SRUTHI,C,1,A9801,Foundations of Data Science,A,8.0,80.0,PASS,8.0,0,sem1_results,RES_S1_25881A66J4_A9801,STU_25881A66J4,SUB_1_A9801
25881A66J4,ANNADASU SRUTHI,C,1,A9205,Basic Electrical Engineering Laboratory,B+,7.0,70.0,PASS,8.0,0,sem1_results,RES_S1_25881A66J4_A9205,STU_25881A66J4,SUB_1_A9205
25881A66J5,AVUTHU TEJ KIRAN REDDY,C,1,A9001,Matrices and Calculus,O,10.0,100.0,PASS,8.85,0,sem1_results,RES_S1_25881A66J5_A9001,STU_25881A66J5,SUB_1_A9001
25881A66J5,AVUTHU TEJ KIRAN REDDY,C,1,A9501,Programming for Problem Solving,B+,7.0,70.0,PASS,8.85,0,sem1_results,RES_S1_25881A66J5_A9501,STU_25881A66J5,SUB_1_A9501
25881A66J5,AVUTHU TEJ KIRAN REDDY,C,1,A9502,Programming for Problem Solving Laboratory,A+,9.0,90.0,PASS,8.85,0,sem1_results,RES_S1_25881A66J5_A9502,STU_25881A66J5,SUB_1_A9502
25881A66J5,AVUTHU TEJ KIRAN REDDY,C,1,A9302,Engineering Workshop,O,10.0,100.0,PASS,8.85,0,sem1_results,RES_S1_25881A66J5_A9302,STU_25881A66J5,SUB_1_A9302
25881A66J5,AVUTHU TEJ KIRAN REDDY,C,1,A9021,Community Centered Design Thinking,O,10.0,100.0,PASS,8.85,0,sem1_results,RES_S1_25881A66J5_A9021,STU_25881A66J5,SUB_1_A9021
25881A66J5,AVUTHU TEJ KIRAN REDDY,C,1,A9007,Engineering Physics,A,8.0,80.0,PASS,8.85,0,sem1_results,RES_S1_25881A66J5_A9007,STU_25881A66J5,SUB_1_A9007
25881A66J5,AVUTHU TEJ KIRAN REDDY,C,1,A9008,Engineering Physics Laboratory,O,10.0,100.0,PASS,8.85,0,sem1_results,RES_S1_25881A66J5_A9008,STU_25881A66J5,SUB_1_A9008
25881A66J5,AVUTHU TEJ KIRAN REDDY,C,1,A9204,Basic Electrical Engineering,A,8.0,80.0,PASS,8.85,0,sem1_results,RES_S1_25881A66J5_A9204,STU_25881A66J5,SUB_1_A9204
25881A66J5,AVUTHU TEJ KIRAN REDDY,C,1,A9801,Foundations of Data Science,A+,9.0,90.0,PASS,8.85,0,sem1_results,RES_S1_25881A66J5_A9801,STU_25881A66J5,SUB_1_A9801
25881A66J5,AVUTHU TEJ KIRAN REDDY,C,1,A9205,Basic Electrical Engineering Laboratory,O,10.0,100.0,PASS,8.85,0,sem1_results,RES_S1_25881A66J5_A9205,STU_25881A66J5,SUB_1_A9205
25881A66J6,KUCHIPUDI V S K J ABHITEJAS,C,1,A9001,Matrices and Calculus,O,10.0,100.0,PASS,8.75,0,sem1_results,RES_S1_25881A66J6_A9001,STU_25881A66J6,SUB_1_A9001
25881A66J6,KUCHIPUDI V S K J ABHITEJAS,C,1,A9501,Programming for Problem Solving,A,8.0,80.0,PASS,8.75,0,sem1_results,RES_S1_25881A66J6_A9501,STU_25881A66J6,SUB_1_A9501
25881A66J6,KUCHIPUDI V S K J ABHITEJAS,C,1,A9502,Programming for Problem Solving Laboratory,A+,9.0,90.0,PASS,8.75,0,sem1_results,RES_S1_25881A66J6_A9502,STU_25881A66J6,SUB_1_A9502
25881A66J6,KUCHIPUDI V S K J ABHITEJAS,C,1,A9302,Engineering Workshop,A+,9.0,90.0,PASS,8.75,0,sem1_results,RES_S1_25881A66J6_A9302,STU_25881A66J6,SUB_1_A9302
25881A66J6,KUCHIPUDI V S K J ABHITEJAS,C,1,A9021,Community Centered Design Thinking,O,10.0,100.0,PASS,8.75,0,sem1_results,RES_S1_25881A66J6_A9021,STU_25881A66J6,SUB_1_A9021
25881A66J6,KUCHIPUDI V S K J ABHITEJAS,C,1,A9007,Engineering Physics,A,8.0,80.0,PASS,8.75,0,sem1_results,RES_S1_25881A66J6_A9007,STU_25881A66J6,SUB_1_A9007
25881A66J6,KUCHIPUDI V S K J ABHITEJAS,C,1,A9008,Engineering Physics Laboratory,O,10.0,100.0,PASS,8.75,0,sem1_results,RES_S1_25881A66J6_A9008,STU_25881A66J6,SUB_1_A9008
25881A66J6,KUCHIPUDI V S K J ABHITEJAS,C,1,A9204,Basic Electrical Engineering,A+,9.0,90.0,PASS,8.75,0,sem1_results,RES_S1_25881A66J6_A9204,STU_25881A66J6,SUB_1_A9204
25881A66J6,KUCHIPUDI V S K J ABHITEJAS,C,1,A9801,Foundations of Data Science,B+,7.0,70.0,PASS,8.75,0,sem1_results,RES_S1_25881A66J6_A9801,STU_25881A66J6,SUB_1_A9801
25881A66J6,KUCHIPUDI V S K J ABHITEJAS,C,1,A9205,Basic Electrical Engineering Laboratory,O,10.0,100.0,PASS,8.75,0,sem1_results,RES_S1_25881A66J6_A9205,STU_25881A66J6,SUB_1_A9205
25881A66J7,GANNAMANENI VARSHITH,C,1,A9001,Matrices and Calculus,O,10.0,100.0,PASS,8.65,0,sem1_results,RES_S1_25881A66J7_A9001,STU_25881A66J7,SUB_1_A9001
25881A66J7,GANNAMANENI VARSHITH,C,1,A9501,Programming for Problem Solving,A,8.0,80.0,PASS,8.65,0,sem1_results,RES_S1_25881A66J7_A9501,STU_25881A66J7,SUB_1_A9501
25881A66J7,GANNAMANENI VARSHITH,C,1,A9502,Programming for Problem Solving Laboratory,A,8.0,80.0,PASS,8.65,0,sem1_results,RES_S1_25881A66J7_A9502,STU_25881A66J7,SUB_1_A9502
25881A66J7,GANNAMANENI VARSHITH,C,1,A9302,Engineering Workshop,A+,9.0,90.0,PASS,8.65,0,sem1_results,RES_S1_25881A66J7_A9302,STU_25881A66J7,SUB_1_A9302
25881A66J7,GANNAMANENI VARSHITH,C,1,A9021,Community Centered Design Thinking,A+,9.0,90.0,PASS,8.65,0,sem1_results,RES_S1_25881A66J7_A9021,STU_25881A66J7,SUB_1_A9021
25881A66J7,GANNAMANENI VARSHITH,C,1,A9007,Engineering Physics,A,8.0,80.0,PASS,8.65,0,sem1_results,RES_S1_25881A66J7_A9007,STU_25881A66J7,SUB_1_A9007
25881A66J7,GANNAMANENI VARSHITH,C,1,A9008,Engineering Physics Laboratory,O,10.0,100.0,PASS,8.65,0,sem1_results,RES_S1_25881A66J7_A9008,STU_25881A66J7,SUB_1_A9008
25881A66J7,GANNAMANENI VARSHITH,C,1,A9204,Basic Electrical Engineering,A,8.0,80.0,PASS,8.65,0,sem1_results,RES_S1_25881A66J7_A9204,STU_25881A66J7,SUB_1_A9204
25881A66J7,GANNAMANENI VARSHITH,C,1,A9801,Foundations of Data Science,A,8.0,80.0,PASS,8.65,0,sem1_results,RES_S1_25881A66J7_A9801,STU_25881A66J7,SUB_1_A9801
25881A66J7,GANNAMANENI VARSHITH,C,1,A9205,Basic Electrical Engineering Laboratory,A+,9.0,90.0,PASS,8.65,0,sem1_results,RES_S1_25881A66J7_A9205,STU_25881A66J7,SUB_1_A9205
25881A66J8,GUGULOTH VASANTHA,C,1,A9001,Matrices and Calculus,F,0.0,0.0,FAIL,1.05,7,sem1_results,RES_S1_25881A66J8_A9001,STU_25881A66J8,SUB_1_A9001
25881A66J8,GUGULOTH VASANTHA,C,1,A9501,Programming for Problem Solving,F,0.0,0.0,FAIL,1.05,7,sem1_results,RES_S1_25881A66J8_A9501,STU_25881A66J8,SUB_1_A9501
25881A66J8,GUGULOTH VASANTHA,C,1,A9502,Programming for Problem Solving Laboratory,C,5.0,50.0,PASS,1.05,7,sem1_results,RES_S1_25881A66J8_A9502,STU_25881A66J8,SUB_1_A9502
25881A66J8,GUGULOTH VASANTHA,C,1,A9302,Engineering Workshop,AB,0.0,0.0,FAIL,1.05,7,sem1_results,RES_S1_25881A66J8_A9302,STU_25881A66J8,SUB_1_A9302
25881A66J8,GUGULOTH VASANTHA,C,1,A9021,Community Centered Design Thinking,AB,0.0,0.0,FAIL,1.05,7,sem1_results,RES_S1_25881A66J8_A9021,STU_25881A66J8,SUB_1_A9021
25881A66J8,GUGULOTH VASANTHA,C,1,A9007,Engineering Physics,F,0.0,0.0,FAIL,1.05,7,sem1_results,RES_S1_25881A66J8_A9007,STU_25881A66J8,SUB_1_A9007
25881A66J8,GUGULOTH VASANTHA,C,1,A9008,Engineering Physics Laboratory,A+,9.0,90.0,PASS,1.05,7,sem1_results,RES_S1_25881A66J8_A9008,STU_25881A66J8,SUB_1_A9008
25881A66J8,GUGULOTH VASANTHA,C,1,A9204,Basic Electrical Engineering,F,0.0,0.0,FAIL,1.05,7,sem1_results,RES_S1_25881A66J8_A9204,STU_25881A66J8,SUB_1_A9204
25881A66J8,GUGULOTH VASANTHA,C,1,A9801,Foundations of Data Science,F,0.0,0.0,FAIL,1.05,7,sem1_results,RES_S1_25881A66J8_A9801,STU_25881A66J8,SUB_1_A9801
25881A66J8,GUGULOTH VASANTHA,C,1,A9205,Basic Electrical Engineering Laboratory,B+,7.0,70.0,PASS,1.05,7,sem1_results,RES_S1_25881A66J8_A9205,STU_25881A66J8,SUB_1_A9205
25881A66J9,DONTHOJI VIGNESH,C,1,A9001,Matrices and Calculus,A+,9.0,90.0,PASS,7.9,0,sem1_results,RES_S1_25881A66J9_A9001,STU_25881A66J9,SUB_1_A9001
25881A66J9,DONTHOJI VIGNESH,C,1,A9501,Programming for Problem Solving,C,5.0,50.0,PASS,7.9,0,sem1_results,RES_S1_25881A66J9_A9501,STU_25881A66J9,SUB_1_A9501
25881A66J9,DONTHOJI VIGNESH,C,1,A9502,Programming for Problem Solving Laboratory,B,6.0,60.0,PASS,7.9,0,sem1_results,RES_S1_25881A66J9_A9502,STU_25881A66J9,SUB_1_A9502
25881A66J9,DONTHOJI VIGNESH,C,1,A9302,Engineering Workshop,O,10.0,100.0,PASS,7.9,0,sem1_results,RES_S1_25881A66J9_A9302,STU_25881A66J9,SUB_1_A9302
25881A66J9,DONTHOJI VIGNESH,C,1,A9021,Community Centered Design Thinking,A+,9.0,90.0,PASS,7.9,0,sem1_results,RES_S1_25881A66J9_A9021,STU_25881A66J9,SUB_1_A9021
25881A66J9,DONTHOJI VIGNESH,C,1,A9007,Engineering Physics,A+,9.0,90.0,PASS,7.9,0,sem1_results,RES_S1_25881A66J9_A9007,STU_25881A66J9,SUB_1_A9007
25881A66J9,DONTHOJI VIGNESH,C,1,A9008,Engineering Physics Laboratory,A,8.0,80.0,PASS,7.9,0,sem1_results,RES_S1_25881A66J9_A9008,STU_25881A66J9,SUB_1_A9008
25881A66J9,DONTHOJI VIGNESH,C,1,A9204,Basic Electrical Engineering,A,8.0,80.0,PASS,7.9,0,sem1_results,RES_S1_25881A66J9_A9204,STU_25881A66J9,SUB_1_A9204
25881A66J9,DONTHOJI VIGNESH,C,1,A9801,Foundations of Data Science,A,8.0,80.0,PASS,7.9,0,sem1_results,RES_S1_25881A66J9_A9801,STU_25881A66J9,SUB_1_A9801
25881A66J9,DONTHOJI VIGNESH,C,1,A9205,Basic Electrical Engineering Laboratory,B+,7.0,70.0,PASS,7.9,0,sem1_results,RES_S1_25881A66J9_A9205,STU_25881A66J9,SUB_1_A9205
25881A66K0,GUVVADI VISHAL RAO,C,1,A9001,Matrices and Calculus,O,10.0,100.0,PASS,8.5,0,sem1_results,RES_S1_25881A66K0_A9001,STU_25881A66K0,SUB_1_A9001
25881A66K0,GUVVADI VISHAL RAO,C,1,A9501,Programming for Problem Solving,B,6.0,60.0,PASS,8.5,0,sem1_results,RES_S1_25881A66K0_A9501,STU_25881A66K0,SUB_1_A9501
25881A66K0,GUVVADI VISHAL RAO,C,1,A9502,Programming for Problem Solving Laboratory,A,8.0,80.0,PASS,8.5,0,sem1_results,RES_S1_25881A66K0_A9502,STU_25881A66K0,SUB_1_A9502
25881A66K0,GUVVADI VISHAL RAO,C,1,A9302,Engineering Workshop,A+,9.0,90.0,PASS,8.5,0,sem1_results,RES_S1_25881A66K0_A9302,STU_25881A66K0,SUB_1_A9302
25881A66K0,GUVVADI VISHAL RAO,C,1,A9021,Community Centered Design Thinking,A+,9.0,90.0,PASS,8.5,0,sem1_results,RES_S1_25881A66K0_A9021,STU_25881A66K0,SUB_1_A9021
25881A66K0,GUVVADI VISHAL RAO,C,1,A9007,Engineering Physics,A+,9.0,90.0,PASS,8.5,0,sem1_results,RES_S1_25881A66K0_A9007,STU_25881A66K0,SUB_1_A9007
25881A66K0,GUVVADI VISHAL RAO,C,1,A9008,Engineering Physics Laboratory,O,10.0,100.0,PASS,8.5,0,sem1_results,RES_S1_25881A66K0_A9008,STU_25881A66K0,SUB_1_A9008
25881A66K0,GUVVADI VISHAL RAO,C,1,A9204,Basic Electrical Engineering,A+,9.0,90.0,PASS,8.5,0,sem1_results,RES_S1_25881A66K0_A9204,STU_25881A66K0,SUB_1_A9204
25881A66K0,GUVVADI VISHAL RAO,C,1,A9801,Foundations of Data Science,B+,7.0,70.0,PASS,8.5,0,sem1_results,RES_S1_25881A66K0_A9801,STU_25881A66K0,SUB_1_A9801
25881A66K0,GUVVADI VISHAL RAO,C,1,A9205,Basic Electrical Engineering Laboratory,O,10.0,100.0,PASS,8.5,0,sem1_results,RES_S1_25881A66K0_A9205,STU_25881A66K0,SUB_1_A9205
25881A66K1,POTHAGANI VISHNU VARDHAN,C,1,A9001,Matrices and Calculus,O,10.0,100.0,PASS,8.95,0,sem1_results,RES_S1_25881A66K1_A9001,STU_25881A66K1,SUB_1_A9001
25881A66K1,POTHAGANI VISHNU VARDHAN,C,1,A9501,Programming for Problem Solving,A,8.0,80.0,PASS,8.95,0,sem1_results,RES_S1_25881A66K1_A9501,STU_25881A66K1,SUB_1_A9501
25881A66K1,POTHAGANI VISHNU VARDHAN,C,1,A9502,Programming for Problem Solving Laboratory,A,8.0,80.0,PASS,8.95,0,sem1_results,RES_S1_25881A66K1_A9502,STU_25881A66K1,SUB_1_A9502
25881A66K1,POTHAGANI VISHNU VARDHAN,C,1,A9302,Engineering Workshop,O,10.0,100.0,PASS,8.95,0,sem1_results,RES_S1_25881A66K1_A9302,STU_25881A66K1,SUB_1_A9302
25881A66K1,POTHAGANI VISHNU VARDHAN,C,1,A9021,Community Centered Design Thinking,A+,9.0,90.0,PASS,8.95,0,sem1_results,RES_S1_25881A66K1_A9021,STU_25881A66K1,SUB_1_A9021
25881A66K1,POTHAGANI VISHNU VARDHAN,C,1,A9007,Engineering Physics,A,8.0,80.0,PASS,8.95,0,sem1_results,RES_S1_25881A66K1_A9007,STU_25881A66K1,SUB_1_A9007
25881A66K1,POTHAGANI VISHNU VARDHAN,C,1,A9008,Engineering Physics Laboratory,O,10.0,100.0,PASS,8.95,0,sem1_results,RES_S1_25881A66K1_A9008,STU_25881A66K1,SUB_1_A9008
25881A66K1,POTHAGANI VISHNU VARDHAN,C,1,A9204,Basic Electrical Engineering,O,10.0,100.0,PASS,8.95,0,sem1_results,RES_S1_25881A66K1_A9204,STU_25881A66K1,SUB_1_A9204
25881A66K1,POTHAGANI VISHNU VARDHAN,C,1,A9801,Foundations of Data Science,A,8.0,80.0,PASS,8.95,0,sem1_results,RES_S1_25881A66K1_A9801,STU_25881A66K1,SUB_1_A9801
25881A66K1,POTHAGANI VISHNU VARDHAN,C,1,A9205,Basic Electrical Engineering Laboratory,O,10.0,100.0,PASS,8.95,0,sem1_results,RES_S1_25881A66K1_A9205,STU_25881A66K1,SUB_1_A9205
25881A66K2,KARNE YOGISHWAR SAI,C,1,A9001,Matrices and Calculus,A+,9.0,90.0,PASS,8.1,0,sem1_results,RES_S1_25881A66K2_A9001,STU_25881A66K2,SUB_1_A9001
25881A66K2,KARNE YOGISHWAR SAI,C,1,A9501,Programming for Problem Solving,B+,7.0,70.0,PASS,8.1,0,sem1_results,RES_S1_25881A66K2_A9501,STU_25881A66K2,SUB_1_A9501
25881A66K2,KARNE YOGISHWAR SAI,C,1,A9502,Programming for Problem Solving Laboratory,B+,7.0,70.0,PASS,8.1,0,sem1_results,RES_S1_25881A66K2_A9502,STU_25881A66K2,SUB_1_A9502
25881A66K2,KARNE YOGISHWAR SAI,C,1,A9302,Engineering Workshop,O,10.0,100.0,PASS,8.1,0,sem1_results,RES_S1_25881A66K2_A9302,STU_25881A66K2,SUB_1_A9302
25881A66K2,KARNE YOGISHWAR SAI,C,1,A9021,Community Centered Design Thinking,A,8.0,80.0,PASS,8.1,0,sem1_results,RES_S1_25881A66K2_A9021,STU_25881A66K2,SUB_1_A9021
25881A66K2,KARNE YOGISHWAR SAI,C,1,A9007,Engineering Physics,B+,7.0,70.0,PASS,8.1,0,sem1_results,RES_S1_25881A66K2_A9007,STU_25881A66K2,SUB_1_A9007
25881A66K2,KARNE YOGISHWAR SAI,C,1,A9008,Engineering Physics Laboratory,A+,9.0,90.0,PASS,8.1,0,sem1_results,RES_S1_25881A66K2_A9008,STU_25881A66K2,SUB_1_A9008
25881A66K2,KARNE YOGISHWAR SAI,C,1,A9204,Basic Electrical Engineering,A,8.0,80.0,PASS,8.1,0,sem1_results,RES_S1_25881A66K2_A9204,STU_25881A66K2,SUB_1_A9204
25881A66K2,KARNE YOGISHWAR SAI,C,1,A9801,Foundations of Data Science,A,8.0,80.0,PASS,8.1,0,sem1_results,RES_S1_25881A66K2_A9801,STU_25881A66K2,SUB_1_A9801
25881A66K2,KARNE YOGISHWAR SAI,C,1,A9205,Basic Electrical Engineering Laboratory,O,10.0,100.0,PASS,8.1,0,sem1_results,RES_S1_25881A66K2_A9205,STU_25881A66K2,SUB_1_A9205
25881A66K3,KONDAPURAM YOUGENDER,C,1,A9001,Matrices and Calculus,C,5.0,50.0,PASS,6.0,0,sem1_results,RES_S1_25881A66K3_A9001,STU_25881A66K3,SUB_1_A9001
25881A66K3,KONDAPURAM YOUGENDER,C,1,A9501,Programming for Problem Solving,C,5.0,50.0,PASS,6.0,0,sem1_results,RES_S1_25881A66K3_A9501,STU_25881A66K3,SUB_1_A9501
25881A66K3,KONDAPURAM YOUGENDER,C,1,A9502,Programming for Problem Solving Laboratory,C,5.0,50.0,PASS,6.0,0,sem1_results,RES_S1_25881A66K3_A9502,STU_25881A66K3,SUB_1_A9502
25881A66K3,KONDAPURAM YOUGENDER,C,1,A9302,Engineering Workshop,O,10.0,100.0,PASS,6.0,0,sem1_results,RES_S1_25881A66K3_A9302,STU_25881A66K3,SUB_1_A9302
25881A66K3,KONDAPURAM YOUGENDER,C,1,A9021,Community Centered Design Thinking,A+,9.0,90.0,PASS,6.0,0,sem1_results,RES_S1_25881A66K3_A9021,STU_25881A66K3,SUB_1_A9021
25881A66K3,KONDAPURAM YOUGENDER,C,1,A9007,Engineering Physics,C,5.0,50.0,PASS,6.0,0,sem1_results,RES_S1_25881A66K3_A9007,STU_25881A66K3,SUB_1_A9007
25881A66K3,KONDAPURAM YOUGENDER,C,1,A9008,Engineering Physics Laboratory,A,8.0,80.0,PASS,6.0,0,sem1_results,RES_S1_25881A66K3_A9008,STU_25881A66K3,SUB_1_A9008
25881A66K3,KONDAPURAM YOUGENDER,C,1,A9204,Basic Electrical Engineering,B,6.0,60.0,PASS,6.0,0,sem1_results,RES_S1_25881A66K3_A9204,STU_25881A66K3,SUB_1_A9204
25881A66K3,KONDAPURAM YOUGENDER,C,1,A9801,Foundations of Data Science,B,6.0,60.0,PASS,6.0,0,sem1_results,RES_S1_25881A66K3_A9801,STU_25881A66K3,SUB_1_A9801
25881A66K3,KONDAPURAM YOUGENDER,C,1,A9205,Basic Electrical Engineering Laboratory,A,8.0,80.0,PASS,6.0,0,sem1_results,RES_S1_25881A66K3_A9205,STU_25881A66K3,SUB_1_A9205
25881A6601,PIDAKALA AASHISH,A,2,A9009,Engineering Chemistry,B+,7.0,70.0,PASS,8.1,0,sem2_results,RES_S2_25881A6601_A9009,STU_25881A6601,SUB_2_A9009
25881A6601,PIDAKALA AASHISH,A,2,A9011,English for Skills Enhancement,A,8.0,80.0,PASS,8.1,0,sem2_results,RES_S2_25881A6601_A9011,STU_25881A6601,SUB_2_A9011
25881A6601,PIDAKALA AASHISH,A,2,A9010,Engineering Chemistry Laboratory,A,8.0,80.0,PASS,8.1,0,sem2_results,RES_S2_25881A6601_A9010,STU_25881A6601,SUB_2_A9010
25881A6601,PIDAKALA AASHISH,A,2,A9012,English Language and Communication Skills Laboratory,A,8.0,80.0,PASS,8.1,0,sem2_results,RES_S2_25881A6601_A9012,STU_25881A6601,SUB_2_A9012
25881A6601,PIDAKALA AASHISH,A,2,A9304,Computer Aided Engineering Graphics,A+,9.0,90.0,PASS,8.1,0,sem2_results,RES_S2_25881A6601_A9304,STU_25881A6601,SUB_2_A9304
25881A6601,PIDAKALA AASHISH,A,2,A9402,Digital Electronics,A,8.0,80.0,PASS,8.1,0,sem2_results,RES_S2_25881A6601_A9402,STU_25881A6601,SUB_2_A9402
25881A6601,PIDAKALA AASHISH,A,2,A9002,Ordinary Differential Equations and Vector Calculus,A,8.0,80.0,PASS,8.1,0,sem2_results,RES_S2_25881A6601_A9002,STU_25881A6601,SUB_2_A9002
25881A6601,PIDAKALA AASHISH,A,2,A9022,Product Design and Development,O,10.0,100.0,PASS,8.1,0,sem2_results,RES_S2_25881A6601_A9022,STU_25881A6601,SUB_2_A9022
25881A6601,PIDAKALA AASHISH,A,2,A9503,Data Structures,A,8.0,80.0,PASS,8.1,0,sem2_results,RES_S2_25881A6601_A9503,STU_25881A6601,SUB_2_A9503
25881A6601,PIDAKALA AASHISH,A,2,A9504,Data Structures Laboratory,O,10.0,100.0,PASS,8.1,0,sem2_results,RES_S2_25881A6601_A9504,STU_25881A6601,SUB_2_A9504
25881A6602,BIKUMALLA AASHRITA,A,2,A9009,Engineering Chemistry,A+,9.0,90.0,PASS,8.65,0,sem2_results,RES_S2_25881A6602_A9009,STU_25881A6602,SUB_2_A9009
25881A6602,BIKUMALLA AASHRITA,A,2,A9011,English for Skills Enhancement,A,8.0,80.0,PASS,8.65,0,sem2_results,RES_S2_25881A6602_A9011,STU_25881A6602,SUB_2_A9011
25881A6602,BIKUMALLA AASHRITA,A,2,A9010,Engineering Chemistry Laboratory,O,10.0,100.0,PASS,8.65,0,sem2_results,RES_S2_25881A6602_A9010,STU_25881A6602,SUB_2_A9010
25881A6602,BIKUMALLA AASHRITA,A,2,A9012,English Language and Communication Skills Laboratory,A,8.0,80.0,PASS,8.65,0,sem2_results,RES_S2_25881A6602_A9012,STU_25881A6602,SUB_2_A9012
25881A6602,BIKUMALLA AASHRITA,A,2,A9304,Computer Aided Engineering Graphics,A+,9.0,90.0,PASS,8.65,0,sem2_results,RES_S2_25881A6602_A9304,STU_25881A6602,SUB_2_A9304
25881A6602,BIKUMALLA AASHRITA,A,2,A9402,Digital Electronics,A+,9.0,90.0,PASS,8.65,0,sem2_results,RES_S2_25881A6602_A9402,STU_25881A6602,SUB_2_A9402
25881A6602,BIKUMALLA AASHRITA,A,2,A9002,Ordinary Differential Equations and Vector Calculus,A,8.0,80.0,PASS,8.65,0,sem2_results,RES_S2_25881A6602_A9002,STU_25881A6602,SUB_2_A9002
25881A6602,BIKUMALLA AASHRITA,A,2,A9022,Product Design and Development,O,10.0,100.0,PASS,8.65,0,sem2_results,RES_S2_25881A6602_A9022,STU_25881A6602,SUB_2_A9022
25881A6602,BIKUMALLA AASHRITA,A,2,A9503,Data Structures,A,8.0,80.0,PASS,8.65,0,sem2_results,RES_S2_25881A6602_A9503,STU_25881A6602,SUB_2_A9503
25881A6602,BIKUMALLA AASHRITA,A,2,A9504,Data Structures Laboratory,O,10.0,100.0,PASS,8.65,0,sem2_results,RES_S2_25881A6602_A9504,STU_25881A6602,SUB_2_A9504
25881A6603,GURRAPU ABHIRAM,A,2,A9009,Engineering Chemistry,B,6.0,60.0,PASS,7.15,0,sem2_results,RES_S2_25881A6603_A9009,STU_25881A6603,SUB_2_A9009
25881A6603,GURRAPU ABHIRAM,A,2,A9011,English for Skills Enhancement,B+,7.0,70.0,PASS,7.15,0,sem2_results,RES_S2_25881A6603_A9011,STU_25881A6603,SUB_2_A9011
25881A6603,GURRAPU ABHIRAM,A,2,A9010,Engineering Chemistry Laboratory,A,8.0,80.0,PASS,7.15,0,sem2_results,RES_S2_25881A6603_A9010,STU_25881A6603,SUB_2_A9010
25881A6603,GURRAPU ABHIRAM,A,2,A9012,English Language and Communication Skills Laboratory,A+,9.0,90.0,PASS,7.15,0,sem2_results,RES_S2_25881A6603_A9012,STU_25881A6603,SUB_2_A9012
25881A6603,GURRAPU ABHIRAM,A,2,A9304,Computer Aided Engineering Graphics,A+,9.0,90.0,PASS,7.15,0,sem2_results,RES_S2_25881A6603_A9304,STU_25881A6603,SUB_2_A9304
25881A6603,GURRAPU ABHIRAM,A,2,A9402,Digital Electronics,B+,7.0,70.0,PASS,7.15,0,sem2_results,RES_S2_25881A6603_A9402,STU_25881A6603,SUB_2_A9402
25881A6603,GURRAPU ABHIRAM,A,2,A9002,Ordinary Differential Equations and Vector Calculus,B+,7.0,70.0,PASS,7.15,0,sem2_results,RES_S2_25881A6603_A9002,STU_25881A6603,SUB_2_A9002
25881A6603,GURRAPU ABHIRAM,A,2,A9022,Product Design and Development,O,10.0,100.0,PASS,7.15,0,sem2_results,RES_S2_25881A6603_A9022,STU_25881A6603,SUB_2_A9022
25881A6603,GURRAPU ABHIRAM,A,2,A9503,Data Structures,B,6.0,60.0,PASS,7.15,0,sem2_results,RES_S2_25881A6603_A9503,STU_25881A6603,SUB_2_A9503
25881A6603,GURRAPU ABHIRAM,A,2,A9504,Data Structures Laboratory,A,8.0,80.0,PASS,7.15,0,sem2_results,RES_S2_25881A6603_A9504,STU_25881A6603,SUB_2_A9504
25881A6604,MUDAAVATH AKHIL,A,2,A9009,Engineering Chemistry,B,6.0,60.0,PASS,6.45,0,sem2_results,RES_S2_25881A6604_A9009,STU_25881A6604,SUB_2_A9009
25881A6604,MUDAAVATH AKHIL,A,2,A9011,English for Skills Enhancement,B+,7.0,70.0,PASS,6.45,0,sem2_results,RES_S2_25881A6604_A9011,STU_25881A6604,SUB_2_A9011
25881A6604,MUDAAVATH AKHIL,A,2,A9010,Engineering Chemistry Laboratory,A+,9.0,90.0,PASS,6.45,0,sem2_results,RES_S2_25881A6604_A9010,STU_25881A6604,SUB_2_A9010
25881A6604,MUDAAVATH AKHIL,A,2,A9012,English Language and Communication Skills Laboratory,A,8.0,80.0,PASS,6.45,0,sem2_results,RES_S2_25881A6604_A9012,STU_25881A6604,SUB_2_A9012
25881A6604,MUDAAVATH AKHIL,A,2,A9304,Computer Aided Engineering Graphics,A,8.0,80.0,PASS,6.45,0,sem2_results,RES_S2_25881A6604_A9304,STU_25881A6604,SUB_2_A9304
25881A6604,MUDAAVATH AKHIL,A,2,A9402,Digital Electronics,B,6.0,60.0,PASS,6.45,0,sem2_results,RES_S2_25881A6604_A9402,STU_25881A6604,SUB_2_A9402
25881A6604,MUDAAVATH AKHIL,A,2,A9002,Ordinary Differential Equations and Vector Calculus,C,5.0,50.0,PASS,6.45,0,sem2_results,RES_S2_25881A6604_A9002,STU_25881A6604,SUB_2_A9002
25881A6604,MUDAAVATH AKHIL,A,2,A9022,Product Design and Development,O,10.0,100.0,PASS,6.45,0,sem2_results,RES_S2_25881A6604_A9022,STU_25881A6604,SUB_2_A9022
25881A6604,MUDAAVATH AKHIL,A,2,A9503,Data Structures,C,5.0,50.0,PASS,6.45,0,sem2_results,RES_S2_25881A6604_A9503,STU_25881A6604,SUB_2_A9503
25881A6604,MUDAAVATH AKHIL,A,2,A9504,Data Structures Laboratory,A+,9.0,90.0,PASS,6.45,0,sem2_results,RES_S2_25881A6604_A9504,STU_25881A6604,SUB_2_A9504
25881A6605,PURI AKSHAY KUMAR,A,2,A9009,Engineering Chemistry,B+,7.0,70.0,PASS,6.85,0,sem2_results,RES_S2_25881A6605_A9009,STU_25881A6605,SUB_2_A9009
25881A6605,PURI AKSHAY KUMAR,A,2,A9011,English for Skills Enhancement,B+,7.0,70.0,PASS,6.85,0,sem2_results,RES_S2_25881A6605_A9011,STU_25881A6605,SUB_2_A9011
25881A6605,PURI AKSHAY KUMAR,A,2,A9010,Engineering Chemistry Laboratory,A+,9.0,90.0,PASS,6.85,0,sem2_results,RES_S2_25881A6605_A9010,STU_25881A6605,SUB_2_A9010
25881A6605,PURI AKSHAY KUMAR,A,2,A9012,English Language and Communication Skills Laboratory,A+,9.0,90.0,PASS,6.85,0,sem2_results,RES_S2_25881A6605_A9012,STU_25881A6605,SUB_2_A9012
25881A6605,PURI AKSHAY KUMAR,A,2,A9304,Computer Aided Engineering Graphics,A+,9.0,90.0,PASS,6.85,0,sem2_results,RES_S2_25881A6605_A9304,STU_25881A6605,SUB_2_A9304
25881A6605,PURI AKSHAY KUMAR,A,2,A9402,Digital Electronics,B,6.0,60.0,PASS,6.85,0,sem2_results,RES_S2_25881A6605_A9402,STU_25881A6605,SUB_2_A9402
25881A6605,PURI AKSHAY KUMAR,A,2,A9002,Ordinary Differential Equations and Vector Calculus,B,6.0,60.0,PASS,6.85,0,sem2_results,RES_S2_25881A6605_A9002,STU_25881A6605,SUB_2_A9002
25881A6605,PURI AKSHAY KUMAR,A,2,A9022,Product Design and Development,O,10.0,100.0,PASS,6.85,0,sem2_results,RES_S2_25881A6605_A9022,STU_25881A6605,SUB_2_A9022
25881A6605,PURI AKSHAY KUMAR,A,2,A9503,Data Structures,C,5.0,50.0,PASS,6.85,0,sem2_results,RES_S2_25881A6605_A9503,STU_25881A6605,SUB_2_A9503
25881A6605,PURI AKSHAY KUMAR,A,2,A9504,Data Structures Laboratory,A,8.0,80.0,PASS,6.85,0,sem2_results,RES_S2_25881A6605_A9504,STU_25881A6605,SUB_2_A9504
25881A6606,TIPPARTHY AKSHAY,A,2,A9009,Engineering Chemistry,C,5.0,50.0,PASS,5.95,1,sem2_results,RES_S2_25881A6606_A9009,STU_25881A6606,SUB_2_A9009
25881A6606,TIPPARTHY AKSHAY,A,2,A9011,English for Skills Enhancement,B+,7.0,70.0,PASS,5.95,1,sem2_results,RES_S2_25881A6606_A9011,STU_25881A6606,SUB_2_A9011
25881A6606,TIPPARTHY AKSHAY,A,2,A9010,Engineering Chemistry Laboratory,A,8.0,80.0,PASS,5.95,1,sem2_results,RES_S2_25881A6606_A9010,STU_25881A6606,SUB_2_A9010
25881A6606,TIPPARTHY AKSHAY,A,2,A9012,English Language and Communication Skills Laboratory,A+,9.0,90.0,PASS,5.95,1,sem2_results,RES_S2_25881A6606_A9012,STU_25881A6606,SUB_2_A9012
25881A6606,TIPPARTHY AKSHAY,A,2,A9304,Computer Aided Engineering Graphics,A+,9.0,90.0,PASS,5.95,1,sem2_results,RES_S2_25881A6606_A9304,STU_25881A6606,SUB_2_A9304
25881A6606,TIPPARTHY AKSHAY,A,2,A9402,Digital Electronics,B,6.0,60.0,PASS,5.95,1,sem2_results,RES_S2_25881A6606_A9402,STU_25881A6606,SUB_2_A9402
25881A6606,TIPPARTHY AKSHAY,A,2,A9002,Ordinary Differential Equations and Vector Calculus,B+,7.0,70.0,PASS,5.95,1,sem2_results,RES_S2_25881A6606_A9002,STU_25881A6606,SUB_2_A9002
25881A6606,TIPPARTHY AKSHAY,A,2,A9022,Product Design and Development,O,10.0,100.0,PASS,5.95,1,sem2_results,RES_S2_25881A6606_A9022,STU_25881A6606,SUB_2_A9022
25881A6606,TIPPARTHY AKSHAY,A,2,A9503,Data Structures,F,0.0,0.0,FAIL,5.95,1,sem2_results,RES_S2_25881A6606_A9503,STU_25881A6606,SUB_2_A9503
25881A6606,TIPPARTHY AKSHAY,A,2,A9504,Data Structures Laboratory,A,8.0,80.0,PASS,5.95,1,sem2_results,RES_S2_25881A6606_A9504,STU_25881A6606,SUB_2_A9504
25881A6607,UYYALA AKSHAYA,A,2,A9009,Engineering Chemistry,B,6.0,60.0,PASS,5.8,1,sem2_results,RES_S2_25881A6607_A9009,STU_25881A6607,SUB_2_A9009
25881A6607,UYYALA AKSHAYA,A,2,A9011,English for Skills Enhancement,A,8.0,80.0,PASS,5.8,1,sem2_results,RES_S2_25881A6607_A9011,STU_25881A6607,SUB_2_A9011
25881A6607,UYYALA AKSHAYA,A,2,A9010,Engineering Chemistry Laboratory,A+,9.0,90.0,PASS,5.8,1,sem2_results,RES_S2_25881A6607_A9010,STU_25881A6607,SUB_2_A9010
25881A6607,UYYALA AKSHAYA,A,2,A9012,English Language and Communication Skills Laboratory,A+,9.0,90.0,PASS,5.8,1,sem2_results,RES_S2_25881A6607_A9012,STU_25881A6607,SUB_2_A9012
25881A6607,UYYALA AKSHAYA,A,2,A9304,Computer Aided Engineering Graphics,A+,9.0,90.0,PASS,5.8,1,sem2_results,RES_S2_25881A6607_A9304,STU_25881A6607,SUB_2_A9304
25881A6607,UYYALA AKSHAYA,A,2,A9402,Digital Electronics,B+,7.0,70.0,PASS,5.8,1,sem2_results,RES_S2_25881A6607_A9402,STU_25881A6607,SUB_2_A9402
25881A6607,UYYALA AKSHAYA,A,2,A9002,Ordinary Differential Equations and Vector Calculus,F,0.0,0.0,FAIL,5.8,1,sem2_results,RES_S2_25881A6607_A9002,STU_25881A6607,SUB_2_A9002
25881A6607,UYYALA AKSHAYA,A,2,A9022,Product Design and Development,O,10.0,100.0,PASS,5.8,1,sem2_results,RES_S2_25881A6607_A9022,STU_25881A6607,SUB_2_A9022
25881A6607,UYYALA AKSHAYA,A,2,A9503,Data Structures,C,5.0,50.0,PASS,5.8,1,sem2_results,RES_S2_25881A6607_A9503,STU_25881A6607,SUB_2_A9503
25881A6607,UYYALA AKSHAYA,A,2,A9504,Data Structures Laboratory,A+,9.0,90.0,PASS,5.8,1,sem2_results,RES_S2_25881A6607_A9504,STU_25881A6607,SUB_2_A9504
25881A6608,SIRAMSETTI ANUSHA,A,2,A9009,Engineering Chemistry,A+,9.0,90.0,PASS,9.5,0,sem2_results,RES_S2_25881A6608_A9009,STU_25881A6608,SUB_2_A9009
25881A6608,SIRAMSETTI ANUSHA,A,2,A9011,English for Skills Enhancement,A+,9.0,90.0,PASS,9.5,0,sem2_results,RES_S2_25881A6608_A9011,STU_25881A6608,SUB_2_A9011
25881A6608,SIRAMSETTI ANUSHA,A,2,A9010,Engineering Chemistry Laboratory,O,10.0,100.0,PASS,9.5,0,sem2_results,RES_S2_25881A6608_A9010,STU_25881A6608,SUB_2_A9010
25881A6608,SIRAMSETTI ANUSHA,A,2,A9012,English Language and Communication Skills Laboratory,A+,9.0,90.0,PASS,9.5,0,sem2_results,RES_S2_25881A6608_A9012,STU_25881A6608,SUB_2_A9012
25881A6608,SIRAMSETTI ANUSHA,A,2,A9304,Computer Aided Engineering Graphics,A+,9.0,90.0,PASS,9.5,0,sem2_results,RES_S2_25881A6608_A9304,STU_25881A6608,SUB_2_A9304
25881A6608,SIRAMSETTI ANUSHA,A,2,A9402,Digital Electronics,O,10.0,100.0,PASS,9.5,0,sem2_results,RES_S2_25881A6608_A9402,STU_25881A6608,SUB_2_A9402
25881A6608,SIRAMSETTI ANUSHA,A,2,A9002,Ordinary Differential Equations and Vector Calculus,O,10.0,100.0,PASS,9.5,0,sem2_results,RES_S2_25881A6608_A9002,STU_25881A6608,SUB_2_A9002
25881A6608,SIRAMSETTI ANUSHA,A,2,A9022,Product Design and Development,O,10.0,100.0,PASS,9.5,0,sem2_results,RES_S2_25881A6608_A9022,STU_25881A6608,SUB_2_A9022
25881A6608,SIRAMSETTI ANUSHA,A,2,A9503,Data Structures,A+,9.0,90.0,PASS,9.5,0,sem2_results,RES_S2_25881A6608_A9503,STU_25881A6608,SUB_2_A9503
25881A6608,SIRAMSETTI ANUSHA,A,2,A9504,Data Structures Laboratory,O,10.0,100.0,PASS,9.5,0,sem2_results,RES_S2_25881A6608_A9504,STU_25881A6608,SUB_2_A9504
25881A6609,BYRI CHANDAN KUMAR,A,2,A9009,Engineering Chemistry,A,8.0,80.0,PASS,8.65,0,sem2_results,RES_S2_25881A6609_A9009,STU_25881A6609,SUB_2_A9009
25881A6609,BYRI CHANDAN KUMAR,A,2,A9011,English for Skills Enhancement,A,8.0,80.0,PASS,8.65,0,sem2_results,RES_S2_25881A6609_A9011,STU_25881A6609,SUB_2_A9011
25881A6609,BYRI CHANDAN KUMAR,A,2,A9010,Engineering Chemistry Laboratory,A+,9.0,90.0,PASS,8.65,0,sem2_results,RES_S2_25881A6609_A9010,STU_25881A6609,SUB_2_A9010
25881A6609,BYRI CHANDAN KUMAR,A,2,A9012,English Language and Communication Skills Laboratory,A+,9.0,90.0,PASS,8.65,0,sem2_results,RES_S2_25881A6609_A9012,STU_25881A6609,SUB_2_A9012
25881A6609,BYRI CHANDAN KUMAR,A,2,A9304,Computer Aided Engineering Graphics,A+,9.0,90.0,PASS,8.65,0,sem2_results,RES_S2_25881A6609_A9304,STU_25881A6609,SUB_2_A9304
25881A6609,BYRI CHANDAN KUMAR,A,2,A9402,Digital Electronics,A+,9.0,90.0,PASS,8.65,0,sem2_results,RES_S2_25881A6609_A9402,STU_25881A6609,SUB_2_A9402
25881A6609,BYRI CHANDAN KUMAR,A,2,A9002,Ordinary Differential Equations and Vector Calculus,A,8.0,80.0,PASS,8.65,0,sem2_results,RES_S2_25881A6609_A9002,STU_25881A6609,SUB_2_A9002
25881A6609,BYRI CHANDAN KUMAR,A,2,A9022,Product Design and Development,O,10.0,100.0,PASS,8.65,0,sem2_results,RES_S2_25881A6609_A9022,STU_25881A6609,SUB_2_A9022
25881A6609,BYRI CHANDAN KUMAR,A,2,A9503,Data Structures,A+,9.0,90.0,PASS,8.65,0,sem2_results,RES_S2_25881A6609_A9503,STU_25881A6609,SUB_2_A9503
25881A6609,BYRI CHANDAN KUMAR,A,2,A9504,Data Structures Laboratory,O,10.0,100.0,PASS,8.65,0,sem2_results,RES_S2_25881A6609_A9504,STU_25881A6609,SUB_2_A9504
25881A6610,V DEEKSHITH REDDY,A,2,A9009,Engineering Chemistry,A,8.0,80.0,PASS,8.55,0,sem2_results,RES_S2_25881A6610_A9009,STU_25881A6610,SUB_2_A9009
25881A6610,V DEEKSHITH REDDY,A,2,A9011,English for Skills Enhancement,A,8.0,80.0,PASS,8.55,0,sem2_results,RES_S2_25881A6610_A9011,STU_25881A6610,SUB_2_A9011
25881A6610,V DEEKSHITH REDDY,A,2,A9010,Engineering Chemistry Laboratory,A+,9.0,90.0,PASS,8.55,0,sem2_results,RES_S2_25881A6610_A9010,STU_25881A6610,SUB_2_A9010
25881A6610,V DEEKSHITH REDDY,A,2,A9012,English Language and Communication Skills Laboratory,A+,9.0,90.0,PASS,8.55,0,sem2_results,RES_S2_25881A6610_A9012,STU_25881A6610,SUB_2_A9012
25881A6610,V DEEKSHITH REDDY,A,2,A9304,Computer Aided Engineering Graphics,A+,9.0,90.0,PASS,8.55,0,sem2_results,RES_S2_25881A6610_A9304,STU_25881A6610,SUB_2_A9304
25881A6610,V DEEKSHITH REDDY,A,2,A9402,Digital Electronics,A,8.0,80.0,PASS,8.55,0,sem2_results,RES_S2_25881A6610_A9402,STU_25881A6610,SUB_2_A9402
25881A6610,V DEEKSHITH REDDY,A,2,A9002,Ordinary Differential Equations and Vector Calculus,A+,9.0,90.0,PASS,8.55,0,sem2_results,RES_S2_25881A6610_A9002,STU_25881A6610,SUB_2_A9002
25881A6610,V DEEKSHITH REDDY,A,2,A9022,Product Design and Development,O,10.0,100.0,PASS,8.55,0,sem2_results,RES_S2_25881A6610_A9022,STU_25881A6610,SUB_2_A9022
25881A6610,V DEEKSHITH REDDY,A,2,A9503,Data Structures,A,8.0,80.0,PASS,8.55,0,sem2_results,RES_S2_25881A6610_A9503,STU_25881A6610,SUB_2_A9503
25881A6610,V DEEKSHITH REDDY,A,2,A9504,Data Structures Laboratory,O,10.0,100.0,PASS,8.55,0,sem2_results,RES_S2_25881A6610_A9504,STU_25881A6610,SUB_2_A9504
25881A6611,NERELLA DEEPIKA,A,2,A9009,Engineering Chemistry,A+,9.0,90.0,PASS,9.25,0,sem2_results,RES_S2_25881A6611_A9009,STU_25881A6611,SUB_2_A9009
25881A6611,NERELLA DEEPIKA,A,2,A9011,English for Skills Enhancement,A+,9.0,90.0,PASS,9.25,0,sem2_results,RES_S2_25881A6611_A9011,STU_25881A6611,SUB_2_A9011
25881A6611,NERELLA DEEPIKA,A,2,A9010,Engineering Chemistry Laboratory,O,10.0,100.0,PASS,9.25,0,sem2_results,RES_S2_25881A6611_A9010,STU_25881A6611,SUB_2_A9010
25881A6611,NERELLA DEEPIKA,A,2,A9012,English Language and Communication Skills Laboratory,A+,9.0,90.0,PASS,9.25,0,sem2_results,RES_S2_25881A6611_A9012,STU_25881A6611,SUB_2_A9012
25881A6611,NERELLA DEEPIKA,A,2,A9304,Computer Aided Engineering Graphics,A+,9.0,90.0,PASS,9.25,0,sem2_results,RES_S2_25881A6611_A9304,STU_25881A6611,SUB_2_A9304
25881A6611,NERELLA DEEPIKA,A,2,A9402,Digital Electronics,O,10.0,100.0,PASS,9.25,0,sem2_results,RES_S2_25881A6611_A9402,STU_25881A6611,SUB_2_A9402
25881A6611,NERELLA DEEPIKA,A,2,A9002,Ordinary Differential Equations and Vector Calculus,A+,9.0,90.0,PASS,9.25,0,sem2_results,RES_S2_25881A6611_A9002,STU_25881A6611,SUB_2_A9002
25881A6611,NERELLA DEEPIKA,A,2,A9022,Product Design and Development,O,10.0,100.0,PASS,9.25,0,sem2_results,RES_S2_25881A6611_A9022,STU_25881A6611,SUB_2_A9022
25881A6611,NERELLA DEEPIKA,A,2,A9503,Data Structures,A+,9.0,90.0,PASS,9.25,0,sem2_results,RES_S2_25881A6611_A9503,STU_25881A6611,SUB_2_A9503
25881A6611,NERELLA DEEPIKA,A,2,A9504,Data Structures Laboratory,A+,9.0,90.0,PASS,9.25,0,sem2_results,RES_S2_25881A6611_A9504,STU_25881A6611,SUB_2_A9504
25881A6612,THUMU ESWAR,A,2,A9009,Engineering Chemistry,B,6.0,60.0,PASS,6.5,0,sem2_results,RES_S2_25881A6612_A9009,STU_25881A6612,SUB_2_A9009
25881A6612,THUMU ESWAR,A,2,A9011,English for Skills Enhancement,A,8.0,80.0,PASS,6.5,0,sem2_results,RES_S2_25881A6612_A9011,STU_25881A6612,SUB_2_A9011
25881A6612,THUMU ESWAR,A,2,A9010,Engineering Chemistry Laboratory,B+,7.0,70.0,PASS,6.5,0,sem2_results,RES_S2_25881A6612_A9010,STU_25881A6612,SUB_2_A9010
25881A6612,THUMU ESWAR,A,2,A9012,English Language and Communication Skills Laboratory,A,8.0,80.0,PASS,6.5,0,sem2_results,RES_S2_25881A6612_A9012,STU_25881A6612,SUB_2_A9012
25881A6612,THUMU ESWAR,A,2,A9304,Computer Aided Engineering Graphics,A+,9.0,90.0,PASS,6.5,0,sem2_results,RES_S2_25881A6612_A9304,STU_25881A6612,SUB_2_A9304
25881A6612,THUMU ESWAR,A,2,A9402,Digital Electronics,C,5.0,50.0,PASS,6.5,0,sem2_results,RES_S2_25881A6612_A9402,STU_25881A6612,SUB_2_A9402
25881A6612,THUMU ESWAR,A,2,A9002,Ordinary Differential Equations and Vector Calculus,B,6.0,60.0,PASS,6.5,0,sem2_results,RES_S2_25881A6612_A9002,STU_25881A6612,SUB_2_A9002
25881A6612,THUMU ESWAR,A,2,A9022,Product Design and Development,O,10.0,100.0,PASS,6.5,0,sem2_results,RES_S2_25881A6612_A9022,STU_25881A6612,SUB_2_A9022
25881A6612,THUMU ESWAR,A,2,A9503,Data Structures,C,5.0,50.0,PASS,6.5,0,sem2_results,RES_S2_25881A6612_A9503,STU_25881A6612,SUB_2_A9503
25881A6612,THUMU ESWAR,A,2,A9504,Data Structures Laboratory,A,8.0,80.0,PASS,6.5,0,sem2_results,RES_S2_25881A6612_A9504,STU_25881A6612,SUB_2_A9504
25881A6613,GUNDALA GOURI PRIYA,A,2,A9009,Engineering Chemistry,A,8.0,80.0,PASS,9.25,0,sem2_results,RES_S2_25881A6613_A9009,STU_25881A6613,SUB_2_A9009
25881A6613,GUNDALA GOURI PRIYA,A,2,A9011,English for Skills Enhancement,A+,9.0,90.0,PASS,9.25,0,sem2_results,RES_S2_25881A6613_A9011,STU_25881A6613,SUB_2_A9011
25881A6613,GUNDALA GOURI PRIYA,A,2,A9010,Engineering Chemistry Laboratory,O,10.0,100.0,PASS,9.25,0,sem2_results,RES_S2_25881A6613_A9010,STU_25881A6613,SUB_2_A9010
25881A6613,GUNDALA GOURI PRIYA,A,2,A9012,English Language and Communication Skills Laboratory,A,8.0,80.0,PASS,9.25,0,sem2_results,RES_S2_25881A6613_A9012,STU_25881A6613,SUB_2_A9012
25881A6613,GUNDALA GOURI PRIYA,A,2,A9304,Computer Aided Engineering Graphics,A+,9.0,90.0,PASS,9.25,0,sem2_results,RES_S2_25881A6613_A9304,STU_25881A6613,SUB_2_A9304
25881A6613,GUNDALA GOURI PRIYA,A,2,A9402,Digital Electronics,O,10.0,100.0,PASS,9.25,0,sem2_results,RES_S2_25881A6613_A9402,STU_25881A6613,SUB_2_A9402
25881A6613,GUNDALA GOURI PRIYA,A,2,A9002,Ordinary Differential Equations and Vector Calculus,O,10.0,100.0,PASS,9.25,0,sem2_results,RES_S2_25881A6613_A9002,STU_25881A6613,SUB_2_A9002
25881A6613,GUNDALA GOURI PRIYA,A,2,A9022,Product Design and Development,O,10.0,100.0,PASS,9.25,0,sem2_results,RES_S2_25881A6613_A9022,STU_25881A6613,SUB_2_A9022
25881A6613,GUNDALA GOURI PRIYA,A,2,A9503,Data Structures,A+,9.0,90.0,PASS,9.25,0,sem2_results,RES_S2_25881A6613_A9503,STU_25881A6613,SUB_2_A9503
25881A6613,GUNDALA GOURI PRIYA,A,2,A9504,Data Structures Laboratory,A+,9.0,90.0,PASS,9.25,0,sem2_results,RES_S2_25881A6613_A9504,STU_25881A6613,SUB_2_A9504
25881A6614,THOKALA GOUTHAM REDDY,A,2,A9009,Engineering Chemistry,B+,7.0,70.0,PASS,5.7,1,sem2_results,RES_S2_25881A6614_A9009,STU_25881A6614,SUB_2_A9009
25881A6614,THOKALA GOUTHAM REDDY,A,2,A9011,English for Skills Enhancement,B+,7.0,70.0,PASS,5.7,1,sem2_results,RES_S2_25881A6614_A9011,STU_25881A6614,SUB_2_A9011
25881A6614,THOKALA GOUTHAM REDDY,A,2,A9010,Engineering Chemistry Laboratory,A,8.0,80.0,PASS,5.7,1,sem2_results,RES_S2_25881A6614_A9010,STU_25881A6614,SUB_2_A9010
25881A6614,THOKALA GOUTHAM REDDY,A,2,A9012,English Language and Communication Skills Laboratory,A,8.0,80.0,PASS,5.7,1,sem2_results,RES_S2_25881A6614_A9012,STU_25881A6614,SUB_2_A9012
25881A6614,THOKALA GOUTHAM REDDY,A,2,A9304,Computer Aided Engineering Graphics,A+,9.0,90.0,PASS,5.7,1,sem2_results,RES_S2_25881A6614_A9304,STU_25881A6614,SUB_2_A9304
25881A6614,THOKALA GOUTHAM REDDY,A,2,A9402,Digital Electronics,B,6.0,60.0,PASS,5.7,1,sem2_results,RES_S2_25881A6614_A9402,STU_25881A6614,SUB_2_A9402
25881A6614,THOKALA GOUTHAM REDDY,A,2,A9002,Ordinary Differential Equations and Vector Calculus,F,0.0,0.0,FAIL,5.7,1,sem2_results,RES_S2_25881A6614_A9002,STU_25881A6614,SUB_2_A9002
25881A6614,THOKALA GOUTHAM REDDY,A,2,A9022,Product Design and Development,O,10.0,100.0,PASS,5.7,1,sem2_results,RES_S2_25881A6614_A9022,STU_25881A6614,SUB_2_A9022
25881A6614,THOKALA GOUTHAM REDDY,A,2,A9503,Data Structures,B,6.0,60.0,PASS,5.7,1,sem2_results,RES_S2_25881A6614_A9503,STU_25881A6614,SUB_2_A9503
25881A6614,THOKALA GOUTHAM REDDY,A,2,A9504,Data Structures Laboratory,A,8.0,80.0,PASS,5.7,1,sem2_results,RES_S2_25881A6614_A9504,STU_25881A6614,SUB_2_A9504
25881A6615,K HARI HARA VARDHAN GOUD,A,2,A9009,Engineering Chemistry,B+,7.0,70.0,PASS,7.15,0,sem2_results,RES_S2_25881A6615_A9009,STU_25881A6615,SUB_2_A9009
25881A6615,K HARI HARA VARDHAN GOUD,A,2,A9011,English for Skills Enhancement,B+,7.0,70.0,PASS,7.15,0,sem2_results,RES_S2_25881A6615_A9011,STU_25881A6615,SUB_2_A9011
25881A6615,K HARI HARA VARDHAN GOUD,A,2,A9010,Engineering Chemistry Laboratory,B+,7.0,70.0,PASS,7.15,0,sem2_results,RES_S2_25881A6615_A9010,STU_25881A6615,SUB_2_A9010
25881A6615,K HARI HARA VARDHAN GOUD,A,2,A9012,English Language and Communication Skills Laboratory,A,8.0,80.0,PASS,7.15,0,sem2_results,RES_S2_25881A6615_A9012,STU_25881A6615,SUB_2_A9012
25881A6615,K HARI HARA VARDHAN GOUD,A,2,A9304,Computer Aided Engineering Graphics,A+,9.0,90.0,PASS,7.15,0,sem2_results,RES_S2_25881A6615_A9304,STU_25881A6615,SUB_2_A9304
25881A6615,K HARI HARA VARDHAN GOUD,A,2,A9402,Digital Electronics,B+,7.0,70.0,PASS,7.15,0,sem2_results,RES_S2_25881A6615_A9402,STU_25881A6615,SUB_2_A9402
25881A6615,K HARI HARA VARDHAN GOUD,A,2,A9002,Ordinary Differential Equations and Vector Calculus,B,6.0,60.0,PASS,7.15,0,sem2_results,RES_S2_25881A6615_A9002,STU_25881A6615,SUB_2_A9002
25881A6615,K HARI HARA VARDHAN GOUD,A,2,A9022,Product Design and Development,O,10.0,100.0,PASS,7.15,0,sem2_results,RES_S2_25881A6615_A9022,STU_25881A6615,SUB_2_A9022
25881A6615,K HARI HARA VARDHAN GOUD,A,2,A9503,Data Structures,B+,7.0,70.0,PASS,7.15,0,sem2_results,RES_S2_25881A6615_A9503,STU_25881A6615,SUB_2_A9503
25881A6615,K HARI HARA VARDHAN GOUD,A,2,A9504,Data Structures Laboratory,A,8.0,80.0,PASS,7.15,0,sem2_results,RES_S2_25881A6615_A9504,STU_25881A6615,SUB_2_A9504
25881A6616,RAPARTHI HARI CHARAN,A,2,A9009,Engineering Chemistry,C,5.0,50.0,PASS,3.45,3,sem2_results,RES_S2_25881A6616_A9009,STU_25881A6616,SUB_2_A9009
25881A6616,RAPARTHI HARI CHARAN,A,2,A9011,English for Skills Enhancement,B+,7.0,70.0,PASS,3.45,3,sem2_results,RES_S2_25881A6616_A9011,STU_25881A6616,SUB_2_A9011
25881A6616,RAPARTHI HARI CHARAN,A,2,A9010,Engineering Chemistry Laboratory,B+,7.0,70.0,PASS,3.45,3,sem2_results,RES_S2_25881A6616_A9010,STU_25881A6616,SUB_2_A9010
25881A6616,RAPARTHI HARI CHARAN,A,2,A9012,English Language and Communication Skills Laboratory,B+,7.0,70.0,PASS,3.45,3,sem2_results,RES_S2_25881A6616_A9012,STU_25881A6616,SUB_2_A9012
25881A6616,RAPARTHI HARI CHARAN,A,2,A9304,Computer Aided Engineering Graphics,A,8.0,80.0,PASS,3.45,3,sem2_results,RES_S2_25881A6616_A9304,STU_25881A6616,SUB_2_A9304
25881A6616,RAPARTHI HARI CHARAN,A,2,A9402,Digital Electronics,F,0.0,0.0,FAIL,3.45,3,sem2_results,RES_S2_25881A6616_A9402,STU_25881A6616,SUB_2_A9402
25881A6616,RAPARTHI HARI CHARAN,A,2,A9002,Ordinary Differential Equations and Vector Calculus,F,0.0,0.0,FAIL,3.45,3,sem2_results,RES_S2_25881A6616_A9002,STU_25881A6616,SUB_2_A9002
25881A6616,RAPARTHI HARI CHARAN,A,2,A9022,Product Design and Development,O,10.0,100.0,PASS,3.45,3,sem2_results,RES_S2_25881A6616_A9022,STU_25881A6616,SUB_2_A9022
25881A6616,RAPARTHI HARI CHARAN,A,2,A9503,Data Structures,F,0.0,0.0,FAIL,3.45,3,sem2_results,RES_S2_25881A6616_A9503,STU_25881A6616,SUB_2_A9503
25881A6616,RAPARTHI HARI CHARAN,A,2,A9504,Data Structures Laboratory,A,8.0,80.0,PASS,3.45,3,sem2_results,RES_S2_25881A6616_A9504,STU_25881A6616,SUB_2_A9504
25881A6617,SAGRLA HARIKA,A,2,A9009,Engineering Chemistry,B+,7.0,70.0,PASS,7.4,0,sem2_results,RES_S2_25881A6617_A9009,STU_25881A6617,SUB_2_A9009
25881A6617,SAGRLA HARIKA,A,2,A9011,English for Skills Enhancement,B+,7.0,70.0,PASS,7.4,0,sem2_results,RES_S2_25881A6617_A9011,STU_25881A6617,SUB_2_A9011
25881A6617,SAGRLA HARIKA,A,2,A9010,Engineering Chemistry Laboratory,A+,9.0,90.0,PASS,7.4,0,sem2_results,RES_S2_25881A6617_A9010,STU_25881A6617,SUB_2_A9010
25881A6617,SAGRLA HARIKA,A,2,A9012,English Language and Communication Skills Laboratory,A,8.0,80.0,PASS,7.4,0,sem2_results,RES_S2_25881A6617_A9012,STU_25881A6617,SUB_2_A9012
25881A6617,SAGRLA HARIKA,A,2,A9304,Computer Aided Engineering Graphics,A,8.0,80.0,PASS,7.4,0,sem2_results,RES_S2_25881A6617_A9304,STU_25881A6617,SUB_2_A9304
25881A6617,SAGRLA HARIKA,A,2,A9402,Digital Electronics,B+,7.0,70.0,PASS,7.4,0,sem2_results,RES_S2_25881A6617_A9402,STU_25881A6617,SUB_2_A9402
25881A6617,SAGRLA HARIKA,A,2,A9002,Ordinary Differential Equations and Vector Calculus,B+,7.0,70.0,PASS,7.4,0,sem2_results,RES_S2_25881A6617_A9002,STU_25881A6617,SUB_2_A9002
25881A6617,SAGRLA HARIKA,A,2,A9022,Product Design and Development,O,10.0,100.0,PASS,7.4,0,sem2_results,RES_S2_25881A6617_A9022,STU_25881A6617,SUB_2_A9022
25881A6617,SAGRLA HARIKA,A,2,A9503,Data Structures,B+,7.0,70.0,PASS,7.4,0,sem2_results,RES_S2_25881A6617_A9503,STU_25881A6617,SUB_2_A9503
25881A6617,SAGRLA HARIKA,A,2,A9504,Data Structures Laboratory,A,8.0,80.0,PASS,7.4,0,sem2_results,RES_S2_25881A6617_A9504,STU_25881A6617,SUB_2_A9504
25881A6618,HARIKA DAVUPATI,A,2,A9009,Engineering Chemistry,B+,7.0,70.0,PASS,8.05,0,sem2_results,RES_S2_25881A6618_A9009,STU_25881A6618,SUB_2_A9009
25881A6618,HARIKA DAVUPATI,A,2,A9011,English for Skills Enhancement,A+,9.0,90.0,PASS,8.05,0,sem2_results,RES_S2_25881A6618_A9011,STU_25881A6618,SUB_2_A9011
25881A6618,HARIKA DAVUPATI,A,2,A9010,Engineering Chemistry Laboratory,A+,9.0,90.0,PASS,8.05,0,sem2_results,RES_S2_25881A6618_A9010,STU_25881A6618,SUB_2_A9010
25881A6618,HARIKA DAVUPATI,A,2,A9012,English Language and Communication Skills Laboratory,A+,9.0,90.0,PASS,8.05,0,sem2_results,RES_S2_25881A6618_A9012,STU_25881A6618,SUB_2_A9012
25881A6618,HARIKA DAVUPATI,A,2,A9304,Computer Aided Engineering Graphics,A+,9.0,90.0,PASS,8.05,0,sem2_results,RES_S2_25881A6618_A9304,STU_25881A6618,SUB_2_A9304
25881A6618,HARIKA DAVUPATI,A,2,A9402,Digital Electronics,A,8.0,80.0,PASS,8.05,0,sem2_results,RES_S2_25881A6618_A9402,STU_25881A6618,SUB_2_A9402
25881A6618,HARIKA DAVUPATI,A,2,A9002,Ordinary Differential Equations and Vector Calculus,B+,7.0,70.0,PASS,8.05,0,sem2_results,RES_S2_25881A6618_A9002,STU_25881A6618,SUB_2_A9002
25881A6618,HARIKA DAVUPATI,A,2,A9022,Product Design and Development,O,10.0,100.0,PASS,8.05,0,sem2_results,RES_S2_25881A6618_A9022,STU_25881A6618,SUB_2_A9022
25881A6618,HARIKA DAVUPATI,A,2,A9503,Data Structures,A,8.0,80.0,PASS,8.05,0,sem2_results,RES_S2_25881A6618_A9503,STU_25881A6618,SUB_2_A9503
25881A6618,HARIKA DAVUPATI,A,2,A9504,Data Structures Laboratory,A+,9.0,90.0,PASS,8.05,0,sem2_results,RES_S2_25881A6618_A9504,STU_25881A6618,SUB_2_A9504
25881A6619,ABDUL HASEEB AHMED,A,2,A9009,Engineering Chemistry,A,8.0,80.0,PASS,7.25,0,sem2_results,RES_S2_25881A6619_A9009,STU_25881A6619,SUB_2_A9009
25881A6619,ABDUL HASEEB AHMED,A,2,A9011,English for Skills Enhancement,A,8.0,80.0,PASS,7.25,0,sem2_results,RES_S2_25881A6619_A9011,STU_25881A6619,SUB_2_A9011
25881A6619,ABDUL HASEEB AHMED,A,2,A9010,Engineering Chemistry Laboratory,A+,9.0,90.0,PASS,7.25,0,sem2_results,RES_S2_25881A6619_A9010,STU_25881A6619,SUB_2_A9010
25881A6619,ABDUL HASEEB AHMED,A,2,A9012,English Language and Communication Skills Laboratory,A+,9.0,90.0,PASS,7.25,0,sem2_results,RES_S2_25881A6619_A9012,STU_25881A6619,SUB_2_A9012
25881A6619,ABDUL HASEEB AHMED,A,2,A9304,Computer Aided Engineering Graphics,A,8.0,80.0,PASS,7.25,0,sem2_results,RES_S2_25881A6619_A9304,STU_25881A6619,SUB_2_A9304
25881A6619,ABDUL HASEEB AHMED,A,2,A9402,Digital Electronics,B,6.0,60.0,PASS,7.25,0,sem2_results,RES_S2_25881A6619_A9402,STU_25881A6619,SUB_2_A9402
25881A6619,ABDUL HASEEB AHMED,A,2,A9002,Ordinary Differential Equations and Vector Calculus,B,6.0,60.0,PASS,7.25,0,sem2_results,RES_S2_25881A6619_A9002,STU_25881A6619,SUB_2_A9002
25881A6619,ABDUL HASEEB AHMED,A,2,A9022,Product Design and Development,O,10.0,100.0,PASS,7.25,0,sem2_results,RES_S2_25881A6619_A9022,STU_25881A6619,SUB_2_A9022
25881A6619,ABDUL HASEEB AHMED,A,2,A9503,Data Structures,B,6.0,60.0,PASS,7.25,0,sem2_results,RES_S2_25881A6619_A9503,STU_25881A6619,SUB_2_A9503
25881A6619,ABDUL HASEEB AHMED,A,2,A9504,Data Structures Laboratory,A+,9.0,90.0,PASS,7.25,0,sem2_results,RES_S2_25881A6619_A9504,STU_25881A6619,SUB_2_A9504
25881A6620,KUNTA JASHWANTH,A,2,A9009,Engineering Chemistry,A+,9.0,90.0,PASS,8.85,0,sem2_results,RES_S2_25881A6620_A9009,STU_25881A6620,SUB_2_A9009
25881A6620,KUNTA JASHWANTH,A,2,A9011,English for Skills Enhancement,A,8.0,80.0,PASS,8.85,0,sem2_results,RES_S2_25881A6620_A9011,STU_25881A6620,SUB_2_A9011
25881A6620,KUNTA JASHWANTH,A,2,A9010,Engineering Chemistry Laboratory,O,10.0,100.0,PASS,8.85,0,sem2_results,RES_S2_25881A6620_A9010,STU_25881A6620,SUB_2_A9010
25881A6620,KUNTA JASHWANTH,A,2,A9012,English Language and Communication Skills Laboratory,A,8.0,80.0,PASS,8.85,0,sem2_results,RES_S2_25881A6620_A9012,STU_25881A6620,SUB_2_A9012
25881A6620,KUNTA JASHWANTH,A,2,A9304,Computer Aided Engineering Graphics,A+,9.0,90.0,PASS,8.85,0,sem2_results,RES_S2_25881A6620_A9304,STU_25881A6620,SUB_2_A9304
25881A6620,KUNTA JASHWANTH,A,2,A9402,Digital Electronics,A+,9.0,90.0,PASS,8.85,0,sem2_results,RES_S2_25881A6620_A9402,STU_25881A6620,SUB_2_A9402
25881A6620,KUNTA JASHWANTH,A,2,A9002,Ordinary Differential Equations and Vector Calculus,A+,9.0,90.0,PASS,8.85,0,sem2_results,RES_S2_25881A6620_A9002,STU_25881A6620,SUB_2_A9002
25881A6620,KUNTA JASHWANTH,A,2,A9022,Product Design and Development,O,10.0,100.0,PASS,8.85,0,sem2_results,RES_S2_25881A6620_A9022,STU_25881A6620,SUB_2_A9022
25881A6620,KUNTA JASHWANTH,A,2,A9503,Data Structures,A,8.0,80.0,PASS,8.85,0,sem2_results,RES_S2_25881A6620_A9503,STU_25881A6620,SUB_2_A9503
25881A6620,KUNTA JASHWANTH,A,2,A9504,Data Structures Laboratory,O,10.0,100.0,PASS,8.85,0,sem2_results,RES_S2_25881A6620_A9504,STU_25881A6620,SUB_2_A9504
25881A6621,MADAGANI JASHWANTH,A,2,A9009,Engineering Chemistry,F,0.0,0.0,FAIL,3.4,3,sem2_results,RES_S2_25881A6621_A9009,STU_25881A6621,SUB_2_A9009
25881A6621,MADAGANI JASHWANTH,A,2,A9011,English for Skills Enhancement,B+,7.0,70.0,PASS,3.4,3,sem2_results,RES_S2_25881A6621_A9011,STU_25881A6621,SUB_2_A9011
25881A6621,MADAGANI JASHWANTH,A,2,A9010,Engineering Chemistry Laboratory,B,6.0,60.0,PASS,3.4,3,sem2_results,RES_S2_25881A6621_A9010,STU_25881A6621,SUB_2_A9010
25881A6621,MADAGANI JASHWANTH,A,2,A9012,English Language and Communication Skills Laboratory,B+,7.0,70.0,PASS,3.4,3,sem2_results,RES_S2_25881A6621_A9012,STU_25881A6621,SUB_2_A9012
25881A6621,MADAGANI JASHWANTH,A,2,A9304,Computer Aided Engineering Graphics,A,8.0,80.0,PASS,3.4,3,sem2_results,RES_S2_25881A6621_A9304,STU_25881A6621,SUB_2_A9304
25881A6621,MADAGANI JASHWANTH,A,2,A9402,Digital Electronics,C,5.0,50.0,PASS,3.4,3,sem2_results,RES_S2_25881A6621_A9402,STU_25881A6621,SUB_2_A9402
25881A6621,MADAGANI JASHWANTH,A,2,A9002,Ordinary Differential Equations and Vector Calculus,F,0.0,0.0,FAIL,3.4,3,sem2_results,RES_S2_25881A6621_A9002,STU_25881A6621,SUB_2_A9002
25881A6621,MADAGANI JASHWANTH,A,2,A9022,Product Design and Development,O,10.0,100.0,PASS,3.4,3,sem2_results,RES_S2_25881A6621_A9022,STU_25881A6621,SUB_2_A9022
25881A6621,MADAGANI JASHWANTH,A,2,A9503,Data Structures,F,0.0,0.0,FAIL,3.4,3,sem2_results,RES_S2_25881A6621_A9503,STU_25881A6621,SUB_2_A9503
25881A6621,MADAGANI JASHWANTH,A,2,A9504,Data Structures Laboratory,A,8.0,80.0,PASS,3.4,3,sem2_results,RES_S2_25881A6621_A9504,STU_25881A6621,SUB_2_A9504
25881A6622,PENDYALA JESHWANTH,A,2,A9009,Engineering Chemistry,F,0.0,0.0,FAIL,2.65,4,sem2_results,RES_S2_25881A6622_A9009,STU_25881A6622,SUB_2_A9009
25881A6622,PENDYALA JESHWANTH,A,2,A9011,English for Skills Enhancement,B,6.0,60.0,PASS,2.65,4,sem2_results,RES_S2_25881A6622_A9011,STU_25881A6622,SUB_2_A9011
25881A6622,PENDYALA JESHWANTH,A,2,A9010,Engineering Chemistry Laboratory,B+,7.0,70.0,PASS,2.65,4,sem2_results,RES_S2_25881A6622_A9010,STU_25881A6622,SUB_2_A9010
25881A6622,PENDYALA JESHWANTH,A,2,A9012,English Language and Communication Skills Laboratory,A,8.0,80.0,PASS,2.65,4,sem2_results,RES_S2_25881A6622_A9012,STU_25881A6622,SUB_2_A9012
25881A6622,PENDYALA JESHWANTH,A,2,A9304,Computer Aided Engineering Graphics,A,8.0,80.0,PASS,2.65,4,sem2_results,RES_S2_25881A6622_A9304,STU_25881A6622,SUB_2_A9304
25881A6622,PENDYALA JESHWANTH,A,2,A9402,Digital Electronics,F,0.0,0.0,FAIL,2.65,4,sem2_results,RES_S2_25881A6622_A9402,STU_25881A6622,SUB_2_A9402
25881A6622,PENDYALA JESHWANTH,A,2,A9002,Ordinary Differential Equations and Vector Calculus,F,0.0,0.0,FAIL,2.65,4,sem2_results,RES_S2_25881A6622_A9002,STU_25881A6622,SUB_2_A9002
25881A6622,PENDYALA JESHWANTH,A,2,A9022,Product Design and Development,O,10.0,100.0,PASS,2.65,4,sem2_results,RES_S2_25881A6622_A9022,STU_25881A6622,SUB_2_A9022
25881A6622,PENDYALA JESHWANTH,A,2,A9503,Data Structures,F,0.0,0.0,FAIL,2.65,4,sem2_results,RES_S2_25881A6622_A9503,STU_25881A6622,SUB_2_A9503
25881A6622,PENDYALA JESHWANTH,A,2,A9504,Data Structures Laboratory,A,8.0,80.0,PASS,2.65,4,sem2_results,RES_S2_25881A6622_A9504,STU_25881A6622,SUB_2_A9504
25881A6623,MANDHA LAKSHMIKAR REDDY,A,2,A9009,Engineering Chemistry,A+,9.0,90.0,PASS,8.1,0,sem2_results,RES_S2_25881A6623_A9009,STU_25881A6623,SUB_2_A9009
25881A6623,MANDHA LAKSHMIKAR REDDY,A,2,A9011,English for Skills Enhancement,A+,9.0,90.0,PASS,8.1,0,sem2_results,RES_S2_25881A6623_A9011,STU_25881A6623,SUB_2_A9011
25881A6623,MANDHA LAKSHMIKAR REDDY,A,2,A9010,Engineering Chemistry Laboratory,A+,9.0,90.0,PASS,8.1,0,sem2_results,RES_S2_25881A6623_A9010,STU_25881A6623,SUB_2_A9010
25881A6623,MANDHA LAKSHMIKAR REDDY,A,2,A9012,English Language and Communication Skills Laboratory,A,8.0,80.0,PASS,8.1,0,sem2_results,RES_S2_25881A6623_A9012,STU_25881A6623,SUB_2_A9012
25881A6623,MANDHA LAKSHMIKAR REDDY,A,2,A9304,Computer Aided Engineering Graphics,A+,9.0,90.0,PASS,8.1,0,sem2_results,RES_S2_25881A6623_A9304,STU_25881A6623,SUB_2_A9304
25881A6623,MANDHA LAKSHMIKAR REDDY,A,2,A9402,Digital Electronics,A,8.0,80.0,PASS,8.1,0,sem2_results,RES_S2_25881A6623_A9402,STU_25881A6623,SUB_2_A9402
25881A6623,MANDHA LAKSHMIKAR REDDY,A,2,A9002,Ordinary Differential Equations and Vector Calculus,B+,7.0,70.0,PASS,8.1,0,sem2_results,RES_S2_25881A6623_A9002,STU_25881A6623,SUB_2_A9002
25881A6623,MANDHA LAKSHMIKAR REDDY,A,2,A9022,Product Design and Development,O,10.0,100.0,PASS,8.1,0,sem2_results,RES_S2_25881A6623_A9022,STU_25881A6623,SUB_2_A9022
25881A6623,MANDHA LAKSHMIKAR REDDY,A,2,A9503,Data Structures,B+,7.0,70.0,PASS,8.1,0,sem2_results,RES_S2_25881A6623_A9503,STU_25881A6623,SUB_2_A9503
25881A6623,MANDHA LAKSHMIKAR REDDY,A,2,A9504,Data Structures Laboratory,A,8.0,80.0,PASS,8.1,0,sem2_results,RES_S2_25881A6623_A9504,STU_25881A6623,SUB_2_A9504
25881A6624,K LOKESH,A,2,A9009,Engineering Chemistry,A,8.0,80.0,PASS,9.15,0,sem2_results,RES_S2_25881A6624_A9009,STU_25881A6624,SUB_2_A9009
25881A6624,K LOKESH,A,2,A9011,English for Skills Enhancement,A+,9.0,90.0,PASS,9.15,0,sem2_results,RES_S2_25881A6624_A9011,STU_25881A6624,SUB_2_A9011
25881A6624,K LOKESH,A,2,A9010,Engineering Chemistry Laboratory,O,10.0,100.0,PASS,9.15,0,sem2_results,RES_S2_25881A6624_A9010,STU_25881A6624,SUB_2_A9010
25881A6624,K LOKESH,A,2,A9012,English Language and Communication Skills Laboratory,A,8.0,80.0,PASS,9.15,0,sem2_results,RES_S2_25881A6624_A9012,STU_25881A6624,SUB_2_A9012
25881A6624,K LOKESH,A,2,A9304,Computer Aided Engineering Graphics,A+,9.0,90.0,PASS,9.15,0,sem2_results,RES_S2_25881A6624_A9304,STU_25881A6624,SUB_2_A9304
25881A6624,K LOKESH,A,2,A9402,Digital Electronics,A+,9.0,90.0,PASS,9.15,0,sem2_results,RES_S2_25881A6624_A9402,STU_25881A6624,SUB_2_A9402
25881A6624,K LOKESH,A,2,A9002,Ordinary Differential Equations and Vector Calculus,O,10.0,100.0,PASS,9.15,0,sem2_results,RES_S2_25881A6624_A9002,STU_25881A6624,SUB_2_A9002
25881A6624,K LOKESH,A,2,A9022,Product Design and Development,O,10.0,100.0,PASS,9.15,0,sem2_results,RES_S2_25881A6624_A9022,STU_25881A6624,SUB_2_A9022
25881A6624,K LOKESH,A,2,A9503,Data Structures,A+,9.0,90.0,PASS,9.15,0,sem2_results,RES_S2_25881A6624_A9503,STU_25881A6624,SUB_2_A9503
25881A6624,K LOKESH,A,2,A9504,Data Structures Laboratory,O,10.0,100.0,PASS,9.15,0,sem2_results,RES_S2_25881A6624_A9504,STU_25881A6624,SUB_2_A9504
25881A6625,MANASA SHARMA K,A,2,A9009,Engineering Chemistry,B+,7.0,70.0,PASS,8.35,0,sem2_results,RES_S2_25881A6625_A9009,STU_25881A6625,SUB_2_A9009
25881A6625,MANASA SHARMA K,A,2,A9011,English for Skills Enhancement,A,8.0,80.0,PASS,8.35,0,sem2_results,RES_S2_25881A6625_A9011,STU_25881A6625,SUB_2_A9011
25881A6625,MANASA SHARMA K,A,2,A9010,Engineering Chemistry Laboratory,A+,9.0,90.0,PASS,8.35,0,sem2_results,RES_S2_25881A6625_A9010,STU_25881A6625,SUB_2_A9010
25881A6625,MANASA SHARMA K,A,2,A9012,English Language and Communication Skills Laboratory,A,8.0,80.0,PASS,8.35,0,sem2_results,RES_S2_25881A6625_A9012,STU_25881A6625,SUB_2_A9012
25881A6625,MANASA SHARMA K,A,2,A9304,Computer Aided Engineering Graphics,A+,9.0,90.0,PASS,8.35,0,sem2_results,RES_S2_25881A6625_A9304,STU_25881A6625,SUB_2_A9304
25881A6625,MANASA SHARMA K,A,2,A9402,Digital Electronics,A,8.0,80.0,PASS,8.35,0,sem2_results,RES_S2_25881A6625_A9402,STU_25881A6625,SUB_2_A9402
25881A6625,MANASA SHARMA K,A,2,A9002,Ordinary Differential Equations and Vector Calculus,A+,9.0,90.0,PASS,8.35,0,sem2_results,RES_S2_25881A6625_A9002,STU_25881A6625,SUB_2_A9002
25881A6625,MANASA SHARMA K,A,2,A9022,Product Design and Development,O,10.0,100.0,PASS,8.35,0,sem2_results,RES_S2_25881A6625_A9022,STU_25881A6625,SUB_2_A9022
25881A6625,MANASA SHARMA K,A,2,A9503,Data Structures,A,8.0,80.0,PASS,8.35,0,sem2_results,RES_S2_25881A6625_A9503,STU_25881A6625,SUB_2_A9503
25881A6625,MANASA SHARMA K,A,2,A9504,Data Structures Laboratory,O,10.0,100.0,PASS,8.35,0,sem2_results,RES_S2_25881A6625_A9504,STU_25881A6625,SUB_2_A9504
25881A6626,JUVVANTHULA MANEESH REDDY,A,2,A9009,Engineering Chemistry,C,5.0,50.0,PASS,2.7,4,sem2_results,RES_S2_25881A6626_A9009,STU_25881A6626,SUB_2_A9009
25881A6626,JUVVANTHULA MANEESH REDDY,A,2,A9011,English for Skills Enhancement,F,0.0,0.0,FAIL,2.7,4,sem2_results,RES_S2_25881A6626_A9011,STU_25881A6626,SUB_2_A9011
25881A6626,JUVVANTHULA MANEESH REDDY,A,2,A9010,Engineering Chemistry Laboratory,B+,7.0,70.0,PASS,2.7,4,sem2_results,RES_S2_25881A6626_A9010,STU_25881A6626,SUB_2_A9010
25881A6626,JUVVANTHULA MANEESH REDDY,A,2,A9012,English Language and Communication Skills Laboratory,B+,7.0,70.0,PASS,2.7,4,sem2_results,RES_S2_25881A6626_A9012,STU_25881A6626,SUB_2_A9012
25881A6626,JUVVANTHULA MANEESH REDDY,A,2,A9304,Computer Aided Engineering Graphics,B+,7.0,70.0,PASS,2.7,4,sem2_results,RES_S2_25881A6626_A9304,STU_25881A6626,SUB_2_A9304
25881A6626,JUVVANTHULA MANEESH REDDY,A,2,A9402,Digital Electronics,F,0.0,0.0,FAIL,2.7,4,sem2_results,RES_S2_25881A6626_A9402,STU_25881A6626,SUB_2_A9402
25881A6626,JUVVANTHULA MANEESH REDDY,A,2,A9002,Ordinary Differential Equations and Vector Calculus,F,0.0,0.0,FAIL,2.7,4,sem2_results,RES_S2_25881A6626_A9002,STU_25881A6626,SUB_2_A9002
25881A6626,JUVVANTHULA MANEESH REDDY,A,2,A9022,Product Design and Development,O,10.0,100.0,PASS,2.7,4,sem2_results,RES_S2_25881A6626_A9022,STU_25881A6626,SUB_2_A9022
25881A6626,JUVVANTHULA MANEESH REDDY,A,2,A9503,Data Structures,F,0.0,0.0,FAIL,2.7,4,sem2_results,RES_S2_25881A6626_A9503,STU_25881A6626,SUB_2_A9503
25881A6626,JUVVANTHULA MANEESH REDDY,A,2,A9504,Data Structures Laboratory,A,8.0,80.0,PASS,2.7,4,sem2_results,RES_S2_25881A6626_A9504,STU_25881A6626,SUB_2_A9504
25881A6627,POCHABOINA MANISH YADAV,A,2,A9009,Engineering Chemistry,A+,9.0,90.0,PASS,8.55,0,sem2_results,RES_S2_25881A6627_A9009,STU_25881A6627,SUB_2_A9009
25881A6627,POCHABOINA MANISH YADAV,A,2,A9011,English for Skills Enhancement,A,8.0,80.0,PASS,8.55,0,sem2_results,RES_S2_25881A6627_A9011,STU_25881A6627,SUB_2_A9011
25881A6627,POCHABOINA MANISH YADAV,A,2,A9010,Engineering Chemistry Laboratory,O,10.0,100.0,PASS,8.55,0,sem2_results,RES_S2_25881A6627_A9010,STU_25881A6627,SUB_2_A9010
25881A6627,POCHABOINA MANISH YADAV,A,2,A9012,English Language and Communication Skills Laboratory,A+,9.0,90.0,PASS,8.55,0,sem2_results,RES_S2_25881A6627_A9012,STU_25881A6627,SUB_2_A9012
25881A6627,POCHABOINA MANISH YADAV,A,2,A9304,Computer Aided Engineering Graphics,A+,9.0,90.0,PASS,8.55,0,sem2_results,RES_S2_25881A6627_A9304,STU_25881A6627,SUB_2_A9304
25881A6627,POCHABOINA MANISH YADAV,A,2,A9402,Digital Electronics,B+,7.0,70.0,PASS,8.55,0,sem2_results,RES_S2_25881A6627_A9402,STU_25881A6627,SUB_2_A9402
25881A6627,POCHABOINA MANISH YADAV,A,2,A9002,Ordinary Differential Equations and Vector Calculus,A+,9.0,90.0,PASS,8.55,0,sem2_results,RES_S2_25881A6627_A9002,STU_25881A6627,SUB_2_A9002
25881A6627,POCHABOINA MANISH YADAV,A,2,A9022,Product Design and Development,O,10.0,100.0,PASS,8.55,0,sem2_results,RES_S2_25881A6627_A9022,STU_25881A6627,SUB_2_A9022
25881A6627,POCHABOINA MANISH YADAV,A,2,A9503,Data Structures,A,8.0,80.0,PASS,8.55,0,sem2_results,RES_S2_25881A6627_A9503,STU_25881A6627,SUB_2_A9503
25881A6627,POCHABOINA MANISH YADAV,A,2,A9504,Data Structures Laboratory,A+,9.0,90.0,PASS,8.55,0,sem2_results,RES_S2_25881A6627_A9504,STU_25881A6627,SUB_2_A9504
25881A6628,JERIPOTHULA MOKSHA,A,2,A9009,Engineering Chemistry,B+,7.0,70.0,PASS,8.15,0,sem2_results,RES_S2_25881A6628_A9009,STU_25881A6628,SUB_2_A9009
25881A6628,JERIPOTHULA MOKSHA,A,2,A9011,English for Skills Enhancement,A,8.0,80.0,PASS,8.15,0,sem2_results,RES_S2_25881A6628_A9011,STU_25881A6628,SUB_2_A9011
25881A6628,JERIPOTHULA MOKSHA,A,2,A9010,Engineering Chemistry Laboratory,O,10.0,100.0,PASS,8.15,0,sem2_results,RES_S2_25881A6628_A9010,STU_25881A6628,SUB_2_A9010
25881A6628,JERIPOTHULA MOKSHA,A,2,A9012,English Language and Communication Skills Laboratory,A+,9.0,90.0,PASS,8.15,0,sem2_results,RES_S2_25881A6628_A9012,STU_25881A6628,SUB_2_A9012
25881A6628,JERIPOTHULA MOKSHA,A,2,A9304,Computer Aided Engineering Graphics,A+,9.0,90.0,PASS,8.15,0,sem2_results,RES_S2_25881A6628_A9304,STU_25881A6628,SUB_2_A9304
25881A6628,JERIPOTHULA MOKSHA,A,2,A9402,Digital Electronics,A,8.0,80.0,PASS,8.15,0,sem2_results,RES_S2_25881A6628_A9402,STU_25881A6628,SUB_2_A9402
25881A6628,JERIPOTHULA MOKSHA,A,2,A9002,Ordinary Differential Equations and Vector Calculus,A,8.0,80.0,PASS,8.15,0,sem2_results,RES_S2_25881A6628_A9002,STU_25881A6628,SUB_2_A9002
25881A6628,JERIPOTHULA MOKSHA,A,2,A9022,Product Design and Development,O,10.0,100.0,PASS,8.15,0,sem2_results,RES_S2_25881A6628_A9022,STU_25881A6628,SUB_2_A9022
25881A6628,JERIPOTHULA MOKSHA,A,2,A9503,Data Structures,A,8.0,80.0,PASS,8.15,0,sem2_results,RES_S2_25881A6628_A9503,STU_25881A6628,SUB_2_A9503
25881A6628,JERIPOTHULA MOKSHA,A,2,A9504,Data Structures Laboratory,A,8.0,80.0,PASS,8.15,0,sem2_results,RES_S2_25881A6628_A9504,STU_25881A6628,SUB_2_A9504
25881A6629,MOHAMMED MUDDABIR AHMED,A,2,A9009,Engineering Chemistry,B,6.0,60.0,PASS,6.65,0,sem2_results,RES_S2_25881A6629_A9009,STU_25881A6629,SUB_2_A9009
25881A6629,MOHAMMED MUDDABIR AHMED,A,2,A9011,English for Skills Enhancement,A+,9.0,90.0,PASS,6.65,0,sem2_results,RES_S2_25881A6629_A9011,STU_25881A6629,SUB_2_A9011
25881A6629,MOHAMMED MUDDABIR AHMED,A,2,A9010,Engineering Chemistry Laboratory,A,8.0,80.0,PASS,6.65,0,sem2_results,RES_S2_25881A6629_A9010,STU_25881A6629,SUB_2_A9010
25881A6629,MOHAMMED MUDDABIR AHMED,A,2,A9012,English Language and Communication Skills Laboratory,A+,9.0,90.0,PASS,6.65,0,sem2_results,RES_S2_25881A6629_A9012,STU_25881A6629,SUB_2_A9012
25881A6629,MOHAMMED MUDDABIR AHMED,A,2,A9304,Computer Aided Engineering Graphics,A,8.0,80.0,PASS,6.65,0,sem2_results,RES_S2_25881A6629_A9304,STU_25881A6629,SUB_2_A9304
25881A6629,MOHAMMED MUDDABIR AHMED,A,2,A9402,Digital Electronics,B,6.0,60.0,PASS,6.65,0,sem2_results,RES_S2_25881A6629_A9402,STU_25881A6629,SUB_2_A9402
25881A6629,MOHAMMED MUDDABIR AHMED,A,2,A9002,Ordinary Differential Equations and Vector Calculus,C,5.0,50.0,PASS,6.65,0,sem2_results,RES_S2_25881A6629_A9002,STU_25881A6629,SUB_2_A9002
25881A6629,MOHAMMED MUDDABIR AHMED,A,2,A9022,Product Design and Development,O,10.0,100.0,PASS,6.65,0,sem2_results,RES_S2_25881A6629_A9022,STU_25881A6629,SUB_2_A9022
25881A6629,MOHAMMED MUDDABIR AHMED,A,2,A9503,Data Structures,C,5.0,50.0,PASS,6.65,0,sem2_results,RES_S2_25881A6629_A9503,STU_25881A6629,SUB_2_A9503
25881A6629,MOHAMMED MUDDABIR AHMED,A,2,A9504,Data Structures Laboratory,A+,9.0,90.0,PASS,6.65,0,sem2_results,RES_S2_25881A6629_A9504,STU_25881A6629,SUB_2_A9504
25881A6630,MOHAMMED NAJEEB AHMED,A,2,A9009,Engineering Chemistry,A+,9.0,90.0,PASS,8.85,0,sem2_results,RES_S2_25881A6630_A9009,STU_25881A6630,SUB_2_A9009
25881A6630,MOHAMMED NAJEEB AHMED,A,2,A9011,English for Skills Enhancement,A+,9.0,90.0,PASS,8.85,0,sem2_results,RES_S2_25881A6630_A9011,STU_25881A6630,SUB_2_A9011
25881A6630,MOHAMMED NAJEEB AHMED,A,2,A9010,Engineering Chemistry Laboratory,A+,9.0,90.0,PASS,8.85,0,sem2_results,RES_S2_25881A6630_A9010,STU_25881A6630,SUB_2_A9010
25881A6630,MOHAMMED NAJEEB AHMED,A,2,A9012,English Language and Communication Skills Laboratory,A+,9.0,90.0,PASS,8.85,0,sem2_results,RES_S2_25881A6630_A9012,STU_25881A6630,SUB_2_A9012
25881A6630,MOHAMMED NAJEEB AHMED,A,2,A9304,Computer Aided Engineering Graphics,A+,9.0,90.0,PASS,8.85,0,sem2_results,RES_S2_25881A6630_A9304,STU_25881A6630,SUB_2_A9304
25881A6630,MOHAMMED NAJEEB AHMED,A,2,A9402,Digital Electronics,O,10.0,100.0,PASS,8.85,0,sem2_results,RES_S2_25881A6630_A9402,STU_25881A6630,SUB_2_A9402
25881A6630,MOHAMMED NAJEEB AHMED,A,2,A9002,Ordinary Differential Equations and Vector Calculus,A,8.0,80.0,PASS,8.85,0,sem2_results,RES_S2_25881A6630_A9002,STU_25881A6630,SUB_2_A9002
25881A6630,MOHAMMED NAJEEB AHMED,A,2,A9022,Product Design and Development,O,10.0,100.0,PASS,8.85,0,sem2_results,RES_S2_25881A6630_A9022,STU_25881A6630,SUB_2_A9022
25881A6630,MOHAMMED NAJEEB AHMED,A,2,A9503,Data Structures,A,8.0,80.0,PASS,8.85,0,sem2_results,RES_S2_25881A6630_A9503,STU_25881A6630,SUB_2_A9503
25881A6630,MOHAMMED NAJEEB AHMED,A,2,A9504,Data Structures Laboratory,A+,9.0,90.0,PASS,8.85,0,sem2_results,RES_S2_25881A6630_A9504,STU_25881A6630,SUB_2_A9504
25881A6631,ITTABOYINA NIKHIL,A,2,A9009,Engineering Chemistry,A+,9.0,90.0,PASS,9.35,0,sem2_results,RES_S2_25881A6631_A9009,STU_25881A6631,SUB_2_A9009
25881A6631,ITTABOYINA NIKHIL,A,2,A9011,English for Skills Enhancement,A+,9.0,90.0,PASS,9.35,0,sem2_results,RES_S2_25881A6631_A9011,STU_25881A6631,SUB_2_A9011
25881A6631,ITTABOYINA NIKHIL,A,2,A9010,Engineering Chemistry Laboratory,O,10.0,100.0,PASS,9.35,0,sem2_results,RES_S2_25881A6631_A9010,STU_25881A6631,SUB_2_A9010
25881A6631,ITTABOYINA NIKHIL,A,2,A9012,English Language and Communication Skills Laboratory,A+,9.0,90.0,PASS,9.35,0,sem2_results,RES_S2_25881A6631_A9012,STU_25881A6631,SUB_2_A9012
25881A6631,ITTABOYINA NIKHIL,A,2,A9304,Computer Aided Engineering Graphics,O,10.0,100.0,PASS,9.35,0,sem2_results,RES_S2_25881A6631_A9304,STU_25881A6631,SUB_2_A9304
25881A6631,ITTABOYINA NIKHIL,A,2,A9402,Digital Electronics,O,10.0,100.0,PASS,9.35,0,sem2_results,RES_S2_25881A6631_A9402,STU_25881A6631,SUB_2_A9402
25881A6631,ITTABOYINA NIKHIL,A,2,A9002,Ordinary Differential Equations and Vector Calculus,A+,9.0,90.0,PASS,9.35,0,sem2_results,RES_S2_25881A6631_A9002,STU_25881A6631,SUB_2_A9002
25881A6631,ITTABOYINA NIKHIL,A,2,A9022,Product Design and Development,O,10.0,100.0,PASS,9.35,0,sem2_results,RES_S2_25881A6631_A9022,STU_25881A6631,SUB_2_A9022
25881A6631,ITTABOYINA NIKHIL,A,2,A9503,Data Structures,A+,9.0,90.0,PASS,9.35,0,sem2_results,RES_S2_25881A6631_A9503,STU_25881A6631,SUB_2_A9503
25881A6631,ITTABOYINA NIKHIL,A,2,A9504,Data Structures Laboratory,O,10.0,100.0,PASS,9.35,0,sem2_results,RES_S2_25881A6631_A9504,STU_25881A6631,SUB_2_A9504
25881A6632,PARVATHA NISHANTH KUMAR,A,2,A9009,Engineering Chemistry,B+,7.0,70.0,PASS,7.75,0,sem2_results,RES_S2_25881A6632_A9009,STU_25881A6632,SUB_2_A9009
25881A6632,PARVATHA NISHANTH KUMAR,A,2,A9011,English for Skills Enhancement,A+,9.0,90.0,PASS,7.75,0,sem2_results,RES_S2_25881A6632_A9011,STU_25881A6632,SUB_2_A9011
25881A6632,PARVATHA NISHANTH KUMAR,A,2,A9010,Engineering Chemistry Laboratory,A+,9.0,90.0,PASS,7.75,0,sem2_results,RES_S2_25881A6632_A9010,STU_25881A6632,SUB_2_A9010
25881A6632,PARVATHA NISHANTH KUMAR,A,2,A9012,English Language and Communication Skills Laboratory,A+,9.0,90.0,PASS,7.75,0,sem2_results,RES_S2_25881A6632_A9012,STU_25881A6632,SUB_2_A9012
25881A6632,PARVATHA NISHANTH KUMAR,A,2,A9304,Computer Aided Engineering Graphics,A+,9.0,90.0,PASS,7.75,0,sem2_results,RES_S2_25881A6632_A9304,STU_25881A6632,SUB_2_A9304
25881A6632,PARVATHA NISHANTH KUMAR,A,2,A9402,Digital Electronics,B+,7.0,70.0,PASS,7.75,0,sem2_results,RES_S2_25881A6632_A9402,STU_25881A6632,SUB_2_A9402
25881A6632,PARVATHA NISHANTH KUMAR,A,2,A9002,Ordinary Differential Equations and Vector Calculus,B+,7.0,70.0,PASS,7.75,0,sem2_results,RES_S2_25881A6632_A9002,STU_25881A6632,SUB_2_A9002
25881A6632,PARVATHA NISHANTH KUMAR,A,2,A9022,Product Design and Development,O,10.0,100.0,PASS,7.75,0,sem2_results,RES_S2_25881A6632_A9022,STU_25881A6632,SUB_2_A9022
25881A6632,PARVATHA NISHANTH KUMAR,A,2,A9503,Data Structures,B+,7.0,70.0,PASS,7.75,0,sem2_results,RES_S2_25881A6632_A9503,STU_25881A6632,SUB_2_A9503
25881A6632,PARVATHA NISHANTH KUMAR,A,2,A9504,Data Structures Laboratory,A+,9.0,90.0,PASS,7.75,0,sem2_results,RES_S2_25881A6632_A9504,STU_25881A6632,SUB_2_A9504
25881A6633,MEESALA NITHISH KUMAR,A,2,A9009,Engineering Chemistry,A,8.0,80.0,PASS,8.4,0,sem2_results,RES_S2_25881A6633_A9009,STU_25881A6633,SUB_2_A9009
25881A6633,MEESALA NITHISH KUMAR,A,2,A9011,English for Skills Enhancement,A,8.0,80.0,PASS,8.4,0,sem2_results,RES_S2_25881A6633_A9011,STU_25881A6633,SUB_2_A9011
25881A6633,MEESALA NITHISH KUMAR,A,2,A9010,Engineering Chemistry Laboratory,O,10.0,100.0,PASS,8.4,0,sem2_results,RES_S2_25881A6633_A9010,STU_25881A6633,SUB_2_A9010
25881A6633,MEESALA NITHISH KUMAR,A,2,A9012,English Language and Communication Skills Laboratory,A+,9.0,90.0,PASS,8.4,0,sem2_results,RES_S2_25881A6633_A9012,STU_25881A6633,SUB_2_A9012
25881A6633,MEESALA NITHISH KUMAR,A,2,A9304,Computer Aided Engineering Graphics,A+,9.0,90.0,PASS,8.4,0,sem2_results,RES_S2_25881A6633_A9304,STU_25881A6633,SUB_2_A9304
25881A6633,MEESALA NITHISH KUMAR,A,2,A9402,Digital Electronics,A,8.0,80.0,PASS,8.4,0,sem2_results,RES_S2_25881A6633_A9402,STU_25881A6633,SUB_2_A9402
25881A6633,MEESALA NITHISH KUMAR,A,2,A9002,Ordinary Differential Equations and Vector Calculus,A+,9.0,90.0,PASS,8.4,0,sem2_results,RES_S2_25881A6633_A9002,STU_25881A6633,SUB_2_A9002
25881A6633,MEESALA NITHISH KUMAR,A,2,A9022,Product Design and Development,O,10.0,100.0,PASS,8.4,0,sem2_results,RES_S2_25881A6633_A9022,STU_25881A6633,SUB_2_A9022
25881A6633,MEESALA NITHISH KUMAR,A,2,A9503,Data Structures,B+,7.0,70.0,PASS,8.4,0,sem2_results,RES_S2_25881A6633_A9503,STU_25881A6633,SUB_2_A9503
25881A6633,MEESALA NITHISH KUMAR,A,2,A9504,Data Structures Laboratory,A+,9.0,90.0,PASS,8.4,0,sem2_results,RES_S2_25881A6633_A9504,STU_25881A6633,SUB_2_A9504
25881A6634,THOTA PRANEETH REDDY,A,2,A9009,Engineering Chemistry,A+,9.0,90.0,PASS,8.65,0,sem2_results,RES_S2_25881A6634_A9009,STU_25881A6634,SUB_2_A9009
25881A6634,THOTA PRANEETH REDDY,A,2,A9011,English for Skills Enhancement,A,8.0,80.0,PASS,8.65,0,sem2_results,RES_S2_25881A6634_A9011,STU_25881A6634,SUB_2_A9011
25881A6634,THOTA PRANEETH REDDY,A,2,A9010,Engineering Chemistry Laboratory,O,10.0,100.0,PASS,8.65,0,sem2_results,RES_S2_25881A6634_A9010,STU_25881A6634,SUB_2_A9010
25881A6634,THOTA PRANEETH REDDY,A,2,A9012,English Language and Communication Skills Laboratory,A,8.0,80.0,PASS,8.65,0,sem2_results,RES_S2_25881A6634_A9012,STU_25881A6634,SUB_2_A9012
25881A6634,THOTA PRANEETH REDDY,A,2,A9304,Computer Aided Engineering Graphics,A+,9.0,90.0,PASS,8.65,0,sem2_results,RES_S2_25881A6634_A9304,STU_25881A6634,SUB_2_A9304
25881A6634,THOTA PRANEETH REDDY,A,2,A9402,Digital Electronics,A,8.0,80.0,PASS,8.65,0,sem2_results,RES_S2_25881A6634_A9402,STU_25881A6634,SUB_2_A9402
25881A6634,THOTA PRANEETH REDDY,A,2,A9002,Ordinary Differential Equations and Vector Calculus,A+,9.0,90.0,PASS,8.65,0,sem2_results,RES_S2_25881A6634_A9002,STU_25881A6634,SUB_2_A9002
25881A6634,THOTA PRANEETH REDDY,A,2,A9022,Product Design and Development,O,10.0,100.0,PASS,8.65,0,sem2_results,RES_S2_25881A6634_A9022,STU_25881A6634,SUB_2_A9022
25881A6634,THOTA PRANEETH REDDY,A,2,A9503,Data Structures,A,8.0,80.0,PASS,8.65,0,sem2_results,RES_S2_25881A6634_A9503,STU_25881A6634,SUB_2_A9503
25881A6634,THOTA PRANEETH REDDY,A,2,A9504,Data Structures Laboratory,A+,9.0,90.0,PASS,8.65,0,sem2_results,RES_S2_25881A6634_A9504,STU_25881A6634,SUB_2_A9504
25881A6635,KALLURI RAM CHARAN,A,2,A9009,Engineering Chemistry,B,6.0,60.0,PASS,5.35,1,sem2_results,RES_S2_25881A6635_A9009,STU_25881A6635,SUB_2_A9009
25881A6635,KALLURI RAM CHARAN,A,2,A9011,English for Skills Enhancement,B+,7.0,70.0,PASS,5.35,1,sem2_results,RES_S2_25881A6635_A9011,STU_25881A6635,SUB_2_A9011
25881A6635,KALLURI RAM CHARAN,A,2,A9010,Engineering Chemistry Laboratory,B+,7.0,70.0,PASS,5.35,1,sem2_results,RES_S2_25881A6635_A9010,STU_25881A6635,SUB_2_A9010
25881A6635,KALLURI RAM CHARAN,A,2,A9012,English Language and Communication Skills Laboratory,A,8.0,80.0,PASS,5.35,1,sem2_results,RES_S2_25881A6635_A9012,STU_25881A6635,SUB_2_A9012
25881A6635,KALLURI RAM CHARAN,A,2,A9304,Computer Aided Engineering Graphics,A+,9.0,90.0,PASS,5.35,1,sem2_results,RES_S2_25881A6635_A9304,STU_25881A6635,SUB_2_A9304
25881A6635,KALLURI RAM CHARAN,A,2,A9402,Digital Electronics,B,6.0,60.0,PASS,5.35,1,sem2_results,RES_S2_25881A6635_A9402,STU_25881A6635,SUB_2_A9402
25881A6635,KALLURI RAM CHARAN,A,2,A9002,Ordinary Differential Equations and Vector Calculus,F,0.0,0.0,FAIL,5.35,1,sem2_results,RES_S2_25881A6635_A9002,STU_25881A6635,SUB_2_A9002
25881A6635,KALLURI RAM CHARAN,A,2,A9022,Product Design and Development,O,10.0,100.0,PASS,5.35,1,sem2_results,RES_S2_25881A6635_A9022,STU_25881A6635,SUB_2_A9022
25881A6635,KALLURI RAM CHARAN,A,2,A9503,Data Structures,C,5.0,50.0,PASS,5.35,1,sem2_results,RES_S2_25881A6635_A9503,STU_25881A6635,SUB_2_A9503
25881A6635,KALLURI RAM CHARAN,A,2,A9504,Data Structures Laboratory,A,8.0,80.0,PASS,5.35,1,sem2_results,RES_S2_25881A6635_A9504,STU_25881A6635,SUB_2_A9504
25881A6636,RAMAVATH RAM CHARAN,A,2,A9009,Engineering Chemistry,F,0.0,0.0,FAIL,3.7,3,sem2_results,RES_S2_25881A6636_A9009,STU_25881A6636,SUB_2_A9009
25881A6636,RAMAVATH RAM CHARAN,A,2,A9011,English for Skills Enhancement,A,8.0,80.0,PASS,3.7,3,sem2_results,RES_S2_25881A6636_A9011,STU_25881A6636,SUB_2_A9011
25881A6636,RAMAVATH RAM CHARAN,A,2,A9010,Engineering Chemistry Laboratory,B+,7.0,70.0,PASS,3.7,3,sem2_results,RES_S2_25881A6636_A9010,STU_25881A6636,SUB_2_A9010
25881A6636,RAMAVATH RAM CHARAN,A,2,A9012,English Language and Communication Skills Laboratory,A,8.0,80.0,PASS,3.7,3,sem2_results,RES_S2_25881A6636_A9012,STU_25881A6636,SUB_2_A9012
25881A6636,RAMAVATH RAM CHARAN,A,2,A9304,Computer Aided Engineering Graphics,A,8.0,80.0,PASS,3.7,3,sem2_results,RES_S2_25881A6636_A9304,STU_25881A6636,SUB_2_A9304
25881A6636,RAMAVATH RAM CHARAN,A,2,A9402,Digital Electronics,F,0.0,0.0,FAIL,3.7,3,sem2_results,RES_S2_25881A6636_A9402,STU_25881A6636,SUB_2_A9402
25881A6636,RAMAVATH RAM CHARAN,A,2,A9002,Ordinary Differential Equations and Vector Calculus,F,0.0,0.0,FAIL,3.7,3,sem2_results,RES_S2_25881A6636_A9002,STU_25881A6636,SUB_2_A9002
25881A6636,RAMAVATH RAM CHARAN,A,2,A9022,Product Design and Development,O,10.0,100.0,PASS,3.7,3,sem2_results,RES_S2_25881A6636_A9022,STU_25881A6636,SUB_2_A9022
25881A6636,RAMAVATH RAM CHARAN,A,2,A9503,Data Structures,B,6.0,60.0,PASS,3.7,3,sem2_results,RES_S2_25881A6636_A9503,STU_25881A6636,SUB_2_A9503
25881A6636,RAMAVATH RAM CHARAN,A,2,A9504,Data Structures Laboratory,B+,7.0,70.0,PASS,3.7,3,sem2_results,RES_S2_25881A6636_A9504,STU_25881A6636,SUB_2_A9504
25881A6637,SIRIPELLY RAMAKRISHNA,A,2,A9009,Engineering Chemistry,B+,7.0,70.0,PASS,7.4,0,sem2_results,RES_S2_25881A6637_A9009,STU_25881A6637,SUB_2_A9009
25881A6637,SIRIPELLY RAMAKRISHNA,A,2,A9011,English for Skills Enhancement,A,8.0,80.0,PASS,7.4,0,sem2_results,RES_S2_25881A6637_A9011,STU_25881A6637,SUB_2_A9011
25881A6637,SIRIPELLY RAMAKRISHNA,A,2,A9010,Engineering Chemistry Laboratory,O,10.0,100.0,PASS,7.4,0,sem2_results,RES_S2_25881A6637_A9010,STU_25881A6637,SUB_2_A9010
25881A6637,SIRIPELLY RAMAKRISHNA,A,2,A9012,English Language and Communication Skills Laboratory,A,8.0,80.0,PASS,7.4,0,sem2_results,RES_S2_25881A6637_A9012,STU_25881A6637,SUB_2_A9012
25881A6637,SIRIPELLY RAMAKRISHNA,A,2,A9304,Computer Aided Engineering Graphics,A+,9.0,90.0,PASS,7.4,0,sem2_results,RES_S2_25881A6637_A9304,STU_25881A6637,SUB_2_A9304
25881A6637,SIRIPELLY RAMAKRISHNA,A,2,A9402,Digital Electronics,B,6.0,60.0,PASS,7.4,0,sem2_results,RES_S2_25881A6637_A9402,STU_25881A6637,SUB_2_A9402
25881A6637,SIRIPELLY RAMAKRISHNA,A,2,A9002,Ordinary Differential Equations and Vector Calculus,B+,7.0,70.0,PASS,7.4,0,sem2_results,RES_S2_25881A6637_A9002,STU_25881A6637,SUB_2_A9002
25881A6637,SIRIPELLY RAMAKRISHNA,A,2,A9022,Product Design and Development,O,10.0,100.0,PASS,7.4,0,sem2_results,RES_S2_25881A6637_A9022,STU_25881A6637,SUB_2_A9022
25881A6637,SIRIPELLY RAMAKRISHNA,A,2,A9503,Data Structures,B+,7.0,70.0,PASS,7.4,0,sem2_results,RES_S2_25881A6637_A9503,STU_25881A6637,SUB_2_A9503
25881A6637,SIRIPELLY RAMAKRISHNA,A,2,A9504,Data Structures Laboratory,B+,7.0,70.0,PASS,7.4,0,sem2_results,RES_S2_25881A6637_A9504,STU_25881A6637,SUB_2_A9504
25881A6638,BANDI RAMCHARAN,A,2,A9009,Engineering Chemistry,A,8.0,80.0,PASS,8.45,0,sem2_results,RES_S2_25881A6638_A9009,STU_25881A6638,SUB_2_A9009
25881A6638,BANDI RAMCHARAN,A,2,A9011,English for Skills Enhancement,A,8.0,80.0,PASS,8.45,0,sem2_results,RES_S2_25881A6638_A9011,STU_25881A6638,SUB_2_A9011
25881A6638,BANDI RAMCHARAN,A,2,A9010,Engineering Chemistry Laboratory,B+,7.0,70.0,PASS,8.45,0,sem2_results,RES_S2_25881A6638_A9010,STU_25881A6638,SUB_2_A9010
25881A6638,BANDI RAMCHARAN,A,2,A9012,English Language and Communication Skills Laboratory,A,8.0,80.0,PASS,8.45,0,sem2_results,RES_S2_25881A6638_A9012,STU_25881A6638,SUB_2_A9012
25881A6638,BANDI RAMCHARAN,A,2,A9304,Computer Aided Engineering Graphics,A+,9.0,90.0,PASS,8.45,0,sem2_results,RES_S2_25881A6638_A9304,STU_25881A6638,SUB_2_A9304
25881A6638,BANDI RAMCHARAN,A,2,A9402,Digital Electronics,A,8.0,80.0,PASS,8.45,0,sem2_results,RES_S2_25881A6638_A9402,STU_25881A6638,SUB_2_A9402
25881A6638,BANDI RAMCHARAN,A,2,A9002,Ordinary Differential Equations and Vector Calculus,A+,9.0,90.0,PASS,8.45,0,sem2_results,RES_S2_25881A6638_A9002,STU_25881A6638,SUB_2_A9002
25881A6638,BANDI RAMCHARAN,A,2,A9022,Product Design and Development,O,10.0,100.0,PASS,8.45,0,sem2_results,RES_S2_25881A6638_A9022,STU_25881A6638,SUB_2_A9022
25881A6638,BANDI RAMCHARAN,A,2,A9503,Data Structures,A+,9.0,90.0,PASS,8.45,0,sem2_results,RES_S2_25881A6638_A9503,STU_25881A6638,SUB_2_A9503
25881A6638,BANDI RAMCHARAN,A,2,A9504,Data Structures Laboratory,A,8.0,80.0,PASS,8.45,0,sem2_results,RES_S2_25881A6638_A9504,STU_25881A6638,SUB_2_A9504
25881A6639,ANKAM RISHITHA,A,2,A9009,Engineering Chemistry,A,8.0,80.0,PASS,8.65,0,sem2_results,RES_S2_25881A6639_A9009,STU_25881A6639,SUB_2_A9009
25881A6639,ANKAM RISHITHA,A,2,A9011,English for Skills Enhancement,A+,9.0,90.0,PASS,8.65,0,sem2_results,RES_S2_25881A6639_A9011,STU_25881A6639,SUB_2_A9011
25881A6639,ANKAM RISHITHA,A,2,A9010,Engineering Chemistry Laboratory,A,8.0,80.0,PASS,8.65,0,sem2_results,RES_S2_25881A6639_A9010,STU_25881A6639,SUB_2_A9010
25881A6639,ANKAM RISHITHA,A,2,A9012,English Language and Communication Skills Laboratory,A+,9.0,90.0,PASS,8.65,0,sem2_results,RES_S2_25881A6639_A9012,STU_25881A6639,SUB_2_A9012
25881A6639,ANKAM RISHITHA,A,2,A9304,Computer Aided Engineering Graphics,O,10.0,100.0,PASS,8.65,0,sem2_results,RES_S2_25881A6639_A9304,STU_25881A6639,SUB_2_A9304
25881A6639,ANKAM RISHITHA,A,2,A9402,Digital Electronics,A,8.0,80.0,PASS,8.65,0,sem2_results,RES_S2_25881A6639_A9402,STU_25881A6639,SUB_2_A9402
25881A6639,ANKAM RISHITHA,A,2,A9002,Ordinary Differential Equations and Vector Calculus,A+,9.0,90.0,PASS,8.65,0,sem2_results,RES_S2_25881A6639_A9002,STU_25881A6639,SUB_2_A9002
25881A6639,ANKAM RISHITHA,A,2,A9022,Product Design and Development,O,10.0,100.0,PASS,8.65,0,sem2_results,RES_S2_25881A6639_A9022,STU_25881A6639,SUB_2_A9022
25881A6639,ANKAM RISHITHA,A,2,A9503,Data Structures,A,8.0,80.0,PASS,8.65,0,sem2_results,RES_S2_25881A6639_A9503,STU_25881A6639,SUB_2_A9503
25881A6639,ANKAM RISHITHA,A,2,A9504,Data Structures Laboratory,O,10.0,100.0,PASS,8.65,0,sem2_results,RES_S2_25881A6639_A9504,STU_25881A6639,SUB_2_A9504
25881A6640,PALVAI SAHAN REDDY,A,2,A9009,Engineering Chemistry,C,5.0,50.0,PASS,3.55,3,sem2_results,RES_S2_25881A6640_A9009,STU_25881A6640,SUB_2_A9009
25881A6640,PALVAI SAHAN REDDY,A,2,A9011,English for Skills Enhancement,A,8.0,80.0,PASS,3.55,3,sem2_results,RES_S2_25881A6640_A9011,STU_25881A6640,SUB_2_A9011
25881A6640,PALVAI SAHAN REDDY,A,2,A9010,Engineering Chemistry Laboratory,B,6.0,60.0,PASS,3.55,3,sem2_results,RES_S2_25881A6640_A9010,STU_25881A6640,SUB_2_A9010
25881A6640,PALVAI SAHAN REDDY,A,2,A9012,English Language and Communication Skills Laboratory,A,8.0,80.0,PASS,3.55,3,sem2_results,RES_S2_25881A6640_A9012,STU_25881A6640,SUB_2_A9012
25881A6640,PALVAI SAHAN REDDY,A,2,A9304,Computer Aided Engineering Graphics,A+,9.0,90.0,PASS,3.55,3,sem2_results,RES_S2_25881A6640_A9304,STU_25881A6640,SUB_2_A9304
25881A6640,PALVAI SAHAN REDDY,A,2,A9402,Digital Electronics,F,0.0,0.0,FAIL,3.55,3,sem2_results,RES_S2_25881A6640_A9402,STU_25881A6640,SUB_2_A9402
25881A6640,PALVAI SAHAN REDDY,A,2,A9002,Ordinary Differential Equations and Vector Calculus,F,0.0,0.0,FAIL,3.55,3,sem2_results,RES_S2_25881A6640_A9002,STU_25881A6640,SUB_2_A9002
25881A6640,PALVAI SAHAN REDDY,A,2,A9022,Product Design and Development,O,10.0,100.0,PASS,3.55,3,sem2_results,RES_S2_25881A6640_A9022,STU_25881A6640,SUB_2_A9022
25881A6640,PALVAI SAHAN REDDY,A,2,A9503,Data Structures,F,0.0,0.0,FAIL,3.55,3,sem2_results,RES_S2_25881A6640_A9503,STU_25881A6640,SUB_2_A9503
25881A6640,PALVAI SAHAN REDDY,A,2,A9504,Data Structures Laboratory,B+,7.0,70.0,PASS,3.55,3,sem2_results,RES_S2_25881A6640_A9504,STU_25881A6640,SUB_2_A9504
25881A6641,GATTU SAI NATH,A,2,A9009,Engineering Chemistry,B,6.0,60.0,PASS,7.0,0,sem2_results,RES_S2_25881A6641_A9009,STU_25881A6641,SUB_2_A9009
25881A6641,GATTU SAI NATH,A,2,A9011,English for Skills Enhancement,A,8.0,80.0,PASS,7.0,0,sem2_results,RES_S2_25881A6641_A9011,STU_25881A6641,SUB_2_A9011
25881A6641,GATTU SAI NATH,A,2,A9010,Engineering Chemistry Laboratory,B+,7.0,70.0,PASS,7.0,0,sem2_results,RES_S2_25881A6641_A9010,STU_25881A6641,SUB_2_A9010
25881A6641,GATTU SAI NATH,A,2,A9012,English Language and Communication Skills Laboratory,A,8.0,80.0,PASS,7.0,0,sem2_results,RES_S2_25881A6641_A9012,STU_25881A6641,SUB_2_A9012
25881A6641,GATTU SAI NATH,A,2,A9304,Computer Aided Engineering Graphics,A+,9.0,90.0,PASS,7.0,0,sem2_results,RES_S2_25881A6641_A9304,STU_25881A6641,SUB_2_A9304
25881A6641,GATTU SAI NATH,A,2,A9402,Digital Electronics,B,6.0,60.0,PASS,7.0,0,sem2_results,RES_S2_25881A6641_A9402,STU_25881A6641,SUB_2_A9402
25881A6641,GATTU SAI NATH,A,2,A9002,Ordinary Differential Equations and Vector Calculus,B,6.0,60.0,PASS,7.0,0,sem2_results,RES_S2_25881A6641_A9002,STU_25881A6641,SUB_2_A9002
25881A6641,GATTU SAI NATH,A,2,A9022,Product Design and Development,O,10.0,100.0,PASS,7.0,0,sem2_results,RES_S2_25881A6641_A9022,STU_25881A6641,SUB_2_A9022
25881A6641,GATTU SAI NATH,A,2,A9503,Data Structures,B+,7.0,70.0,PASS,7.0,0,sem2_results,RES_S2_25881A6641_A9503,STU_25881A6641,SUB_2_A9503
25881A6641,GATTU SAI NATH,A,2,A9504,Data Structures Laboratory,A+,9.0,90.0,PASS,7.0,0,sem2_results,RES_S2_25881A6641_A9504,STU_25881A6641,SUB_2_A9504
25881A6642,SIDDAMSETTI SAI VAISHNAVI,A,2,A9009,Engineering Chemistry,A+,9.0,90.0,PASS,8.6,0,sem2_results,RES_S2_25881A6642_A9009,STU_25881A6642,SUB_2_A9009
25881A6642,SIDDAMSETTI SAI VAISHNAVI,A,2,A9011,English for Skills Enhancement,A,8.0,80.0,PASS,8.6,0,sem2_results,RES_S2_25881A6642_A9011,STU_25881A6642,SUB_2_A9011
25881A6642,SIDDAMSETTI SAI VAISHNAVI,A,2,A9010,Engineering Chemistry Laboratory,A+,9.0,90.0,PASS,8.6,0,sem2_results,RES_S2_25881A6642_A9010,STU_25881A6642,SUB_2_A9010
25881A6642,SIDDAMSETTI SAI VAISHNAVI,A,2,A9012,English Language and Communication Skills Laboratory,A,8.0,80.0,PASS,8.6,0,sem2_results,RES_S2_25881A6642_A9012,STU_25881A6642,SUB_2_A9012
25881A6642,SIDDAMSETTI SAI VAISHNAVI,A,2,A9304,Computer Aided Engineering Graphics,A+,9.0,90.0,PASS,8.6,0,sem2_results,RES_S2_25881A6642_A9304,STU_25881A6642,SUB_2_A9304
25881A6642,SIDDAMSETTI SAI VAISHNAVI,A,2,A9402,Digital Electronics,A+,9.0,90.0,PASS,8.6,0,sem2_results,RES_S2_25881A6642_A9402,STU_25881A6642,SUB_2_A9402
25881A6642,SIDDAMSETTI SAI VAISHNAVI,A,2,A9002,Ordinary Differential Equations and Vector Calculus,A,8.0,80.0,PASS,8.6,0,sem2_results,RES_S2_25881A6642_A9002,STU_25881A6642,SUB_2_A9002
25881A6642,SIDDAMSETTI SAI VAISHNAVI,A,2,A9022,Product Design and Development,O,10.0,100.0,PASS,8.6,0,sem2_results,RES_S2_25881A6642_A9022,STU_25881A6642,SUB_2_A9022
25881A6642,SIDDAMSETTI SAI VAISHNAVI,A,2,A9503,Data Structures,A,8.0,80.0,PASS,8.6,0,sem2_results,RES_S2_25881A6642_A9503,STU_25881A6642,SUB_2_A9503
25881A6642,SIDDAMSETTI SAI VAISHNAVI,A,2,A9504,Data Structures Laboratory,O,10.0,100.0,PASS,8.6,0,sem2_results,RES_S2_25881A6642_A9504,STU_25881A6642,SUB_2_A9504
25881A6643,SAICHARAN REDDY KARNATI,A,2,A9009,Engineering Chemistry,C,5.0,50.0,PASS,3.4,3,sem2_results,RES_S2_25881A6643_A9009,STU_25881A6643,SUB_2_A9009
25881A6643,SAICHARAN REDDY KARNATI,A,2,A9011,English for Skills Enhancement,B,6.0,60.0,PASS,3.4,3,sem2_results,RES_S2_25881A6643_A9011,STU_25881A6643,SUB_2_A9011
25881A6643,SAICHARAN REDDY KARNATI,A,2,A9010,Engineering Chemistry Laboratory,B,6.0,60.0,PASS,3.4,3,sem2_results,RES_S2_25881A6643_A9010,STU_25881A6643,SUB_2_A9010
25881A6643,SAICHARAN REDDY KARNATI,A,2,A9012,English Language and Communication Skills Laboratory,A,8.0,80.0,PASS,3.4,3,sem2_results,RES_S2_25881A6643_A9012,STU_25881A6643,SUB_2_A9012
25881A6643,SAICHARAN REDDY KARNATI,A,2,A9304,Computer Aided Engineering Graphics,A+,9.0,90.0,PASS,3.4,3,sem2_results,RES_S2_25881A6643_A9304,STU_25881A6643,SUB_2_A9304
25881A6643,SAICHARAN REDDY KARNATI,A,2,A9402,Digital Electronics,F,0.0,0.0,FAIL,3.4,3,sem2_results,RES_S2_25881A6643_A9402,STU_25881A6643,SUB_2_A9402
25881A6643,SAICHARAN REDDY KARNATI,A,2,A9002,Ordinary Differential Equations and Vector Calculus,F,0.0,0.0,FAIL,3.4,3,sem2_results,RES_S2_25881A6643_A9002,STU_25881A6643,SUB_2_A9002
25881A6643,SAICHARAN REDDY KARNATI,A,2,A9022,Product Design and Development,O,10.0,100.0,PASS,3.4,3,sem2_results,RES_S2_25881A6643_A9022,STU_25881A6643,SUB_2_A9022
25881A6643,SAICHARAN REDDY KARNATI,A,2,A9503,Data Structures,F,0.0,0.0,FAIL,3.4,3,sem2_results,RES_S2_25881A6643_A9503,STU_25881A6643,SUB_2_A9503
25881A6643,SAICHARAN REDDY KARNATI,A,2,A9504,Data Structures Laboratory,A,8.0,80.0,PASS,3.4,3,sem2_results,RES_S2_25881A6643_A9504,STU_25881A6643,SUB_2_A9504
25881A6644,MEKALA SAISRI,A,2,A9009,Engineering Chemistry,B+,7.0,70.0,PASS,8.3,0,sem2_results,RES_S2_25881A6644_A9009,STU_25881A6644,SUB_2_A9009
25881A6644,MEKALA SAISRI,A,2,A9011,English for Skills Enhancement,A,8.0,80.0,PASS,8.3,0,sem2_results,RES_S2_25881A6644_A9011,STU_25881A6644,SUB_2_A9011
25881A6644,MEKALA SAISRI,A,2,A9010,Engineering Chemistry Laboratory,O,10.0,100.0,PASS,8.3,0,sem2_results,RES_S2_25881A6644_A9010,STU_25881A6644,SUB_2_A9010
25881A6644,MEKALA SAISRI,A,2,A9012,English Language and Communication Skills Laboratory,A,8.0,80.0,PASS,8.3,0,sem2_results,RES_S2_25881A6644_A9012,STU_25881A6644,SUB_2_A9012
25881A6644,MEKALA SAISRI,A,2,A9304,Computer Aided Engineering Graphics,A+,9.0,90.0,PASS,8.3,0,sem2_results,RES_S2_25881A6644_A9304,STU_25881A6644,SUB_2_A9304
25881A6644,MEKALA SAISRI,A,2,A9402,Digital Electronics,A,8.0,80.0,PASS,8.3,0,sem2_results,RES_S2_25881A6644_A9402,STU_25881A6644,SUB_2_A9402
25881A6644,MEKALA SAISRI,A,2,A9002,Ordinary Differential Equations and Vector Calculus,A,8.0,80.0,PASS,8.3,0,sem2_results,RES_S2_25881A6644_A9002,STU_25881A6644,SUB_2_A9002
25881A6644,MEKALA SAISRI,A,2,A9022,Product Design and Development,O,10.0,100.0,PASS,8.3,0,sem2_results,RES_S2_25881A6644_A9022,STU_25881A6644,SUB_2_A9022
25881A6644,MEKALA SAISRI,A,2,A9503,Data Structures,A+,9.0,90.0,PASS,8.3,0,sem2_results,RES_S2_25881A6644_A9503,STU_25881A6644,SUB_2_A9503
25881A6644,MEKALA SAISRI,A,2,A9504,Data Structures Laboratory,A+,9.0,90.0,PASS,8.3,0,sem2_results,RES_S2_25881A6644_A9504,STU_25881A6644,SUB_2_A9504
25881A6645,SYED SHAHNAWAZ,A,2,A9009,Engineering Chemistry,C,5.0,50.0,PASS,6.7,0,sem2_results,RES_S2_25881A6645_A9009,STU_25881A6645,SUB_2_A9009
25881A6645,SYED SHAHNAWAZ,A,2,A9011,English for Skills Enhancement,A,8.0,80.0,PASS,6.7,0,sem2_results,RES_S2_25881A6645_A9011,STU_25881A6645,SUB_2_A9011
25881A6645,SYED SHAHNAWAZ,A,2,A9010,Engineering Chemistry Laboratory,B,6.0,60.0,PASS,6.7,0,sem2_results,RES_S2_25881A6645_A9010,STU_25881A6645,SUB_2_A9010
25881A6645,SYED SHAHNAWAZ,A,2,A9012,English Language and Communication Skills Laboratory,A,8.0,80.0,PASS,6.7,0,sem2_results,RES_S2_25881A6645_A9012,STU_25881A6645,SUB_2_A9012
25881A6645,SYED SHAHNAWAZ,A,2,A9304,Computer Aided Engineering Graphics,A+,9.0,90.0,PASS,6.7,0,sem2_results,RES_S2_25881A6645_A9304,STU_25881A6645,SUB_2_A9304
25881A6645,SYED SHAHNAWAZ,A,2,A9402,Digital Electronics,B,6.0,60.0,PASS,6.7,0,sem2_results,RES_S2_25881A6645_A9402,STU_25881A6645,SUB_2_A9402
25881A6645,SYED SHAHNAWAZ,A,2,A9002,Ordinary Differential Equations and Vector Calculus,B+,7.0,70.0,PASS,6.7,0,sem2_results,RES_S2_25881A6645_A9002,STU_25881A6645,SUB_2_A9002
25881A6645,SYED SHAHNAWAZ,A,2,A9022,Product Design and Development,O,10.0,100.0,PASS,6.7,0,sem2_results,RES_S2_25881A6645_A9022,STU_25881A6645,SUB_2_A9022
25881A6645,SYED SHAHNAWAZ,A,2,A9503,Data Structures,C,5.0,50.0,PASS,6.7,0,sem2_results,RES_S2_25881A6645_A9503,STU_25881A6645,SUB_2_A9503
25881A6645,SYED SHAHNAWAZ,A,2,A9504,Data Structures Laboratory,A+,9.0,90.0,PASS,6.7,0,sem2_results,RES_S2_25881A6645_A9504,STU_25881A6645,SUB_2_A9504
25881A6646,DHARAVATH SHARATH KUMAR,A,2,A9009,Engineering Chemistry,B,6.0,60.0,PASS,6.8,0,sem2_results,RES_S2_25881A6646_A9009,STU_25881A6646,SUB_2_A9009
25881A6646,DHARAVATH SHARATH KUMAR,A,2,A9011,English for Skills Enhancement,A,8.0,80.0,PASS,6.8,0,sem2_results,RES_S2_25881A6646_A9011,STU_25881A6646,SUB_2_A9011
25881A6646,DHARAVATH SHARATH KUMAR,A,2,A9010,Engineering Chemistry Laboratory,B+,7.0,70.0,PASS,6.8,0,sem2_results,RES_S2_25881A6646_A9010,STU_25881A6646,SUB_2_A9010
25881A6646,DHARAVATH SHARATH KUMAR,A,2,A9012,English Language and Communication Skills Laboratory,A,8.0,80.0,PASS,6.8,0,sem2_results,RES_S2_25881A6646_A9012,STU_25881A6646,SUB_2_A9012
25881A6646,DHARAVATH SHARATH KUMAR,A,2,A9304,Computer Aided Engineering Graphics,A+,9.0,90.0,PASS,6.8,0,sem2_results,RES_S2_25881A6646_A9304,STU_25881A6646,SUB_2_A9304
25881A6646,DHARAVATH SHARATH KUMAR,A,2,A9402,Digital Electronics,B+,7.0,70.0,PASS,6.8,0,sem2_results,RES_S2_25881A6646_A9402,STU_25881A6646,SUB_2_A9402
25881A6646,DHARAVATH SHARATH KUMAR,A,2,A9002,Ordinary Differential Equations and Vector Calculus,B,6.0,60.0,PASS,6.8,0,sem2_results,RES_S2_25881A6646_A9002,STU_25881A6646,SUB_2_A9002
25881A6646,DHARAVATH SHARATH KUMAR,A,2,A9022,Product Design and Development,O,10.0,100.0,PASS,6.8,0,sem2_results,RES_S2_25881A6646_A9022,STU_25881A6646,SUB_2_A9022
25881A6646,DHARAVATH SHARATH KUMAR,A,2,A9503,Data Structures,C,5.0,50.0,PASS,6.8,0,sem2_results,RES_S2_25881A6646_A9503,STU_25881A6646,SUB_2_A9503
25881A6646,DHARAVATH SHARATH KUMAR,A,2,A9504,Data Structures Laboratory,A,8.0,80.0,PASS,6.8,0,sem2_results,RES_S2_25881A6646_A9504,STU_25881A6646,SUB_2_A9504
25881A6647,CH SHREYAS,A,2,A9009,Engineering Chemistry,B+,7.0,70.0,PASS,7.5,0,sem2_results,RES_S2_25881A6647_A9009,STU_25881A6647,SUB_2_A9009
25881A6647,CH SHREYAS,A,2,A9011,English for Skills Enhancement,A,8.0,80.0,PASS,7.5,0,sem2_results,RES_S2_25881A6647_A9011,STU_25881A6647,SUB_2_A9011
25881A6647,CH SHREYAS,A,2,A9010,Engineering Chemistry Laboratory,B+,7.0,70.0,PASS,7.5,0,sem2_results,RES_S2_25881A6647_A9010,STU_25881A6647,SUB_2_A9010
25881A6647,CH SHREYAS,A,2,A9012,English Language and Communication Skills Laboratory,A,8.0,80.0,PASS,7.5,0,sem2_results,RES_S2_25881A6647_A9012,STU_25881A6647,SUB_2_A9012
25881A6647,CH SHREYAS,A,2,A9304,Computer Aided Engineering Graphics,A+,9.0,90.0,PASS,7.5,0,sem2_results,RES_S2_25881A6647_A9304,STU_25881A6647,SUB_2_A9304
25881A6647,CH SHREYAS,A,2,A9402,Digital Electronics,B,6.0,60.0,PASS,7.5,0,sem2_results,RES_S2_25881A6647_A9402,STU_25881A6647,SUB_2_A9402
25881A6647,CH SHREYAS,A,2,A9002,Ordinary Differential Equations and Vector Calculus,A,8.0,80.0,PASS,7.5,0,sem2_results,RES_S2_25881A6647_A9002,STU_25881A6647,SUB_2_A9002
25881A6647,CH SHREYAS,A,2,A9022,Product Design and Development,O,10.0,100.0,PASS,7.5,0,sem2_results,RES_S2_25881A6647_A9022,STU_25881A6647,SUB_2_A9022
25881A6647,CH SHREYAS,A,2,A9503,Data Structures,B+,7.0,70.0,PASS,7.5,0,sem2_results,RES_S2_25881A6647_A9503,STU_25881A6647,SUB_2_A9503
25881A6647,CH SHREYAS,A,2,A9504,Data Structures Laboratory,A,8.0,80.0,PASS,7.5,0,sem2_results,RES_S2_25881A6647_A9504,STU_25881A6647,SUB_2_A9504
25881A6648,THALLA SHRINIDHI,A,2,A9009,Engineering Chemistry,B+,7.0,70.0,PASS,6.9,0,sem2_results,RES_S2_25881A6648_A9009,STU_25881A6648,SUB_2_A9009
25881A6648,THALLA SHRINIDHI,A,2,A9011,English for Skills Enhancement,A,8.0,80.0,PASS,6.9,0,sem2_results,RES_S2_25881A6648_A9011,STU_25881A6648,SUB_2_A9011
25881A6648,THALLA SHRINIDHI,A,2,A9010,Engineering Chemistry Laboratory,A,8.0,80.0,PASS,6.9,0,sem2_results,RES_S2_25881A6648_A9010,STU_25881A6648,SUB_2_A9010
25881A6648,THALLA SHRINIDHI,A,2,A9012,English Language and Communication Skills Laboratory,A+,9.0,90.0,PASS,6.9,0,sem2_results,RES_S2_25881A6648_A9012,STU_25881A6648,SUB_2_A9012
25881A6648,THALLA SHRINIDHI,A,2,A9304,Computer Aided Engineering Graphics,A+,9.0,90.0,PASS,6.9,0,sem2_results,RES_S2_25881A6648_A9304,STU_25881A6648,SUB_2_A9304
25881A6648,THALLA SHRINIDHI,A,2,A9402,Digital Electronics,C,5.0,50.0,PASS,6.9,0,sem2_results,RES_S2_25881A6648_A9402,STU_25881A6648,SUB_2_A9402
25881A6648,THALLA SHRINIDHI,A,2,A9002,Ordinary Differential Equations and Vector Calculus,C,5.0,50.0,PASS,6.9,0,sem2_results,RES_S2_25881A6648_A9002,STU_25881A6648,SUB_2_A9002
25881A6648,THALLA SHRINIDHI,A,2,A9022,Product Design and Development,O,10.0,100.0,PASS,6.9,0,sem2_results,RES_S2_25881A6648_A9022,STU_25881A6648,SUB_2_A9022
25881A6648,THALLA SHRINIDHI,A,2,A9503,Data Structures,B+,7.0,70.0,PASS,6.9,0,sem2_results,RES_S2_25881A6648_A9503,STU_25881A6648,SUB_2_A9503
25881A6648,THALLA SHRINIDHI,A,2,A9504,Data Structures Laboratory,A+,9.0,90.0,PASS,6.9,0,sem2_results,RES_S2_25881A6648_A9504,STU_25881A6648,SUB_2_A9504
25881A6649,KARPE SIRIVALLI,A,2,A9009,Engineering Chemistry,B+,7.0,70.0,PASS,8.7,0,sem2_results,RES_S2_25881A6649_A9009,STU_25881A6649,SUB_2_A9009
25881A6649,KARPE SIRIVALLI,A,2,A9011,English for Skills Enhancement,A+,9.0,90.0,PASS,8.7,0,sem2_results,RES_S2_25881A6649_A9011,STU_25881A6649,SUB_2_A9011
25881A6649,KARPE SIRIVALLI,A,2,A9010,Engineering Chemistry Laboratory,A+,9.0,90.0,PASS,8.7,0,sem2_results,RES_S2_25881A6649_A9010,STU_25881A6649,SUB_2_A9010
25881A6649,KARPE SIRIVALLI,A,2,A9012,English Language and Communication Skills Laboratory,A+,9.0,90.0,PASS,8.7,0,sem2_results,RES_S2_25881A6649_A9012,STU_25881A6649,SUB_2_A9012
25881A6649,KARPE SIRIVALLI,A,2,A9304,Computer Aided Engineering Graphics,O,10.0,100.0,PASS,8.7,0,sem2_results,RES_S2_25881A6649_A9304,STU_25881A6649,SUB_2_A9304
25881A6649,KARPE SIRIVALLI,A,2,A9402,Digital Electronics,A+,9.0,90.0,PASS,8.7,0,sem2_results,RES_S2_25881A6649_A9402,STU_25881A6649,SUB_2_A9402
25881A6649,KARPE SIRIVALLI,A,2,A9002,Ordinary Differential Equations and Vector Calculus,O,10.0,100.0,PASS,8.7,0,sem2_results,RES_S2_25881A6649_A9002,STU_25881A6649,SUB_2_A9002
25881A6649,KARPE SIRIVALLI,A,2,A9022,Product Design and Development,O,10.0,100.0,PASS,8.7,0,sem2_results,RES_S2_25881A6649_A9022,STU_25881A6649,SUB_2_A9022
25881A6649,KARPE SIRIVALLI,A,2,A9503,Data Structures,B+,7.0,70.0,PASS,8.7,0,sem2_results,RES_S2_25881A6649_A9503,STU_25881A6649,SUB_2_A9503
25881A6649,KARPE SIRIVALLI,A,2,A9504,Data Structures Laboratory,A+,9.0,90.0,PASS,8.7,0,sem2_results,RES_S2_25881A6649_A9504,STU_25881A6649,SUB_2_A9504
25881A6650,APPANA SOWMYA SRI,A,2,A9009,Engineering Chemistry,F,0.0,0.0,FAIL,1.4,7,sem2_results,RES_S2_25881A6650_A9009,STU_25881A6650,SUB_2_A9009
25881A6650,APPANA SOWMYA SRI,A,2,A9011,English for Skills Enhancement,B,6.0,60.0,PASS,1.4,7,sem2_results,RES_S2_25881A6650_A9011,STU_25881A6650,SUB_2_A9011
25881A6650,APPANA SOWMYA SRI,A,2,A9010,Engineering Chemistry Laboratory,B,6.0,60.0,PASS,1.4,7,sem2_results,RES_S2_25881A6650_A9010,STU_25881A6650,SUB_2_A9010
25881A6650,APPANA SOWMYA SRI,A,2,A9012,English Language and Communication Skills Laboratory,AB,0.0,0.0,FAIL,1.4,7,sem2_results,RES_S2_25881A6650_A9012,STU_25881A6650,SUB_2_A9012
25881A6650,APPANA SOWMYA SRI,A,2,A9304,Computer Aided Engineering Graphics,AB,0.0,0.0,FAIL,1.4,7,sem2_results,RES_S2_25881A6650_A9304,STU_25881A6650,SUB_2_A9304
25881A6650,APPANA SOWMYA SRI,A,2,A9402,Digital Electronics,F,0.0,0.0,FAIL,1.4,7,sem2_results,RES_S2_25881A6650_A9402,STU_25881A6650,SUB_2_A9402
25881A6650,APPANA SOWMYA SRI,A,2,A9002,Ordinary Differential Equations and Vector Calculus,F,0.0,0.0,FAIL,1.4,7,sem2_results,RES_S2_25881A6650_A9002,STU_25881A6650,SUB_2_A9002
25881A6650,APPANA SOWMYA SRI,A,2,A9022,Product Design and Development,O,10.0,100.0,PASS,1.4,7,sem2_results,RES_S2_25881A6650_A9022,STU_25881A6650,SUB_2_A9022
25881A6650,APPANA SOWMYA SRI,A,2,A9503,Data Structures,F,0.0,0.0,FAIL,1.4,7,sem2_results,RES_S2_25881A6650_A9503,STU_25881A6650,SUB_2_A9503
25881A6650,APPANA SOWMYA SRI,A,2,A9504,Data Structures Laboratory,AB,0.0,0.0,FAIL,1.4,7,sem2_results,RES_S2_25881A6650_A9504,STU_25881A6650,SUB_2_A9504
25881A6651,SANGANI SRI CHANDANA,A,2,A9009,Engineering Chemistry,A+,9.0,90.0,PASS,9.25,0,sem2_results,RES_S2_25881A6651_A9009,STU_25881A6651,SUB_2_A9009
25881A6651,SANGANI SRI CHANDANA,A,2,A9011,English for Skills Enhancement,A,8.0,80.0,PASS,9.25,0,sem2_results,RES_S2_25881A6651_A9011,STU_25881A6651,SUB_2_A9011
25881A6651,SANGANI SRI CHANDANA,A,2,A9010,Engineering Chemistry Laboratory,O,10.0,100.0,PASS,9.25,0,sem2_results,RES_S2_25881A6651_A9010,STU_25881A6651,SUB_2_A9010
25881A6651,SANGANI SRI CHANDANA,A,2,A9012,English Language and Communication Skills Laboratory,A+,9.0,90.0,PASS,9.25,0,sem2_results,RES_S2_25881A6651_A9012,STU_25881A6651,SUB_2_A9012
25881A6651,SANGANI SRI CHANDANA,A,2,A9304,Computer Aided Engineering Graphics,A+,9.0,90.0,PASS,9.25,0,sem2_results,RES_S2_25881A6651_A9304,STU_25881A6651,SUB_2_A9304
25881A6651,SANGANI SRI CHANDANA,A,2,A9402,Digital Electronics,O,10.0,100.0,PASS,9.25,0,sem2_results,RES_S2_25881A6651_A9402,STU_25881A6651,SUB_2_A9402
25881A6651,SANGANI SRI CHANDANA,A,2,A9002,Ordinary Differential Equations and Vector Calculus,O,10.0,100.0,PASS,9.25,0,sem2_results,RES_S2_25881A6651_A9002,STU_25881A6651,SUB_2_A9002
25881A6651,SANGANI SRI CHANDANA,A,2,A9022,Product Design and Development,O,10.0,100.0,PASS,9.25,0,sem2_results,RES_S2_25881A6651_A9022,STU_25881A6651,SUB_2_A9022
25881A6651,SANGANI SRI CHANDANA,A,2,A9503,Data Structures,A,8.0,80.0,PASS,9.25,0,sem2_results,RES_S2_25881A6651_A9503,STU_25881A6651,SUB_2_A9503
25881A6651,SANGANI SRI CHANDANA,A,2,A9504,Data Structures Laboratory,O,10.0,100.0,PASS,9.25,0,sem2_results,RES_S2_25881A6651_A9504,STU_25881A6651,SUB_2_A9504
25881A6652,PEDDI SRICHARAN,A,2,A9009,Engineering Chemistry,A+,9.0,90.0,PASS,8.3,0,sem2_results,RES_S2_25881A6652_A9009,STU_25881A6652,SUB_2_A9009
25881A6652,PEDDI SRICHARAN,A,2,A9011,English for Skills Enhancement,A,8.0,80.0,PASS,8.3,0,sem2_results,RES_S2_25881A6652_A9011,STU_25881A6652,SUB_2_A9011
25881A6652,PEDDI SRICHARAN,A,2,A9010,Engineering Chemistry Laboratory,B+,7.0,70.0,PASS,8.3,0,sem2_results,RES_S2_25881A6652_A9010,STU_25881A6652,SUB_2_A9010
25881A6652,PEDDI SRICHARAN,A,2,A9012,English Language and Communication Skills Laboratory,A,8.0,80.0,PASS,8.3,0,sem2_results,RES_S2_25881A6652_A9012,STU_25881A6652,SUB_2_A9012
25881A6652,PEDDI SRICHARAN,A,2,A9304,Computer Aided Engineering Graphics,O,10.0,100.0,PASS,8.3,0,sem2_results,RES_S2_25881A6652_A9304,STU_25881A6652,SUB_2_A9304
25881A6652,PEDDI SRICHARAN,A,2,A9402,Digital Electronics,A,8.0,80.0,PASS,8.3,0,sem2_results,RES_S2_25881A6652_A9402,STU_25881A6652,SUB_2_A9402
25881A6652,PEDDI SRICHARAN,A,2,A9002,Ordinary Differential Equations and Vector Calculus,A,8.0,80.0,PASS,8.3,0,sem2_results,RES_S2_25881A6652_A9002,STU_25881A6652,SUB_2_A9002
25881A6652,PEDDI SRICHARAN,A,2,A9022,Product Design and Development,O,10.0,100.0,PASS,8.3,0,sem2_results,RES_S2_25881A6652_A9022,STU_25881A6652,SUB_2_A9022
25881A6652,PEDDI SRICHARAN,A,2,A9503,Data Structures,A,8.0,80.0,PASS,8.3,0,sem2_results,RES_S2_25881A6652_A9503,STU_25881A6652,SUB_2_A9503
25881A6652,PEDDI SRICHARAN,A,2,A9504,Data Structures Laboratory,A,8.0,80.0,PASS,8.3,0,sem2_results,RES_S2_25881A6652_A9504,STU_25881A6652,SUB_2_A9504
25881A6653,JAVVAJI SRIJITH,A,2,A9009,Engineering Chemistry,A,8.0,80.0,PASS,8.3,0,sem2_results,RES_S2_25881A6653_A9009,STU_25881A6653,SUB_2_A9009
25881A6653,JAVVAJI SRIJITH,A,2,A9011,English for Skills Enhancement,A+,9.0,90.0,PASS,8.3,0,sem2_results,RES_S2_25881A6653_A9011,STU_25881A6653,SUB_2_A9011
25881A6653,JAVVAJI SRIJITH,A,2,A9010,Engineering Chemistry Laboratory,A,8.0,80.0,PASS,8.3,0,sem2_results,RES_S2_25881A6653_A9010,STU_25881A6653,SUB_2_A9010
25881A6653,JAVVAJI SRIJITH,A,2,A9012,English Language and Communication Skills Laboratory,A+,9.0,90.0,PASS,8.3,0,sem2_results,RES_S2_25881A6653_A9012,STU_25881A6653,SUB_2_A9012
25881A6653,JAVVAJI SRIJITH,A,2,A9304,Computer Aided Engineering Graphics,O,10.0,100.0,PASS,8.3,0,sem2_results,RES_S2_25881A6653_A9304,STU_25881A6653,SUB_2_A9304
25881A6653,JAVVAJI SRIJITH,A,2,A9402,Digital Electronics,A,8.0,80.0,PASS,8.3,0,sem2_results,RES_S2_25881A6653_A9402,STU_25881A6653,SUB_2_A9402
25881A6653,JAVVAJI SRIJITH,A,2,A9002,Ordinary Differential Equations and Vector Calculus,A,8.0,80.0,PASS,8.3,0,sem2_results,RES_S2_25881A6653_A9002,STU_25881A6653,SUB_2_A9002
25881A6653,JAVVAJI SRIJITH,A,2,A9022,Product Design and Development,O,10.0,100.0,PASS,8.3,0,sem2_results,RES_S2_25881A6653_A9022,STU_25881A6653,SUB_2_A9022
25881A6653,JAVVAJI SRIJITH,A,2,A9503,Data Structures,A,8.0,80.0,PASS,8.3,0,sem2_results,RES_S2_25881A6653_A9503,STU_25881A6653,SUB_2_A9503
25881A6653,JAVVAJI SRIJITH,A,2,A9504,Data Structures Laboratory,B+,7.0,70.0,PASS,8.3,0,sem2_results,RES_S2_25881A6653_A9504,STU_25881A6653,SUB_2_A9504
25881A6654,MORTHAD SRINIDHI,A,2,A9009,Engineering Chemistry,B+,7.0,70.0,PASS,8.0,0,sem2_results,RES_S2_25881A6654_A9009,STU_25881A6654,SUB_2_A9009
25881A6654,MORTHAD SRINIDHI,A,2,A9011,English for Skills Enhancement,A,8.0,80.0,PASS,8.0,0,sem2_results,RES_S2_25881A6654_A9011,STU_25881A6654,SUB_2_A9011
25881A6654,MORTHAD SRINIDHI,A,2,A9010,Engineering Chemistry Laboratory,A+,9.0,90.0,PASS,8.0,0,sem2_results,RES_S2_25881A6654_A9010,STU_25881A6654,SUB_2_A9010
25881A6654,MORTHAD SRINIDHI,A,2,A9012,English Language and Communication Skills Laboratory,A+,9.0,90.0,PASS,8.0,0,sem2_results,RES_S2_25881A6654_A9012,STU_25881A6654,SUB_2_A9012
25881A6654,MORTHAD SRINIDHI,A,2,A9304,Computer Aided Engineering Graphics,A+,9.0,90.0,PASS,8.0,0,sem2_results,RES_S2_25881A6654_A9304,STU_25881A6654,SUB_2_A9304
25881A6654,MORTHAD SRINIDHI,A,2,A9402,Digital Electronics,A,8.0,80.0,PASS,8.0,0,sem2_results,RES_S2_25881A6654_A9402,STU_25881A6654,SUB_2_A9402
25881A6654,MORTHAD SRINIDHI,A,2,A9002,Ordinary Differential Equations and Vector Calculus,A,8.0,80.0,PASS,8.0,0,sem2_results,RES_S2_25881A6654_A9002,STU_25881A6654,SUB_2_A9002
25881A6654,MORTHAD SRINIDHI,A,2,A9022,Product Design and Development,O,10.0,100.0,PASS,8.0,0,sem2_results,RES_S2_25881A6654_A9022,STU_25881A6654,SUB_2_A9022
25881A6654,MORTHAD SRINIDHI,A,2,A9503,Data Structures,B+,7.0,70.0,PASS,8.0,0,sem2_results,RES_S2_25881A6654_A9503,STU_25881A6654,SUB_2_A9503
25881A6654,MORTHAD SRINIDHI,A,2,A9504,Data Structures Laboratory,A+,9.0,90.0,PASS,8.0,0,sem2_results,RES_S2_25881A6654_A9504,STU_25881A6654,SUB_2_A9504
25881A6655,CHANDA SRINIVASA SHAILESH GUPTA,A,2,A9009,Engineering Chemistry,B+,7.0,70.0,PASS,7.05,0,sem2_results,RES_S2_25881A6655_A9009,STU_25881A6655,SUB_2_A9009
25881A6655,CHANDA SRINIVASA SHAILESH GUPTA,A,2,A9011,English for Skills Enhancement,B+,7.0,70.0,PASS,7.05,0,sem2_results,RES_S2_25881A6655_A9011,STU_25881A6655,SUB_2_A9011
25881A6655,CHANDA SRINIVASA SHAILESH GUPTA,A,2,A9010,Engineering Chemistry Laboratory,A,8.0,80.0,PASS,7.05,0,sem2_results,RES_S2_25881A6655_A9010,STU_25881A6655,SUB_2_A9010
25881A6655,CHANDA SRINIVASA SHAILESH GUPTA,A,2,A9012,English Language and Communication Skills Laboratory,A,8.0,80.0,PASS,7.05,0,sem2_results,RES_S2_25881A6655_A9012,STU_25881A6655,SUB_2_A9012
25881A6655,CHANDA SRINIVASA SHAILESH GUPTA,A,2,A9304,Computer Aided Engineering Graphics,A+,9.0,90.0,PASS,7.05,0,sem2_results,RES_S2_25881A6655_A9304,STU_25881A6655,SUB_2_A9304
25881A6655,CHANDA SRINIVASA SHAILESH GUPTA,A,2,A9402,Digital Electronics,B,6.0,60.0,PASS,7.05,0,sem2_results,RES_S2_25881A6655_A9402,STU_25881A6655,SUB_2_A9402
25881A6655,CHANDA SRINIVASA SHAILESH GUPTA,A,2,A9002,Ordinary Differential Equations and Vector Calculus,C,5.0,50.0,PASS,7.05,0,sem2_results,RES_S2_25881A6655_A9002,STU_25881A6655,SUB_2_A9002
25881A6655,CHANDA SRINIVASA SHAILESH GUPTA,A,2,A9022,Product Design and Development,O,10.0,100.0,PASS,7.05,0,sem2_results,RES_S2_25881A6655_A9022,STU_25881A6655,SUB_2_A9022
25881A6655,CHANDA SRINIVASA SHAILESH GUPTA,A,2,A9503,Data Structures,A,8.0,80.0,PASS,7.05,0,sem2_results,RES_S2_25881A6655_A9503,STU_25881A6655,SUB_2_A9503
25881A6655,CHANDA SRINIVASA SHAILESH GUPTA,A,2,A9504,Data Structures Laboratory,A+,9.0,90.0,PASS,7.05,0,sem2_results,RES_S2_25881A6655_A9504,STU_25881A6655,SUB_2_A9504
25881A6656,Y SRIRAM,A,2,A9009,Engineering Chemistry,B,6.0,60.0,PASS,7.65,0,sem2_results,RES_S2_25881A6656_A9009,STU_25881A6656,SUB_2_A9009
25881A6656,Y SRIRAM,A,2,A9011,English for Skills Enhancement,B+,7.0,70.0,PASS,7.65,0,sem2_results,RES_S2_25881A6656_A9011,STU_25881A6656,SUB_2_A9011
25881A6656,Y SRIRAM,A,2,A9010,Engineering Chemistry Laboratory,A,8.0,80.0,PASS,7.65,0,sem2_results,RES_S2_25881A6656_A9010,STU_25881A6656,SUB_2_A9010
25881A6656,Y SRIRAM,A,2,A9012,English Language and Communication Skills Laboratory,A,8.0,80.0,PASS,7.65,0,sem2_results,RES_S2_25881A6656_A9012,STU_25881A6656,SUB_2_A9012
25881A6656,Y SRIRAM,A,2,A9304,Computer Aided Engineering Graphics,A+,9.0,90.0,PASS,7.65,0,sem2_results,RES_S2_25881A6656_A9304,STU_25881A6656,SUB_2_A9304
25881A6656,Y SRIRAM,A,2,A9402,Digital Electronics,B+,7.0,70.0,PASS,7.65,0,sem2_results,RES_S2_25881A6656_A9402,STU_25881A6656,SUB_2_A9402
25881A6656,Y SRIRAM,A,2,A9002,Ordinary Differential Equations and Vector Calculus,A+,9.0,90.0,PASS,7.65,0,sem2_results,RES_S2_25881A6656_A9002,STU_25881A6656,SUB_2_A9002
25881A6656,Y SRIRAM,A,2,A9022,Product Design and Development,O,10.0,100.0,PASS,7.65,0,sem2_results,RES_S2_25881A6656_A9022,STU_25881A6656,SUB_2_A9022
25881A6656,Y SRIRAM,A,2,A9503,Data Structures,B+,7.0,70.0,PASS,7.65,0,sem2_results,RES_S2_25881A6656_A9503,STU_25881A6656,SUB_2_A9503
25881A6656,Y SRIRAM,A,2,A9504,Data Structures Laboratory,A,8.0,80.0,PASS,7.65,0,sem2_results,RES_S2_25881A6656_A9504,STU_25881A6656,SUB_2_A9504
25881A6657,THIPPANI SUDEEKSHA REDDY,A,2,A9009,Engineering Chemistry,F,0.0,0.0,FAIL,4.6,2,sem2_results,RES_S2_25881A6657_A9009,STU_25881A6657,SUB_2_A9009
25881A6657,THIPPANI SUDEEKSHA REDDY,A,2,A9011,English for Skills Enhancement,A+,9.0,90.0,PASS,4.6,2,sem2_results,RES_S2_25881A6657_A9011,STU_25881A6657,SUB_2_A9011
25881A6657,THIPPANI SUDEEKSHA REDDY,A,2,A9010,Engineering Chemistry Laboratory,B,6.0,60.0,PASS,4.6,2,sem2_results,RES_S2_25881A6657_A9010,STU_25881A6657,SUB_2_A9010
25881A6657,THIPPANI SUDEEKSHA REDDY,A,2,A9012,English Language and Communication Skills Laboratory,A,8.0,80.0,PASS,4.6,2,sem2_results,RES_S2_25881A6657_A9012,STU_25881A6657,SUB_2_A9012
25881A6657,THIPPANI SUDEEKSHA REDDY,A,2,A9304,Computer Aided Engineering Graphics,A+,9.0,90.0,PASS,4.6,2,sem2_results,RES_S2_25881A6657_A9304,STU_25881A6657,SUB_2_A9304
25881A6657,THIPPANI SUDEEKSHA REDDY,A,2,A9402,Digital Electronics,C,5.0,50.0,PASS,4.6,2,sem2_results,RES_S2_25881A6657_A9402,STU_25881A6657,SUB_2_A9402
25881A6657,THIPPANI SUDEEKSHA REDDY,A,2,A9002,Ordinary Differential Equations and Vector Calculus,F,0.0,0.0,FAIL,4.6,2,sem2_results,RES_S2_25881A6657_A9002,STU_25881A6657,SUB_2_A9002
25881A6657,THIPPANI SUDEEKSHA REDDY,A,2,A9022,Product Design and Development,O,10.0,100.0,PASS,4.6,2,sem2_results,RES_S2_25881A6657_A9022,STU_25881A6657,SUB_2_A9022
25881A6657,THIPPANI SUDEEKSHA REDDY,A,2,A9503,Data Structures,B,6.0,60.0,PASS,4.6,2,sem2_results,RES_S2_25881A6657_A9503,STU_25881A6657,SUB_2_A9503
25881A6657,THIPPANI SUDEEKSHA REDDY,A,2,A9504,Data Structures Laboratory,A,8.0,80.0,PASS,4.6,2,sem2_results,RES_S2_25881A6657_A9504,STU_25881A6657,SUB_2_A9504
25881A6658,MOHAMMED SUFIYAN,A,2,A9009,Engineering Chemistry,B+,7.0,70.0,PASS,5.85,1,sem2_results,RES_S2_25881A6658_A9009,STU_25881A6658,SUB_2_A9009
25881A6658,MOHAMMED SUFIYAN,A,2,A9011,English for Skills Enhancement,A,8.0,80.0,PASS,5.85,1,sem2_results,RES_S2_25881A6658_A9011,STU_25881A6658,SUB_2_A9011
25881A6658,MOHAMMED SUFIYAN,A,2,A9010,Engineering Chemistry Laboratory,B+,7.0,70.0,PASS,5.85,1,sem2_results,RES_S2_25881A6658_A9010,STU_25881A6658,SUB_2_A9010
25881A6658,MOHAMMED SUFIYAN,A,2,A9012,English Language and Communication Skills Laboratory,A+,9.0,90.0,PASS,5.85,1,sem2_results,RES_S2_25881A6658_A9012,STU_25881A6658,SUB_2_A9012
25881A6658,MOHAMMED SUFIYAN,A,2,A9304,Computer Aided Engineering Graphics,A+,9.0,90.0,PASS,5.85,1,sem2_results,RES_S2_25881A6658_A9304,STU_25881A6658,SUB_2_A9304
25881A6658,MOHAMMED SUFIYAN,A,2,A9402,Digital Electronics,C,5.0,50.0,PASS,5.85,1,sem2_results,RES_S2_25881A6658_A9402,STU_25881A6658,SUB_2_A9402
25881A6658,MOHAMMED SUFIYAN,A,2,A9002,Ordinary Differential Equations and Vector Calculus,F,0.0,0.0,FAIL,5.85,1,sem2_results,RES_S2_25881A6658_A9002,STU_25881A6658,SUB_2_A9002
25881A6658,MOHAMMED SUFIYAN,A,2,A9022,Product Design and Development,O,10.0,100.0,PASS,5.85,1,sem2_results,RES_S2_25881A6658_A9022,STU_25881A6658,SUB_2_A9022
25881A6658,MOHAMMED SUFIYAN,A,2,A9503,Data Structures,B+,7.0,70.0,PASS,5.85,1,sem2_results,RES_S2_25881A6658_A9503,STU_25881A6658,SUB_2_A9503
25881A6658,MOHAMMED SUFIYAN,A,2,A9504,Data Structures Laboratory,A+,9.0,90.0,PASS,5.85,1,sem2_results,RES_S2_25881A6658_A9504,STU_25881A6658,SUB_2_A9504
25881A6659,MANDLA VAISHALI,A,2,A9009,Engineering Chemistry,A,8.0,80.0,PASS,9.0,0,sem2_results,RES_S2_25881A6659_A9009,STU_25881A6659,SUB_2_A9009
25881A6659,MANDLA VAISHALI,A,2,A9011,English for Skills Enhancement,A+,9.0,90.0,PASS,9.0,0,sem2_results,RES_S2_25881A6659_A9011,STU_25881A6659,SUB_2_A9011
25881A6659,MANDLA VAISHALI,A,2,A9010,Engineering Chemistry Laboratory,A+,9.0,90.0,PASS,9.0,0,sem2_results,RES_S2_25881A6659_A9010,STU_25881A6659,SUB_2_A9010
25881A6659,MANDLA VAISHALI,A,2,A9012,English Language and Communication Skills Laboratory,A+,9.0,90.0,PASS,9.0,0,sem2_results,RES_S2_25881A6659_A9012,STU_25881A6659,SUB_2_A9012
25881A6659,MANDLA VAISHALI,A,2,A9304,Computer Aided Engineering Graphics,O,10.0,100.0,PASS,9.0,0,sem2_results,RES_S2_25881A6659_A9304,STU_25881A6659,SUB_2_A9304
25881A6659,MANDLA VAISHALI,A,2,A9402,Digital Electronics,A+,9.0,90.0,PASS,9.0,0,sem2_results,RES_S2_25881A6659_A9402,STU_25881A6659,SUB_2_A9402
25881A6659,MANDLA VAISHALI,A,2,A9002,Ordinary Differential Equations and Vector Calculus,A+,9.0,90.0,PASS,9.0,0,sem2_results,RES_S2_25881A6659_A9002,STU_25881A6659,SUB_2_A9002
25881A6659,MANDLA VAISHALI,A,2,A9022,Product Design and Development,O,10.0,100.0,PASS,9.0,0,sem2_results,RES_S2_25881A6659_A9022,STU_25881A6659,SUB_2_A9022
25881A6659,MANDLA VAISHALI,A,2,A9503,Data Structures,A+,9.0,90.0,PASS,9.0,0,sem2_results,RES_S2_25881A6659_A9503,STU_25881A6659,SUB_2_A9503
25881A6659,MANDLA VAISHALI,A,2,A9504,Data Structures Laboratory,O,10.0,100.0,PASS,9.0,0,sem2_results,RES_S2_25881A6659_A9504,STU_25881A6659,SUB_2_A9504
25881A6660,NAGABANDI VAISHNAVI,A,2,A9009,Engineering Chemistry,A+,9.0,90.0,PASS,8.45,0,sem2_results,RES_S2_25881A6660_A9009,STU_25881A6660,SUB_2_A9009
25881A6660,NAGABANDI VAISHNAVI,A,2,A9011,English for Skills Enhancement,A,8.0,80.0,PASS,8.45,0,sem2_results,RES_S2_25881A6660_A9011,STU_25881A6660,SUB_2_A9011
25881A6660,NAGABANDI VAISHNAVI,A,2,A9010,Engineering Chemistry Laboratory,A+,9.0,90.0,PASS,8.45,0,sem2_results,RES_S2_25881A6660_A9010,STU_25881A6660,SUB_2_A9010
25881A6660,NAGABANDI VAISHNAVI,A,2,A9012,English Language and Communication Skills Laboratory,A+,9.0,90.0,PASS,8.45,0,sem2_results,RES_S2_25881A6660_A9012,STU_25881A6660,SUB_2_A9012
25881A6660,NAGABANDI VAISHNAVI,A,2,A9304,Computer Aided Engineering Graphics,A+,9.0,90.0,PASS,8.45,0,sem2_results,RES_S2_25881A6660_A9304,STU_25881A6660,SUB_2_A9304
25881A6660,NAGABANDI VAISHNAVI,A,2,A9402,Digital Electronics,A,8.0,80.0,PASS,8.45,0,sem2_results,RES_S2_25881A6660_A9402,STU_25881A6660,SUB_2_A9402
25881A6660,NAGABANDI VAISHNAVI,A,2,A9002,Ordinary Differential Equations and Vector Calculus,A,8.0,80.0,PASS,8.45,0,sem2_results,RES_S2_25881A6660_A9002,STU_25881A6660,SUB_2_A9002
25881A6660,NAGABANDI VAISHNAVI,A,2,A9022,Product Design and Development,O,10.0,100.0,PASS,8.45,0,sem2_results,RES_S2_25881A6660_A9022,STU_25881A6660,SUB_2_A9022
25881A6660,NAGABANDI VAISHNAVI,A,2,A9503,Data Structures,A,8.0,80.0,PASS,8.45,0,sem2_results,RES_S2_25881A6660_A9503,STU_25881A6660,SUB_2_A9503
25881A6660,NAGABANDI VAISHNAVI,A,2,A9504,Data Structures Laboratory,A+,9.0,90.0,PASS,8.45,0,sem2_results,RES_S2_25881A6660_A9504,STU_25881A6660,SUB_2_A9504
25881A6661,SATU VAMSHI KRISHNA,A,2,A9009,Engineering Chemistry,B,6.0,60.0,PASS,6.7,0,sem2_results,RES_S2_25881A6661_A9009,STU_25881A6661,SUB_2_A9009
25881A6661,SATU VAMSHI KRISHNA,A,2,A9011,English for Skills Enhancement,B+,7.0,70.0,PASS,6.7,0,sem2_results,RES_S2_25881A6661_A9011,STU_25881A6661,SUB_2_A9011
25881A6661,SATU VAMSHI KRISHNA,A,2,A9010,Engineering Chemistry Laboratory,A,8.0,80.0,PASS,6.7,0,sem2_results,RES_S2_25881A6661_A9010,STU_25881A6661,SUB_2_A9010
25881A6661,SATU VAMSHI KRISHNA,A,2,A9012,English Language and Communication Skills Laboratory,A,8.0,80.0,PASS,6.7,0,sem2_results,RES_S2_25881A6661_A9012,STU_25881A6661,SUB_2_A9012
25881A6661,SATU VAMSHI KRISHNA,A,2,A9304,Computer Aided Engineering Graphics,A+,9.0,90.0,PASS,6.7,0,sem2_results,RES_S2_25881A6661_A9304,STU_25881A6661,SUB_2_A9304
25881A6661,SATU VAMSHI KRISHNA,A,2,A9402,Digital Electronics,B,6.0,60.0,PASS,6.7,0,sem2_results,RES_S2_25881A6661_A9402,STU_25881A6661,SUB_2_A9402
25881A6661,SATU VAMSHI KRISHNA,A,2,A9002,Ordinary Differential Equations and Vector Calculus,C,5.0,50.0,PASS,6.7,0,sem2_results,RES_S2_25881A6661_A9002,STU_25881A6661,SUB_2_A9002
25881A6661,SATU VAMSHI KRISHNA,A,2,A9022,Product Design and Development,O,10.0,100.0,PASS,6.7,0,sem2_results,RES_S2_25881A6661_A9022,STU_25881A6661,SUB_2_A9022
25881A6661,SATU VAMSHI KRISHNA,A,2,A9503,Data Structures,B+,7.0,70.0,PASS,6.7,0,sem2_results,RES_S2_25881A6661_A9503,STU_25881A6661,SUB_2_A9503
25881A6661,SATU VAMSHI KRISHNA,A,2,A9504,Data Structures Laboratory,A,8.0,80.0,PASS,6.7,0,sem2_results,RES_S2_25881A6661_A9504,STU_25881A6661,SUB_2_A9504
25881A6662,P VEERA SHANKAR REDDY,A,2,A9009,Engineering Chemistry,A+,9.0,90.0,PASS,9.1,0,sem2_results,RES_S2_25881A6662_A9009,STU_25881A6662,SUB_2_A9009
25881A6662,P VEERA SHANKAR REDDY,A,2,A9011,English for Skills Enhancement,A,8.0,80.0,PASS,9.1,0,sem2_results,RES_S2_25881A6662_A9011,STU_25881A6662,SUB_2_A9011
25881A6662,P VEERA SHANKAR REDDY,A,2,A9010,Engineering Chemistry Laboratory,O,10.0,100.0,PASS,9.1,0,sem2_results,RES_S2_25881A6662_A9010,STU_25881A6662,SUB_2_A9010
25881A6662,P VEERA SHANKAR REDDY,A,2,A9012,English Language and Communication Skills Laboratory,A,8.0,80.0,PASS,9.1,0,sem2_results,RES_S2_25881A6662_A9012,STU_25881A6662,SUB_2_A9012
25881A6662,P VEERA SHANKAR REDDY,A,2,A9304,Computer Aided Engineering Graphics,O,10.0,100.0,PASS,9.1,0,sem2_results,RES_S2_25881A6662_A9304,STU_25881A6662,SUB_2_A9304
25881A6662,P VEERA SHANKAR REDDY,A,2,A9402,Digital Electronics,A+,9.0,90.0,PASS,9.1,0,sem2_results,RES_S2_25881A6662_A9402,STU_25881A6662,SUB_2_A9402
25881A6662,P VEERA SHANKAR REDDY,A,2,A9002,Ordinary Differential Equations and Vector Calculus,O,10.0,100.0,PASS,9.1,0,sem2_results,RES_S2_25881A6662_A9002,STU_25881A6662,SUB_2_A9002
25881A6662,P VEERA SHANKAR REDDY,A,2,A9022,Product Design and Development,O,10.0,100.0,PASS,9.1,0,sem2_results,RES_S2_25881A6662_A9022,STU_25881A6662,SUB_2_A9022
25881A6662,P VEERA SHANKAR REDDY,A,2,A9503,Data Structures,A,8.0,80.0,PASS,9.1,0,sem2_results,RES_S2_25881A6662_A9503,STU_25881A6662,SUB_2_A9503
25881A6662,P VEERA SHANKAR REDDY,A,2,A9504,Data Structures Laboratory,O,10.0,100.0,PASS,9.1,0,sem2_results,RES_S2_25881A6662_A9504,STU_25881A6662,SUB_2_A9504
25881A6663,BURAM VIASHNAVI,A,2,A9009,Engineering Chemistry,B,6.0,60.0,PASS,6.85,0,sem2_results,RES_S2_25881A6663_A9009,STU_25881A6663,SUB_2_A9009
25881A6663,BURAM VIASHNAVI,A,2,A9011,English for Skills Enhancement,B+,7.0,70.0,PASS,6.85,0,sem2_results,RES_S2_25881A6663_A9011,STU_25881A6663,SUB_2_A9011
25881A6663,BURAM VIASHNAVI,A,2,A9010,Engineering Chemistry Laboratory,A+,9.0,90.0,PASS,6.85,0,sem2_results,RES_S2_25881A6663_A9010,STU_25881A6663,SUB_2_A9010
25881A6663,BURAM VIASHNAVI,A,2,A9012,English Language and Communication Skills Laboratory,A,8.0,80.0,PASS,6.85,0,sem2_results,RES_S2_25881A6663_A9012,STU_25881A6663,SUB_2_A9012
25881A6663,BURAM VIASHNAVI,A,2,A9304,Computer Aided Engineering Graphics,A+,9.0,90.0,PASS,6.85,0,sem2_results,RES_S2_25881A6663_A9304,STU_25881A6663,SUB_2_A9304
25881A6663,BURAM VIASHNAVI,A,2,A9402,Digital Electronics,B,6.0,60.0,PASS,6.85,0,sem2_results,RES_S2_25881A6663_A9402,STU_25881A6663,SUB_2_A9402
25881A6663,BURAM VIASHNAVI,A,2,A9002,Ordinary Differential Equations and Vector Calculus,B,6.0,60.0,PASS,6.85,0,sem2_results,RES_S2_25881A6663_A9002,STU_25881A6663,SUB_2_A9002
25881A6663,BURAM VIASHNAVI,A,2,A9022,Product Design and Development,O,10.0,100.0,PASS,6.85,0,sem2_results,RES_S2_25881A6663_A9022,STU_25881A6663,SUB_2_A9022
25881A6663,BURAM VIASHNAVI,A,2,A9503,Data Structures,B,6.0,60.0,PASS,6.85,0,sem2_results,RES_S2_25881A6663_A9503,STU_25881A6663,SUB_2_A9503
25881A6663,BURAM VIASHNAVI,A,2,A9504,Data Structures Laboratory,A+,9.0,90.0,PASS,6.85,0,sem2_results,RES_S2_25881A6663_A9504,STU_25881A6663,SUB_2_A9504
25881A6664,NEERUDU VIVEK,A,2,A9009,Engineering Chemistry,A+,9.0,90.0,PASS,9.0,0,sem2_results,RES_S2_25881A6664_A9009,STU_25881A6664,SUB_2_A9009
25881A6664,NEERUDU VIVEK,A,2,A9011,English for Skills Enhancement,A+,9.0,90.0,PASS,9.0,0,sem2_results,RES_S2_25881A6664_A9011,STU_25881A6664,SUB_2_A9011
25881A6664,NEERUDU VIVEK,A,2,A9010,Engineering Chemistry Laboratory,A,8.0,80.0,PASS,9.0,0,sem2_results,RES_S2_25881A6664_A9010,STU_25881A6664,SUB_2_A9010
25881A6664,NEERUDU VIVEK,A,2,A9012,English Language and Communication Skills Laboratory,A,8.0,80.0,PASS,9.0,0,sem2_results,RES_S2_25881A6664_A9012,STU_25881A6664,SUB_2_A9012
25881A6664,NEERUDU VIVEK,A,2,A9304,Computer Aided Engineering Graphics,A+,9.0,90.0,PASS,9.0,0,sem2_results,RES_S2_25881A6664_A9304,STU_25881A6664,SUB_2_A9304
25881A6664,NEERUDU VIVEK,A,2,A9402,Digital Electronics,A+,9.0,90.0,PASS,9.0,0,sem2_results,RES_S2_25881A6664_A9402,STU_25881A6664,SUB_2_A9402
25881A6664,NEERUDU VIVEK,A,2,A9002,Ordinary Differential Equations and Vector Calculus,A+,9.0,90.0,PASS,9.0,0,sem2_results,RES_S2_25881A6664_A9002,STU_25881A6664,SUB_2_A9002
25881A6664,NEERUDU VIVEK,A,2,A9022,Product Design and Development,O,10.0,100.0,PASS,9.0,0,sem2_results,RES_S2_25881A6664_A9022,STU_25881A6664,SUB_2_A9022
25881A6664,NEERUDU VIVEK,A,2,A9503,Data Structures,A+,9.0,90.0,PASS,9.0,0,sem2_results,RES_S2_25881A6664_A9503,STU_25881A6664,SUB_2_A9503
25881A6664,NEERUDU VIVEK,A,2,A9504,Data Structures Laboratory,O,10.0,100.0,PASS,9.0,0,sem2_results,RES_S2_25881A6664_A9504,STU_25881A6664,SUB_2_A9504
25881A6665,KAMATHAM YASHWANTH,A,2,A9009,Engineering Chemistry,F,0.0,0.0,FAIL,3.7,3,sem2_results,RES_S2_25881A6665_A9009,STU_25881A6665,SUB_2_A9009
25881A6665,KAMATHAM YASHWANTH,A,2,A9011,English for Skills Enhancement,A,8.0,80.0,PASS,3.7,3,sem2_results,RES_S2_25881A6665_A9011,STU_25881A6665,SUB_2_A9011
25881A6665,KAMATHAM YASHWANTH,A,2,A9010,Engineering Chemistry Laboratory,A,8.0,80.0,PASS,3.7,3,sem2_results,RES_S2_25881A6665_A9010,STU_25881A6665,SUB_2_A9010
25881A6665,KAMATHAM YASHWANTH,A,2,A9012,English Language and Communication Skills Laboratory,A+,9.0,90.0,PASS,3.7,3,sem2_results,RES_S2_25881A6665_A9012,STU_25881A6665,SUB_2_A9012
25881A6665,KAMATHAM YASHWANTH,A,2,A9304,Computer Aided Engineering Graphics,A,8.0,80.0,PASS,3.7,3,sem2_results,RES_S2_25881A6665_A9304,STU_25881A6665,SUB_2_A9304
25881A6665,KAMATHAM YASHWANTH,A,2,A9402,Digital Electronics,F,0.0,0.0,FAIL,3.7,3,sem2_results,RES_S2_25881A6665_A9402,STU_25881A6665,SUB_2_A9402
25881A6665,KAMATHAM YASHWANTH,A,2,A9002,Ordinary Differential Equations and Vector Calculus,F,0.0,0.0,FAIL,3.7,3,sem2_results,RES_S2_25881A6665_A9002,STU_25881A6665,SUB_2_A9002
25881A6665,KAMATHAM YASHWANTH,A,2,A9022,Product Design and Development,O,10.0,100.0,PASS,3.7,3,sem2_results,RES_S2_25881A6665_A9022,STU_25881A6665,SUB_2_A9022
25881A6665,KAMATHAM YASHWANTH,A,2,A9503,Data Structures,C,5.0,50.0,PASS,3.7,3,sem2_results,RES_S2_25881A6665_A9503,STU_25881A6665,SUB_2_A9503
25881A6665,KAMATHAM YASHWANTH,A,2,A9504,Data Structures Laboratory,A,8.0,80.0,PASS,3.7,3,sem2_results,RES_S2_25881A6665_A9504,STU_25881A6665,SUB_2_A9504
25881A6666,GUDA ADHI YADAV,B,2,A9009,Engineering Chemistry,A,8.0,80.0,PASS,8.7,0,sem2_results,RES_S2_25881A6666_A9009,STU_25881A6666,SUB_2_A9009
25881A6666,GUDA ADHI YADAV,B,2,A9011,English for Skills Enhancement,A,8.0,80.0,PASS,8.7,0,sem2_results,RES_S2_25881A6666_A9011,STU_25881A6666,SUB_2_A9011
25881A6666,GUDA ADHI YADAV,B,2,A9010,Engineering Chemistry Laboratory,O,10.0,100.0,PASS,8.7,0,sem2_results,RES_S2_25881A6666_A9010,STU_25881A6666,SUB_2_A9010
25881A6666,GUDA ADHI YADAV,B,2,A9012,English Language and Communication Skills Laboratory,O,10.0,100.0,PASS,8.7,0,sem2_results,RES_S2_25881A6666_A9012,STU_25881A6666,SUB_2_A9012
25881A6666,GUDA ADHI YADAV,B,2,A9304,Computer Aided Engineering Graphics,A+,9.0,90.0,PASS,8.7,0,sem2_results,RES_S2_25881A6666_A9304,STU_25881A6666,SUB_2_A9304
25881A6666,GUDA ADHI YADAV,B,2,A9402,Digital Electronics,A+,9.0,90.0,PASS,8.7,0,sem2_results,RES_S2_25881A6666_A9402,STU_25881A6666,SUB_2_A9402
25881A6666,GUDA ADHI YADAV,B,2,A9002,Ordinary Differential Equations and Vector Calculus,A+,9.0,90.0,PASS,8.7,0,sem2_results,RES_S2_25881A6666_A9002,STU_25881A6666,SUB_2_A9002
25881A6666,GUDA ADHI YADAV,B,2,A9022,Product Design and Development,A,8.0,80.0,PASS,8.7,0,sem2_results,RES_S2_25881A6666_A9022,STU_25881A6666,SUB_2_A9022
25881A6666,GUDA ADHI YADAV,B,2,A9503,Data Structures,A,8.0,80.0,PASS,8.7,0,sem2_results,RES_S2_25881A6666_A9503,STU_25881A6666,SUB_2_A9503
25881A6666,GUDA ADHI YADAV,B,2,A9504,Data Structures Laboratory,O,10.0,100.0,PASS,8.7,0,sem2_results,RES_S2_25881A6666_A9504,STU_25881A6666,SUB_2_A9504
25881A6667,PALAMOOR ADITHYA GOUD,B,2,A9009,Engineering Chemistry,B+,7.0,70.0,PASS,8.45,0,sem2_results,RES_S2_25881A6667_A9009,STU_25881A6667,SUB_2_A9009
25881A6667,PALAMOOR ADITHYA GOUD,B,2,A9011,English for Skills Enhancement,A,8.0,80.0,PASS,8.45,0,sem2_results,RES_S2_25881A6667_A9011,STU_25881A6667,SUB_2_A9011
25881A6667,PALAMOOR ADITHYA GOUD,B,2,A9010,Engineering Chemistry Laboratory,A+,9.0,90.0,PASS,8.45,0,sem2_results,RES_S2_25881A6667_A9010,STU_25881A6667,SUB_2_A9010
25881A6667,PALAMOOR ADITHYA GOUD,B,2,A9012,English Language and Communication Skills Laboratory,O,10.0,100.0,PASS,8.45,0,sem2_results,RES_S2_25881A6667_A9012,STU_25881A6667,SUB_2_A9012
25881A6667,PALAMOOR ADITHYA GOUD,B,2,A9304,Computer Aided Engineering Graphics,A+,9.0,90.0,PASS,8.45,0,sem2_results,RES_S2_25881A6667_A9304,STU_25881A6667,SUB_2_A9304
25881A6667,PALAMOOR ADITHYA GOUD,B,2,A9402,Digital Electronics,B+,7.0,70.0,PASS,8.45,0,sem2_results,RES_S2_25881A6667_A9402,STU_25881A6667,SUB_2_A9402
25881A6667,PALAMOOR ADITHYA GOUD,B,2,A9002,Ordinary Differential Equations and Vector Calculus,A+,9.0,90.0,PASS,8.45,0,sem2_results,RES_S2_25881A6667_A9002,STU_25881A6667,SUB_2_A9002
25881A6667,PALAMOOR ADITHYA GOUD,B,2,A9022,Product Design and Development,O,10.0,100.0,PASS,8.45,0,sem2_results,RES_S2_25881A6667_A9022,STU_25881A6667,SUB_2_A9022
25881A6667,PALAMOOR ADITHYA GOUD,B,2,A9503,Data Structures,A+,9.0,90.0,PASS,8.45,0,sem2_results,RES_S2_25881A6667_A9503,STU_25881A6667,SUB_2_A9503
25881A6667,PALAMOOR ADITHYA GOUD,B,2,A9504,Data Structures Laboratory,O,10.0,100.0,PASS,8.45,0,sem2_results,RES_S2_25881A6667_A9504,STU_25881A6667,SUB_2_A9504
25881A6668,SHAHBAZ AHMED KHAN,B,2,A9009,Engineering Chemistry,A,8.0,80.0,PASS,8.0,0,sem2_results,RES_S2_25881A6668_A9009,STU_25881A6668,SUB_2_A9009
25881A6668,SHAHBAZ AHMED KHAN,B,2,A9011,English for Skills Enhancement,A,8.0,80.0,PASS,8.0,0,sem2_results,RES_S2_25881A6668_A9011,STU_25881A6668,SUB_2_A9011
25881A6668,SHAHBAZ AHMED KHAN,B,2,A9010,Engineering Chemistry Laboratory,A+,9.0,90.0,PASS,8.0,0,sem2_results,RES_S2_25881A6668_A9010,STU_25881A6668,SUB_2_A9010
25881A6668,SHAHBAZ AHMED KHAN,B,2,A9012,English Language and Communication Skills Laboratory,A+,9.0,90.0,PASS,8.0,0,sem2_results,RES_S2_25881A6668_A9012,STU_25881A6668,SUB_2_A9012
25881A6668,SHAHBAZ AHMED KHAN,B,2,A9304,Computer Aided Engineering Graphics,A+,9.0,90.0,PASS,8.0,0,sem2_results,RES_S2_25881A6668_A9304,STU_25881A6668,SUB_2_A9304
25881A6668,SHAHBAZ AHMED KHAN,B,2,A9402,Digital Electronics,A+,9.0,90.0,PASS,8.0,0,sem2_results,RES_S2_25881A6668_A9402,STU_25881A6668,SUB_2_A9402
25881A6668,SHAHBAZ AHMED KHAN,B,2,A9002,Ordinary Differential Equations and Vector Calculus,B,6.0,60.0,PASS,8.0,0,sem2_results,RES_S2_25881A6668_A9002,STU_25881A6668,SUB_2_A9002
25881A6668,SHAHBAZ AHMED KHAN,B,2,A9022,Product Design and Development,A+,9.0,90.0,PASS,8.0,0,sem2_results,RES_S2_25881A6668_A9022,STU_25881A6668,SUB_2_A9022
25881A6668,SHAHBAZ AHMED KHAN,B,2,A9503,Data Structures,A,8.0,80.0,PASS,8.0,0,sem2_results,RES_S2_25881A6668_A9503,STU_25881A6668,SUB_2_A9503
25881A6668,SHAHBAZ AHMED KHAN,B,2,A9504,Data Structures Laboratory,A+,9.0,90.0,PASS,8.0,0,sem2_results,RES_S2_25881A6668_A9504,STU_25881A6668,SUB_2_A9504
25881A6669,KARLA AKSHYA REDDY,B,2,A9009,Engineering Chemistry,A,8.0,80.0,PASS,8.7,0,sem2_results,RES_S2_25881A6669_A9009,STU_25881A6669,SUB_2_A9009
25881A6669,KARLA AKSHYA REDDY,B,2,A9011,English for Skills Enhancement,A+,9.0,90.0,PASS,8.7,0,sem2_results,RES_S2_25881A6669_A9011,STU_25881A6669,SUB_2_A9011
25881A6669,KARLA AKSHYA REDDY,B,2,A9010,Engineering Chemistry Laboratory,O,10.0,100.0,PASS,8.7,0,sem2_results,RES_S2_25881A6669_A9010,STU_25881A6669,SUB_2_A9010
25881A6669,KARLA AKSHYA REDDY,B,2,A9012,English Language and Communication Skills Laboratory,A+,9.0,90.0,PASS,8.7,0,sem2_results,RES_S2_25881A6669_A9012,STU_25881A6669,SUB_2_A9012
25881A6669,KARLA AKSHYA REDDY,B,2,A9304,Computer Aided Engineering Graphics,A,8.0,80.0,PASS,8.7,0,sem2_results,RES_S2_25881A6669_A9304,STU_25881A6669,SUB_2_A9304
25881A6669,KARLA AKSHYA REDDY,B,2,A9402,Digital Electronics,A,8.0,80.0,PASS,8.7,0,sem2_results,RES_S2_25881A6669_A9402,STU_25881A6669,SUB_2_A9402
25881A6669,KARLA AKSHYA REDDY,B,2,A9002,Ordinary Differential Equations and Vector Calculus,A+,9.0,90.0,PASS,8.7,0,sem2_results,RES_S2_25881A6669_A9002,STU_25881A6669,SUB_2_A9002
25881A6669,KARLA AKSHYA REDDY,B,2,A9022,Product Design and Development,A+,9.0,90.0,PASS,8.7,0,sem2_results,RES_S2_25881A6669_A9022,STU_25881A6669,SUB_2_A9022
25881A6669,KARLA AKSHYA REDDY,B,2,A9503,Data Structures,A+,9.0,90.0,PASS,8.7,0,sem2_results,RES_S2_25881A6669_A9503,STU_25881A6669,SUB_2_A9503
25881A6669,KARLA AKSHYA REDDY,B,2,A9504,Data Structures Laboratory,A+,9.0,90.0,PASS,8.7,0,sem2_results,RES_S2_25881A6669_A9504,STU_25881A6669,SUB_2_A9504
25881A6670,PADAMATI ASHWITHA REDDY,B,2,A9009,Engineering Chemistry,B+,7.0,70.0,PASS,8.0,0,sem2_results,RES_S2_25881A6670_A9009,STU_25881A6670,SUB_2_A9009
25881A6670,PADAMATI ASHWITHA REDDY,B,2,A9011,English for Skills Enhancement,A,8.0,80.0,PASS,8.0,0,sem2_results,RES_S2_25881A6670_A9011,STU_25881A6670,SUB_2_A9011
25881A6670,PADAMATI ASHWITHA REDDY,B,2,A9010,Engineering Chemistry Laboratory,A+,9.0,90.0,PASS,8.0,0,sem2_results,RES_S2_25881A6670_A9010,STU_25881A6670,SUB_2_A9010
25881A6670,PADAMATI ASHWITHA REDDY,B,2,A9012,English Language and Communication Skills Laboratory,A+,9.0,90.0,PASS,8.0,0,sem2_results,RES_S2_25881A6670_A9012,STU_25881A6670,SUB_2_A9012
25881A6670,PADAMATI ASHWITHA REDDY,B,2,A9304,Computer Aided Engineering Graphics,A,8.0,80.0,PASS,8.0,0,sem2_results,RES_S2_25881A6670_A9304,STU_25881A6670,SUB_2_A9304
25881A6670,PADAMATI ASHWITHA REDDY,B,2,A9402,Digital Electronics,A+,9.0,90.0,PASS,8.0,0,sem2_results,RES_S2_25881A6670_A9402,STU_25881A6670,SUB_2_A9402
25881A6670,PADAMATI ASHWITHA REDDY,B,2,A9002,Ordinary Differential Equations and Vector Calculus,A,8.0,80.0,PASS,8.0,0,sem2_results,RES_S2_25881A6670_A9002,STU_25881A6670,SUB_2_A9002
25881A6670,PADAMATI ASHWITHA REDDY,B,2,A9022,Product Design and Development,A+,9.0,90.0,PASS,8.0,0,sem2_results,RES_S2_25881A6670_A9022,STU_25881A6670,SUB_2_A9022
25881A6670,PADAMATI ASHWITHA REDDY,B,2,A9503,Data Structures,B+,7.0,70.0,PASS,8.0,0,sem2_results,RES_S2_25881A6670_A9503,STU_25881A6670,SUB_2_A9503
25881A6670,PADAMATI ASHWITHA REDDY,B,2,A9504,Data Structures Laboratory,A,8.0,80.0,PASS,8.0,0,sem2_results,RES_S2_25881A6670_A9504,STU_25881A6670,SUB_2_A9504
25881A6671,PUSULURI BIPIN,B,2,A9009,Engineering Chemistry,A+,9.0,90.0,PASS,8.95,0,sem2_results,RES_S2_25881A6671_A9009,STU_25881A6671,SUB_2_A9009
25881A6671,PUSULURI BIPIN,B,2,A9011,English for Skills Enhancement,A,8.0,80.0,PASS,8.95,0,sem2_results,RES_S2_25881A6671_A9011,STU_25881A6671,SUB_2_A9011
25881A6671,PUSULURI BIPIN,B,2,A9010,Engineering Chemistry Laboratory,A+,9.0,90.0,PASS,8.95,0,sem2_results,RES_S2_25881A6671_A9010,STU_25881A6671,SUB_2_A9010
25881A6671,PUSULURI BIPIN,B,2,A9012,English Language and Communication Skills Laboratory,A,8.0,80.0,PASS,8.95,0,sem2_results,RES_S2_25881A6671_A9012,STU_25881A6671,SUB_2_A9012
25881A6671,PUSULURI BIPIN,B,2,A9304,Computer Aided Engineering Graphics,A+,9.0,90.0,PASS,8.95,0,sem2_results,RES_S2_25881A6671_A9304,STU_25881A6671,SUB_2_A9304
25881A6671,PUSULURI BIPIN,B,2,A9402,Digital Electronics,A+,9.0,90.0,PASS,8.95,0,sem2_results,RES_S2_25881A6671_A9402,STU_25881A6671,SUB_2_A9402
25881A6671,PUSULURI BIPIN,B,2,A9002,Ordinary Differential Equations and Vector Calculus,A+,9.0,90.0,PASS,8.95,0,sem2_results,RES_S2_25881A6671_A9002,STU_25881A6671,SUB_2_A9002
25881A6671,PUSULURI BIPIN,B,2,A9022,Product Design and Development,O,10.0,100.0,PASS,8.95,0,sem2_results,RES_S2_25881A6671_A9022,STU_25881A6671,SUB_2_A9022
25881A6671,PUSULURI BIPIN,B,2,A9503,Data Structures,A+,9.0,90.0,PASS,8.95,0,sem2_results,RES_S2_25881A6671_A9503,STU_25881A6671,SUB_2_A9503
25881A6671,PUSULURI BIPIN,B,2,A9504,Data Structures Laboratory,O,10.0,100.0,PASS,8.95,0,sem2_results,RES_S2_25881A6671_A9504,STU_25881A6671,SUB_2_A9504
25881A6672,PUNNA CHARAN TEJ,B,2,A9009,Engineering Chemistry,A,8.0,80.0,PASS,7.9,0,sem2_results,RES_S2_25881A6672_A9009,STU_25881A6672,SUB_2_A9009
25881A6672,PUNNA CHARAN TEJ,B,2,A9011,English for Skills Enhancement,A+,9.0,90.0,PASS,7.9,0,sem2_results,RES_S2_25881A6672_A9011,STU_25881A6672,SUB_2_A9011
25881A6672,PUNNA CHARAN TEJ,B,2,A9010,Engineering Chemistry Laboratory,A+,9.0,90.0,PASS,7.9,0,sem2_results,RES_S2_25881A6672_A9010,STU_25881A6672,SUB_2_A9010
25881A6672,PUNNA CHARAN TEJ,B,2,A9012,English Language and Communication Skills Laboratory,A+,9.0,90.0,PASS,7.9,0,sem2_results,RES_S2_25881A6672_A9012,STU_25881A6672,SUB_2_A9012
25881A6672,PUNNA CHARAN TEJ,B,2,A9304,Computer Aided Engineering Graphics,A,8.0,80.0,PASS,7.9,0,sem2_results,RES_S2_25881A6672_A9304,STU_25881A6672,SUB_2_A9304
25881A6672,PUNNA CHARAN TEJ,B,2,A9402,Digital Electronics,B+,7.0,70.0,PASS,7.9,0,sem2_results,RES_S2_25881A6672_A9402,STU_25881A6672,SUB_2_A9402
25881A6672,PUNNA CHARAN TEJ,B,2,A9002,Ordinary Differential Equations and Vector Calculus,A,8.0,80.0,PASS,7.9,0,sem2_results,RES_S2_25881A6672_A9002,STU_25881A6672,SUB_2_A9002
25881A6672,PUNNA CHARAN TEJ,B,2,A9022,Product Design and Development,A,8.0,80.0,PASS,7.9,0,sem2_results,RES_S2_25881A6672_A9022,STU_25881A6672,SUB_2_A9022
25881A6672,PUNNA CHARAN TEJ,B,2,A9503,Data Structures,B+,7.0,70.0,PASS,7.9,0,sem2_results,RES_S2_25881A6672_A9503,STU_25881A6672,SUB_2_A9503
25881A6672,PUNNA CHARAN TEJ,B,2,A9504,Data Structures Laboratory,A,8.0,80.0,PASS,7.9,0,sem2_results,RES_S2_25881A6672_A9504,STU_25881A6672,SUB_2_A9504
25881A6673,BODDU DAVID RAJ,B,2,A9009,Engineering Chemistry,B+,7.0,70.0,PASS,8.2,0,sem2_results,RES_S2_25881A6673_A9009,STU_25881A6673,SUB_2_A9009
25881A6673,BODDU DAVID RAJ,B,2,A9011,English for Skills Enhancement,A,8.0,80.0,PASS,8.2,0,sem2_results,RES_S2_25881A6673_A9011,STU_25881A6673,SUB_2_A9011
25881A6673,BODDU DAVID RAJ,B,2,A9010,Engineering Chemistry Laboratory,A+,9.0,90.0,PASS,8.2,0,sem2_results,RES_S2_25881A6673_A9010,STU_25881A6673,SUB_2_A9010
25881A6673,BODDU DAVID RAJ,B,2,A9012,English Language and Communication Skills Laboratory,O,10.0,100.0,PASS,8.2,0,sem2_results,RES_S2_25881A6673_A9012,STU_25881A6673,SUB_2_A9012
25881A6673,BODDU DAVID RAJ,B,2,A9304,Computer Aided Engineering Graphics,A+,9.0,90.0,PASS,8.2,0,sem2_results,RES_S2_25881A6673_A9304,STU_25881A6673,SUB_2_A9304
25881A6673,BODDU DAVID RAJ,B,2,A9402,Digital Electronics,A+,9.0,90.0,PASS,8.2,0,sem2_results,RES_S2_25881A6673_A9402,STU_25881A6673,SUB_2_A9402
25881A6673,BODDU DAVID RAJ,B,2,A9002,Ordinary Differential Equations and Vector Calculus,A,8.0,80.0,PASS,8.2,0,sem2_results,RES_S2_25881A6673_A9002,STU_25881A6673,SUB_2_A9002
25881A6673,BODDU DAVID RAJ,B,2,A9022,Product Design and Development,O,10.0,100.0,PASS,8.2,0,sem2_results,RES_S2_25881A6673_A9022,STU_25881A6673,SUB_2_A9022
25881A6673,BODDU DAVID RAJ,B,2,A9503,Data Structures,B+,7.0,70.0,PASS,8.2,0,sem2_results,RES_S2_25881A6673_A9503,STU_25881A6673,SUB_2_A9503
25881A6673,BODDU DAVID RAJ,B,2,A9504,Data Structures Laboratory,A+,9.0,90.0,PASS,8.2,0,sem2_results,RES_S2_25881A6673_A9504,STU_25881A6673,SUB_2_A9504
25881A6674,ARASANI DEEPIKA,B,2,A9009,Engineering Chemistry,C,5.0,50.0,PASS,4.55,2,sem2_results,RES_S2_25881A6674_A9009,STU_25881A6674,SUB_2_A9009
25881A6674,ARASANI DEEPIKA,B,2,A9011,English for Skills Enhancement,F,0.0,0.0,FAIL,4.55,2,sem2_results,RES_S2_25881A6674_A9011,STU_25881A6674,SUB_2_A9011
25881A6674,ARASANI DEEPIKA,B,2,A9010,Engineering Chemistry Laboratory,B+,7.0,70.0,PASS,4.55,2,sem2_results,RES_S2_25881A6674_A9010,STU_25881A6674,SUB_2_A9010
25881A6674,ARASANI DEEPIKA,B,2,A9012,English Language and Communication Skills Laboratory,B+,7.0,70.0,PASS,4.55,2,sem2_results,RES_S2_25881A6674_A9012,STU_25881A6674,SUB_2_A9012
25881A6674,ARASANI DEEPIKA,B,2,A9304,Computer Aided Engineering Graphics,B+,7.0,70.0,PASS,4.55,2,sem2_results,RES_S2_25881A6674_A9304,STU_25881A6674,SUB_2_A9304
25881A6674,ARASANI DEEPIKA,B,2,A9402,Digital Electronics,B,6.0,60.0,PASS,4.55,2,sem2_results,RES_S2_25881A6674_A9402,STU_25881A6674,SUB_2_A9402
25881A6674,ARASANI DEEPIKA,B,2,A9002,Ordinary Differential Equations and Vector Calculus,F,0.0,0.0,FAIL,4.55,2,sem2_results,RES_S2_25881A6674_A9002,STU_25881A6674,SUB_2_A9002
25881A6674,ARASANI DEEPIKA,B,2,A9022,Product Design and Development,A,8.0,80.0,PASS,4.55,2,sem2_results,RES_S2_25881A6674_A9022,STU_25881A6674,SUB_2_A9022
25881A6674,ARASANI DEEPIKA,B,2,A9503,Data Structures,B+,7.0,70.0,PASS,4.55,2,sem2_results,RES_S2_25881A6674_A9503,STU_25881A6674,SUB_2_A9503
25881A6674,ARASANI DEEPIKA,B,2,A9504,Data Structures Laboratory,A,8.0,80.0,PASS,4.55,2,sem2_results,RES_S2_25881A6674_A9504,STU_25881A6674,SUB_2_A9504
25881A6675,DUNNA DURGA VENKATA SAI,B,2,A9009,Engineering Chemistry,F,0.0,0.0,FAIL,3.05,3,sem2_results,RES_S2_25881A6675_A9009,STU_25881A6675,SUB_2_A9009
25881A6675,DUNNA DURGA VENKATA SAI,B,2,A9011,English for Skills Enhancement,B,6.0,60.0,PASS,3.05,3,sem2_results,RES_S2_25881A6675_A9011,STU_25881A6675,SUB_2_A9011
25881A6675,DUNNA DURGA VENKATA SAI,B,2,A9010,Engineering Chemistry Laboratory,B+,7.0,70.0,PASS,3.05,3,sem2_results,RES_S2_25881A6675_A9010,STU_25881A6675,SUB_2_A9010
25881A6675,DUNNA DURGA VENKATA SAI,B,2,A9012,English Language and Communication Skills Laboratory,B+,7.0,70.0,PASS,3.05,3,sem2_results,RES_S2_25881A6675_A9012,STU_25881A6675,SUB_2_A9012
25881A6675,DUNNA DURGA VENKATA SAI,B,2,A9304,Computer Aided Engineering Graphics,C,5.0,50.0,PASS,3.05,3,sem2_results,RES_S2_25881A6675_A9304,STU_25881A6675,SUB_2_A9304
25881A6675,DUNNA DURGA VENKATA SAI,B,2,A9402,Digital Electronics,C,5.0,50.0,PASS,3.05,3,sem2_results,RES_S2_25881A6675_A9402,STU_25881A6675,SUB_2_A9402
25881A6675,DUNNA DURGA VENKATA SAI,B,2,A9002,Ordinary Differential Equations and Vector Calculus,F,0.0,0.0,FAIL,3.05,3,sem2_results,RES_S2_25881A6675_A9002,STU_25881A6675,SUB_2_A9002
25881A6675,DUNNA DURGA VENKATA SAI,B,2,A9022,Product Design and Development,A,8.0,80.0,PASS,3.05,3,sem2_results,RES_S2_25881A6675_A9022,STU_25881A6675,SUB_2_A9022
25881A6675,DUNNA DURGA VENKATA SAI,B,2,A9503,Data Structures,F,0.0,0.0,FAIL,3.05,3,sem2_results,RES_S2_25881A6675_A9503,STU_25881A6675,SUB_2_A9503
25881A6675,DUNNA DURGA VENKATA SAI,B,2,A9504,Data Structures Laboratory,B+,7.0,70.0,PASS,3.05,3,sem2_results,RES_S2_25881A6675_A9504,STU_25881A6675,SUB_2_A9504
25881A6676,B GOKUL SAI REDDY,B,2,A9009,Engineering Chemistry,A,8.0,80.0,PASS,8.7,0,sem2_results,RES_S2_25881A6676_A9009,STU_25881A6676,SUB_2_A9009
25881A6676,B GOKUL SAI REDDY,B,2,A9011,English for Skills Enhancement,A,8.0,80.0,PASS,8.7,0,sem2_results,RES_S2_25881A6676_A9011,STU_25881A6676,SUB_2_A9011
25881A6676,B GOKUL SAI REDDY,B,2,A9010,Engineering Chemistry Laboratory,A+,9.0,90.0,PASS,8.7,0,sem2_results,RES_S2_25881A6676_A9010,STU_25881A6676,SUB_2_A9010
25881A6676,B GOKUL SAI REDDY,B,2,A9012,English Language and Communication Skills Laboratory,A+,9.0,90.0,PASS,8.7,0,sem2_results,RES_S2_25881A6676_A9012,STU_25881A6676,SUB_2_A9012
25881A6676,B GOKUL SAI REDDY,B,2,A9304,Computer Aided Engineering Graphics,A+,9.0,90.0,PASS,8.7,0,sem2_results,RES_S2_25881A6676_A9304,STU_25881A6676,SUB_2_A9304
25881A6676,B GOKUL SAI REDDY,B,2,A9402,Digital Electronics,A,8.0,80.0,PASS,8.7,0,sem2_results,RES_S2_25881A6676_A9402,STU_25881A6676,SUB_2_A9402
25881A6676,B GOKUL SAI REDDY,B,2,A9002,Ordinary Differential Equations and Vector Calculus,O,10.0,100.0,PASS,8.7,0,sem2_results,RES_S2_25881A6676_A9002,STU_25881A6676,SUB_2_A9002
25881A6676,B GOKUL SAI REDDY,B,2,A9022,Product Design and Development,A+,9.0,90.0,PASS,8.7,0,sem2_results,RES_S2_25881A6676_A9022,STU_25881A6676,SUB_2_A9022
25881A6676,B GOKUL SAI REDDY,B,2,A9503,Data Structures,A,8.0,80.0,PASS,8.7,0,sem2_results,RES_S2_25881A6676_A9503,STU_25881A6676,SUB_2_A9503
25881A6676,B GOKUL SAI REDDY,B,2,A9504,Data Structures Laboratory,O,10.0,100.0,PASS,8.7,0,sem2_results,RES_S2_25881A6676_A9504,STU_25881A6676,SUB_2_A9504
25881A6677,NITI GOYAL,B,2,A9009,Engineering Chemistry,A+,9.0,90.0,PASS,9.2,0,sem2_results,RES_S2_25881A6677_A9009,STU_25881A6677,SUB_2_A9009
25881A6677,NITI GOYAL,B,2,A9011,English for Skills Enhancement,A+,9.0,90.0,PASS,9.2,0,sem2_results,RES_S2_25881A6677_A9011,STU_25881A6677,SUB_2_A9011
25881A6677,NITI GOYAL,B,2,A9010,Engineering Chemistry Laboratory,A+,9.0,90.0,PASS,9.2,0,sem2_results,RES_S2_25881A6677_A9010,STU_25881A6677,SUB_2_A9010
25881A6677,NITI GOYAL,B,2,A9012,English Language and Communication Skills Laboratory,O,10.0,100.0,PASS,9.2,0,sem2_results,RES_S2_25881A6677_A9012,STU_25881A6677,SUB_2_A9012
25881A6677,NITI GOYAL,B,2,A9304,Computer Aided Engineering Graphics,A+,9.0,90.0,PASS,9.2,0,sem2_results,RES_S2_25881A6677_A9304,STU_25881A6677,SUB_2_A9304
25881A6677,NITI GOYAL,B,2,A9402,Digital Electronics,O,10.0,100.0,PASS,9.2,0,sem2_results,RES_S2_25881A6677_A9402,STU_25881A6677,SUB_2_A9402
25881A6677,NITI GOYAL,B,2,A9002,Ordinary Differential Equations and Vector Calculus,A+,9.0,90.0,PASS,9.2,0,sem2_results,RES_S2_25881A6677_A9002,STU_25881A6677,SUB_2_A9002
25881A6677,NITI GOYAL,B,2,A9022,Product Design and Development,A+,9.0,90.0,PASS,9.2,0,sem2_results,RES_S2_25881A6677_A9022,STU_25881A6677,SUB_2_A9022
25881A6677,NITI GOYAL,B,2,A9503,Data Structures,A+,9.0,90.0,PASS,9.2,0,sem2_results,RES_S2_25881A6677_A9503,STU_25881A6677,SUB_2_A9503
25881A6677,NITI GOYAL,B,2,A9504,Data Structures Laboratory,A+,9.0,90.0,PASS,9.2,0,sem2_results,RES_S2_25881A6677_A9504,STU_25881A6677,SUB_2_A9504
25881A6678,GUDALA GRACE PAUL,B,2,A9009,Engineering Chemistry,A,8.0,80.0,PASS,7.45,0,sem2_results,RES_S2_25881A6678_A9009,STU_25881A6678,SUB_2_A9009
25881A6678,GUDALA GRACE PAUL,B,2,A9011,English for Skills Enhancement,A,8.0,80.0,PASS,7.45,0,sem2_results,RES_S2_25881A6678_A9011,STU_25881A6678,SUB_2_A9011
25881A6678,GUDALA GRACE PAUL,B,2,A9010,Engineering Chemistry Laboratory,A+,9.0,90.0,PASS,7.45,0,sem2_results,RES_S2_25881A6678_A9010,STU_25881A6678,SUB_2_A9010
25881A6678,GUDALA GRACE PAUL,B,2,A9012,English Language and Communication Skills Laboratory,A,8.0,80.0,PASS,7.45,0,sem2_results,RES_S2_25881A6678_A9012,STU_25881A6678,SUB_2_A9012
25881A6678,GUDALA GRACE PAUL,B,2,A9304,Computer Aided Engineering Graphics,B+,7.0,70.0,PASS,7.45,0,sem2_results,RES_S2_25881A6678_A9304,STU_25881A6678,SUB_2_A9304
25881A6678,GUDALA GRACE PAUL,B,2,A9402,Digital Electronics,B+,7.0,70.0,PASS,7.45,0,sem2_results,RES_S2_25881A6678_A9402,STU_25881A6678,SUB_2_A9402
25881A6678,GUDALA GRACE PAUL,B,2,A9002,Ordinary Differential Equations and Vector Calculus,B+,7.0,70.0,PASS,7.45,0,sem2_results,RES_S2_25881A6678_A9002,STU_25881A6678,SUB_2_A9002
25881A6678,GUDALA GRACE PAUL,B,2,A9022,Product Design and Development,A,8.0,80.0,PASS,7.45,0,sem2_results,RES_S2_25881A6678_A9022,STU_25881A6678,SUB_2_A9022
25881A6678,GUDALA GRACE PAUL,B,2,A9503,Data Structures,B+,7.0,70.0,PASS,7.45,0,sem2_results,RES_S2_25881A6678_A9503,STU_25881A6678,SUB_2_A9503
25881A6678,GUDALA GRACE PAUL,B,2,A9504,Data Structures Laboratory,B+,7.0,70.0,PASS,7.45,0,sem2_results,RES_S2_25881A6678_A9504,STU_25881A6678,SUB_2_A9504
25881A6679,DAMIREDDY HARSHA VARDHAN REDDY,B,2,A9009,Engineering Chemistry,C,5.0,50.0,PASS,4.1,2,sem2_results,RES_S2_25881A6679_A9009,STU_25881A6679,SUB_2_A9009
25881A6679,DAMIREDDY HARSHA VARDHAN REDDY,B,2,A9011,English for Skills Enhancement,B,6.0,60.0,PASS,4.1,2,sem2_results,RES_S2_25881A6679_A9011,STU_25881A6679,SUB_2_A9011
25881A6679,DAMIREDDY HARSHA VARDHAN REDDY,B,2,A9010,Engineering Chemistry Laboratory,A,8.0,80.0,PASS,4.1,2,sem2_results,RES_S2_25881A6679_A9010,STU_25881A6679,SUB_2_A9010
25881A6679,DAMIREDDY HARSHA VARDHAN REDDY,B,2,A9012,English Language and Communication Skills Laboratory,A,8.0,80.0,PASS,4.1,2,sem2_results,RES_S2_25881A6679_A9012,STU_25881A6679,SUB_2_A9012
25881A6679,DAMIREDDY HARSHA VARDHAN REDDY,B,2,A9304,Computer Aided Engineering Graphics,A,8.0,80.0,PASS,4.1,2,sem2_results,RES_S2_25881A6679_A9304,STU_25881A6679,SUB_2_A9304
25881A6679,DAMIREDDY HARSHA VARDHAN REDDY,B,2,A9402,Digital Electronics,C,5.0,50.0,PASS,4.1,2,sem2_results,RES_S2_25881A6679_A9402,STU_25881A6679,SUB_2_A9402
25881A6679,DAMIREDDY HARSHA VARDHAN REDDY,B,2,A9002,Ordinary Differential Equations and Vector Calculus,F,0.0,0.0,FAIL,4.1,2,sem2_results,RES_S2_25881A6679_A9002,STU_25881A6679,SUB_2_A9002
25881A6679,DAMIREDDY HARSHA VARDHAN REDDY,B,2,A9022,Product Design and Development,A,8.0,80.0,PASS,4.1,2,sem2_results,RES_S2_25881A6679_A9022,STU_25881A6679,SUB_2_A9022
25881A6679,DAMIREDDY HARSHA VARDHAN REDDY,B,2,A9503,Data Structures,F,0.0,0.0,FAIL,4.1,2,sem2_results,RES_S2_25881A6679_A9503,STU_25881A6679,SUB_2_A9503
25881A6679,DAMIREDDY HARSHA VARDHAN REDDY,B,2,A9504,Data Structures Laboratory,A,8.0,80.0,PASS,4.1,2,sem2_results,RES_S2_25881A6679_A9504,STU_25881A6679,SUB_2_A9504
25881A6680,KUNDARAPU HARSHAVARDHAN,B,2,A9009,Engineering Chemistry,A,8.0,80.0,PASS,7.8,0,sem2_results,RES_S2_25881A6680_A9009,STU_25881A6680,SUB_2_A9009
25881A6680,KUNDARAPU HARSHAVARDHAN,B,2,A9011,English for Skills Enhancement,A,8.0,80.0,PASS,7.8,0,sem2_results,RES_S2_25881A6680_A9011,STU_25881A6680,SUB_2_A9011
25881A6680,KUNDARAPU HARSHAVARDHAN,B,2,A9010,Engineering Chemistry Laboratory,A+,9.0,90.0,PASS,7.8,0,sem2_results,RES_S2_25881A6680_A9010,STU_25881A6680,SUB_2_A9010
25881A6680,KUNDARAPU HARSHAVARDHAN,B,2,A9012,English Language and Communication Skills Laboratory,A,8.0,80.0,PASS,7.8,0,sem2_results,RES_S2_25881A6680_A9012,STU_25881A6680,SUB_2_A9012
25881A6680,KUNDARAPU HARSHAVARDHAN,B,2,A9304,Computer Aided Engineering Graphics,A+,9.0,90.0,PASS,7.8,0,sem2_results,RES_S2_25881A6680_A9304,STU_25881A6680,SUB_2_A9304
25881A6680,KUNDARAPU HARSHAVARDHAN,B,2,A9402,Digital Electronics,A+,9.0,90.0,PASS,7.8,0,sem2_results,RES_S2_25881A6680_A9402,STU_25881A6680,SUB_2_A9402
25881A6680,KUNDARAPU HARSHAVARDHAN,B,2,A9002,Ordinary Differential Equations and Vector Calculus,B,6.0,60.0,PASS,7.8,0,sem2_results,RES_S2_25881A6680_A9002,STU_25881A6680,SUB_2_A9002
25881A6680,KUNDARAPU HARSHAVARDHAN,B,2,A9022,Product Design and Development,A+,9.0,90.0,PASS,7.8,0,sem2_results,RES_S2_25881A6680_A9022,STU_25881A6680,SUB_2_A9022
25881A6680,KUNDARAPU HARSHAVARDHAN,B,2,A9503,Data Structures,B+,7.0,70.0,PASS,7.8,0,sem2_results,RES_S2_25881A6680_A9503,STU_25881A6680,SUB_2_A9503
25881A6680,KUNDARAPU HARSHAVARDHAN,B,2,A9504,Data Structures Laboratory,A+,9.0,90.0,PASS,7.8,0,sem2_results,RES_S2_25881A6680_A9504,STU_25881A6680,SUB_2_A9504
25881A6681,TUMU HASINI,B,2,A9009,Engineering Chemistry,B+,7.0,70.0,PASS,7.6,0,sem2_results,RES_S2_25881A6681_A9009,STU_25881A6681,SUB_2_A9009
25881A6681,TUMU HASINI,B,2,A9011,English for Skills Enhancement,B+,7.0,70.0,PASS,7.6,0,sem2_results,RES_S2_25881A6681_A9011,STU_25881A6681,SUB_2_A9011
25881A6681,TUMU HASINI,B,2,A9010,Engineering Chemistry Laboratory,A+,9.0,90.0,PASS,7.6,0,sem2_results,RES_S2_25881A6681_A9010,STU_25881A6681,SUB_2_A9010
25881A6681,TUMU HASINI,B,2,A9012,English Language and Communication Skills Laboratory,A+,9.0,90.0,PASS,7.6,0,sem2_results,RES_S2_25881A6681_A9012,STU_25881A6681,SUB_2_A9012
25881A6681,TUMU HASINI,B,2,A9304,Computer Aided Engineering Graphics,A+,9.0,90.0,PASS,7.6,0,sem2_results,RES_S2_25881A6681_A9304,STU_25881A6681,SUB_2_A9304
25881A6681,TUMU HASINI,B,2,A9402,Digital Electronics,A,8.0,80.0,PASS,7.6,0,sem2_results,RES_S2_25881A6681_A9402,STU_25881A6681,SUB_2_A9402
25881A6681,TUMU HASINI,B,2,A9002,Ordinary Differential Equations and Vector Calculus,B,6.0,60.0,PASS,7.6,0,sem2_results,RES_S2_25881A6681_A9002,STU_25881A6681,SUB_2_A9002
25881A6681,TUMU HASINI,B,2,A9022,Product Design and Development,A+,9.0,90.0,PASS,7.6,0,sem2_results,RES_S2_25881A6681_A9022,STU_25881A6681,SUB_2_A9022
25881A6681,TUMU HASINI,B,2,A9503,Data Structures,A,8.0,80.0,PASS,7.6,0,sem2_results,RES_S2_25881A6681_A9503,STU_25881A6681,SUB_2_A9503
25881A6681,TUMU HASINI,B,2,A9504,Data Structures Laboratory,A+,9.0,90.0,PASS,7.6,0,sem2_results,RES_S2_25881A6681_A9504,STU_25881A6681,SUB_2_A9504
25881A6682,TANGELLA KALYAN RAJU,B,2,A9009,Engineering Chemistry,O,10.0,100.0,PASS,9.3,0,sem2_results,RES_S2_25881A6682_A9009,STU_25881A6682,SUB_2_A9009
25881A6682,TANGELLA KALYAN RAJU,B,2,A9011,English for Skills Enhancement,A+,9.0,90.0,PASS,9.3,0,sem2_results,RES_S2_25881A6682_A9011,STU_25881A6682,SUB_2_A9011
25881A6682,TANGELLA KALYAN RAJU,B,2,A9010,Engineering Chemistry Laboratory,O,10.0,100.0,PASS,9.3,0,sem2_results,RES_S2_25881A6682_A9010,STU_25881A6682,SUB_2_A9010
25881A6682,TANGELLA KALYAN RAJU,B,2,A9012,English Language and Communication Skills Laboratory,O,10.0,100.0,PASS,9.3,0,sem2_results,RES_S2_25881A6682_A9012,STU_25881A6682,SUB_2_A9012
25881A6682,TANGELLA KALYAN RAJU,B,2,A9304,Computer Aided Engineering Graphics,A+,9.0,90.0,PASS,9.3,0,sem2_results,RES_S2_25881A6682_A9304,STU_25881A6682,SUB_2_A9304
25881A6682,TANGELLA KALYAN RAJU,B,2,A9402,Digital Electronics,A+,9.0,90.0,PASS,9.3,0,sem2_results,RES_S2_25881A6682_A9402,STU_25881A6682,SUB_2_A9402
25881A6682,TANGELLA KALYAN RAJU,B,2,A9002,Ordinary Differential Equations and Vector Calculus,A+,9.0,90.0,PASS,9.3,0,sem2_results,RES_S2_25881A6682_A9002,STU_25881A6682,SUB_2_A9002
25881A6682,TANGELLA KALYAN RAJU,B,2,A9022,Product Design and Development,A+,9.0,90.0,PASS,9.3,0,sem2_results,RES_S2_25881A6682_A9022,STU_25881A6682,SUB_2_A9022
25881A6682,TANGELLA KALYAN RAJU,B,2,A9503,Data Structures,A+,9.0,90.0,PASS,9.3,0,sem2_results,RES_S2_25881A6682_A9503,STU_25881A6682,SUB_2_A9503
25881A6682,TANGELLA KALYAN RAJU,B,2,A9504,Data Structures Laboratory,O,10.0,100.0,PASS,9.3,0,sem2_results,RES_S2_25881A6682_A9504,STU_25881A6682,SUB_2_A9504
25881A6683,POTURAJU KALYANI,B,2,A9009,Engineering Chemistry,B+,7.0,70.0,PASS,8.0,0,sem2_results,RES_S2_25881A6683_A9009,STU_25881A6683,SUB_2_A9009
25881A6683,POTURAJU KALYANI,B,2,A9011,English for Skills Enhancement,B+,7.0,70.0,PASS,8.0,0,sem2_results,RES_S2_25881A6683_A9011,STU_25881A6683,SUB_2_A9011
25881A6683,POTURAJU KALYANI,B,2,A9010,Engineering Chemistry Laboratory,A+,9.0,90.0,PASS,8.0,0,sem2_results,RES_S2_25881A6683_A9010,STU_25881A6683,SUB_2_A9010
25881A6683,POTURAJU KALYANI,B,2,A9012,English Language and Communication Skills Laboratory,O,10.0,100.0,PASS,8.0,0,sem2_results,RES_S2_25881A6683_A9012,STU_25881A6683,SUB_2_A9012
25881A6683,POTURAJU KALYANI,B,2,A9304,Computer Aided Engineering Graphics,A+,9.0,90.0,PASS,8.0,0,sem2_results,RES_S2_25881A6683_A9304,STU_25881A6683,SUB_2_A9304
25881A6683,POTURAJU KALYANI,B,2,A9402,Digital Electronics,A,8.0,80.0,PASS,8.0,0,sem2_results,RES_S2_25881A6683_A9402,STU_25881A6683,SUB_2_A9402
25881A6683,POTURAJU KALYANI,B,2,A9002,Ordinary Differential Equations and Vector Calculus,A,8.0,80.0,PASS,8.0,0,sem2_results,RES_S2_25881A6683_A9002,STU_25881A6683,SUB_2_A9002
25881A6683,POTURAJU KALYANI,B,2,A9022,Product Design and Development,A+,9.0,90.0,PASS,8.0,0,sem2_results,RES_S2_25881A6683_A9022,STU_25881A6683,SUB_2_A9022
25881A6683,POTURAJU KALYANI,B,2,A9503,Data Structures,A,8.0,80.0,PASS,8.0,0,sem2_results,RES_S2_25881A6683_A9503,STU_25881A6683,SUB_2_A9503
25881A6683,POTURAJU KALYANI,B,2,A9504,Data Structures Laboratory,A,8.0,80.0,PASS,8.0,0,sem2_results,RES_S2_25881A6683_A9504,STU_25881A6683,SUB_2_A9504
25881A6684,KURA KAUSHIK RAJ,B,2,A9009,Engineering Chemistry,B+,7.0,70.0,PASS,8.15,0,sem2_results,RES_S2_25881A6684_A9009,STU_25881A6684,SUB_2_A9009
25881A6684,KURA KAUSHIK RAJ,B,2,A9011,English for Skills Enhancement,A,8.0,80.0,PASS,8.15,0,sem2_results,RES_S2_25881A6684_A9011,STU_25881A6684,SUB_2_A9011
25881A6684,KURA KAUSHIK RAJ,B,2,A9010,Engineering Chemistry Laboratory,A+,9.0,90.0,PASS,8.15,0,sem2_results,RES_S2_25881A6684_A9010,STU_25881A6684,SUB_2_A9010
25881A6684,KURA KAUSHIK RAJ,B,2,A9012,English Language and Communication Skills Laboratory,A+,9.0,90.0,PASS,8.15,0,sem2_results,RES_S2_25881A6684_A9012,STU_25881A6684,SUB_2_A9012
25881A6684,KURA KAUSHIK RAJ,B,2,A9304,Computer Aided Engineering Graphics,A+,9.0,90.0,PASS,8.15,0,sem2_results,RES_S2_25881A6684_A9304,STU_25881A6684,SUB_2_A9304
25881A6684,KURA KAUSHIK RAJ,B,2,A9402,Digital Electronics,A+,9.0,90.0,PASS,8.15,0,sem2_results,RES_S2_25881A6684_A9402,STU_25881A6684,SUB_2_A9402
25881A6684,KURA KAUSHIK RAJ,B,2,A9002,Ordinary Differential Equations and Vector Calculus,A,8.0,80.0,PASS,8.15,0,sem2_results,RES_S2_25881A6684_A9002,STU_25881A6684,SUB_2_A9002
25881A6684,KURA KAUSHIK RAJ,B,2,A9022,Product Design and Development,A,8.0,80.0,PASS,8.15,0,sem2_results,RES_S2_25881A6684_A9022,STU_25881A6684,SUB_2_A9022
25881A6684,KURA KAUSHIK RAJ,B,2,A9503,Data Structures,A,8.0,80.0,PASS,8.15,0,sem2_results,RES_S2_25881A6684_A9503,STU_25881A6684,SUB_2_A9503
25881A6684,KURA KAUSHIK RAJ,B,2,A9504,Data Structures Laboratory,A,8.0,80.0,PASS,8.15,0,sem2_results,RES_S2_25881A6684_A9504,STU_25881A6684,SUB_2_A9504
25881A6685,KUNAL SINGH,B,2,A9009,Engineering Chemistry,O,10.0,100.0,PASS,9.4,0,sem2_results,RES_S2_25881A6685_A9009,STU_25881A6685,SUB_2_A9009
25881A6685,KUNAL SINGH,B,2,A9011,English for Skills Enhancement,A+,9.0,90.0,PASS,9.4,0,sem2_results,RES_S2_25881A6685_A9011,STU_25881A6685,SUB_2_A9011
25881A6685,KUNAL SINGH,B,2,A9010,Engineering Chemistry Laboratory,O,10.0,100.0,PASS,9.4,0,sem2_results,RES_S2_25881A6685_A9010,STU_25881A6685,SUB_2_A9010
25881A6685,KUNAL SINGH,B,2,A9012,English Language and Communication Skills Laboratory,O,10.0,100.0,PASS,9.4,0,sem2_results,RES_S2_25881A6685_A9012,STU_25881A6685,SUB_2_A9012
25881A6685,KUNAL SINGH,B,2,A9304,Computer Aided Engineering Graphics,A,8.0,80.0,PASS,9.4,0,sem2_results,RES_S2_25881A6685_A9304,STU_25881A6685,SUB_2_A9304
25881A6685,KUNAL SINGH,B,2,A9402,Digital Electronics,A+,9.0,90.0,PASS,9.4,0,sem2_results,RES_S2_25881A6685_A9402,STU_25881A6685,SUB_2_A9402
25881A6685,KUNAL SINGH,B,2,A9002,Ordinary Differential Equations and Vector Calculus,O,10.0,100.0,PASS,9.4,0,sem2_results,RES_S2_25881A6685_A9002,STU_25881A6685,SUB_2_A9002
25881A6685,KUNAL SINGH,B,2,A9022,Product Design and Development,A,8.0,80.0,PASS,9.4,0,sem2_results,RES_S2_25881A6685_A9022,STU_25881A6685,SUB_2_A9022
25881A6685,KUNAL SINGH,B,2,A9503,Data Structures,A+,9.0,90.0,PASS,9.4,0,sem2_results,RES_S2_25881A6685_A9503,STU_25881A6685,SUB_2_A9503
25881A6685,KUNAL SINGH,B,2,A9504,Data Structures Laboratory,O,10.0,100.0,PASS,9.4,0,sem2_results,RES_S2_25881A6685_A9504,STU_25881A6685,SUB_2_A9504
25881A6686,PEDDAGOLLA LEELA BHAVANI,B,2,A9009,Engineering Chemistry,A+,9.0,90.0,PASS,9.0,0,sem2_results,RES_S2_25881A6686_A9009,STU_25881A6686,SUB_2_A9009
25881A6686,PEDDAGOLLA LEELA BHAVANI,B,2,A9011,English for Skills Enhancement,A,8.0,80.0,PASS,9.0,0,sem2_results,RES_S2_25881A6686_A9011,STU_25881A6686,SUB_2_A9011
25881A6686,PEDDAGOLLA LEELA BHAVANI,B,2,A9010,Engineering Chemistry Laboratory,A+,9.0,90.0,PASS,9.0,0,sem2_results,RES_S2_25881A6686_A9010,STU_25881A6686,SUB_2_A9010
25881A6686,PEDDAGOLLA LEELA BHAVANI,B,2,A9012,English Language and Communication Skills Laboratory,A+,9.0,90.0,PASS,9.0,0,sem2_results,RES_S2_25881A6686_A9012,STU_25881A6686,SUB_2_A9012
25881A6686,PEDDAGOLLA LEELA BHAVANI,B,2,A9304,Computer Aided Engineering Graphics,O,10.0,100.0,PASS,9.0,0,sem2_results,RES_S2_25881A6686_A9304,STU_25881A6686,SUB_2_A9304
25881A6686,PEDDAGOLLA LEELA BHAVANI,B,2,A9402,Digital Electronics,A,8.0,80.0,PASS,9.0,0,sem2_results,RES_S2_25881A6686_A9402,STU_25881A6686,SUB_2_A9402
25881A6686,PEDDAGOLLA LEELA BHAVANI,B,2,A9002,Ordinary Differential Equations and Vector Calculus,O,10.0,100.0,PASS,9.0,0,sem2_results,RES_S2_25881A6686_A9002,STU_25881A6686,SUB_2_A9002
25881A6686,PEDDAGOLLA LEELA BHAVANI,B,2,A9022,Product Design and Development,A,8.0,80.0,PASS,9.0,0,sem2_results,RES_S2_25881A6686_A9022,STU_25881A6686,SUB_2_A9022
25881A6686,PEDDAGOLLA LEELA BHAVANI,B,2,A9503,Data Structures,A+,9.0,90.0,PASS,9.0,0,sem2_results,RES_S2_25881A6686_A9503,STU_25881A6686,SUB_2_A9503
25881A6686,PEDDAGOLLA LEELA BHAVANI,B,2,A9504,Data Structures Laboratory,O,10.0,100.0,PASS,9.0,0,sem2_results,RES_S2_25881A6686_A9504,STU_25881A6686,SUB_2_A9504
25881A6687,VANKADARI LOKESH,B,2,A9009,Engineering Chemistry,A+,9.0,90.0,PASS,8.65,0,sem2_results,RES_S2_25881A6687_A9009,STU_25881A6687,SUB_2_A9009
25881A6687,VANKADARI LOKESH,B,2,A9011,English for Skills Enhancement,A,8.0,80.0,PASS,8.65,0,sem2_results,RES_S2_25881A6687_A9011,STU_25881A6687,SUB_2_A9011
25881A6687,VANKADARI LOKESH,B,2,A9010,Engineering Chemistry Laboratory,A+,9.0,90.0,PASS,8.65,0,sem2_results,RES_S2_25881A6687_A9010,STU_25881A6687,SUB_2_A9010
25881A6687,VANKADARI LOKESH,B,2,A9012,English Language and Communication Skills Laboratory,A,8.0,80.0,PASS,8.65,0,sem2_results,RES_S2_25881A6687_A9012,STU_25881A6687,SUB_2_A9012
25881A6687,VANKADARI LOKESH,B,2,A9304,Computer Aided Engineering Graphics,A+,9.0,90.0,PASS,8.65,0,sem2_results,RES_S2_25881A6687_A9304,STU_25881A6687,SUB_2_A9304
25881A6687,VANKADARI LOKESH,B,2,A9402,Digital Electronics,O,10.0,100.0,PASS,8.65,0,sem2_results,RES_S2_25881A6687_A9402,STU_25881A6687,SUB_2_A9402
25881A6687,VANKADARI LOKESH,B,2,A9002,Ordinary Differential Equations and Vector Calculus,A+,9.0,90.0,PASS,8.65,0,sem2_results,RES_S2_25881A6687_A9002,STU_25881A6687,SUB_2_A9002
25881A6687,VANKADARI LOKESH,B,2,A9022,Product Design and Development,A,8.0,80.0,PASS,8.65,0,sem2_results,RES_S2_25881A6687_A9022,STU_25881A6687,SUB_2_A9022
25881A6687,VANKADARI LOKESH,B,2,A9503,Data Structures,B+,7.0,70.0,PASS,8.65,0,sem2_results,RES_S2_25881A6687_A9503,STU_25881A6687,SUB_2_A9503
25881A6687,VANKADARI LOKESH,B,2,A9504,Data Structures Laboratory,A+,9.0,90.0,PASS,8.65,0,sem2_results,RES_S2_25881A6687_A9504,STU_25881A6687,SUB_2_A9504
25881A6688,RAPARTHI MAHATHI,B,2,A9009,Engineering Chemistry,B,6.0,60.0,PASS,7.0,0,sem2_results,RES_S2_25881A6688_A9009,STU_25881A6688,SUB_2_A9009
25881A6688,RAPARTHI MAHATHI,B,2,A9011,English for Skills Enhancement,A,8.0,80.0,PASS,7.0,0,sem2_results,RES_S2_25881A6688_A9011,STU_25881A6688,SUB_2_A9011
25881A6688,RAPARTHI MAHATHI,B,2,A9010,Engineering Chemistry Laboratory,A,8.0,80.0,PASS,7.0,0,sem2_results,RES_S2_25881A6688_A9010,STU_25881A6688,SUB_2_A9010
25881A6688,RAPARTHI MAHATHI,B,2,A9012,English Language and Communication Skills Laboratory,A+,9.0,90.0,PASS,7.0,0,sem2_results,RES_S2_25881A6688_A9012,STU_25881A6688,SUB_2_A9012
25881A6688,RAPARTHI MAHATHI,B,2,A9304,Computer Aided Engineering Graphics,A+,9.0,90.0,PASS,7.0,0,sem2_results,RES_S2_25881A6688_A9304,STU_25881A6688,SUB_2_A9304
25881A6688,RAPARTHI MAHATHI,B,2,A9402,Digital Electronics,B+,7.0,70.0,PASS,7.0,0,sem2_results,RES_S2_25881A6688_A9402,STU_25881A6688,SUB_2_A9402
25881A6688,RAPARTHI MAHATHI,B,2,A9002,Ordinary Differential Equations and Vector Calculus,C,5.0,50.0,PASS,7.0,0,sem2_results,RES_S2_25881A6688_A9002,STU_25881A6688,SUB_2_A9002
25881A6688,RAPARTHI MAHATHI,B,2,A9022,Product Design and Development,A+,9.0,90.0,PASS,7.0,0,sem2_results,RES_S2_25881A6688_A9022,STU_25881A6688,SUB_2_A9022
25881A6688,RAPARTHI MAHATHI,B,2,A9503,Data Structures,B+,7.0,70.0,PASS,7.0,0,sem2_results,RES_S2_25881A6688_A9503,STU_25881A6688,SUB_2_A9503
25881A6688,RAPARTHI MAHATHI,B,2,A9504,Data Structures Laboratory,A+,9.0,90.0,PASS,7.0,0,sem2_results,RES_S2_25881A6688_A9504,STU_25881A6688,SUB_2_A9504
25881A6689,KOMMARAJULA MANI,B,2,A9009,Engineering Chemistry,B+,7.0,70.0,PASS,8.45,0,sem2_results,RES_S2_25881A6689_A9009,STU_25881A6689,SUB_2_A9009
25881A6689,KOMMARAJULA MANI,B,2,A9011,English for Skills Enhancement,A,8.0,80.0,PASS,8.45,0,sem2_results,RES_S2_25881A6689_A9011,STU_25881A6689,SUB_2_A9011
25881A6689,KOMMARAJULA MANI,B,2,A9010,Engineering Chemistry Laboratory,A+,9.0,90.0,PASS,8.45,0,sem2_results,RES_S2_25881A6689_A9010,STU_25881A6689,SUB_2_A9010
25881A6689,KOMMARAJULA MANI,B,2,A9012,English Language and Communication Skills Laboratory,A+,9.0,90.0,PASS,8.45,0,sem2_results,RES_S2_25881A6689_A9012,STU_25881A6689,SUB_2_A9012
25881A6689,KOMMARAJULA MANI,B,2,A9304,Computer Aided Engineering Graphics,A,8.0,80.0,PASS,8.45,0,sem2_results,RES_S2_25881A6689_A9304,STU_25881A6689,SUB_2_A9304
25881A6689,KOMMARAJULA MANI,B,2,A9402,Digital Electronics,A+,9.0,90.0,PASS,8.45,0,sem2_results,RES_S2_25881A6689_A9402,STU_25881A6689,SUB_2_A9402
25881A6689,KOMMARAJULA MANI,B,2,A9002,Ordinary Differential Equations and Vector Calculus,A+,9.0,90.0,PASS,8.45,0,sem2_results,RES_S2_25881A6689_A9002,STU_25881A6689,SUB_2_A9002
25881A6689,KOMMARAJULA MANI,B,2,A9022,Product Design and Development,A,8.0,80.0,PASS,8.45,0,sem2_results,RES_S2_25881A6689_A9022,STU_25881A6689,SUB_2_A9022
25881A6689,KOMMARAJULA MANI,B,2,A9503,Data Structures,A+,9.0,90.0,PASS,8.45,0,sem2_results,RES_S2_25881A6689_A9503,STU_25881A6689,SUB_2_A9503
25881A6689,KOMMARAJULA MANI,B,2,A9504,Data Structures Laboratory,A,8.0,80.0,PASS,8.45,0,sem2_results,RES_S2_25881A6689_A9504,STU_25881A6689,SUB_2_A9504
25881A6690,SADALA MANISH REDDY,B,2,A9009,Engineering Chemistry,C,5.0,50.0,PASS,4.65,1,sem2_results,RES_S2_25881A6690_A9009,STU_25881A6690,SUB_2_A9009
25881A6690,SADALA MANISH REDDY,B,2,A9011,English for Skills Enhancement,B,6.0,60.0,PASS,4.65,1,sem2_results,RES_S2_25881A6690_A9011,STU_25881A6690,SUB_2_A9011
25881A6690,SADALA MANISH REDDY,B,2,A9010,Engineering Chemistry Laboratory,B+,7.0,70.0,PASS,4.65,1,sem2_results,RES_S2_25881A6690_A9010,STU_25881A6690,SUB_2_A9010
25881A6690,SADALA MANISH REDDY,B,2,A9012,English Language and Communication Skills Laboratory,A,8.0,80.0,PASS,4.65,1,sem2_results,RES_S2_25881A6690_A9012,STU_25881A6690,SUB_2_A9012
25881A6690,SADALA MANISH REDDY,B,2,A9304,Computer Aided Engineering Graphics,B,6.0,60.0,PASS,4.65,1,sem2_results,RES_S2_25881A6690_A9304,STU_25881A6690,SUB_2_A9304
25881A6690,SADALA MANISH REDDY,B,2,A9402,Digital Electronics,C,5.0,50.0,PASS,4.65,1,sem2_results,RES_S2_25881A6690_A9402,STU_25881A6690,SUB_2_A9402
25881A6690,SADALA MANISH REDDY,B,2,A9002,Ordinary Differential Equations and Vector Calculus,F,0.0,0.0,FAIL,4.65,1,sem2_results,RES_S2_25881A6690_A9002,STU_25881A6690,SUB_2_A9002
25881A6690,SADALA MANISH REDDY,B,2,A9022,Product Design and Development,A+,9.0,90.0,PASS,4.65,1,sem2_results,RES_S2_25881A6690_A9022,STU_25881A6690,SUB_2_A9022
25881A6690,SADALA MANISH REDDY,B,2,A9503,Data Structures,C,5.0,50.0,PASS,4.65,1,sem2_results,RES_S2_25881A6690_A9503,STU_25881A6690,SUB_2_A9503
25881A6690,SADALA MANISH REDDY,B,2,A9504,Data Structures Laboratory,B,6.0,60.0,PASS,4.65,1,sem2_results,RES_S2_25881A6690_A9504,STU_25881A6690,SUB_2_A9504
25881A6691,MENDE MEGHANA,B,2,A9009,Engineering Chemistry,A,8.0,80.0,PASS,8.15,0,sem2_results,RES_S2_25881A6691_A9009,STU_25881A6691,SUB_2_A9009
25881A6691,MENDE MEGHANA,B,2,A9011,English for Skills Enhancement,A+,9.0,90.0,PASS,8.15,0,sem2_results,RES_S2_25881A6691_A9011,STU_25881A6691,SUB_2_A9011
25881A6691,MENDE MEGHANA,B,2,A9010,Engineering Chemistry Laboratory,A+,9.0,90.0,PASS,8.15,0,sem2_results,RES_S2_25881A6691_A9010,STU_25881A6691,SUB_2_A9010
25881A6691,MENDE MEGHANA,B,2,A9012,English Language and Communication Skills Laboratory,A,8.0,80.0,PASS,8.15,0,sem2_results,RES_S2_25881A6691_A9012,STU_25881A6691,SUB_2_A9012
25881A6691,MENDE MEGHANA,B,2,A9304,Computer Aided Engineering Graphics,B+,7.0,70.0,PASS,8.15,0,sem2_results,RES_S2_25881A6691_A9304,STU_25881A6691,SUB_2_A9304
25881A6691,MENDE MEGHANA,B,2,A9402,Digital Electronics,A,8.0,80.0,PASS,8.15,0,sem2_results,RES_S2_25881A6691_A9402,STU_25881A6691,SUB_2_A9402
25881A6691,MENDE MEGHANA,B,2,A9002,Ordinary Differential Equations and Vector Calculus,B+,7.0,70.0,PASS,8.15,0,sem2_results,RES_S2_25881A6691_A9002,STU_25881A6691,SUB_2_A9002
25881A6691,MENDE MEGHANA,B,2,A9022,Product Design and Development,A+,9.0,90.0,PASS,8.15,0,sem2_results,RES_S2_25881A6691_A9022,STU_25881A6691,SUB_2_A9022
25881A6691,MENDE MEGHANA,B,2,A9503,Data Structures,A+,9.0,90.0,PASS,8.15,0,sem2_results,RES_S2_25881A6691_A9503,STU_25881A6691,SUB_2_A9503
25881A6691,MENDE MEGHANA,B,2,A9504,Data Structures Laboratory,A+,9.0,90.0,PASS,8.15,0,sem2_results,RES_S2_25881A6691_A9504,STU_25881A6691,SUB_2_A9504
25881A6692,NADIKATTU NAGA SHIVANI,B,2,A9009,Engineering Chemistry,A+,9.0,90.0,PASS,8.9,0,sem2_results,RES_S2_25881A6692_A9009,STU_25881A6692,SUB_2_A9009
25881A6692,NADIKATTU NAGA SHIVANI,B,2,A9011,English for Skills Enhancement,A+,9.0,90.0,PASS,8.9,0,sem2_results,RES_S2_25881A6692_A9011,STU_25881A6692,SUB_2_A9011
25881A6692,NADIKATTU NAGA SHIVANI,B,2,A9010,Engineering Chemistry Laboratory,O,10.0,100.0,PASS,8.9,0,sem2_results,RES_S2_25881A6692_A9010,STU_25881A6692,SUB_2_A9010
25881A6692,NADIKATTU NAGA SHIVANI,B,2,A9012,English Language and Communication Skills Laboratory,A+,9.0,90.0,PASS,8.9,0,sem2_results,RES_S2_25881A6692_A9012,STU_25881A6692,SUB_2_A9012
25881A6692,NADIKATTU NAGA SHIVANI,B,2,A9304,Computer Aided Engineering Graphics,A,8.0,80.0,PASS,8.9,0,sem2_results,RES_S2_25881A6692_A9304,STU_25881A6692,SUB_2_A9304
25881A6692,NADIKATTU NAGA SHIVANI,B,2,A9402,Digital Electronics,A+,9.0,90.0,PASS,8.9,0,sem2_results,RES_S2_25881A6692_A9402,STU_25881A6692,SUB_2_A9402
25881A6692,NADIKATTU NAGA SHIVANI,B,2,A9002,Ordinary Differential Equations and Vector Calculus,A+,9.0,90.0,PASS,8.9,0,sem2_results,RES_S2_25881A6692_A9002,STU_25881A6692,SUB_2_A9002
25881A6692,NADIKATTU NAGA SHIVANI,B,2,A9022,Product Design and Development,A+,9.0,90.0,PASS,8.9,0,sem2_results,RES_S2_25881A6692_A9022,STU_25881A6692,SUB_2_A9022
25881A6692,NADIKATTU NAGA SHIVANI,B,2,A9503,Data Structures,A,8.0,80.0,PASS,8.9,0,sem2_results,RES_S2_25881A6692_A9503,STU_25881A6692,SUB_2_A9503
25881A6692,NADIKATTU NAGA SHIVANI,B,2,A9504,Data Structures Laboratory,O,10.0,100.0,PASS,8.9,0,sem2_results,RES_S2_25881A6692_A9504,STU_25881A6692,SUB_2_A9504
25881A6693,BATHULA NIHARIKA,B,2,A9009,Engineering Chemistry,O,10.0,100.0,PASS,9.7,0,sem2_results,RES_S2_25881A6693_A9009,STU_25881A6693,SUB_2_A9009
25881A6693,BATHULA NIHARIKA,B,2,A9011,English for Skills Enhancement,A,8.0,80.0,PASS,9.7,0,sem2_results,RES_S2_25881A6693_A9011,STU_25881A6693,SUB_2_A9011
25881A6693,BATHULA NIHARIKA,B,2,A9010,Engineering Chemistry Laboratory,O,10.0,100.0,PASS,9.7,0,sem2_results,RES_S2_25881A6693_A9010,STU_25881A6693,SUB_2_A9010
25881A6693,BATHULA NIHARIKA,B,2,A9012,English Language and Communication Skills Laboratory,A+,9.0,90.0,PASS,9.7,0,sem2_results,RES_S2_25881A6693_A9012,STU_25881A6693,SUB_2_A9012
25881A6693,BATHULA NIHARIKA,B,2,A9304,Computer Aided Engineering Graphics,O,10.0,100.0,PASS,9.7,0,sem2_results,RES_S2_25881A6693_A9304,STU_25881A6693,SUB_2_A9304
25881A6693,BATHULA NIHARIKA,B,2,A9402,Digital Electronics,O,10.0,100.0,PASS,9.7,0,sem2_results,RES_S2_25881A6693_A9402,STU_25881A6693,SUB_2_A9402
25881A6693,BATHULA NIHARIKA,B,2,A9002,Ordinary Differential Equations and Vector Calculus,O,10.0,100.0,PASS,9.7,0,sem2_results,RES_S2_25881A6693_A9002,STU_25881A6693,SUB_2_A9002
25881A6693,BATHULA NIHARIKA,B,2,A9022,Product Design and Development,A+,9.0,90.0,PASS,9.7,0,sem2_results,RES_S2_25881A6693_A9022,STU_25881A6693,SUB_2_A9022
25881A6693,BATHULA NIHARIKA,B,2,A9503,Data Structures,O,10.0,100.0,PASS,9.7,0,sem2_results,RES_S2_25881A6693_A9503,STU_25881A6693,SUB_2_A9503
25881A6693,BATHULA NIHARIKA,B,2,A9504,Data Structures Laboratory,O,10.0,100.0,PASS,9.7,0,sem2_results,RES_S2_25881A6693_A9504,STU_25881A6693,SUB_2_A9504
25881A6694,GOGGA PRADEEP,B,2,A9009,Engineering Chemistry,B+,7.0,70.0,PASS,7.2,0,sem2_results,RES_S2_25881A6694_A9009,STU_25881A6694,SUB_2_A9009
25881A6694,GOGGA PRADEEP,B,2,A9011,English for Skills Enhancement,A,8.0,80.0,PASS,7.2,0,sem2_results,RES_S2_25881A6694_A9011,STU_25881A6694,SUB_2_A9011
25881A6694,GOGGA PRADEEP,B,2,A9010,Engineering Chemistry Laboratory,A,8.0,80.0,PASS,7.2,0,sem2_results,RES_S2_25881A6694_A9010,STU_25881A6694,SUB_2_A9010
25881A6694,GOGGA PRADEEP,B,2,A9012,English Language and Communication Skills Laboratory,A+,9.0,90.0,PASS,7.2,0,sem2_results,RES_S2_25881A6694_A9012,STU_25881A6694,SUB_2_A9012
25881A6694,GOGGA PRADEEP,B,2,A9304,Computer Aided Engineering Graphics,A,8.0,80.0,PASS,7.2,0,sem2_results,RES_S2_25881A6694_A9304,STU_25881A6694,SUB_2_A9304
25881A6694,GOGGA PRADEEP,B,2,A9402,Digital Electronics,B+,7.0,70.0,PASS,7.2,0,sem2_results,RES_S2_25881A6694_A9402,STU_25881A6694,SUB_2_A9402
25881A6694,GOGGA PRADEEP,B,2,A9002,Ordinary Differential Equations and Vector Calculus,B,6.0,60.0,PASS,7.2,0,sem2_results,RES_S2_25881A6694_A9002,STU_25881A6694,SUB_2_A9002
25881A6694,GOGGA PRADEEP,B,2,A9022,Product Design and Development,O,10.0,100.0,PASS,7.2,0,sem2_results,RES_S2_25881A6694_A9022,STU_25881A6694,SUB_2_A9022
25881A6694,GOGGA PRADEEP,B,2,A9503,Data Structures,B,6.0,60.0,PASS,7.2,0,sem2_results,RES_S2_25881A6694_A9503,STU_25881A6694,SUB_2_A9503
25881A6694,GOGGA PRADEEP,B,2,A9504,Data Structures Laboratory,A+,9.0,90.0,PASS,7.2,0,sem2_results,RES_S2_25881A6694_A9504,STU_25881A6694,SUB_2_A9504
25881A6695,CHINNAPAGA PRASHANH KUMAR,B,2,A9009,Engineering Chemistry,B,6.0,60.0,PASS,7.05,0,sem2_results,RES_S2_25881A6695_A9009,STU_25881A6695,SUB_2_A9009
25881A6695,CHINNAPAGA PRASHANH KUMAR,B,2,A9011,English for Skills Enhancement,A,8.0,80.0,PASS,7.05,0,sem2_results,RES_S2_25881A6695_A9011,STU_25881A6695,SUB_2_A9011
25881A6695,CHINNAPAGA PRASHANH KUMAR,B,2,A9010,Engineering Chemistry Laboratory,A,8.0,80.0,PASS,7.05,0,sem2_results,RES_S2_25881A6695_A9010,STU_25881A6695,SUB_2_A9010
25881A6695,CHINNAPAGA PRASHANH KUMAR,B,2,A9012,English Language and Communication Skills Laboratory,A+,9.0,90.0,PASS,7.05,0,sem2_results,RES_S2_25881A6695_A9012,STU_25881A6695,SUB_2_A9012
25881A6695,CHINNAPAGA PRASHANH KUMAR,B,2,A9304,Computer Aided Engineering Graphics,B+,7.0,70.0,PASS,7.05,0,sem2_results,RES_S2_25881A6695_A9304,STU_25881A6695,SUB_2_A9304
25881A6695,CHINNAPAGA PRASHANH KUMAR,B,2,A9402,Digital Electronics,B+,7.0,70.0,PASS,7.05,0,sem2_results,RES_S2_25881A6695_A9402,STU_25881A6695,SUB_2_A9402
25881A6695,CHINNAPAGA PRASHANH KUMAR,B,2,A9002,Ordinary Differential Equations and Vector Calculus,B,6.0,60.0,PASS,7.05,0,sem2_results,RES_S2_25881A6695_A9002,STU_25881A6695,SUB_2_A9002
25881A6695,CHINNAPAGA PRASHANH KUMAR,B,2,A9022,Product Design and Development,O,10.0,100.0,PASS,7.05,0,sem2_results,RES_S2_25881A6695_A9022,STU_25881A6695,SUB_2_A9022
25881A6695,CHINNAPAGA PRASHANH KUMAR,B,2,A9503,Data Structures,B+,7.0,70.0,PASS,7.05,0,sem2_results,RES_S2_25881A6695_A9503,STU_25881A6695,SUB_2_A9503
25881A6695,CHINNAPAGA PRASHANH KUMAR,B,2,A9504,Data Structures Laboratory,B+,7.0,70.0,PASS,7.05,0,sem2_results,RES_S2_25881A6695_A9504,STU_25881A6695,SUB_2_A9504
25881A6696,BUKYA PRAVEEN KUMAR,B,2,A9009,Engineering Chemistry,A,8.0,80.0,PASS,8.45,0,sem2_results,RES_S2_25881A6696_A9009,STU_25881A6696,SUB_2_A9009
25881A6696,BUKYA PRAVEEN KUMAR,B,2,A9011,English for Skills Enhancement,A,8.0,80.0,PASS,8.45,0,sem2_results,RES_S2_25881A6696_A9011,STU_25881A6696,SUB_2_A9011
25881A6696,BUKYA PRAVEEN KUMAR,B,2,A9010,Engineering Chemistry Laboratory,A+,9.0,90.0,PASS,8.45,0,sem2_results,RES_S2_25881A6696_A9010,STU_25881A6696,SUB_2_A9010
25881A6696,BUKYA PRAVEEN KUMAR,B,2,A9012,English Language and Communication Skills Laboratory,A+,9.0,90.0,PASS,8.45,0,sem2_results,RES_S2_25881A6696_A9012,STU_25881A6696,SUB_2_A9012
25881A6696,BUKYA PRAVEEN KUMAR,B,2,A9304,Computer Aided Engineering Graphics,A+,9.0,90.0,PASS,8.45,0,sem2_results,RES_S2_25881A6696_A9304,STU_25881A6696,SUB_2_A9304
25881A6696,BUKYA PRAVEEN KUMAR,B,2,A9402,Digital Electronics,A,8.0,80.0,PASS,8.45,0,sem2_results,RES_S2_25881A6696_A9402,STU_25881A6696,SUB_2_A9402
25881A6696,BUKYA PRAVEEN KUMAR,B,2,A9002,Ordinary Differential Equations and Vector Calculus,A+,9.0,90.0,PASS,8.45,0,sem2_results,RES_S2_25881A6696_A9002,STU_25881A6696,SUB_2_A9002
25881A6696,BUKYA PRAVEEN KUMAR,B,2,A9022,Product Design and Development,O,10.0,100.0,PASS,8.45,0,sem2_results,RES_S2_25881A6696_A9022,STU_25881A6696,SUB_2_A9022
25881A6696,BUKYA PRAVEEN KUMAR,B,2,A9503,Data Structures,A,8.0,80.0,PASS,8.45,0,sem2_results,RES_S2_25881A6696_A9503,STU_25881A6696,SUB_2_A9503
25881A6696,BUKYA PRAVEEN KUMAR,B,2,A9504,Data Structures Laboratory,A,8.0,80.0,PASS,8.45,0,sem2_results,RES_S2_25881A6696_A9504,STU_25881A6696,SUB_2_A9504
25881A6697,K RAGHAVENDRA,B,2,A9009,Engineering Chemistry,A,8.0,80.0,PASS,8.3,0,sem2_results,RES_S2_25881A6697_A9009,STU_25881A6697,SUB_2_A9009
25881A6697,K RAGHAVENDRA,B,2,A9011,English for Skills Enhancement,B+,7.0,70.0,PASS,8.3,0,sem2_results,RES_S2_25881A6697_A9011,STU_25881A6697,SUB_2_A9011
25881A6697,K RAGHAVENDRA,B,2,A9010,Engineering Chemistry Laboratory,A+,9.0,90.0,PASS,8.3,0,sem2_results,RES_S2_25881A6697_A9010,STU_25881A6697,SUB_2_A9010
25881A6697,K RAGHAVENDRA,B,2,A9012,English Language and Communication Skills Laboratory,A+,9.0,90.0,PASS,8.3,0,sem2_results,RES_S2_25881A6697_A9012,STU_25881A6697,SUB_2_A9012
25881A6697,K RAGHAVENDRA,B,2,A9304,Computer Aided Engineering Graphics,A,8.0,80.0,PASS,8.3,0,sem2_results,RES_S2_25881A6697_A9304,STU_25881A6697,SUB_2_A9304
25881A6697,K RAGHAVENDRA,B,2,A9402,Digital Electronics,A+,9.0,90.0,PASS,8.3,0,sem2_results,RES_S2_25881A6697_A9402,STU_25881A6697,SUB_2_A9402
25881A6697,K RAGHAVENDRA,B,2,A9002,Ordinary Differential Equations and Vector Calculus,A+,9.0,90.0,PASS,8.3,0,sem2_results,RES_S2_25881A6697_A9002,STU_25881A6697,SUB_2_A9002
25881A6697,K RAGHAVENDRA,B,2,A9022,Product Design and Development,A+,9.0,90.0,PASS,8.3,0,sem2_results,RES_S2_25881A6697_A9022,STU_25881A6697,SUB_2_A9022
25881A6697,K RAGHAVENDRA,B,2,A9503,Data Structures,B+,7.0,70.0,PASS,8.3,0,sem2_results,RES_S2_25881A6697_A9503,STU_25881A6697,SUB_2_A9503
25881A6697,K RAGHAVENDRA,B,2,A9504,Data Structures Laboratory,A+,9.0,90.0,PASS,8.3,0,sem2_results,RES_S2_25881A6697_A9504,STU_25881A6697,SUB_2_A9504
25881A6698,YELLAREDDY RAGHAVENDRA REDDY,B,2,A9009,Engineering Chemistry,B+,7.0,70.0,PASS,7.4,0,sem2_results,RES_S2_25881A6698_A9009,STU_25881A6698,SUB_2_A9009
25881A6698,YELLAREDDY RAGHAVENDRA REDDY,B,2,A9011,English for Skills Enhancement,A,8.0,80.0,PASS,7.4,0,sem2_results,RES_S2_25881A6698_A9011,STU_25881A6698,SUB_2_A9011
25881A6698,YELLAREDDY RAGHAVENDRA REDDY,B,2,A9010,Engineering Chemistry Laboratory,A+,9.0,90.0,PASS,7.4,0,sem2_results,RES_S2_25881A6698_A9010,STU_25881A6698,SUB_2_A9010
25881A6698,YELLAREDDY RAGHAVENDRA REDDY,B,2,A9012,English Language and Communication Skills Laboratory,A+,9.0,90.0,PASS,7.4,0,sem2_results,RES_S2_25881A6698_A9012,STU_25881A6698,SUB_2_A9012
25881A6698,YELLAREDDY RAGHAVENDRA REDDY,B,2,A9304,Computer Aided Engineering Graphics,B,6.0,60.0,PASS,7.4,0,sem2_results,RES_S2_25881A6698_A9304,STU_25881A6698,SUB_2_A9304
25881A6698,YELLAREDDY RAGHAVENDRA REDDY,B,2,A9402,Digital Electronics,A,8.0,80.0,PASS,7.4,0,sem2_results,RES_S2_25881A6698_A9402,STU_25881A6698,SUB_2_A9402
25881A6698,YELLAREDDY RAGHAVENDRA REDDY,B,2,A9002,Ordinary Differential Equations and Vector Calculus,B,6.0,60.0,PASS,7.4,0,sem2_results,RES_S2_25881A6698_A9002,STU_25881A6698,SUB_2_A9002
25881A6698,YELLAREDDY RAGHAVENDRA REDDY,B,2,A9022,Product Design and Development,O,10.0,100.0,PASS,7.4,0,sem2_results,RES_S2_25881A6698_A9022,STU_25881A6698,SUB_2_A9022
25881A6698,YELLAREDDY RAGHAVENDRA REDDY,B,2,A9503,Data Structures,B+,7.0,70.0,PASS,7.4,0,sem2_results,RES_S2_25881A6698_A9503,STU_25881A6698,SUB_2_A9503
25881A6698,YELLAREDDY RAGHAVENDRA REDDY,B,2,A9504,Data Structures Laboratory,A,8.0,80.0,PASS,7.4,0,sem2_results,RES_S2_25881A6698_A9504,STU_25881A6698,SUB_2_A9504
25881A6699,RAJEEV KUMAR SINGH,B,2,A9009,Engineering Chemistry,A,8.0,80.0,PASS,8.25,0,sem2_results,RES_S2_25881A6699_A9009,STU_25881A6699,SUB_2_A9009
25881A6699,RAJEEV KUMAR SINGH,B,2,A9011,English for Skills Enhancement,A+,9.0,90.0,PASS,8.25,0,sem2_results,RES_S2_25881A6699_A9011,STU_25881A6699,SUB_2_A9011
25881A6699,RAJEEV KUMAR SINGH,B,2,A9010,Engineering Chemistry Laboratory,A+,9.0,90.0,PASS,8.25,0,sem2_results,RES_S2_25881A6699_A9010,STU_25881A6699,SUB_2_A9010
25881A6699,RAJEEV KUMAR SINGH,B,2,A9012,English Language and Communication Skills Laboratory,O,10.0,100.0,PASS,8.25,0,sem2_results,RES_S2_25881A6699_A9012,STU_25881A6699,SUB_2_A9012
25881A6699,RAJEEV KUMAR SINGH,B,2,A9304,Computer Aided Engineering Graphics,B+,7.0,70.0,PASS,8.25,0,sem2_results,RES_S2_25881A6699_A9304,STU_25881A6699,SUB_2_A9304
25881A6699,RAJEEV KUMAR SINGH,B,2,A9402,Digital Electronics,A,8.0,80.0,PASS,8.25,0,sem2_results,RES_S2_25881A6699_A9402,STU_25881A6699,SUB_2_A9402
25881A6699,RAJEEV KUMAR SINGH,B,2,A9002,Ordinary Differential Equations and Vector Calculus,A,8.0,80.0,PASS,8.25,0,sem2_results,RES_S2_25881A6699_A9002,STU_25881A6699,SUB_2_A9002
25881A6699,RAJEEV KUMAR SINGH,B,2,A9022,Product Design and Development,O,10.0,100.0,PASS,8.25,0,sem2_results,RES_S2_25881A6699_A9022,STU_25881A6699,SUB_2_A9022
25881A6699,RAJEEV KUMAR SINGH,B,2,A9503,Data Structures,A,8.0,80.0,PASS,8.25,0,sem2_results,RES_S2_25881A6699_A9503,STU_25881A6699,SUB_2_A9503
25881A6699,RAJEEV KUMAR SINGH,B,2,A9504,Data Structures Laboratory,B+,7.0,70.0,PASS,8.25,0,sem2_results,RES_S2_25881A6699_A9504,STU_25881A6699,SUB_2_A9504
25881A66A0,SATTOOR RITESH GOUD,B,2,A9009,Engineering Chemistry,B,6.0,60.0,PASS,7.2,0,sem2_results,RES_S2_25881A66A0_A9009,STU_25881A66A0,SUB_2_A9009
25881A66A0,SATTOOR RITESH GOUD,B,2,A9011,English for Skills Enhancement,A,8.0,80.0,PASS,7.2,0,sem2_results,RES_S2_25881A66A0_A9011,STU_25881A66A0,SUB_2_A9011
25881A66A0,SATTOOR RITESH GOUD,B,2,A9010,Engineering Chemistry Laboratory,B+,7.0,70.0,PASS,7.2,0,sem2_results,RES_S2_25881A66A0_A9010,STU_25881A66A0,SUB_2_A9010
25881A66A0,SATTOOR RITESH GOUD,B,2,A9012,English Language and Communication Skills Laboratory,O,10.0,100.0,PASS,7.2,0,sem2_results,RES_S2_25881A66A0_A9012,STU_25881A66A0,SUB_2_A9012
25881A66A0,SATTOOR RITESH GOUD,B,2,A9304,Computer Aided Engineering Graphics,A+,9.0,90.0,PASS,7.2,0,sem2_results,RES_S2_25881A66A0_A9304,STU_25881A66A0,SUB_2_A9304
25881A66A0,SATTOOR RITESH GOUD,B,2,A9402,Digital Electronics,B+,7.0,70.0,PASS,7.2,0,sem2_results,RES_S2_25881A66A0_A9402,STU_25881A66A0,SUB_2_A9402
25881A66A0,SATTOOR RITESH GOUD,B,2,A9002,Ordinary Differential Equations and Vector Calculus,C,5.0,50.0,PASS,7.2,0,sem2_results,RES_S2_25881A66A0_A9002,STU_25881A66A0,SUB_2_A9002
25881A66A0,SATTOOR RITESH GOUD,B,2,A9022,Product Design and Development,O,10.0,100.0,PASS,7.2,0,sem2_results,RES_S2_25881A66A0_A9022,STU_25881A66A0,SUB_2_A9022
25881A66A0,SATTOOR RITESH GOUD,B,2,A9503,Data Structures,A,8.0,80.0,PASS,7.2,0,sem2_results,RES_S2_25881A66A0_A9503,STU_25881A66A0,SUB_2_A9503
25881A66A0,SATTOOR RITESH GOUD,B,2,A9504,Data Structures Laboratory,A+,9.0,90.0,PASS,7.2,0,sem2_results,RES_S2_25881A66A0_A9504,STU_25881A66A0,SUB_2_A9504
25881A66A1,GURRALA RITHWICK REDDY,B,2,A9009,Engineering Chemistry,F,0.0,0.0,FAIL,2.5,4,sem2_results,RES_S2_25881A66A1_A9009,STU_25881A66A1,SUB_2_A9009
25881A66A1,GURRALA RITHWICK REDDY,B,2,A9011,English for Skills Enhancement,F,0.0,0.0,FAIL,2.5,4,sem2_results,RES_S2_25881A66A1_A9011,STU_25881A66A1,SUB_2_A9011
25881A66A1,GURRALA RITHWICK REDDY,B,2,A9010,Engineering Chemistry Laboratory,B,6.0,60.0,PASS,2.5,4,sem2_results,RES_S2_25881A66A1_A9010,STU_25881A66A1,SUB_2_A9010
25881A66A1,GURRALA RITHWICK REDDY,B,2,A9012,English Language and Communication Skills Laboratory,A,8.0,80.0,PASS,2.5,4,sem2_results,RES_S2_25881A66A1_A9012,STU_25881A66A1,SUB_2_A9012
25881A66A1,GURRALA RITHWICK REDDY,B,2,A9304,Computer Aided Engineering Graphics,C,5.0,50.0,PASS,2.5,4,sem2_results,RES_S2_25881A66A1_A9304,STU_25881A66A1,SUB_2_A9304
25881A66A1,GURRALA RITHWICK REDDY,B,2,A9402,Digital Electronics,C,5.0,50.0,PASS,2.5,4,sem2_results,RES_S2_25881A66A1_A9402,STU_25881A66A1,SUB_2_A9402
25881A66A1,GURRALA RITHWICK REDDY,B,2,A9002,Ordinary Differential Equations and Vector Calculus,F,0.0,0.0,FAIL,2.5,4,sem2_results,RES_S2_25881A66A1_A9002,STU_25881A66A1,SUB_2_A9002
25881A66A1,GURRALA RITHWICK REDDY,B,2,A9022,Product Design and Development,A+,9.0,90.0,PASS,2.5,4,sem2_results,RES_S2_25881A66A1_A9022,STU_25881A66A1,SUB_2_A9022
25881A66A1,GURRALA RITHWICK REDDY,B,2,A9503,Data Structures,F,0.0,0.0,FAIL,2.5,4,sem2_results,RES_S2_25881A66A1_A9503,STU_25881A66A1,SUB_2_A9503
25881A66A1,GURRALA RITHWICK REDDY,B,2,A9504,Data Structures Laboratory,B+,7.0,70.0,PASS,2.5,4,sem2_results,RES_S2_25881A66A1_A9504,STU_25881A66A1,SUB_2_A9504
25881A66A2,CHUNCHU ROHITH SRINIVAS,B,2,A9009,Engineering Chemistry,B+,7.0,70.0,PASS,7.95,0,sem2_results,RES_S2_25881A66A2_A9009,STU_25881A66A2,SUB_2_A9009
25881A66A2,CHUNCHU ROHITH SRINIVAS,B,2,A9011,English for Skills Enhancement,B+,7.0,70.0,PASS,7.95,0,sem2_results,RES_S2_25881A66A2_A9011,STU_25881A66A2,SUB_2_A9011
25881A66A2,CHUNCHU ROHITH SRINIVAS,B,2,A9010,Engineering Chemistry Laboratory,A+,9.0,90.0,PASS,7.95,0,sem2_results,RES_S2_25881A66A2_A9010,STU_25881A66A2,SUB_2_A9010
25881A66A2,CHUNCHU ROHITH SRINIVAS,B,2,A9012,English Language and Communication Skills Laboratory,A+,9.0,90.0,PASS,7.95,0,sem2_results,RES_S2_25881A66A2_A9012,STU_25881A66A2,SUB_2_A9012
25881A66A2,CHUNCHU ROHITH SRINIVAS,B,2,A9304,Computer Aided Engineering Graphics,A+,9.0,90.0,PASS,7.95,0,sem2_results,RES_S2_25881A66A2_A9304,STU_25881A66A2,SUB_2_A9304
25881A66A2,CHUNCHU ROHITH SRINIVAS,B,2,A9402,Digital Electronics,A,8.0,80.0,PASS,7.95,0,sem2_results,RES_S2_25881A66A2_A9402,STU_25881A66A2,SUB_2_A9402
25881A66A2,CHUNCHU ROHITH SRINIVAS,B,2,A9002,Ordinary Differential Equations and Vector Calculus,A,8.0,80.0,PASS,7.95,0,sem2_results,RES_S2_25881A66A2_A9002,STU_25881A66A2,SUB_2_A9002
25881A66A2,CHUNCHU ROHITH SRINIVAS,B,2,A9022,Product Design and Development,O,10.0,100.0,PASS,7.95,0,sem2_results,RES_S2_25881A66A2_A9022,STU_25881A66A2,SUB_2_A9022
25881A66A2,CHUNCHU ROHITH SRINIVAS,B,2,A9503,Data Structures,A,8.0,80.0,PASS,7.95,0,sem2_results,RES_S2_25881A66A2_A9503,STU_25881A66A2,SUB_2_A9503
25881A66A2,CHUNCHU ROHITH SRINIVAS,B,2,A9504,Data Structures Laboratory,B+,7.0,70.0,PASS,7.95,0,sem2_results,RES_S2_25881A66A2_A9504,STU_25881A66A2,SUB_2_A9504
25881A66A3,RUDHRATEJA CHITHARU,B,2,A9009,Engineering Chemistry,B+,7.0,70.0,PASS,7.8,0,sem2_results,RES_S2_25881A66A3_A9009,STU_25881A66A3,SUB_2_A9009
25881A66A3,RUDHRATEJA CHITHARU,B,2,A9011,English for Skills Enhancement,A,8.0,80.0,PASS,7.8,0,sem2_results,RES_S2_25881A66A3_A9011,STU_25881A66A3,SUB_2_A9011
25881A66A3,RUDHRATEJA CHITHARU,B,2,A9010,Engineering Chemistry Laboratory,A+,9.0,90.0,PASS,7.8,0,sem2_results,RES_S2_25881A66A3_A9010,STU_25881A66A3,SUB_2_A9010
25881A66A3,RUDHRATEJA CHITHARU,B,2,A9012,English Language and Communication Skills Laboratory,O,10.0,100.0,PASS,7.8,0,sem2_results,RES_S2_25881A66A3_A9012,STU_25881A66A3,SUB_2_A9012
25881A66A3,RUDHRATEJA CHITHARU,B,2,A9304,Computer Aided Engineering Graphics,A,8.0,80.0,PASS,7.8,0,sem2_results,RES_S2_25881A66A3_A9304,STU_25881A66A3,SUB_2_A9304
25881A66A3,RUDHRATEJA CHITHARU,B,2,A9402,Digital Electronics,A,8.0,80.0,PASS,7.8,0,sem2_results,RES_S2_25881A66A3_A9402,STU_25881A66A3,SUB_2_A9402
25881A66A3,RUDHRATEJA CHITHARU,B,2,A9002,Ordinary Differential Equations and Vector Calculus,A,8.0,80.0,PASS,7.8,0,sem2_results,RES_S2_25881A66A3_A9002,STU_25881A66A3,SUB_2_A9002
25881A66A3,RUDHRATEJA CHITHARU,B,2,A9022,Product Design and Development,O,10.0,100.0,PASS,7.8,0,sem2_results,RES_S2_25881A66A3_A9022,STU_25881A66A3,SUB_2_A9022
25881A66A3,RUDHRATEJA CHITHARU,B,2,A9503,Data Structures,B,6.0,60.0,PASS,7.8,0,sem2_results,RES_S2_25881A66A3_A9503,STU_25881A66A3,SUB_2_A9503
25881A66A3,RUDHRATEJA CHITHARU,B,2,A9504,Data Structures Laboratory,A,8.0,80.0,PASS,7.8,0,sem2_results,RES_S2_25881A66A3_A9504,STU_25881A66A3,SUB_2_A9504
25881A66A4,TUSAMBAD RUTHIKA,B,2,A9009,Engineering Chemistry,B+,7.0,70.0,PASS,7.55,0,sem2_results,RES_S2_25881A66A4_A9009,STU_25881A66A4,SUB_2_A9009
25881A66A4,TUSAMBAD RUTHIKA,B,2,A9011,English for Skills Enhancement,A+,9.0,90.0,PASS,7.55,0,sem2_results,RES_S2_25881A66A4_A9011,STU_25881A66A4,SUB_2_A9011
25881A66A4,TUSAMBAD RUTHIKA,B,2,A9010,Engineering Chemistry Laboratory,A,8.0,80.0,PASS,7.55,0,sem2_results,RES_S2_25881A66A4_A9010,STU_25881A66A4,SUB_2_A9010
25881A66A4,TUSAMBAD RUTHIKA,B,2,A9012,English Language and Communication Skills Laboratory,A+,9.0,90.0,PASS,7.55,0,sem2_results,RES_S2_25881A66A4_A9012,STU_25881A66A4,SUB_2_A9012
25881A66A4,TUSAMBAD RUTHIKA,B,2,A9304,Computer Aided Engineering Graphics,A,8.0,80.0,PASS,7.55,0,sem2_results,RES_S2_25881A66A4_A9304,STU_25881A66A4,SUB_2_A9304
25881A66A4,TUSAMBAD RUTHIKA,B,2,A9402,Digital Electronics,B+,7.0,70.0,PASS,7.55,0,sem2_results,RES_S2_25881A66A4_A9402,STU_25881A66A4,SUB_2_A9402
25881A66A4,TUSAMBAD RUTHIKA,B,2,A9002,Ordinary Differential Equations and Vector Calculus,B,6.0,60.0,PASS,7.55,0,sem2_results,RES_S2_25881A66A4_A9002,STU_25881A66A4,SUB_2_A9002
25881A66A4,TUSAMBAD RUTHIKA,B,2,A9022,Product Design and Development,A+,9.0,90.0,PASS,7.55,0,sem2_results,RES_S2_25881A66A4_A9022,STU_25881A66A4,SUB_2_A9022
25881A66A4,TUSAMBAD RUTHIKA,B,2,A9503,Data Structures,A,8.0,80.0,PASS,7.55,0,sem2_results,RES_S2_25881A66A4_A9503,STU_25881A66A4,SUB_2_A9503
25881A66A4,TUSAMBAD RUTHIKA,B,2,A9504,Data Structures Laboratory,A+,9.0,90.0,PASS,7.55,0,sem2_results,RES_S2_25881A66A4_A9504,STU_25881A66A4,SUB_2_A9504
25881A66A5,DONALA SAHASRA,B,2,A9009,Engineering Chemistry,B+,7.0,70.0,PASS,6.15,1,sem2_results,RES_S2_25881A66A5_A9009,STU_25881A66A5,SUB_2_A9009
25881A66A5,DONALA SAHASRA,B,2,A9011,English for Skills Enhancement,A,8.0,80.0,PASS,6.15,1,sem2_results,RES_S2_25881A66A5_A9011,STU_25881A66A5,SUB_2_A9011
25881A66A5,DONALA SAHASRA,B,2,A9010,Engineering Chemistry Laboratory,A,8.0,80.0,PASS,6.15,1,sem2_results,RES_S2_25881A66A5_A9010,STU_25881A66A5,SUB_2_A9010
25881A66A5,DONALA SAHASRA,B,2,A9012,English Language and Communication Skills Laboratory,A,8.0,80.0,PASS,6.15,1,sem2_results,RES_S2_25881A66A5_A9012,STU_25881A66A5,SUB_2_A9012
25881A66A5,DONALA SAHASRA,B,2,A9304,Computer Aided Engineering Graphics,A+,9.0,90.0,PASS,6.15,1,sem2_results,RES_S2_25881A66A5_A9304,STU_25881A66A5,SUB_2_A9304
25881A66A5,DONALA SAHASRA,B,2,A9402,Digital Electronics,B,6.0,60.0,PASS,6.15,1,sem2_results,RES_S2_25881A66A5_A9402,STU_25881A66A5,SUB_2_A9402
25881A66A5,DONALA SAHASRA,B,2,A9002,Ordinary Differential Equations and Vector Calculus,F,0.0,0.0,FAIL,6.15,1,sem2_results,RES_S2_25881A66A5_A9002,STU_25881A66A5,SUB_2_A9002
25881A66A5,DONALA SAHASRA,B,2,A9022,Product Design and Development,O,10.0,100.0,PASS,6.15,1,sem2_results,RES_S2_25881A66A5_A9022,STU_25881A66A5,SUB_2_A9022
25881A66A5,DONALA SAHASRA,B,2,A9503,Data Structures,A,8.0,80.0,PASS,6.15,1,sem2_results,RES_S2_25881A66A5_A9503,STU_25881A66A5,SUB_2_A9503
25881A66A5,DONALA SAHASRA,B,2,A9504,Data Structures Laboratory,A+,9.0,90.0,PASS,6.15,1,sem2_results,RES_S2_25881A66A5_A9504,STU_25881A66A5,SUB_2_A9504
25881A66A6,AKKAPELLI SAI SUSHANTH,B,2,A9009,Engineering Chemistry,A,8.0,80.0,PASS,8.25,0,sem2_results,RES_S2_25881A66A6_A9009,STU_25881A66A6,SUB_2_A9009
25881A66A6,AKKAPELLI SAI SUSHANTH,B,2,A9011,English for Skills Enhancement,A,8.0,80.0,PASS,8.25,0,sem2_results,RES_S2_25881A66A6_A9011,STU_25881A66A6,SUB_2_A9011
25881A66A6,AKKAPELLI SAI SUSHANTH,B,2,A9010,Engineering Chemistry Laboratory,A+,9.0,90.0,PASS,8.25,0,sem2_results,RES_S2_25881A66A6_A9010,STU_25881A66A6,SUB_2_A9010
25881A66A6,AKKAPELLI SAI SUSHANTH,B,2,A9012,English Language and Communication Skills Laboratory,A+,9.0,90.0,PASS,8.25,0,sem2_results,RES_S2_25881A66A6_A9012,STU_25881A66A6,SUB_2_A9012
25881A66A6,AKKAPELLI SAI SUSHANTH,B,2,A9304,Computer Aided Engineering Graphics,B+,7.0,70.0,PASS,8.25,0,sem2_results,RES_S2_25881A66A6_A9304,STU_25881A66A6,SUB_2_A9304
25881A66A6,AKKAPELLI SAI SUSHANTH,B,2,A9402,Digital Electronics,A,8.0,80.0,PASS,8.25,0,sem2_results,RES_S2_25881A66A6_A9402,STU_25881A66A6,SUB_2_A9402
25881A66A6,AKKAPELLI SAI SUSHANTH,B,2,A9002,Ordinary Differential Equations and Vector Calculus,A+,9.0,90.0,PASS,8.25,0,sem2_results,RES_S2_25881A66A6_A9002,STU_25881A66A6,SUB_2_A9002
25881A66A6,AKKAPELLI SAI SUSHANTH,B,2,A9022,Product Design and Development,A+,9.0,90.0,PASS,8.25,0,sem2_results,RES_S2_25881A66A6_A9022,STU_25881A66A6,SUB_2_A9022
25881A66A6,AKKAPELLI SAI SUSHANTH,B,2,A9503,Data Structures,A,8.0,80.0,PASS,8.25,0,sem2_results,RES_S2_25881A66A6_A9503,STU_25881A66A6,SUB_2_A9503
25881A66A6,AKKAPELLI SAI SUSHANTH,B,2,A9504,Data Structures Laboratory,B+,7.0,70.0,PASS,8.25,0,sem2_results,RES_S2_25881A66A6_A9504,STU_25881A66A6,SUB_2_A9504
25881A66A7,BHEEMA SAI RINISH REDDY,B,2,A9009,Engineering Chemistry,A,8.0,80.0,PASS,8.35,0,sem2_results,RES_S2_25881A66A7_A9009,STU_25881A66A7,SUB_2_A9009
25881A66A7,BHEEMA SAI RINISH REDDY,B,2,A9011,English for Skills Enhancement,A,8.0,80.0,PASS,8.35,0,sem2_results,RES_S2_25881A66A7_A9011,STU_25881A66A7,SUB_2_A9011
25881A66A7,BHEEMA SAI RINISH REDDY,B,2,A9010,Engineering Chemistry Laboratory,A+,9.0,90.0,PASS,8.35,0,sem2_results,RES_S2_25881A66A7_A9010,STU_25881A66A7,SUB_2_A9010
25881A66A7,BHEEMA SAI RINISH REDDY,B,2,A9012,English Language and Communication Skills Laboratory,A,8.0,80.0,PASS,8.35,0,sem2_results,RES_S2_25881A66A7_A9012,STU_25881A66A7,SUB_2_A9012
25881A66A7,BHEEMA SAI RINISH REDDY,B,2,A9304,Computer Aided Engineering Graphics,A,8.0,80.0,PASS,8.35,0,sem2_results,RES_S2_25881A66A7_A9304,STU_25881A66A7,SUB_2_A9304
25881A66A7,BHEEMA SAI RINISH REDDY,B,2,A9402,Digital Electronics,A,8.0,80.0,PASS,8.35,0,sem2_results,RES_S2_25881A66A7_A9402,STU_25881A66A7,SUB_2_A9402
25881A66A7,BHEEMA SAI RINISH REDDY,B,2,A9002,Ordinary Differential Equations and Vector Calculus,A,8.0,80.0,PASS,8.35,0,sem2_results,RES_S2_25881A66A7_A9002,STU_25881A66A7,SUB_2_A9002
25881A66A7,BHEEMA SAI RINISH REDDY,B,2,A9022,Product Design and Development,O,10.0,100.0,PASS,8.35,0,sem2_results,RES_S2_25881A66A7_A9022,STU_25881A66A7,SUB_2_A9022
25881A66A7,BHEEMA SAI RINISH REDDY,B,2,A9503,Data Structures,A+,9.0,90.0,PASS,8.35,0,sem2_results,RES_S2_25881A66A7_A9503,STU_25881A66A7,SUB_2_A9503
25881A66A7,BHEEMA SAI RINISH REDDY,B,2,A9504,Data Structures Laboratory,A+,9.0,90.0,PASS,8.35,0,sem2_results,RES_S2_25881A66A7_A9504,STU_25881A66A7,SUB_2_A9504
25881A66A8,KOMATIREDDY SAI VARSHITHA,B,2,A9009,Engineering Chemistry,A,8.0,80.0,PASS,8.75,0,sem2_results,RES_S2_25881A66A8_A9009,STU_25881A66A8,SUB_2_A9009
25881A66A8,KOMATIREDDY SAI VARSHITHA,B,2,A9011,English for Skills Enhancement,A+,9.0,90.0,PASS,8.75,0,sem2_results,RES_S2_25881A66A8_A9011,STU_25881A66A8,SUB_2_A9011
25881A66A8,KOMATIREDDY SAI VARSHITHA,B,2,A9010,Engineering Chemistry Laboratory,A+,9.0,90.0,PASS,8.75,0,sem2_results,RES_S2_25881A66A8_A9010,STU_25881A66A8,SUB_2_A9010
25881A66A8,KOMATIREDDY SAI VARSHITHA,B,2,A9012,English Language and Communication Skills Laboratory,O,10.0,100.0,PASS,8.75,0,sem2_results,RES_S2_25881A66A8_A9012,STU_25881A66A8,SUB_2_A9012
25881A66A8,KOMATIREDDY SAI VARSHITHA,B,2,A9304,Computer Aided Engineering Graphics,O,10.0,100.0,PASS,8.75,0,sem2_results,RES_S2_25881A66A8_A9304,STU_25881A66A8,SUB_2_A9304
25881A66A8,KOMATIREDDY SAI VARSHITHA,B,2,A9402,Digital Electronics,O,10.0,100.0,PASS,8.75,0,sem2_results,RES_S2_25881A66A8_A9402,STU_25881A66A8,SUB_2_A9402
25881A66A8,KOMATIREDDY SAI VARSHITHA,B,2,A9002,Ordinary Differential Equations and Vector Calculus,A,8.0,80.0,PASS,8.75,0,sem2_results,RES_S2_25881A66A8_A9002,STU_25881A66A8,SUB_2_A9002
25881A66A8,KOMATIREDDY SAI VARSHITHA,B,2,A9022,Product Design and Development,A+,9.0,90.0,PASS,8.75,0,sem2_results,RES_S2_25881A66A8_A9022,STU_25881A66A8,SUB_2_A9022
25881A66A8,KOMATIREDDY SAI VARSHITHA,B,2,A9503,Data Structures,A,8.0,80.0,PASS,8.75,0,sem2_results,RES_S2_25881A66A8_A9503,STU_25881A66A8,SUB_2_A9503
25881A66A8,KOMATIREDDY SAI VARSHITHA,B,2,A9504,Data Structures Laboratory,A+,9.0,90.0,PASS,8.75,0,sem2_results,RES_S2_25881A66A8_A9504,STU_25881A66A8,SUB_2_A9504
25881A66A9,MUNIGALA SAI RAJ,B,2,A9009,Engineering Chemistry,B,6.0,60.0,PASS,6.1,1,sem2_results,RES_S2_25881A66A9_A9009,STU_25881A66A9,SUB_2_A9009
25881A66A9,MUNIGALA SAI RAJ,B,2,A9011,English for Skills Enhancement,A,8.0,80.0,PASS,6.1,1,sem2_results,RES_S2_25881A66A9_A9011,STU_25881A66A9,SUB_2_A9011
25881A66A9,MUNIGALA SAI RAJ,B,2,A9010,Engineering Chemistry Laboratory,A+,9.0,90.0,PASS,6.1,1,sem2_results,RES_S2_25881A66A9_A9010,STU_25881A66A9,SUB_2_A9010
25881A66A9,MUNIGALA SAI RAJ,B,2,A9012,English Language and Communication Skills Laboratory,O,10.0,100.0,PASS,6.1,1,sem2_results,RES_S2_25881A66A9_A9012,STU_25881A66A9,SUB_2_A9012
25881A66A9,MUNIGALA SAI RAJ,B,2,A9304,Computer Aided Engineering Graphics,B+,7.0,70.0,PASS,6.1,1,sem2_results,RES_S2_25881A66A9_A9304,STU_25881A66A9,SUB_2_A9304
25881A66A9,MUNIGALA SAI RAJ,B,2,A9402,Digital Electronics,B+,7.0,70.0,PASS,6.1,1,sem2_results,RES_S2_25881A66A9_A9402,STU_25881A66A9,SUB_2_A9402
25881A66A9,MUNIGALA SAI RAJ,B,2,A9002,Ordinary Differential Equations and Vector Calculus,B,6.0,60.0,PASS,6.1,1,sem2_results,RES_S2_25881A66A9_A9002,STU_25881A66A9,SUB_2_A9002
25881A66A9,MUNIGALA SAI RAJ,B,2,A9022,Product Design and Development,A+,9.0,90.0,PASS,6.1,1,sem2_results,RES_S2_25881A66A9_A9022,STU_25881A66A9,SUB_2_A9022
25881A66A9,MUNIGALA SAI RAJ,B,2,A9503,Data Structures,F,0.0,0.0,FAIL,6.1,1,sem2_results,RES_S2_25881A66A9_A9503,STU_25881A66A9,SUB_2_A9503
25881A66A9,MUNIGALA SAI RAJ,B,2,A9504,Data Structures Laboratory,A,8.0,80.0,PASS,6.1,1,sem2_results,RES_S2_25881A66A9_A9504,STU_25881A66A9,SUB_2_A9504
25881A66B0,PATLOLLA SAI JASHWANTH REDDY,B,2,A9009,Engineering Chemistry,A,8.0,80.0,PASS,7.85,0,sem2_results,RES_S2_25881A66B0_A9009,STU_25881A66B0,SUB_2_A9009
25881A66B0,PATLOLLA SAI JASHWANTH REDDY,B,2,A9011,English for Skills Enhancement,B+,7.0,70.0,PASS,7.85,0,sem2_results,RES_S2_25881A66B0_A9011,STU_25881A66B0,SUB_2_A9011
25881A66B0,PATLOLLA SAI JASHWANTH REDDY,B,2,A9010,Engineering Chemistry Laboratory,A+,9.0,90.0,PASS,7.85,0,sem2_results,RES_S2_25881A66B0_A9010,STU_25881A66B0,SUB_2_A9010
25881A66B0,PATLOLLA SAI JASHWANTH REDDY,B,2,A9012,English Language and Communication Skills Laboratory,A,8.0,80.0,PASS,7.85,0,sem2_results,RES_S2_25881A66B0_A9012,STU_25881A66B0,SUB_2_A9012
25881A66B0,PATLOLLA SAI JASHWANTH REDDY,B,2,A9304,Computer Aided Engineering Graphics,A,8.0,80.0,PASS,7.85,0,sem2_results,RES_S2_25881A66B0_A9304,STU_25881A66B0,SUB_2_A9304
25881A66B0,PATLOLLA SAI JASHWANTH REDDY,B,2,A9402,Digital Electronics,A+,9.0,90.0,PASS,7.85,0,sem2_results,RES_S2_25881A66B0_A9402,STU_25881A66B0,SUB_2_A9402
25881A66B0,PATLOLLA SAI JASHWANTH REDDY,B,2,A9002,Ordinary Differential Equations and Vector Calculus,B,6.0,60.0,PASS,7.85,0,sem2_results,RES_S2_25881A66B0_A9002,STU_25881A66B0,SUB_2_A9002
25881A66B0,PATLOLLA SAI JASHWANTH REDDY,B,2,A9022,Product Design and Development,O,10.0,100.0,PASS,7.85,0,sem2_results,RES_S2_25881A66B0_A9022,STU_25881A66B0,SUB_2_A9022
25881A66B0,PATLOLLA SAI JASHWANTH REDDY,B,2,A9503,Data Structures,A,8.0,80.0,PASS,7.85,0,sem2_results,RES_S2_25881A66B0_A9503,STU_25881A66B0,SUB_2_A9503
25881A66B0,PATLOLLA SAI JASHWANTH REDDY,B,2,A9504,Data Structures Laboratory,A+,9.0,90.0,PASS,7.85,0,sem2_results,RES_S2_25881A66B0_A9504,STU_25881A66B0,SUB_2_A9504
25881A66B1,THUMU SAI KARTHIK,B,2,A9009,Engineering Chemistry,B+,7.0,70.0,PASS,7.25,0,sem2_results,RES_S2_25881A66B1_A9009,STU_25881A66B1,SUB_2_A9009
25881A66B1,THUMU SAI KARTHIK,B,2,A9011,English for Skills Enhancement,A,8.0,80.0,PASS,7.25,0,sem2_results,RES_S2_25881A66B1_A9011,STU_25881A66B1,SUB_2_A9011
25881A66B1,THUMU SAI KARTHIK,B,2,A9010,Engineering Chemistry Laboratory,A+,9.0,90.0,PASS,7.25,0,sem2_results,RES_S2_25881A66B1_A9010,STU_25881A66B1,SUB_2_A9010
25881A66B1,THUMU SAI KARTHIK,B,2,A9012,English Language and Communication Skills Laboratory,A+,9.0,90.0,PASS,7.25,0,sem2_results,RES_S2_25881A66B1_A9012,STU_25881A66B1,SUB_2_A9012
25881A66B1,THUMU SAI KARTHIK,B,2,A9304,Computer Aided Engineering Graphics,B,6.0,60.0,PASS,7.25,0,sem2_results,RES_S2_25881A66B1_A9304,STU_25881A66B1,SUB_2_A9304
25881A66B1,THUMU SAI KARTHIK,B,2,A9402,Digital Electronics,B+,7.0,70.0,PASS,7.25,0,sem2_results,RES_S2_25881A66B1_A9402,STU_25881A66B1,SUB_2_A9402
25881A66B1,THUMU SAI KARTHIK,B,2,A9002,Ordinary Differential Equations and Vector Calculus,B+,7.0,70.0,PASS,7.25,0,sem2_results,RES_S2_25881A66B1_A9002,STU_25881A66B1,SUB_2_A9002
25881A66B1,THUMU SAI KARTHIK,B,2,A9022,Product Design and Development,O,10.0,100.0,PASS,7.25,0,sem2_results,RES_S2_25881A66B1_A9022,STU_25881A66B1,SUB_2_A9022
25881A66B1,THUMU SAI KARTHIK,B,2,A9503,Data Structures,B,6.0,60.0,PASS,7.25,0,sem2_results,RES_S2_25881A66B1_A9503,STU_25881A66B1,SUB_2_A9503
25881A66B1,THUMU SAI KARTHIK,B,2,A9504,Data Structures Laboratory,B+,7.0,70.0,PASS,7.25,0,sem2_results,RES_S2_25881A66B1_A9504,STU_25881A66B1,SUB_2_A9504
25881A66B2,KARNATI SAINITHIN,B,2,A9009,Engineering Chemistry,B+,7.0,70.0,PASS,7.35,0,sem2_results,RES_S2_25881A66B2_A9009,STU_25881A66B2,SUB_2_A9009
25881A66B2,KARNATI SAINITHIN,B,2,A9011,English for Skills Enhancement,B+,7.0,70.0,PASS,7.35,0,sem2_results,RES_S2_25881A66B2_A9011,STU_25881A66B2,SUB_2_A9011
25881A66B2,KARNATI SAINITHIN,B,2,A9010,Engineering Chemistry Laboratory,A+,9.0,90.0,PASS,7.35,0,sem2_results,RES_S2_25881A66B2_A9010,STU_25881A66B2,SUB_2_A9010
25881A66B2,KARNATI SAINITHIN,B,2,A9012,English Language and Communication Skills Laboratory,A+,9.0,90.0,PASS,7.35,0,sem2_results,RES_S2_25881A66B2_A9012,STU_25881A66B2,SUB_2_A9012
25881A66B2,KARNATI SAINITHIN,B,2,A9304,Computer Aided Engineering Graphics,A+,9.0,90.0,PASS,7.35,0,sem2_results,RES_S2_25881A66B2_A9304,STU_25881A66B2,SUB_2_A9304
25881A66B2,KARNATI SAINITHIN,B,2,A9402,Digital Electronics,B+,7.0,70.0,PASS,7.35,0,sem2_results,RES_S2_25881A66B2_A9402,STU_25881A66B2,SUB_2_A9402
25881A66B2,KARNATI SAINITHIN,B,2,A9002,Ordinary Differential Equations and Vector Calculus,B,6.0,60.0,PASS,7.35,0,sem2_results,RES_S2_25881A66B2_A9002,STU_25881A66B2,SUB_2_A9002
25881A66B2,KARNATI SAINITHIN,B,2,A9022,Product Design and Development,O,10.0,100.0,PASS,7.35,0,sem2_results,RES_S2_25881A66B2_A9022,STU_25881A66B2,SUB_2_A9022
25881A66B2,KARNATI SAINITHIN,B,2,A9503,Data Structures,B+,7.0,70.0,PASS,7.35,0,sem2_results,RES_S2_25881A66B2_A9503,STU_25881A66B2,SUB_2_A9503
25881A66B2,KARNATI SAINITHIN,B,2,A9504,Data Structures Laboratory,A+,9.0,90.0,PASS,7.35,0,sem2_results,RES_S2_25881A66B2_A9504,STU_25881A66B2,SUB_2_A9504
25881A66B3,INDLA SAKETHA RAM,B,2,A9009,Engineering Chemistry,A,8.0,80.0,PASS,8.6,0,sem2_results,RES_S2_25881A66B3_A9009,STU_25881A66B3,SUB_2_A9009
25881A66B3,INDLA SAKETHA RAM,B,2,A9011,English for Skills Enhancement,A+,9.0,90.0,PASS,8.6,0,sem2_results,RES_S2_25881A66B3_A9011,STU_25881A66B3,SUB_2_A9011
25881A66B3,INDLA SAKETHA RAM,B,2,A9010,Engineering Chemistry Laboratory,A+,9.0,90.0,PASS,8.6,0,sem2_results,RES_S2_25881A66B3_A9010,STU_25881A66B3,SUB_2_A9010
25881A66B3,INDLA SAKETHA RAM,B,2,A9012,English Language and Communication Skills Laboratory,O,10.0,100.0,PASS,8.6,0,sem2_results,RES_S2_25881A66B3_A9012,STU_25881A66B3,SUB_2_A9012
25881A66B3,INDLA SAKETHA RAM,B,2,A9304,Computer Aided Engineering Graphics,A,8.0,80.0,PASS,8.6,0,sem2_results,RES_S2_25881A66B3_A9304,STU_25881A66B3,SUB_2_A9304
25881A66B3,INDLA SAKETHA RAM,B,2,A9402,Digital Electronics,A,8.0,80.0,PASS,8.6,0,sem2_results,RES_S2_25881A66B3_A9402,STU_25881A66B3,SUB_2_A9402
25881A66B3,INDLA SAKETHA RAM,B,2,A9002,Ordinary Differential Equations and Vector Calculus,A,8.0,80.0,PASS,8.6,0,sem2_results,RES_S2_25881A66B3_A9002,STU_25881A66B3,SUB_2_A9002
25881A66B3,INDLA SAKETHA RAM,B,2,A9022,Product Design and Development,O,10.0,100.0,PASS,8.6,0,sem2_results,RES_S2_25881A66B3_A9022,STU_25881A66B3,SUB_2_A9022
25881A66B3,INDLA SAKETHA RAM,B,2,A9503,Data Structures,A+,9.0,90.0,PASS,8.6,0,sem2_results,RES_S2_25881A66B3_A9503,STU_25881A66B3,SUB_2_A9503
25881A66B3,INDLA SAKETHA RAM,B,2,A9504,Data Structures Laboratory,O,10.0,100.0,PASS,8.6,0,sem2_results,RES_S2_25881A66B3_A9504,STU_25881A66B3,SUB_2_A9504
25881A66B4,MOHAMMAD SAMI,B,2,A9009,Engineering Chemistry,B,6.0,60.0,PASS,5.65,1,sem2_results,RES_S2_25881A66B4_A9009,STU_25881A66B4,SUB_2_A9009
25881A66B4,MOHAMMAD SAMI,B,2,A9011,English for Skills Enhancement,A,8.0,80.0,PASS,5.65,1,sem2_results,RES_S2_25881A66B4_A9011,STU_25881A66B4,SUB_2_A9011
25881A66B4,MOHAMMAD SAMI,B,2,A9010,Engineering Chemistry Laboratory,B+,7.0,70.0,PASS,5.65,1,sem2_results,RES_S2_25881A66B4_A9010,STU_25881A66B4,SUB_2_A9010
25881A66B4,MOHAMMAD SAMI,B,2,A9012,English Language and Communication Skills Laboratory,A,8.0,80.0,PASS,5.65,1,sem2_results,RES_S2_25881A66B4_A9012,STU_25881A66B4,SUB_2_A9012
25881A66B4,MOHAMMAD SAMI,B,2,A9304,Computer Aided Engineering Graphics,C,5.0,50.0,PASS,5.65,1,sem2_results,RES_S2_25881A66B4_A9304,STU_25881A66B4,SUB_2_A9304
25881A66B4,MOHAMMAD SAMI,B,2,A9402,Digital Electronics,B+,7.0,70.0,PASS,5.65,1,sem2_results,RES_S2_25881A66B4_A9402,STU_25881A66B4,SUB_2_A9402
25881A66B4,MOHAMMAD SAMI,B,2,A9002,Ordinary Differential Equations and Vector Calculus,F,0.0,0.0,FAIL,5.65,1,sem2_results,RES_S2_25881A66B4_A9002,STU_25881A66B4,SUB_2_A9002
25881A66B4,MOHAMMAD SAMI,B,2,A9022,Product Design and Development,A+,9.0,90.0,PASS,5.65,1,sem2_results,RES_S2_25881A66B4_A9022,STU_25881A66B4,SUB_2_A9022
25881A66B4,MOHAMMAD SAMI,B,2,A9503,Data Structures,B+,7.0,70.0,PASS,5.65,1,sem2_results,RES_S2_25881A66B4_A9503,STU_25881A66B4,SUB_2_A9503
25881A66B4,MOHAMMAD SAMI,B,2,A9504,Data Structures Laboratory,A,8.0,80.0,PASS,5.65,1,sem2_results,RES_S2_25881A66B4_A9504,STU_25881A66B4,SUB_2_A9504
25881A66B6,THASHAMSHETTY SATHWIK,B,2,A9009,Engineering Chemistry,F,0.0,0.0,FAIL,2.35,4,sem2_results,RES_S2_25881A66B6_A9009,STU_25881A66B6,SUB_2_A9009
25881A66B6,THASHAMSHETTY SATHWIK,B,2,A9011,English for Skills Enhancement,B+,7.0,70.0,PASS,2.35,4,sem2_results,RES_S2_25881A66B6_A9011,STU_25881A66B6,SUB_2_A9011
25881A66B6,THASHAMSHETTY SATHWIK,B,2,A9010,Engineering Chemistry Laboratory,B,6.0,60.0,PASS,2.35,4,sem2_results,RES_S2_25881A66B6_A9010,STU_25881A66B6,SUB_2_A9010
25881A66B6,THASHAMSHETTY SATHWIK,B,2,A9012,English Language and Communication Skills Laboratory,B+,7.0,70.0,PASS,2.35,4,sem2_results,RES_S2_25881A66B6_A9012,STU_25881A66B6,SUB_2_A9012
25881A66B6,THASHAMSHETTY SATHWIK,B,2,A9304,Computer Aided Engineering Graphics,C,5.0,50.0,PASS,2.35,4,sem2_results,RES_S2_25881A66B6_A9304,STU_25881A66B6,SUB_2_A9304
25881A66B6,THASHAMSHETTY SATHWIK,B,2,A9402,Digital Electronics,F,0.0,0.0,FAIL,2.35,4,sem2_results,RES_S2_25881A66B6_A9402,STU_25881A66B6,SUB_2_A9402
25881A66B6,THASHAMSHETTY SATHWIK,B,2,A9002,Ordinary Differential Equations and Vector Calculus,F,0.0,0.0,FAIL,2.35,4,sem2_results,RES_S2_25881A66B6_A9002,STU_25881A66B6,SUB_2_A9002
25881A66B6,THASHAMSHETTY SATHWIK,B,2,A9022,Product Design and Development,A,8.0,80.0,PASS,2.35,4,sem2_results,RES_S2_25881A66B6_A9022,STU_25881A66B6,SUB_2_A9022
25881A66B6,THASHAMSHETTY SATHWIK,B,2,A9503,Data Structures,F,0.0,0.0,FAIL,2.35,4,sem2_results,RES_S2_25881A66B6_A9503,STU_25881A66B6,SUB_2_A9503
25881A66B6,THASHAMSHETTY SATHWIK,B,2,A9504,Data Structures Laboratory,B+,7.0,70.0,PASS,2.35,4,sem2_results,RES_S2_25881A66B6_A9504,STU_25881A66B6,SUB_2_A9504
25881A66B7,NENAVATH SAVITHA,B,2,A9009,Engineering Chemistry,A+,9.0,90.0,PASS,9.1,0,sem2_results,RES_S2_25881A66B7_A9009,STU_25881A66B7,SUB_2_A9009
25881A66B7,NENAVATH SAVITHA,B,2,A9011,English for Skills Enhancement,B+,7.0,70.0,PASS,9.1,0,sem2_results,RES_S2_25881A66B7_A9011,STU_25881A66B7,SUB_2_A9011
25881A66B7,NENAVATH SAVITHA,B,2,A9010,Engineering Chemistry Laboratory,A+,9.0,90.0,PASS,9.1,0,sem2_results,RES_S2_25881A66B7_A9010,STU_25881A66B7,SUB_2_A9010
25881A66B7,NENAVATH SAVITHA,B,2,A9012,English Language and Communication Skills Laboratory,A+,9.0,90.0,PASS,9.1,0,sem2_results,RES_S2_25881A66B7_A9012,STU_25881A66B7,SUB_2_A9012
25881A66B7,NENAVATH SAVITHA,B,2,A9304,Computer Aided Engineering Graphics,O,10.0,100.0,PASS,9.1,0,sem2_results,RES_S2_25881A66B7_A9304,STU_25881A66B7,SUB_2_A9304
25881A66B7,NENAVATH SAVITHA,B,2,A9402,Digital Electronics,O,10.0,100.0,PASS,9.1,0,sem2_results,RES_S2_25881A66B7_A9402,STU_25881A66B7,SUB_2_A9402
25881A66B7,NENAVATH SAVITHA,B,2,A9002,Ordinary Differential Equations and Vector Calculus,A+,9.0,90.0,PASS,9.1,0,sem2_results,RES_S2_25881A66B7_A9002,STU_25881A66B7,SUB_2_A9002
25881A66B7,NENAVATH SAVITHA,B,2,A9022,Product Design and Development,O,10.0,100.0,PASS,9.1,0,sem2_results,RES_S2_25881A66B7_A9022,STU_25881A66B7,SUB_2_A9022
25881A66B7,NENAVATH SAVITHA,B,2,A9503,Data Structures,A+,9.0,90.0,PASS,9.1,0,sem2_results,RES_S2_25881A66B7_A9503,STU_25881A66B7,SUB_2_A9503
25881A66B7,NENAVATH SAVITHA,B,2,A9504,Data Structures Laboratory,O,10.0,100.0,PASS,9.1,0,sem2_results,RES_S2_25881A66B7_A9504,STU_25881A66B7,SUB_2_A9504
25881A66B8,KOLAN SHARNIKA,B,2,A9009,Engineering Chemistry,A,8.0,80.0,PASS,7.7,0,sem2_results,RES_S2_25881A66B8_A9009,STU_25881A66B8,SUB_2_A9009
25881A66B8,KOLAN SHARNIKA,B,2,A9011,English for Skills Enhancement,A,8.0,80.0,PASS,7.7,0,sem2_results,RES_S2_25881A66B8_A9011,STU_25881A66B8,SUB_2_A9011
25881A66B8,KOLAN SHARNIKA,B,2,A9010,Engineering Chemistry Laboratory,A,8.0,80.0,PASS,7.7,0,sem2_results,RES_S2_25881A66B8_A9010,STU_25881A66B8,SUB_2_A9010
25881A66B8,KOLAN SHARNIKA,B,2,A9012,English Language and Communication Skills Laboratory,A+,9.0,90.0,PASS,7.7,0,sem2_results,RES_S2_25881A66B8_A9012,STU_25881A66B8,SUB_2_A9012
25881A66B8,KOLAN SHARNIKA,B,2,A9304,Computer Aided Engineering Graphics,A+,9.0,90.0,PASS,7.7,0,sem2_results,RES_S2_25881A66B8_A9304,STU_25881A66B8,SUB_2_A9304
25881A66B8,KOLAN SHARNIKA,B,2,A9402,Digital Electronics,A,8.0,80.0,PASS,7.7,0,sem2_results,RES_S2_25881A66B8_A9402,STU_25881A66B8,SUB_2_A9402
25881A66B8,KOLAN SHARNIKA,B,2,A9002,Ordinary Differential Equations and Vector Calculus,B,6.0,60.0,PASS,7.7,0,sem2_results,RES_S2_25881A66B8_A9002,STU_25881A66B8,SUB_2_A9002
25881A66B8,KOLAN SHARNIKA,B,2,A9022,Product Design and Development,O,10.0,100.0,PASS,7.7,0,sem2_results,RES_S2_25881A66B8_A9022,STU_25881A66B8,SUB_2_A9022
25881A66B8,KOLAN SHARNIKA,B,2,A9503,Data Structures,B+,7.0,70.0,PASS,7.7,0,sem2_results,RES_S2_25881A66B8_A9503,STU_25881A66B8,SUB_2_A9503
25881A66B8,KOLAN SHARNIKA,B,2,A9504,Data Structures Laboratory,A+,9.0,90.0,PASS,7.7,0,sem2_results,RES_S2_25881A66B8_A9504,STU_25881A66B8,SUB_2_A9504
25881A66B9,NALLELA SHIVA,B,2,A9009,Engineering Chemistry,A,8.0,80.0,PASS,8.25,0,sem2_results,RES_S2_25881A66B9_A9009,STU_25881A66B9,SUB_2_A9009
25881A66B9,NALLELA SHIVA,B,2,A9011,English for Skills Enhancement,B+,7.0,70.0,PASS,8.25,0,sem2_results,RES_S2_25881A66B9_A9011,STU_25881A66B9,SUB_2_A9011
25881A66B9,NALLELA SHIVA,B,2,A9010,Engineering Chemistry Laboratory,A+,9.0,90.0,PASS,8.25,0,sem2_results,RES_S2_25881A66B9_A9010,STU_25881A66B9,SUB_2_A9010
25881A66B9,NALLELA SHIVA,B,2,A9012,English Language and Communication Skills Laboratory,O,10.0,100.0,PASS,8.25,0,sem2_results,RES_S2_25881A66B9_A9012,STU_25881A66B9,SUB_2_A9012
25881A66B9,NALLELA SHIVA,B,2,A9304,Computer Aided Engineering Graphics,C,5.0,50.0,PASS,8.25,0,sem2_results,RES_S2_25881A66B9_A9304,STU_25881A66B9,SUB_2_A9304
25881A66B9,NALLELA SHIVA,B,2,A9402,Digital Electronics,B+,7.0,70.0,PASS,8.25,0,sem2_results,RES_S2_25881A66B9_A9402,STU_25881A66B9,SUB_2_A9402
25881A66B9,NALLELA SHIVA,B,2,A9002,Ordinary Differential Equations and Vector Calculus,A+,9.0,90.0,PASS,8.25,0,sem2_results,RES_S2_25881A66B9_A9002,STU_25881A66B9,SUB_2_A9002
25881A66B9,NALLELA SHIVA,B,2,A9022,Product Design and Development,O,10.0,100.0,PASS,8.25,0,sem2_results,RES_S2_25881A66B9_A9022,STU_25881A66B9,SUB_2_A9022
25881A66B9,NALLELA SHIVA,B,2,A9503,Data Structures,A+,9.0,90.0,PASS,8.25,0,sem2_results,RES_S2_25881A66B9_A9503,STU_25881A66B9,SUB_2_A9503
25881A66B9,NALLELA SHIVA,B,2,A9504,Data Structures Laboratory,A+,9.0,90.0,PASS,8.25,0,sem2_results,RES_S2_25881A66B9_A9504,STU_25881A66B9,SUB_2_A9504
25881A66C0,BUDDULA SHRIVALLI,B,2,A9009,Engineering Chemistry,C,5.0,50.0,PASS,4.1,2,sem2_results,RES_S2_25881A66C0_A9009,STU_25881A66C0,SUB_2_A9009
25881A66C0,BUDDULA SHRIVALLI,B,2,A9011,English for Skills Enhancement,B+,7.0,70.0,PASS,4.1,2,sem2_results,RES_S2_25881A66C0_A9011,STU_25881A66C0,SUB_2_A9011
25881A66C0,BUDDULA SHRIVALLI,B,2,A9010,Engineering Chemistry Laboratory,B+,7.0,70.0,PASS,4.1,2,sem2_results,RES_S2_25881A66C0_A9010,STU_25881A66C0,SUB_2_A9010
25881A66C0,BUDDULA SHRIVALLI,B,2,A9012,English Language and Communication Skills Laboratory,A,8.0,80.0,PASS,4.1,2,sem2_results,RES_S2_25881A66C0_A9012,STU_25881A66C0,SUB_2_A9012
25881A66C0,BUDDULA SHRIVALLI,B,2,A9304,Computer Aided Engineering Graphics,B,6.0,60.0,PASS,4.1,2,sem2_results,RES_S2_25881A66C0_A9304,STU_25881A66C0,SUB_2_A9304
25881A66C0,BUDDULA SHRIVALLI,B,2,A9402,Digital Electronics,F,0.0,0.0,FAIL,4.1,2,sem2_results,RES_S2_25881A66C0_A9402,STU_25881A66C0,SUB_2_A9402
25881A66C0,BUDDULA SHRIVALLI,B,2,A9002,Ordinary Differential Equations and Vector Calculus,F,0.0,0.0,FAIL,4.1,2,sem2_results,RES_S2_25881A66C0_A9002,STU_25881A66C0,SUB_2_A9002
25881A66C0,BUDDULA SHRIVALLI,B,2,A9022,Product Design and Development,A+,9.0,90.0,PASS,4.1,2,sem2_results,RES_S2_25881A66C0_A9022,STU_25881A66C0,SUB_2_A9022
25881A66C0,BUDDULA SHRIVALLI,B,2,A9503,Data Structures,C,5.0,50.0,PASS,4.1,2,sem2_results,RES_S2_25881A66C0_A9503,STU_25881A66C0,SUB_2_A9503
25881A66C0,BUDDULA SHRIVALLI,B,2,A9504,Data Structures Laboratory,A,8.0,80.0,PASS,4.1,2,sem2_results,RES_S2_25881A66C0_A9504,STU_25881A66C0,SUB_2_A9504
25881A66C1,K SHRUTHI,B,2,A9009,Engineering Chemistry,A+,9.0,90.0,PASS,9.25,0,sem2_results,RES_S2_25881A66C1_A9009,STU_25881A66C1,SUB_2_A9009
25881A66C1,K SHRUTHI,B,2,A9011,English for Skills Enhancement,A,8.0,80.0,PASS,9.25,0,sem2_results,RES_S2_25881A66C1_A9011,STU_25881A66C1,SUB_2_A9011
25881A66C1,K SHRUTHI,B,2,A9010,Engineering Chemistry Laboratory,O,10.0,100.0,PASS,9.25,0,sem2_results,RES_S2_25881A66C1_A9010,STU_25881A66C1,SUB_2_A9010
25881A66C1,K SHRUTHI,B,2,A9012,English Language and Communication Skills Laboratory,A+,9.0,90.0,PASS,9.25,0,sem2_results,RES_S2_25881A66C1_A9012,STU_25881A66C1,SUB_2_A9012
25881A66C1,K SHRUTHI,B,2,A9304,Computer Aided Engineering Graphics,A+,9.0,90.0,PASS,9.25,0,sem2_results,RES_S2_25881A66C1_A9304,STU_25881A66C1,SUB_2_A9304
25881A66C1,K SHRUTHI,B,2,A9402,Digital Electronics,A+,9.0,90.0,PASS,9.25,0,sem2_results,RES_S2_25881A66C1_A9402,STU_25881A66C1,SUB_2_A9402
25881A66C1,K SHRUTHI,B,2,A9002,Ordinary Differential Equations and Vector Calculus,O,10.0,100.0,PASS,9.25,0,sem2_results,RES_S2_25881A66C1_A9002,STU_25881A66C1,SUB_2_A9002
25881A66C1,K SHRUTHI,B,2,A9022,Product Design and Development,O,10.0,100.0,PASS,9.25,0,sem2_results,RES_S2_25881A66C1_A9022,STU_25881A66C1,SUB_2_A9022
25881A66C1,K SHRUTHI,B,2,A9503,Data Structures,A+,9.0,90.0,PASS,9.25,0,sem2_results,RES_S2_25881A66C1_A9503,STU_25881A66C1,SUB_2_A9503
25881A66C1,K SHRUTHI,B,2,A9504,Data Structures Laboratory,O,10.0,100.0,PASS,9.25,0,sem2_results,RES_S2_25881A66C1_A9504,STU_25881A66C1,SUB_2_A9504
25881A66C2,NELLURI SMARAN,B,2,A9009,Engineering Chemistry,F,0.0,0.0,FAIL,3.0,3,sem2_results,RES_S2_25881A66C2_A9009,STU_25881A66C2,SUB_2_A9009
25881A66C2,NELLURI SMARAN,B,2,A9011,English for Skills Enhancement,B,6.0,60.0,PASS,3.0,3,sem2_results,RES_S2_25881A66C2_A9011,STU_25881A66C2,SUB_2_A9011
25881A66C2,NELLURI SMARAN,B,2,A9010,Engineering Chemistry Laboratory,B+,7.0,70.0,PASS,3.0,3,sem2_results,RES_S2_25881A66C2_A9010,STU_25881A66C2,SUB_2_A9010
25881A66C2,NELLURI SMARAN,B,2,A9012,English Language and Communication Skills Laboratory,B+,7.0,70.0,PASS,3.0,3,sem2_results,RES_S2_25881A66C2_A9012,STU_25881A66C2,SUB_2_A9012
25881A66C2,NELLURI SMARAN,B,2,A9304,Computer Aided Engineering Graphics,C,5.0,50.0,PASS,3.0,3,sem2_results,RES_S2_25881A66C2_A9304,STU_25881A66C2,SUB_2_A9304
25881A66C2,NELLURI SMARAN,B,2,A9402,Digital Electronics,C,5.0,50.0,PASS,3.0,3,sem2_results,RES_S2_25881A66C2_A9402,STU_25881A66C2,SUB_2_A9402
25881A66C2,NELLURI SMARAN,B,2,A9002,Ordinary Differential Equations and Vector Calculus,F,0.0,0.0,FAIL,3.0,3,sem2_results,RES_S2_25881A66C2_A9002,STU_25881A66C2,SUB_2_A9002
25881A66C2,NELLURI SMARAN,B,2,A9022,Product Design and Development,A,8.0,80.0,PASS,3.0,3,sem2_results,RES_S2_25881A66C2_A9022,STU_25881A66C2,SUB_2_A9022
25881A66C2,NELLURI SMARAN,B,2,A9503,Data Structures,F,0.0,0.0,FAIL,3.0,3,sem2_results,RES_S2_25881A66C2_A9503,STU_25881A66C2,SUB_2_A9503
25881A66C2,NELLURI SMARAN,B,2,A9504,Data Structures Laboratory,B,6.0,60.0,PASS,3.0,3,sem2_results,RES_S2_25881A66C2_A9504,STU_25881A66C2,SUB_2_A9504
25881A66C3,MARAVENI SPURTHI,B,2,A9009,Engineering Chemistry,A,8.0,80.0,PASS,8.65,0,sem2_results,RES_S2_25881A66C3_A9009,STU_25881A66C3,SUB_2_A9009
25881A66C3,MARAVENI SPURTHI,B,2,A9011,English for Skills Enhancement,A,8.0,80.0,PASS,8.65,0,sem2_results,RES_S2_25881A66C3_A9011,STU_25881A66C3,SUB_2_A9011
25881A66C3,MARAVENI SPURTHI,B,2,A9010,Engineering Chemistry Laboratory,O,10.0,100.0,PASS,8.65,0,sem2_results,RES_S2_25881A66C3_A9010,STU_25881A66C3,SUB_2_A9010
25881A66C3,MARAVENI SPURTHI,B,2,A9012,English Language and Communication Skills Laboratory,O,10.0,100.0,PASS,8.65,0,sem2_results,RES_S2_25881A66C3_A9012,STU_25881A66C3,SUB_2_A9012
25881A66C3,MARAVENI SPURTHI,B,2,A9304,Computer Aided Engineering Graphics,O,10.0,100.0,PASS,8.65,0,sem2_results,RES_S2_25881A66C3_A9304,STU_25881A66C3,SUB_2_A9304
25881A66C3,MARAVENI SPURTHI,B,2,A9402,Digital Electronics,A+,9.0,90.0,PASS,8.65,0,sem2_results,RES_S2_25881A66C3_A9402,STU_25881A66C3,SUB_2_A9402
25881A66C3,MARAVENI SPURTHI,B,2,A9002,Ordinary Differential Equations and Vector Calculus,A,8.0,80.0,PASS,8.65,0,sem2_results,RES_S2_25881A66C3_A9002,STU_25881A66C3,SUB_2_A9002
25881A66C3,MARAVENI SPURTHI,B,2,A9022,Product Design and Development,A,8.0,80.0,PASS,8.65,0,sem2_results,RES_S2_25881A66C3_A9022,STU_25881A66C3,SUB_2_A9022
25881A66C3,MARAVENI SPURTHI,B,2,A9503,Data Structures,A+,9.0,90.0,PASS,8.65,0,sem2_results,RES_S2_25881A66C3_A9503,STU_25881A66C3,SUB_2_A9503
25881A66C3,MARAVENI SPURTHI,B,2,A9504,Data Structures Laboratory,A+,9.0,90.0,PASS,8.65,0,sem2_results,RES_S2_25881A66C3_A9504,STU_25881A66C3,SUB_2_A9504
25881A66C4,BANTU TANU SRI,B,2,A9009,Engineering Chemistry,A+,9.0,90.0,PASS,9.25,0,sem2_results,RES_S2_25881A66C4_A9009,STU_25881A66C4,SUB_2_A9009
25881A66C4,BANTU TANU SRI,B,2,A9011,English for Skills Enhancement,A+,9.0,90.0,PASS,9.25,0,sem2_results,RES_S2_25881A66C4_A9011,STU_25881A66C4,SUB_2_A9011
25881A66C4,BANTU TANU SRI,B,2,A9010,Engineering Chemistry Laboratory,O,10.0,100.0,PASS,9.25,0,sem2_results,RES_S2_25881A66C4_A9010,STU_25881A66C4,SUB_2_A9010
25881A66C4,BANTU TANU SRI,B,2,A9012,English Language and Communication Skills Laboratory,O,10.0,100.0,PASS,9.25,0,sem2_results,RES_S2_25881A66C4_A9012,STU_25881A66C4,SUB_2_A9012
25881A66C4,BANTU TANU SRI,B,2,A9304,Computer Aided Engineering Graphics,O,10.0,100.0,PASS,9.25,0,sem2_results,RES_S2_25881A66C4_A9304,STU_25881A66C4,SUB_2_A9304
25881A66C4,BANTU TANU SRI,B,2,A9402,Digital Electronics,A+,9.0,90.0,PASS,9.25,0,sem2_results,RES_S2_25881A66C4_A9402,STU_25881A66C4,SUB_2_A9402
25881A66C4,BANTU TANU SRI,B,2,A9002,Ordinary Differential Equations and Vector Calculus,A+,9.0,90.0,PASS,9.25,0,sem2_results,RES_S2_25881A66C4_A9002,STU_25881A66C4,SUB_2_A9002
25881A66C4,BANTU TANU SRI,B,2,A9022,Product Design and Development,O,10.0,100.0,PASS,9.25,0,sem2_results,RES_S2_25881A66C4_A9022,STU_25881A66C4,SUB_2_A9022
25881A66C4,BANTU TANU SRI,B,2,A9503,Data Structures,A+,9.0,90.0,PASS,9.25,0,sem2_results,RES_S2_25881A66C4_A9503,STU_25881A66C4,SUB_2_A9503
25881A66C4,BANTU TANU SRI,B,2,A9504,Data Structures Laboratory,O,10.0,100.0,PASS,9.25,0,sem2_results,RES_S2_25881A66C4_A9504,STU_25881A66C4,SUB_2_A9504
25881A66C5,BHUKYA THARUN,B,2,A9009,Engineering Chemistry,C,5.0,50.0,PASS,6.85,0,sem2_results,RES_S2_25881A66C5_A9009,STU_25881A66C5,SUB_2_A9009
25881A66C5,BHUKYA THARUN,B,2,A9011,English for Skills Enhancement,B+,7.0,70.0,PASS,6.85,0,sem2_results,RES_S2_25881A66C5_A9011,STU_25881A66C5,SUB_2_A9011
25881A66C5,BHUKYA THARUN,B,2,A9010,Engineering Chemistry Laboratory,A,8.0,80.0,PASS,6.85,0,sem2_results,RES_S2_25881A66C5_A9010,STU_25881A66C5,SUB_2_A9010
25881A66C5,BHUKYA THARUN,B,2,A9012,English Language and Communication Skills Laboratory,A+,9.0,90.0,PASS,6.85,0,sem2_results,RES_S2_25881A66C5_A9012,STU_25881A66C5,SUB_2_A9012
25881A66C5,BHUKYA THARUN,B,2,A9304,Computer Aided Engineering Graphics,C,5.0,50.0,PASS,6.85,0,sem2_results,RES_S2_25881A66C5_A9304,STU_25881A66C5,SUB_2_A9304
25881A66C5,BHUKYA THARUN,B,2,A9402,Digital Electronics,B,6.0,60.0,PASS,6.85,0,sem2_results,RES_S2_25881A66C5_A9402,STU_25881A66C5,SUB_2_A9402
25881A66C5,BHUKYA THARUN,B,2,A9002,Ordinary Differential Equations and Vector Calculus,B,6.0,60.0,PASS,6.85,0,sem2_results,RES_S2_25881A66C5_A9002,STU_25881A66C5,SUB_2_A9002
25881A66C5,BHUKYA THARUN,B,2,A9022,Product Design and Development,A+,9.0,90.0,PASS,6.85,0,sem2_results,RES_S2_25881A66C5_A9022,STU_25881A66C5,SUB_2_A9022
25881A66C5,BHUKYA THARUN,B,2,A9503,Data Structures,A+,9.0,90.0,PASS,6.85,0,sem2_results,RES_S2_25881A66C5_A9503,STU_25881A66C5,SUB_2_A9503
25881A66C5,BHUKYA THARUN,B,2,A9504,Data Structures Laboratory,A,8.0,80.0,PASS,6.85,0,sem2_results,RES_S2_25881A66C5_A9504,STU_25881A66C5,SUB_2_A9504
25881A66C6,MACHARLA VAGDEVI,B,2,A9009,Engineering Chemistry,B+,7.0,70.0,PASS,5.75,1,sem2_results,RES_S2_25881A66C6_A9009,STU_25881A66C6,SUB_2_A9009
25881A66C6,MACHARLA VAGDEVI,B,2,A9011,English for Skills Enhancement,A,8.0,80.0,PASS,5.75,1,sem2_results,RES_S2_25881A66C6_A9011,STU_25881A66C6,SUB_2_A9011
25881A66C6,MACHARLA VAGDEVI,B,2,A9010,Engineering Chemistry Laboratory,A,8.0,80.0,PASS,5.75,1,sem2_results,RES_S2_25881A66C6_A9010,STU_25881A66C6,SUB_2_A9010
25881A66C6,MACHARLA VAGDEVI,B,2,A9012,English Language and Communication Skills Laboratory,A,8.0,80.0,PASS,5.75,1,sem2_results,RES_S2_25881A66C6_A9012,STU_25881A66C6,SUB_2_A9012
25881A66C6,MACHARLA VAGDEVI,B,2,A9304,Computer Aided Engineering Graphics,B+,7.0,70.0,PASS,5.75,1,sem2_results,RES_S2_25881A66C6_A9304,STU_25881A66C6,SUB_2_A9304
25881A66C6,MACHARLA VAGDEVI,B,2,A9402,Digital Electronics,B,6.0,60.0,PASS,5.75,1,sem2_results,RES_S2_25881A66C6_A9402,STU_25881A66C6,SUB_2_A9402
25881A66C6,MACHARLA VAGDEVI,B,2,A9002,Ordinary Differential Equations and Vector Calculus,C,5.0,50.0,PASS,5.75,1,sem2_results,RES_S2_25881A66C6_A9002,STU_25881A66C6,SUB_2_A9002
25881A66C6,MACHARLA VAGDEVI,B,2,A9022,Product Design and Development,O,10.0,100.0,PASS,5.75,1,sem2_results,RES_S2_25881A66C6_A9022,STU_25881A66C6,SUB_2_A9022
25881A66C6,MACHARLA VAGDEVI,B,2,A9503,Data Structures,AB,0.0,0.0,FAIL,5.75,1,sem2_results,RES_S2_25881A66C6_A9503,STU_25881A66C6,SUB_2_A9503
25881A66C6,MACHARLA VAGDEVI,B,2,A9504,Data Structures Laboratory,B+,7.0,70.0,PASS,5.75,1,sem2_results,RES_S2_25881A66C6_A9504,STU_25881A66C6,SUB_2_A9504
25881A66C7,NAKKA VENU,B,2,A9009,Engineering Chemistry,B+,7.0,70.0,PASS,8.3,0,sem2_results,RES_S2_25881A66C7_A9009,STU_25881A66C7,SUB_2_A9009
25881A66C7,NAKKA VENU,B,2,A9011,English for Skills Enhancement,B,6.0,60.0,PASS,8.3,0,sem2_results,RES_S2_25881A66C7_A9011,STU_25881A66C7,SUB_2_A9011
25881A66C7,NAKKA VENU,B,2,A9010,Engineering Chemistry Laboratory,A+,9.0,90.0,PASS,8.3,0,sem2_results,RES_S2_25881A66C7_A9010,STU_25881A66C7,SUB_2_A9010
25881A66C7,NAKKA VENU,B,2,A9012,English Language and Communication Skills Laboratory,A+,9.0,90.0,PASS,8.3,0,sem2_results,RES_S2_25881A66C7_A9012,STU_25881A66C7,SUB_2_A9012
25881A66C7,NAKKA VENU,B,2,A9304,Computer Aided Engineering Graphics,A+,9.0,90.0,PASS,8.3,0,sem2_results,RES_S2_25881A66C7_A9304,STU_25881A66C7,SUB_2_A9304
25881A66C7,NAKKA VENU,B,2,A9402,Digital Electronics,A+,9.0,90.0,PASS,8.3,0,sem2_results,RES_S2_25881A66C7_A9402,STU_25881A66C7,SUB_2_A9402
25881A66C7,NAKKA VENU,B,2,A9002,Ordinary Differential Equations and Vector Calculus,A+,9.0,90.0,PASS,8.3,0,sem2_results,RES_S2_25881A66C7_A9002,STU_25881A66C7,SUB_2_A9002
25881A66C7,NAKKA VENU,B,2,A9022,Product Design and Development,O,10.0,100.0,PASS,8.3,0,sem2_results,RES_S2_25881A66C7_A9022,STU_25881A66C7,SUB_2_A9022
25881A66C7,NAKKA VENU,B,2,A9503,Data Structures,A,8.0,80.0,PASS,8.3,0,sem2_results,RES_S2_25881A66C7_A9503,STU_25881A66C7,SUB_2_A9503
25881A66C7,NAKKA VENU,B,2,A9504,Data Structures Laboratory,A+,9.0,90.0,PASS,8.3,0,sem2_results,RES_S2_25881A66C7_A9504,STU_25881A66C7,SUB_2_A9504
25881A66C8,BANOTH VIGNESWAR,B,2,A9009,Engineering Chemistry,B+,7.0,70.0,PASS,7.7,0,sem2_results,RES_S2_25881A66C8_A9009,STU_25881A66C8,SUB_2_A9009
25881A66C8,BANOTH VIGNESWAR,B,2,A9011,English for Skills Enhancement,B+,7.0,70.0,PASS,7.7,0,sem2_results,RES_S2_25881A66C8_A9011,STU_25881A66C8,SUB_2_A9011
25881A66C8,BANOTH VIGNESWAR,B,2,A9010,Engineering Chemistry Laboratory,A+,9.0,90.0,PASS,7.7,0,sem2_results,RES_S2_25881A66C8_A9010,STU_25881A66C8,SUB_2_A9010
25881A66C8,BANOTH VIGNESWAR,B,2,A9012,English Language and Communication Skills Laboratory,A,8.0,80.0,PASS,7.7,0,sem2_results,RES_S2_25881A66C8_A9012,STU_25881A66C8,SUB_2_A9012
25881A66C8,BANOTH VIGNESWAR,B,2,A9304,Computer Aided Engineering Graphics,C,5.0,50.0,PASS,7.7,0,sem2_results,RES_S2_25881A66C8_A9304,STU_25881A66C8,SUB_2_A9304
25881A66C8,BANOTH VIGNESWAR,B,2,A9402,Digital Electronics,A,8.0,80.0,PASS,7.7,0,sem2_results,RES_S2_25881A66C8_A9402,STU_25881A66C8,SUB_2_A9402
25881A66C8,BANOTH VIGNESWAR,B,2,A9002,Ordinary Differential Equations and Vector Calculus,A,8.0,80.0,PASS,7.7,0,sem2_results,RES_S2_25881A66C8_A9002,STU_25881A66C8,SUB_2_A9002
25881A66C8,BANOTH VIGNESWAR,B,2,A9022,Product Design and Development,A+,9.0,90.0,PASS,7.7,0,sem2_results,RES_S2_25881A66C8_A9022,STU_25881A66C8,SUB_2_A9022
25881A66C8,BANOTH VIGNESWAR,B,2,A9503,Data Structures,A,8.0,80.0,PASS,7.7,0,sem2_results,RES_S2_25881A66C8_A9503,STU_25881A66C8,SUB_2_A9503
25881A66C8,BANOTH VIGNESWAR,B,2,A9504,Data Structures Laboratory,A,8.0,80.0,PASS,7.7,0,sem2_results,RES_S2_25881A66C8_A9504,STU_25881A66C8,SUB_2_A9504
25881A66C9,SHAIK YASAR ARAFATH,B,2,A9009,Engineering Chemistry,A+,9.0,90.0,PASS,9.3,0,sem2_results,RES_S2_25881A66C9_A9009,STU_25881A66C9,SUB_2_A9009
25881A66C9,SHAIK YASAR ARAFATH,B,2,A9011,English for Skills Enhancement,A,8.0,80.0,PASS,9.3,0,sem2_results,RES_S2_25881A66C9_A9011,STU_25881A66C9,SUB_2_A9011
25881A66C9,SHAIK YASAR ARAFATH,B,2,A9010,Engineering Chemistry Laboratory,A+,9.0,90.0,PASS,9.3,0,sem2_results,RES_S2_25881A66C9_A9010,STU_25881A66C9,SUB_2_A9010
25881A66C9,SHAIK YASAR ARAFATH,B,2,A9012,English Language and Communication Skills Laboratory,O,10.0,100.0,PASS,9.3,0,sem2_results,RES_S2_25881A66C9_A9012,STU_25881A66C9,SUB_2_A9012
25881A66C9,SHAIK YASAR ARAFATH,B,2,A9304,Computer Aided Engineering Graphics,O,10.0,100.0,PASS,9.3,0,sem2_results,RES_S2_25881A66C9_A9304,STU_25881A66C9,SUB_2_A9304
25881A66C9,SHAIK YASAR ARAFATH,B,2,A9402,Digital Electronics,A+,9.0,90.0,PASS,9.3,0,sem2_results,RES_S2_25881A66C9_A9402,STU_25881A66C9,SUB_2_A9402
25881A66C9,SHAIK YASAR ARAFATH,B,2,A9002,Ordinary Differential Equations and Vector Calculus,O,10.0,100.0,PASS,9.3,0,sem2_results,RES_S2_25881A66C9_A9002,STU_25881A66C9,SUB_2_A9002
25881A66C9,SHAIK YASAR ARAFATH,B,2,A9022,Product Design and Development,O,10.0,100.0,PASS,9.3,0,sem2_results,RES_S2_25881A66C9_A9022,STU_25881A66C9,SUB_2_A9022
25881A66C9,SHAIK YASAR ARAFATH,B,2,A9503,Data Structures,A+,9.0,90.0,PASS,9.3,0,sem2_results,RES_S2_25881A66C9_A9503,STU_25881A66C9,SUB_2_A9503
25881A66C9,SHAIK YASAR ARAFATH,B,2,A9504,Data Structures Laboratory,O,10.0,100.0,PASS,9.3,0,sem2_results,RES_S2_25881A66C9_A9504,STU_25881A66C9,SUB_2_A9504
25881A66D0,BOJJA ADITHYA,C,2,A9009,Engineering Chemistry,A,8.0,80.0,PASS,7.3,0,sem2_results,RES_S2_25881A66D0_A9009,STU_25881A66D0,SUB_2_A9009
25881A66D0,BOJJA ADITHYA,C,2,A9011,English for Skills Enhancement,A+,9.0,90.0,PASS,7.3,0,sem2_results,RES_S2_25881A66D0_A9011,STU_25881A66D0,SUB_2_A9011
25881A66D0,BOJJA ADITHYA,C,2,A9010,Engineering Chemistry Laboratory,A+,9.0,90.0,PASS,7.3,0,sem2_results,RES_S2_25881A66D0_A9010,STU_25881A66D0,SUB_2_A9010
25881A66D0,BOJJA ADITHYA,C,2,A9012,English Language and Communication Skills Laboratory,A,8.0,80.0,PASS,7.3,0,sem2_results,RES_S2_25881A66D0_A9012,STU_25881A66D0,SUB_2_A9012
25881A66D0,BOJJA ADITHYA,C,2,A9304,Computer Aided Engineering Graphics,A+,9.0,90.0,PASS,7.3,0,sem2_results,RES_S2_25881A66D0_A9304,STU_25881A66D0,SUB_2_A9304
25881A66D0,BOJJA ADITHYA,C,2,A9402,Digital Electronics,B,6.0,60.0,PASS,7.3,0,sem2_results,RES_S2_25881A66D0_A9402,STU_25881A66D0,SUB_2_A9402
25881A66D0,BOJJA ADITHYA,C,2,A9002,Ordinary Differential Equations and Vector Calculus,B,6.0,60.0,PASS,7.3,0,sem2_results,RES_S2_25881A66D0_A9002,STU_25881A66D0,SUB_2_A9002
25881A66D0,BOJJA ADITHYA,C,2,A9022,Product Design and Development,O,10.0,100.0,PASS,7.3,0,sem2_results,RES_S2_25881A66D0_A9022,STU_25881A66D0,SUB_2_A9022
25881A66D0,BOJJA ADITHYA,C,2,A9503,Data Structures,B,6.0,60.0,PASS,7.3,0,sem2_results,RES_S2_25881A66D0_A9503,STU_25881A66D0,SUB_2_A9503
25881A66D0,BOJJA ADITHYA,C,2,A9504,Data Structures Laboratory,A,8.0,80.0,PASS,7.3,0,sem2_results,RES_S2_25881A66D0_A9504,STU_25881A66D0,SUB_2_A9504
25881A66D1,AKKANGARI AKSHITHA,C,2,A9009,Engineering Chemistry,A+,9.0,90.0,PASS,8.9,0,sem2_results,RES_S2_25881A66D1_A9009,STU_25881A66D1,SUB_2_A9009
25881A66D1,AKKANGARI AKSHITHA,C,2,A9011,English for Skills Enhancement,A+,9.0,90.0,PASS,8.9,0,sem2_results,RES_S2_25881A66D1_A9011,STU_25881A66D1,SUB_2_A9011
25881A66D1,AKKANGARI AKSHITHA,C,2,A9010,Engineering Chemistry Laboratory,O,10.0,100.0,PASS,8.9,0,sem2_results,RES_S2_25881A66D1_A9010,STU_25881A66D1,SUB_2_A9010
25881A66D1,AKKANGARI AKSHITHA,C,2,A9012,English Language and Communication Skills Laboratory,A,8.0,80.0,PASS,8.9,0,sem2_results,RES_S2_25881A66D1_A9012,STU_25881A66D1,SUB_2_A9012
25881A66D1,AKKANGARI AKSHITHA,C,2,A9304,Computer Aided Engineering Graphics,A+,9.0,90.0,PASS,8.9,0,sem2_results,RES_S2_25881A66D1_A9304,STU_25881A66D1,SUB_2_A9304
25881A66D1,AKKANGARI AKSHITHA,C,2,A9402,Digital Electronics,A+,9.0,90.0,PASS,8.9,0,sem2_results,RES_S2_25881A66D1_A9402,STU_25881A66D1,SUB_2_A9402
25881A66D1,AKKANGARI AKSHITHA,C,2,A9002,Ordinary Differential Equations and Vector Calculus,A+,9.0,90.0,PASS,8.9,0,sem2_results,RES_S2_25881A66D1_A9002,STU_25881A66D1,SUB_2_A9002
25881A66D1,AKKANGARI AKSHITHA,C,2,A9022,Product Design and Development,O,10.0,100.0,PASS,8.9,0,sem2_results,RES_S2_25881A66D1_A9022,STU_25881A66D1,SUB_2_A9022
25881A66D1,AKKANGARI AKSHITHA,C,2,A9503,Data Structures,A,8.0,80.0,PASS,8.9,0,sem2_results,RES_S2_25881A66D1_A9503,STU_25881A66D1,SUB_2_A9503
25881A66D1,AKKANGARI AKSHITHA,C,2,A9504,Data Structures Laboratory,A+,9.0,90.0,PASS,8.9,0,sem2_results,RES_S2_25881A66D1_A9504,STU_25881A66D1,SUB_2_A9504
25881A66D2,KASARAVENI AKSHITHA,C,2,A9009,Engineering Chemistry,A+,9.0,90.0,PASS,8.8,0,sem2_results,RES_S2_25881A66D2_A9009,STU_25881A66D2,SUB_2_A9009
25881A66D2,KASARAVENI AKSHITHA,C,2,A9011,English for Skills Enhancement,A,8.0,80.0,PASS,8.8,0,sem2_results,RES_S2_25881A66D2_A9011,STU_25881A66D2,SUB_2_A9011
25881A66D2,KASARAVENI AKSHITHA,C,2,A9010,Engineering Chemistry Laboratory,O,10.0,100.0,PASS,8.8,0,sem2_results,RES_S2_25881A66D2_A9010,STU_25881A66D2,SUB_2_A9010
25881A66D2,KASARAVENI AKSHITHA,C,2,A9012,English Language and Communication Skills Laboratory,A,8.0,80.0,PASS,8.8,0,sem2_results,RES_S2_25881A66D2_A9012,STU_25881A66D2,SUB_2_A9012
25881A66D2,KASARAVENI AKSHITHA,C,2,A9304,Computer Aided Engineering Graphics,A,8.0,80.0,PASS,8.8,0,sem2_results,RES_S2_25881A66D2_A9304,STU_25881A66D2,SUB_2_A9304
25881A66D2,KASARAVENI AKSHITHA,C,2,A9402,Digital Electronics,A,8.0,80.0,PASS,8.8,0,sem2_results,RES_S2_25881A66D2_A9402,STU_25881A66D2,SUB_2_A9402
25881A66D2,KASARAVENI AKSHITHA,C,2,A9002,Ordinary Differential Equations and Vector Calculus,O,10.0,100.0,PASS,8.8,0,sem2_results,RES_S2_25881A66D2_A9002,STU_25881A66D2,SUB_2_A9002
25881A66D2,KASARAVENI AKSHITHA,C,2,A9022,Product Design and Development,O,10.0,100.0,PASS,8.8,0,sem2_results,RES_S2_25881A66D2_A9022,STU_25881A66D2,SUB_2_A9022
25881A66D2,KASARAVENI AKSHITHA,C,2,A9503,Data Structures,A,8.0,80.0,PASS,8.8,0,sem2_results,RES_S2_25881A66D2_A9503,STU_25881A66D2,SUB_2_A9503
25881A66D2,KASARAVENI AKSHITHA,C,2,A9504,Data Structures Laboratory,A+,9.0,90.0,PASS,8.8,0,sem2_results,RES_S2_25881A66D2_A9504,STU_25881A66D2,SUB_2_A9504
25881A66D3,POTU AMULYA,C,2,A9009,Engineering Chemistry,A+,9.0,90.0,PASS,8.85,0,sem2_results,RES_S2_25881A66D3_A9009,STU_25881A66D3,SUB_2_A9009
25881A66D3,POTU AMULYA,C,2,A9011,English for Skills Enhancement,A,8.0,80.0,PASS,8.85,0,sem2_results,RES_S2_25881A66D3_A9011,STU_25881A66D3,SUB_2_A9011
25881A66D3,POTU AMULYA,C,2,A9010,Engineering Chemistry Laboratory,O,10.0,100.0,PASS,8.85,0,sem2_results,RES_S2_25881A66D3_A9010,STU_25881A66D3,SUB_2_A9010
25881A66D3,POTU AMULYA,C,2,A9012,English Language and Communication Skills Laboratory,B+,7.0,70.0,PASS,8.85,0,sem2_results,RES_S2_25881A66D3_A9012,STU_25881A66D3,SUB_2_A9012
25881A66D3,POTU AMULYA,C,2,A9304,Computer Aided Engineering Graphics,O,10.0,100.0,PASS,8.85,0,sem2_results,RES_S2_25881A66D3_A9304,STU_25881A66D3,SUB_2_A9304
25881A66D3,POTU AMULYA,C,2,A9402,Digital Electronics,A,8.0,80.0,PASS,8.85,0,sem2_results,RES_S2_25881A66D3_A9402,STU_25881A66D3,SUB_2_A9402
25881A66D3,POTU AMULYA,C,2,A9002,Ordinary Differential Equations and Vector Calculus,O,10.0,100.0,PASS,8.85,0,sem2_results,RES_S2_25881A66D3_A9002,STU_25881A66D3,SUB_2_A9002
25881A66D3,POTU AMULYA,C,2,A9022,Product Design and Development,O,10.0,100.0,PASS,8.85,0,sem2_results,RES_S2_25881A66D3_A9022,STU_25881A66D3,SUB_2_A9022
25881A66D3,POTU AMULYA,C,2,A9503,Data Structures,A,8.0,80.0,PASS,8.85,0,sem2_results,RES_S2_25881A66D3_A9503,STU_25881A66D3,SUB_2_A9503
25881A66D3,POTU AMULYA,C,2,A9504,Data Structures Laboratory,A+,9.0,90.0,PASS,8.85,0,sem2_results,RES_S2_25881A66D3_A9504,STU_25881A66D3,SUB_2_A9504
25881A66D4,MOHD ANAS,C,2,A9009,Engineering Chemistry,B+,7.0,70.0,PASS,6.85,0,sem2_results,RES_S2_25881A66D4_A9009,STU_25881A66D4,SUB_2_A9009
25881A66D4,MOHD ANAS,C,2,A9011,English for Skills Enhancement,B+,7.0,70.0,PASS,6.85,0,sem2_results,RES_S2_25881A66D4_A9011,STU_25881A66D4,SUB_2_A9011
25881A66D4,MOHD ANAS,C,2,A9010,Engineering Chemistry Laboratory,A+,9.0,90.0,PASS,6.85,0,sem2_results,RES_S2_25881A66D4_A9010,STU_25881A66D4,SUB_2_A9010
25881A66D4,MOHD ANAS,C,2,A9012,English Language and Communication Skills Laboratory,B+,7.0,70.0,PASS,6.85,0,sem2_results,RES_S2_25881A66D4_A9012,STU_25881A66D4,SUB_2_A9012
25881A66D4,MOHD ANAS,C,2,A9304,Computer Aided Engineering Graphics,A+,9.0,90.0,PASS,6.85,0,sem2_results,RES_S2_25881A66D4_A9304,STU_25881A66D4,SUB_2_A9304
25881A66D4,MOHD ANAS,C,2,A9402,Digital Electronics,B,6.0,60.0,PASS,6.85,0,sem2_results,RES_S2_25881A66D4_A9402,STU_25881A66D4,SUB_2_A9402
25881A66D4,MOHD ANAS,C,2,A9002,Ordinary Differential Equations and Vector Calculus,B+,7.0,70.0,PASS,6.85,0,sem2_results,RES_S2_25881A66D4_A9002,STU_25881A66D4,SUB_2_A9002
25881A66D4,MOHD ANAS,C,2,A9022,Product Design and Development,O,10.0,100.0,PASS,6.85,0,sem2_results,RES_S2_25881A66D4_A9022,STU_25881A66D4,SUB_2_A9022
25881A66D4,MOHD ANAS,C,2,A9503,Data Structures,C,5.0,50.0,PASS,6.85,0,sem2_results,RES_S2_25881A66D4_A9503,STU_25881A66D4,SUB_2_A9503
25881A66D4,MOHD ANAS,C,2,A9504,Data Structures Laboratory,B,6.0,60.0,PASS,6.85,0,sem2_results,RES_S2_25881A66D4_A9504,STU_25881A66D4,SUB_2_A9504
25881A66D5,SAFA AQEEL,C,2,A9009,Engineering Chemistry,O,10.0,100.0,PASS,9.6,0,sem2_results,RES_S2_25881A66D5_A9009,STU_25881A66D5,SUB_2_A9009
25881A66D5,SAFA AQEEL,C,2,A9011,English for Skills Enhancement,O,10.0,100.0,PASS,9.6,0,sem2_results,RES_S2_25881A66D5_A9011,STU_25881A66D5,SUB_2_A9011
25881A66D5,SAFA AQEEL,C,2,A9010,Engineering Chemistry Laboratory,O,10.0,100.0,PASS,9.6,0,sem2_results,RES_S2_25881A66D5_A9010,STU_25881A66D5,SUB_2_A9010
25881A66D5,SAFA AQEEL,C,2,A9012,English Language and Communication Skills Laboratory,A+,9.0,90.0,PASS,9.6,0,sem2_results,RES_S2_25881A66D5_A9012,STU_25881A66D5,SUB_2_A9012
25881A66D5,SAFA AQEEL,C,2,A9304,Computer Aided Engineering Graphics,O,10.0,100.0,PASS,9.6,0,sem2_results,RES_S2_25881A66D5_A9304,STU_25881A66D5,SUB_2_A9304
25881A66D5,SAFA AQEEL,C,2,A9402,Digital Electronics,A+,9.0,90.0,PASS,9.6,0,sem2_results,RES_S2_25881A66D5_A9402,STU_25881A66D5,SUB_2_A9402
25881A66D5,SAFA AQEEL,C,2,A9002,Ordinary Differential Equations and Vector Calculus,O,10.0,100.0,PASS,9.6,0,sem2_results,RES_S2_25881A66D5_A9002,STU_25881A66D5,SUB_2_A9002
25881A66D5,SAFA AQEEL,C,2,A9022,Product Design and Development,O,10.0,100.0,PASS,9.6,0,sem2_results,RES_S2_25881A66D5_A9022,STU_25881A66D5,SUB_2_A9022
25881A66D5,SAFA AQEEL,C,2,A9503,Data Structures,A+,9.0,90.0,PASS,9.6,0,sem2_results,RES_S2_25881A66D5_A9503,STU_25881A66D5,SUB_2_A9503
25881A66D5,SAFA AQEEL,C,2,A9504,Data Structures Laboratory,A+,9.0,90.0,PASS,9.6,0,sem2_results,RES_S2_25881A66D5_A9504,STU_25881A66D5,SUB_2_A9504
25881A66D6,NAROJU ARAVIND,C,2,A9009,Engineering Chemistry,O,10.0,100.0,PASS,8.95,0,sem2_results,RES_S2_25881A66D6_A9009,STU_25881A66D6,SUB_2_A9009
25881A66D6,NAROJU ARAVIND,C,2,A9011,English for Skills Enhancement,A,8.0,80.0,PASS,8.95,0,sem2_results,RES_S2_25881A66D6_A9011,STU_25881A66D6,SUB_2_A9011
25881A66D6,NAROJU ARAVIND,C,2,A9010,Engineering Chemistry Laboratory,O,10.0,100.0,PASS,8.95,0,sem2_results,RES_S2_25881A66D6_A9010,STU_25881A66D6,SUB_2_A9010
25881A66D6,NAROJU ARAVIND,C,2,A9012,English Language and Communication Skills Laboratory,B+,7.0,70.0,PASS,8.95,0,sem2_results,RES_S2_25881A66D6_A9012,STU_25881A66D6,SUB_2_A9012
25881A66D6,NAROJU ARAVIND,C,2,A9304,Computer Aided Engineering Graphics,A+,9.0,90.0,PASS,8.95,0,sem2_results,RES_S2_25881A66D6_A9304,STU_25881A66D6,SUB_2_A9304
25881A66D6,NAROJU ARAVIND,C,2,A9402,Digital Electronics,A,8.0,80.0,PASS,8.95,0,sem2_results,RES_S2_25881A66D6_A9402,STU_25881A66D6,SUB_2_A9402
25881A66D6,NAROJU ARAVIND,C,2,A9002,Ordinary Differential Equations and Vector Calculus,O,10.0,100.0,PASS,8.95,0,sem2_results,RES_S2_25881A66D6_A9002,STU_25881A66D6,SUB_2_A9002
25881A66D6,NAROJU ARAVIND,C,2,A9022,Product Design and Development,O,10.0,100.0,PASS,8.95,0,sem2_results,RES_S2_25881A66D6_A9022,STU_25881A66D6,SUB_2_A9022
25881A66D6,NAROJU ARAVIND,C,2,A9503,Data Structures,A,8.0,80.0,PASS,8.95,0,sem2_results,RES_S2_25881A66D6_A9503,STU_25881A66D6,SUB_2_A9503
25881A66D6,NAROJU ARAVIND,C,2,A9504,Data Structures Laboratory,A+,9.0,90.0,PASS,8.95,0,sem2_results,RES_S2_25881A66D6_A9504,STU_25881A66D6,SUB_2_A9504
25881A66D7,BHUKYA ASMITHA,C,2,A9009,Engineering Chemistry,A,8.0,80.0,PASS,7.6,0,sem2_results,RES_S2_25881A66D7_A9009,STU_25881A66D7,SUB_2_A9009
25881A66D7,BHUKYA ASMITHA,C,2,A9011,English for Skills Enhancement,A,8.0,80.0,PASS,7.6,0,sem2_results,RES_S2_25881A66D7_A9011,STU_25881A66D7,SUB_2_A9011
25881A66D7,BHUKYA ASMITHA,C,2,A9010,Engineering Chemistry Laboratory,A+,9.0,90.0,PASS,7.6,0,sem2_results,RES_S2_25881A66D7_A9010,STU_25881A66D7,SUB_2_A9010
25881A66D7,BHUKYA ASMITHA,C,2,A9012,English Language and Communication Skills Laboratory,A,8.0,80.0,PASS,7.6,0,sem2_results,RES_S2_25881A66D7_A9012,STU_25881A66D7,SUB_2_A9012
25881A66D7,BHUKYA ASMITHA,C,2,A9304,Computer Aided Engineering Graphics,A+,9.0,90.0,PASS,7.6,0,sem2_results,RES_S2_25881A66D7_A9304,STU_25881A66D7,SUB_2_A9304
25881A66D7,BHUKYA ASMITHA,C,2,A9402,Digital Electronics,B+,7.0,70.0,PASS,7.6,0,sem2_results,RES_S2_25881A66D7_A9402,STU_25881A66D7,SUB_2_A9402
25881A66D7,BHUKYA ASMITHA,C,2,A9002,Ordinary Differential Equations and Vector Calculus,B+,7.0,70.0,PASS,7.6,0,sem2_results,RES_S2_25881A66D7_A9002,STU_25881A66D7,SUB_2_A9002
25881A66D7,BHUKYA ASMITHA,C,2,A9022,Product Design and Development,O,10.0,100.0,PASS,7.6,0,sem2_results,RES_S2_25881A66D7_A9022,STU_25881A66D7,SUB_2_A9022
25881A66D7,BHUKYA ASMITHA,C,2,A9503,Data Structures,B,6.0,60.0,PASS,7.6,0,sem2_results,RES_S2_25881A66D7_A9503,STU_25881A66D7,SUB_2_A9503
25881A66D7,BHUKYA ASMITHA,C,2,A9504,Data Structures Laboratory,A+,9.0,90.0,PASS,7.6,0,sem2_results,RES_S2_25881A66D7_A9504,STU_25881A66D7,SUB_2_A9504
25881A66D8,DONTHIREDDY BHAVESH,C,2,A9009,Engineering Chemistry,A,8.0,80.0,PASS,7.2,0,sem2_results,RES_S2_25881A66D8_A9009,STU_25881A66D8,SUB_2_A9009
25881A66D8,DONTHIREDDY BHAVESH,C,2,A9011,English for Skills Enhancement,B+,7.0,70.0,PASS,7.2,0,sem2_results,RES_S2_25881A66D8_A9011,STU_25881A66D8,SUB_2_A9011
25881A66D8,DONTHIREDDY BHAVESH,C,2,A9010,Engineering Chemistry Laboratory,A,8.0,80.0,PASS,7.2,0,sem2_results,RES_S2_25881A66D8_A9010,STU_25881A66D8,SUB_2_A9010
25881A66D8,DONTHIREDDY BHAVESH,C,2,A9012,English Language and Communication Skills Laboratory,A,8.0,80.0,PASS,7.2,0,sem2_results,RES_S2_25881A66D8_A9012,STU_25881A66D8,SUB_2_A9012
25881A66D8,DONTHIREDDY BHAVESH,C,2,A9304,Computer Aided Engineering Graphics,A+,9.0,90.0,PASS,7.2,0,sem2_results,RES_S2_25881A66D8_A9304,STU_25881A66D8,SUB_2_A9304
25881A66D8,DONTHIREDDY BHAVESH,C,2,A9402,Digital Electronics,B,6.0,60.0,PASS,7.2,0,sem2_results,RES_S2_25881A66D8_A9402,STU_25881A66D8,SUB_2_A9402
25881A66D8,DONTHIREDDY BHAVESH,C,2,A9002,Ordinary Differential Equations and Vector Calculus,B+,7.0,70.0,PASS,7.2,0,sem2_results,RES_S2_25881A66D8_A9002,STU_25881A66D8,SUB_2_A9002
25881A66D8,DONTHIREDDY BHAVESH,C,2,A9022,Product Design and Development,O,10.0,100.0,PASS,7.2,0,sem2_results,RES_S2_25881A66D8_A9022,STU_25881A66D8,SUB_2_A9022
25881A66D8,DONTHIREDDY BHAVESH,C,2,A9503,Data Structures,B,6.0,60.0,PASS,7.2,0,sem2_results,RES_S2_25881A66D8_A9503,STU_25881A66D8,SUB_2_A9503
25881A66D8,DONTHIREDDY BHAVESH,C,2,A9504,Data Structures Laboratory,B+,7.0,70.0,PASS,7.2,0,sem2_results,RES_S2_25881A66D8_A9504,STU_25881A66D8,SUB_2_A9504
25881A66D9,THOTAKURI BHAVYA,C,2,A9009,Engineering Chemistry,A+,9.0,90.0,PASS,8.8,0,sem2_results,RES_S2_25881A66D9_A9009,STU_25881A66D9,SUB_2_A9009
25881A66D9,THOTAKURI BHAVYA,C,2,A9011,English for Skills Enhancement,A,8.0,80.0,PASS,8.8,0,sem2_results,RES_S2_25881A66D9_A9011,STU_25881A66D9,SUB_2_A9011
25881A66D9,THOTAKURI BHAVYA,C,2,A9010,Engineering Chemistry Laboratory,A+,9.0,90.0,PASS,8.8,0,sem2_results,RES_S2_25881A66D9_A9010,STU_25881A66D9,SUB_2_A9010
25881A66D9,THOTAKURI BHAVYA,C,2,A9012,English Language and Communication Skills Laboratory,A,8.0,80.0,PASS,8.8,0,sem2_results,RES_S2_25881A66D9_A9012,STU_25881A66D9,SUB_2_A9012
25881A66D9,THOTAKURI BHAVYA,C,2,A9304,Computer Aided Engineering Graphics,A+,9.0,90.0,PASS,8.8,0,sem2_results,RES_S2_25881A66D9_A9304,STU_25881A66D9,SUB_2_A9304
25881A66D9,THOTAKURI BHAVYA,C,2,A9402,Digital Electronics,A+,9.0,90.0,PASS,8.8,0,sem2_results,RES_S2_25881A66D9_A9402,STU_25881A66D9,SUB_2_A9402
25881A66D9,THOTAKURI BHAVYA,C,2,A9002,Ordinary Differential Equations and Vector Calculus,A+,9.0,90.0,PASS,8.8,0,sem2_results,RES_S2_25881A66D9_A9002,STU_25881A66D9,SUB_2_A9002
25881A66D9,THOTAKURI BHAVYA,C,2,A9022,Product Design and Development,O,10.0,100.0,PASS,8.8,0,sem2_results,RES_S2_25881A66D9_A9022,STU_25881A66D9,SUB_2_A9022
25881A66D9,THOTAKURI BHAVYA,C,2,A9503,Data Structures,A+,9.0,90.0,PASS,8.8,0,sem2_results,RES_S2_25881A66D9_A9503,STU_25881A66D9,SUB_2_A9503
25881A66D9,THOTAKURI BHAVYA,C,2,A9504,Data Structures Laboratory,B+,7.0,70.0,PASS,8.8,0,sem2_results,RES_S2_25881A66D9_A9504,STU_25881A66D9,SUB_2_A9504
25881A66E0,CHERUKUPALLY CHAITANYA AKSHITH,C,2,A9009,Engineering Chemistry,A+,9.0,90.0,PASS,8.8,0,sem2_results,RES_S2_25881A66E0_A9009,STU_25881A66E0,SUB_2_A9009
25881A66E0,CHERUKUPALLY CHAITANYA AKSHITH,C,2,A9011,English for Skills Enhancement,A+,9.0,90.0,PASS,8.8,0,sem2_results,RES_S2_25881A66E0_A9011,STU_25881A66E0,SUB_2_A9011
25881A66E0,CHERUKUPALLY CHAITANYA AKSHITH,C,2,A9010,Engineering Chemistry Laboratory,A+,9.0,90.0,PASS,8.8,0,sem2_results,RES_S2_25881A66E0_A9010,STU_25881A66E0,SUB_2_A9010
25881A66E0,CHERUKUPALLY CHAITANYA AKSHITH,C,2,A9012,English Language and Communication Skills Laboratory,A+,9.0,90.0,PASS,8.8,0,sem2_results,RES_S2_25881A66E0_A9012,STU_25881A66E0,SUB_2_A9012
25881A66E0,CHERUKUPALLY CHAITANYA AKSHITH,C,2,A9304,Computer Aided Engineering Graphics,A+,9.0,90.0,PASS,8.8,0,sem2_results,RES_S2_25881A66E0_A9304,STU_25881A66E0,SUB_2_A9304
25881A66E0,CHERUKUPALLY CHAITANYA AKSHITH,C,2,A9402,Digital Electronics,A,8.0,80.0,PASS,8.8,0,sem2_results,RES_S2_25881A66E0_A9402,STU_25881A66E0,SUB_2_A9402
25881A66E0,CHERUKUPALLY CHAITANYA AKSHITH,C,2,A9002,Ordinary Differential Equations and Vector Calculus,O,10.0,100.0,PASS,8.8,0,sem2_results,RES_S2_25881A66E0_A9002,STU_25881A66E0,SUB_2_A9002
25881A66E0,CHERUKUPALLY CHAITANYA AKSHITH,C,2,A9022,Product Design and Development,O,10.0,100.0,PASS,8.8,0,sem2_results,RES_S2_25881A66E0_A9022,STU_25881A66E0,SUB_2_A9022
25881A66E0,CHERUKUPALLY CHAITANYA AKSHITH,C,2,A9503,Data Structures,B+,7.0,70.0,PASS,8.8,0,sem2_results,RES_S2_25881A66E0_A9503,STU_25881A66E0,SUB_2_A9503
25881A66E0,CHERUKUPALLY CHAITANYA AKSHITH,C,2,A9504,Data Structures Laboratory,A+,9.0,90.0,PASS,8.8,0,sem2_results,RES_S2_25881A66E0_A9504,STU_25881A66E0,SUB_2_A9504
25881A66E1,ALETI CHARAN,C,2,A9009,Engineering Chemistry,B+,7.0,70.0,PASS,7.4,0,sem2_results,RES_S2_25881A66E1_A9009,STU_25881A66E1,SUB_2_A9009
25881A66E1,ALETI CHARAN,C,2,A9011,English for Skills Enhancement,A,8.0,80.0,PASS,7.4,0,sem2_results,RES_S2_25881A66E1_A9011,STU_25881A66E1,SUB_2_A9011
25881A66E1,ALETI CHARAN,C,2,A9010,Engineering Chemistry Laboratory,A,8.0,80.0,PASS,7.4,0,sem2_results,RES_S2_25881A66E1_A9010,STU_25881A66E1,SUB_2_A9010
25881A66E1,ALETI CHARAN,C,2,A9012,English Language and Communication Skills Laboratory,A,8.0,80.0,PASS,7.4,0,sem2_results,RES_S2_25881A66E1_A9012,STU_25881A66E1,SUB_2_A9012
25881A66E1,ALETI CHARAN,C,2,A9304,Computer Aided Engineering Graphics,A+,9.0,90.0,PASS,7.4,0,sem2_results,RES_S2_25881A66E1_A9304,STU_25881A66E1,SUB_2_A9304
25881A66E1,ALETI CHARAN,C,2,A9402,Digital Electronics,B+,7.0,70.0,PASS,7.4,0,sem2_results,RES_S2_25881A66E1_A9402,STU_25881A66E1,SUB_2_A9402
25881A66E1,ALETI CHARAN,C,2,A9002,Ordinary Differential Equations and Vector Calculus,B+,7.0,70.0,PASS,7.4,0,sem2_results,RES_S2_25881A66E1_A9002,STU_25881A66E1,SUB_2_A9002
25881A66E1,ALETI CHARAN,C,2,A9022,Product Design and Development,O,10.0,100.0,PASS,7.4,0,sem2_results,RES_S2_25881A66E1_A9022,STU_25881A66E1,SUB_2_A9022
25881A66E1,ALETI CHARAN,C,2,A9503,Data Structures,B+,7.0,70.0,PASS,7.4,0,sem2_results,RES_S2_25881A66E1_A9503,STU_25881A66E1,SUB_2_A9503
25881A66E1,ALETI CHARAN,C,2,A9504,Data Structures Laboratory,B,6.0,60.0,PASS,7.4,0,sem2_results,RES_S2_25881A66E1_A9504,STU_25881A66E1,SUB_2_A9504
25881A66E2,BOMMANABOINA CHETAN,C,2,A9009,Engineering Chemistry,A,8.0,80.0,PASS,7.65,0,sem2_results,RES_S2_25881A66E2_A9009,STU_25881A66E2,SUB_2_A9009
25881A66E2,BOMMANABOINA CHETAN,C,2,A9011,English for Skills Enhancement,B+,7.0,70.0,PASS,7.65,0,sem2_results,RES_S2_25881A66E2_A9011,STU_25881A66E2,SUB_2_A9011
25881A66E2,BOMMANABOINA CHETAN,C,2,A9010,Engineering Chemistry Laboratory,O,10.0,100.0,PASS,7.65,0,sem2_results,RES_S2_25881A66E2_A9010,STU_25881A66E2,SUB_2_A9010
25881A66E2,BOMMANABOINA CHETAN,C,2,A9012,English Language and Communication Skills Laboratory,B+,7.0,70.0,PASS,7.65,0,sem2_results,RES_S2_25881A66E2_A9012,STU_25881A66E2,SUB_2_A9012
25881A66E2,BOMMANABOINA CHETAN,C,2,A9304,Computer Aided Engineering Graphics,A+,9.0,90.0,PASS,7.65,0,sem2_results,RES_S2_25881A66E2_A9304,STU_25881A66E2,SUB_2_A9304
25881A66E2,BOMMANABOINA CHETAN,C,2,A9402,Digital Electronics,B+,7.0,70.0,PASS,7.65,0,sem2_results,RES_S2_25881A66E2_A9402,STU_25881A66E2,SUB_2_A9402
25881A66E2,BOMMANABOINA CHETAN,C,2,A9002,Ordinary Differential Equations and Vector Calculus,A,8.0,80.0,PASS,7.65,0,sem2_results,RES_S2_25881A66E2_A9002,STU_25881A66E2,SUB_2_A9002
25881A66E2,BOMMANABOINA CHETAN,C,2,A9022,Product Design and Development,O,10.0,100.0,PASS,7.65,0,sem2_results,RES_S2_25881A66E2_A9022,STU_25881A66E2,SUB_2_A9022
25881A66E2,BOMMANABOINA CHETAN,C,2,A9503,Data Structures,B,6.0,60.0,PASS,7.65,0,sem2_results,RES_S2_25881A66E2_A9503,STU_25881A66E2,SUB_2_A9503
25881A66E2,BOMMANABOINA CHETAN,C,2,A9504,Data Structures Laboratory,A,8.0,80.0,PASS,7.65,0,sem2_results,RES_S2_25881A66E2_A9504,STU_25881A66E2,SUB_2_A9504
25881A66E3,TALLA DINESH GOUD,C,2,A9009,Engineering Chemistry,B+,7.0,70.0,PASS,8.05,0,sem2_results,RES_S2_25881A66E3_A9009,STU_25881A66E3,SUB_2_A9009
25881A66E3,TALLA DINESH GOUD,C,2,A9011,English for Skills Enhancement,A,8.0,80.0,PASS,8.05,0,sem2_results,RES_S2_25881A66E3_A9011,STU_25881A66E3,SUB_2_A9011
25881A66E3,TALLA DINESH GOUD,C,2,A9010,Engineering Chemistry Laboratory,A,8.0,80.0,PASS,8.05,0,sem2_results,RES_S2_25881A66E3_A9010,STU_25881A66E3,SUB_2_A9010
25881A66E3,TALLA DINESH GOUD,C,2,A9012,English Language and Communication Skills Laboratory,A,8.0,80.0,PASS,8.05,0,sem2_results,RES_S2_25881A66E3_A9012,STU_25881A66E3,SUB_2_A9012
25881A66E3,TALLA DINESH GOUD,C,2,A9304,Computer Aided Engineering Graphics,A+,9.0,90.0,PASS,8.05,0,sem2_results,RES_S2_25881A66E3_A9304,STU_25881A66E3,SUB_2_A9304
25881A66E3,TALLA DINESH GOUD,C,2,A9402,Digital Electronics,A,8.0,80.0,PASS,8.05,0,sem2_results,RES_S2_25881A66E3_A9402,STU_25881A66E3,SUB_2_A9402
25881A66E3,TALLA DINESH GOUD,C,2,A9002,Ordinary Differential Equations and Vector Calculus,A,8.0,80.0,PASS,8.05,0,sem2_results,RES_S2_25881A66E3_A9002,STU_25881A66E3,SUB_2_A9002
25881A66E3,TALLA DINESH GOUD,C,2,A9022,Product Design and Development,O,10.0,100.0,PASS,8.05,0,sem2_results,RES_S2_25881A66E3_A9022,STU_25881A66E3,SUB_2_A9022
25881A66E3,TALLA DINESH GOUD,C,2,A9503,Data Structures,A,8.0,80.0,PASS,8.05,0,sem2_results,RES_S2_25881A66E3_A9503,STU_25881A66E3,SUB_2_A9503
25881A66E3,TALLA DINESH GOUD,C,2,A9504,Data Structures Laboratory,A+,9.0,90.0,PASS,8.05,0,sem2_results,RES_S2_25881A66E3_A9504,STU_25881A66E3,SUB_2_A9504
25881A66E4,GANESH SAINI,C,2,A9009,Engineering Chemistry,A+,9.0,90.0,PASS,8.4,0,sem2_results,RES_S2_25881A66E4_A9009,STU_25881A66E4,SUB_2_A9009
25881A66E4,GANESH SAINI,C,2,A9011,English for Skills Enhancement,A,8.0,80.0,PASS,8.4,0,sem2_results,RES_S2_25881A66E4_A9011,STU_25881A66E4,SUB_2_A9011
25881A66E4,GANESH SAINI,C,2,A9010,Engineering Chemistry Laboratory,O,10.0,100.0,PASS,8.4,0,sem2_results,RES_S2_25881A66E4_A9010,STU_25881A66E4,SUB_2_A9010
25881A66E4,GANESH SAINI,C,2,A9012,English Language and Communication Skills Laboratory,A,8.0,80.0,PASS,8.4,0,sem2_results,RES_S2_25881A66E4_A9012,STU_25881A66E4,SUB_2_A9012
25881A66E4,GANESH SAINI,C,2,A9304,Computer Aided Engineering Graphics,O,10.0,100.0,PASS,8.4,0,sem2_results,RES_S2_25881A66E4_A9304,STU_25881A66E4,SUB_2_A9304
25881A66E4,GANESH SAINI,C,2,A9402,Digital Electronics,A+,9.0,90.0,PASS,8.4,0,sem2_results,RES_S2_25881A66E4_A9402,STU_25881A66E4,SUB_2_A9402
25881A66E4,GANESH SAINI,C,2,A9002,Ordinary Differential Equations and Vector Calculus,A,8.0,80.0,PASS,8.4,0,sem2_results,RES_S2_25881A66E4_A9002,STU_25881A66E4,SUB_2_A9002
25881A66E4,GANESH SAINI,C,2,A9022,Product Design and Development,O,10.0,100.0,PASS,8.4,0,sem2_results,RES_S2_25881A66E4_A9022,STU_25881A66E4,SUB_2_A9022
25881A66E4,GANESH SAINI,C,2,A9503,Data Structures,B,6.0,60.0,PASS,8.4,0,sem2_results,RES_S2_25881A66E4_A9503,STU_25881A66E4,SUB_2_A9503
25881A66E4,GANESH SAINI,C,2,A9504,Data Structures Laboratory,O,10.0,100.0,PASS,8.4,0,sem2_results,RES_S2_25881A66E4_A9504,STU_25881A66E4,SUB_2_A9504
25881A66E5,NENAVATH HANMANTHU,C,2,A9009,Engineering Chemistry,A+,9.0,90.0,PASS,9.1,0,sem2_results,RES_S2_25881A66E5_A9009,STU_25881A66E5,SUB_2_A9009
25881A66E5,NENAVATH HANMANTHU,C,2,A9011,English for Skills Enhancement,A,8.0,80.0,PASS,9.1,0,sem2_results,RES_S2_25881A66E5_A9011,STU_25881A66E5,SUB_2_A9011
25881A66E5,NENAVATH HANMANTHU,C,2,A9010,Engineering Chemistry Laboratory,O,10.0,100.0,PASS,9.1,0,sem2_results,RES_S2_25881A66E5_A9010,STU_25881A66E5,SUB_2_A9010
25881A66E5,NENAVATH HANMANTHU,C,2,A9012,English Language and Communication Skills Laboratory,A,8.0,80.0,PASS,9.1,0,sem2_results,RES_S2_25881A66E5_A9012,STU_25881A66E5,SUB_2_A9012
25881A66E5,NENAVATH HANMANTHU,C,2,A9304,Computer Aided Engineering Graphics,O,10.0,100.0,PASS,9.1,0,sem2_results,RES_S2_25881A66E5_A9304,STU_25881A66E5,SUB_2_A9304
25881A66E5,NENAVATH HANMANTHU,C,2,A9402,Digital Electronics,A,8.0,80.0,PASS,9.1,0,sem2_results,RES_S2_25881A66E5_A9402,STU_25881A66E5,SUB_2_A9402
25881A66E5,NENAVATH HANMANTHU,C,2,A9002,Ordinary Differential Equations and Vector Calculus,O,10.0,100.0,PASS,9.1,0,sem2_results,RES_S2_25881A66E5_A9002,STU_25881A66E5,SUB_2_A9002
25881A66E5,NENAVATH HANMANTHU,C,2,A9022,Product Design and Development,O,10.0,100.0,PASS,9.1,0,sem2_results,RES_S2_25881A66E5_A9022,STU_25881A66E5,SUB_2_A9022
25881A66E5,NENAVATH HANMANTHU,C,2,A9503,Data Structures,A+,9.0,90.0,PASS,9.1,0,sem2_results,RES_S2_25881A66E5_A9503,STU_25881A66E5,SUB_2_A9503
25881A66E5,NENAVATH HANMANTHU,C,2,A9504,Data Structures Laboratory,O,10.0,100.0,PASS,9.1,0,sem2_results,RES_S2_25881A66E5_A9504,STU_25881A66E5,SUB_2_A9504
25881A66E6,ABBANBOINA HARIKA,C,2,A9009,Engineering Chemistry,A+,9.0,90.0,PASS,8.8,0,sem2_results,RES_S2_25881A66E6_A9009,STU_25881A66E6,SUB_2_A9009
25881A66E6,ABBANBOINA HARIKA,C,2,A9011,English for Skills Enhancement,A,8.0,80.0,PASS,8.8,0,sem2_results,RES_S2_25881A66E6_A9011,STU_25881A66E6,SUB_2_A9011
25881A66E6,ABBANBOINA HARIKA,C,2,A9010,Engineering Chemistry Laboratory,O,10.0,100.0,PASS,8.8,0,sem2_results,RES_S2_25881A66E6_A9010,STU_25881A66E6,SUB_2_A9010
25881A66E6,ABBANBOINA HARIKA,C,2,A9012,English Language and Communication Skills Laboratory,B+,7.0,70.0,PASS,8.8,0,sem2_results,RES_S2_25881A66E6_A9012,STU_25881A66E6,SUB_2_A9012
25881A66E6,ABBANBOINA HARIKA,C,2,A9304,Computer Aided Engineering Graphics,A+,9.0,90.0,PASS,8.8,0,sem2_results,RES_S2_25881A66E6_A9304,STU_25881A66E6,SUB_2_A9304
25881A66E6,ABBANBOINA HARIKA,C,2,A9402,Digital Electronics,A+,9.0,90.0,PASS,8.8,0,sem2_results,RES_S2_25881A66E6_A9402,STU_25881A66E6,SUB_2_A9402
25881A66E6,ABBANBOINA HARIKA,C,2,A9002,Ordinary Differential Equations and Vector Calculus,O,10.0,100.0,PASS,8.8,0,sem2_results,RES_S2_25881A66E6_A9002,STU_25881A66E6,SUB_2_A9002
25881A66E6,ABBANBOINA HARIKA,C,2,A9022,Product Design and Development,O,10.0,100.0,PASS,8.8,0,sem2_results,RES_S2_25881A66E6_A9022,STU_25881A66E6,SUB_2_A9022
25881A66E6,ABBANBOINA HARIKA,C,2,A9503,Data Structures,B+,7.0,70.0,PASS,8.8,0,sem2_results,RES_S2_25881A66E6_A9503,STU_25881A66E6,SUB_2_A9503
25881A66E6,ABBANBOINA HARIKA,C,2,A9504,Data Structures Laboratory,A+,9.0,90.0,PASS,8.8,0,sem2_results,RES_S2_25881A66E6_A9504,STU_25881A66E6,SUB_2_A9504
25881A66E7,SUNKOJU HARSHITH,C,2,A9009,Engineering Chemistry,B,6.0,60.0,PASS,2.75,5,sem2_results,RES_S2_25881A66E7_A9009,STU_25881A66E7,SUB_2_A9009
25881A66E7,SUNKOJU HARSHITH,C,2,A9011,English for Skills Enhancement,B+,7.0,70.0,PASS,2.75,5,sem2_results,RES_S2_25881A66E7_A9011,STU_25881A66E7,SUB_2_A9011
25881A66E7,SUNKOJU HARSHITH,C,2,A9010,Engineering Chemistry Laboratory,A,8.0,80.0,PASS,2.75,5,sem2_results,RES_S2_25881A66E7_A9010,STU_25881A66E7,SUB_2_A9010
25881A66E7,SUNKOJU HARSHITH,C,2,A9012,English Language and Communication Skills Laboratory,B,6.0,60.0,PASS,2.75,5,sem2_results,RES_S2_25881A66E7_A9012,STU_25881A66E7,SUB_2_A9012
25881A66E7,SUNKOJU HARSHITH,C,2,A9304,Computer Aided Engineering Graphics,AB,0.0,0.0,FAIL,2.75,5,sem2_results,RES_S2_25881A66E7_A9304,STU_25881A66E7,SUB_2_A9304
25881A66E7,SUNKOJU HARSHITH,C,2,A9402,Digital Electronics,F,0.0,0.0,FAIL,2.75,5,sem2_results,RES_S2_25881A66E7_A9402,STU_25881A66E7,SUB_2_A9402
25881A66E7,SUNKOJU HARSHITH,C,2,A9002,Ordinary Differential Equations and Vector Calculus,F,0.0,0.0,FAIL,2.75,5,sem2_results,RES_S2_25881A66E7_A9002,STU_25881A66E7,SUB_2_A9002
25881A66E7,SUNKOJU HARSHITH,C,2,A9022,Product Design and Development,A+,9.0,90.0,PASS,2.75,5,sem2_results,RES_S2_25881A66E7_A9022,STU_25881A66E7,SUB_2_A9022
25881A66E7,SUNKOJU HARSHITH,C,2,A9503,Data Structures,F,0.0,0.0,FAIL,2.75,5,sem2_results,RES_S2_25881A66E7_A9503,STU_25881A66E7,SUB_2_A9503
25881A66E7,SUNKOJU HARSHITH,C,2,A9504,Data Structures Laboratory,F,0.0,0.0,FAIL,2.75,5,sem2_results,RES_S2_25881A66E7_A9504,STU_25881A66E7,SUB_2_A9504
25881A66E8,HARSHITH JHAJHRYA,C,2,A9009,Engineering Chemistry,A+,9.0,90.0,PASS,9.3,0,sem2_results,RES_S2_25881A66E8_A9009,STU_25881A66E8,SUB_2_A9009
25881A66E8,HARSHITH JHAJHRYA,C,2,A9011,English for Skills Enhancement,A+,9.0,90.0,PASS,9.3,0,sem2_results,RES_S2_25881A66E8_A9011,STU_25881A66E8,SUB_2_A9011
25881A66E8,HARSHITH JHAJHRYA,C,2,A9010,Engineering Chemistry Laboratory,O,10.0,100.0,PASS,9.3,0,sem2_results,RES_S2_25881A66E8_A9010,STU_25881A66E8,SUB_2_A9010
25881A66E8,HARSHITH JHAJHRYA,C,2,A9012,English Language and Communication Skills Laboratory,A,8.0,80.0,PASS,9.3,0,sem2_results,RES_S2_25881A66E8_A9012,STU_25881A66E8,SUB_2_A9012
25881A66E8,HARSHITH JHAJHRYA,C,2,A9304,Computer Aided Engineering Graphics,O,10.0,100.0,PASS,9.3,0,sem2_results,RES_S2_25881A66E8_A9304,STU_25881A66E8,SUB_2_A9304
25881A66E8,HARSHITH JHAJHRYA,C,2,A9402,Digital Electronics,A+,9.0,90.0,PASS,9.3,0,sem2_results,RES_S2_25881A66E8_A9402,STU_25881A66E8,SUB_2_A9402
25881A66E8,HARSHITH JHAJHRYA,C,2,A9002,Ordinary Differential Equations and Vector Calculus,O,10.0,100.0,PASS,9.3,0,sem2_results,RES_S2_25881A66E8_A9002,STU_25881A66E8,SUB_2_A9002
25881A66E8,HARSHITH JHAJHRYA,C,2,A9022,Product Design and Development,O,10.0,100.0,PASS,9.3,0,sem2_results,RES_S2_25881A66E8_A9022,STU_25881A66E8,SUB_2_A9022
25881A66E8,HARSHITH JHAJHRYA,C,2,A9503,Data Structures,A+,9.0,90.0,PASS,9.3,0,sem2_results,RES_S2_25881A66E8_A9503,STU_25881A66E8,SUB_2_A9503
25881A66E8,HARSHITH JHAJHRYA,C,2,A9504,Data Structures Laboratory,A+,9.0,90.0,PASS,9.3,0,sem2_results,RES_S2_25881A66E8_A9504,STU_25881A66E8,SUB_2_A9504
25881A66E9,DEVULAPALLY HASINI REDDY,C,2,A9009,Engineering Chemistry,F,0.0,0.0,FAIL,5.95,1,sem2_results,RES_S2_25881A66E9_A9009,STU_25881A66E9,SUB_2_A9009
25881A66E9,DEVULAPALLY HASINI REDDY,C,2,A9011,English for Skills Enhancement,A,8.0,80.0,PASS,5.95,1,sem2_results,RES_S2_25881A66E9_A9011,STU_25881A66E9,SUB_2_A9011
25881A66E9,DEVULAPALLY HASINI REDDY,C,2,A9010,Engineering Chemistry Laboratory,A+,9.0,90.0,PASS,5.95,1,sem2_results,RES_S2_25881A66E9_A9010,STU_25881A66E9,SUB_2_A9010
25881A66E9,DEVULAPALLY HASINI REDDY,C,2,A9012,English Language and Communication Skills Laboratory,B+,7.0,70.0,PASS,5.95,1,sem2_results,RES_S2_25881A66E9_A9012,STU_25881A66E9,SUB_2_A9012
25881A66E9,DEVULAPALLY HASINI REDDY,C,2,A9304,Computer Aided Engineering Graphics,O,10.0,100.0,PASS,5.95,1,sem2_results,RES_S2_25881A66E9_A9304,STU_25881A66E9,SUB_2_A9304
25881A66E9,DEVULAPALLY HASINI REDDY,C,2,A9402,Digital Electronics,B,6.0,60.0,PASS,5.95,1,sem2_results,RES_S2_25881A66E9_A9402,STU_25881A66E9,SUB_2_A9402
25881A66E9,DEVULAPALLY HASINI REDDY,C,2,A9002,Ordinary Differential Equations and Vector Calculus,B,6.0,60.0,PASS,5.95,1,sem2_results,RES_S2_25881A66E9_A9002,STU_25881A66E9,SUB_2_A9002
25881A66E9,DEVULAPALLY HASINI REDDY,C,2,A9022,Product Design and Development,O,10.0,100.0,PASS,5.95,1,sem2_results,RES_S2_25881A66E9_A9022,STU_25881A66E9,SUB_2_A9022
25881A66E9,DEVULAPALLY HASINI REDDY,C,2,A9503,Data Structures,B,6.0,60.0,PASS,5.95,1,sem2_results,RES_S2_25881A66E9_A9503,STU_25881A66E9,SUB_2_A9503
25881A66E9,DEVULAPALLY HASINI REDDY,C,2,A9504,Data Structures Laboratory,B+,7.0,70.0,PASS,5.95,1,sem2_results,RES_S2_25881A66E9_A9504,STU_25881A66E9,SUB_2_A9504
25881A66F0,G HEMANATHA REDDY,C,2,A9009,Engineering Chemistry,C,5.0,50.0,PASS,6.75,0,sem2_results,RES_S2_25881A66F0_A9009,STU_25881A66F0,SUB_2_A9009
25881A66F0,G HEMANATHA REDDY,C,2,A9011,English for Skills Enhancement,B+,7.0,70.0,PASS,6.75,0,sem2_results,RES_S2_25881A66F0_A9011,STU_25881A66F0,SUB_2_A9011
25881A66F0,G HEMANATHA REDDY,C,2,A9010,Engineering Chemistry Laboratory,A,8.0,80.0,PASS,6.75,0,sem2_results,RES_S2_25881A66F0_A9010,STU_25881A66F0,SUB_2_A9010
25881A66F0,G HEMANATHA REDDY,C,2,A9012,English Language and Communication Skills Laboratory,B+,7.0,70.0,PASS,6.75,0,sem2_results,RES_S2_25881A66F0_A9012,STU_25881A66F0,SUB_2_A9012
25881A66F0,G HEMANATHA REDDY,C,2,A9304,Computer Aided Engineering Graphics,A+,9.0,90.0,PASS,6.75,0,sem2_results,RES_S2_25881A66F0_A9304,STU_25881A66F0,SUB_2_A9304
25881A66F0,G HEMANATHA REDDY,C,2,A9402,Digital Electronics,B,6.0,60.0,PASS,6.75,0,sem2_results,RES_S2_25881A66F0_A9402,STU_25881A66F0,SUB_2_A9402
25881A66F0,G HEMANATHA REDDY,C,2,A9002,Ordinary Differential Equations and Vector Calculus,B,6.0,60.0,PASS,6.75,0,sem2_results,RES_S2_25881A66F0_A9002,STU_25881A66F0,SUB_2_A9002
25881A66F0,G HEMANATHA REDDY,C,2,A9022,Product Design and Development,O,10.0,100.0,PASS,6.75,0,sem2_results,RES_S2_25881A66F0_A9022,STU_25881A66F0,SUB_2_A9022
25881A66F0,G HEMANATHA REDDY,C,2,A9503,Data Structures,B+,7.0,70.0,PASS,6.75,0,sem2_results,RES_S2_25881A66F0_A9503,STU_25881A66F0,SUB_2_A9503
25881A66F0,G HEMANATHA REDDY,C,2,A9504,Data Structures Laboratory,A+,9.0,90.0,PASS,6.75,0,sem2_results,RES_S2_25881A66F0_A9504,STU_25881A66F0,SUB_2_A9504
25881A66F1,BASAVESHA HIREMATH,C,2,A9009,Engineering Chemistry,A,8.0,80.0,PASS,7.9,0,sem2_results,RES_S2_25881A66F1_A9009,STU_25881A66F1,SUB_2_A9009
25881A66F1,BASAVESHA HIREMATH,C,2,A9011,English for Skills Enhancement,A,8.0,80.0,PASS,7.9,0,sem2_results,RES_S2_25881A66F1_A9011,STU_25881A66F1,SUB_2_A9011
25881A66F1,BASAVESHA HIREMATH,C,2,A9010,Engineering Chemistry Laboratory,O,10.0,100.0,PASS,7.9,0,sem2_results,RES_S2_25881A66F1_A9010,STU_25881A66F1,SUB_2_A9010
25881A66F1,BASAVESHA HIREMATH,C,2,A9012,English Language and Communication Skills Laboratory,A,8.0,80.0,PASS,7.9,0,sem2_results,RES_S2_25881A66F1_A9012,STU_25881A66F1,SUB_2_A9012
25881A66F1,BASAVESHA HIREMATH,C,2,A9304,Computer Aided Engineering Graphics,A+,9.0,90.0,PASS,7.9,0,sem2_results,RES_S2_25881A66F1_A9304,STU_25881A66F1,SUB_2_A9304
25881A66F1,BASAVESHA HIREMATH,C,2,A9402,Digital Electronics,A,8.0,80.0,PASS,7.9,0,sem2_results,RES_S2_25881A66F1_A9402,STU_25881A66F1,SUB_2_A9402
25881A66F1,BASAVESHA HIREMATH,C,2,A9002,Ordinary Differential Equations and Vector Calculus,B+,7.0,70.0,PASS,7.9,0,sem2_results,RES_S2_25881A66F1_A9002,STU_25881A66F1,SUB_2_A9002
25881A66F1,BASAVESHA HIREMATH,C,2,A9022,Product Design and Development,O,10.0,100.0,PASS,7.9,0,sem2_results,RES_S2_25881A66F1_A9022,STU_25881A66F1,SUB_2_A9022
25881A66F1,BASAVESHA HIREMATH,C,2,A9503,Data Structures,B+,7.0,70.0,PASS,7.9,0,sem2_results,RES_S2_25881A66F1_A9503,STU_25881A66F1,SUB_2_A9503
25881A66F1,BASAVESHA HIREMATH,C,2,A9504,Data Structures Laboratory,A,8.0,80.0,PASS,7.9,0,sem2_results,RES_S2_25881A66F1_A9504,STU_25881A66F1,SUB_2_A9504
25881A66F2,SARDARNI JASMEET KAUR,C,2,A9009,Engineering Chemistry,B+,7.0,70.0,PASS,7.4,0,sem2_results,RES_S2_25881A66F2_A9009,STU_25881A66F2,SUB_2_A9009
25881A66F2,SARDARNI JASMEET KAUR,C,2,A9011,English for Skills Enhancement,A,8.0,80.0,PASS,7.4,0,sem2_results,RES_S2_25881A66F2_A9011,STU_25881A66F2,SUB_2_A9011
25881A66F2,SARDARNI JASMEET KAUR,C,2,A9010,Engineering Chemistry Laboratory,A+,9.0,90.0,PASS,7.4,0,sem2_results,RES_S2_25881A66F2_A9010,STU_25881A66F2,SUB_2_A9010
25881A66F2,SARDARNI JASMEET KAUR,C,2,A9012,English Language and Communication Skills Laboratory,A,8.0,80.0,PASS,7.4,0,sem2_results,RES_S2_25881A66F2_A9012,STU_25881A66F2,SUB_2_A9012
25881A66F2,SARDARNI JASMEET KAUR,C,2,A9304,Computer Aided Engineering Graphics,A+,9.0,90.0,PASS,7.4,0,sem2_results,RES_S2_25881A66F2_A9304,STU_25881A66F2,SUB_2_A9304
25881A66F2,SARDARNI JASMEET KAUR,C,2,A9402,Digital Electronics,B,6.0,60.0,PASS,7.4,0,sem2_results,RES_S2_25881A66F2_A9402,STU_25881A66F2,SUB_2_A9402
25881A66F2,SARDARNI JASMEET KAUR,C,2,A9002,Ordinary Differential Equations and Vector Calculus,B+,7.0,70.0,PASS,7.4,0,sem2_results,RES_S2_25881A66F2_A9002,STU_25881A66F2,SUB_2_A9002
25881A66F2,SARDARNI JASMEET KAUR,C,2,A9022,Product Design and Development,O,10.0,100.0,PASS,7.4,0,sem2_results,RES_S2_25881A66F2_A9022,STU_25881A66F2,SUB_2_A9022
25881A66F2,SARDARNI JASMEET KAUR,C,2,A9503,Data Structures,B+,7.0,70.0,PASS,7.4,0,sem2_results,RES_S2_25881A66F2_A9503,STU_25881A66F2,SUB_2_A9503
25881A66F2,SARDARNI JASMEET KAUR,C,2,A9504,Data Structures Laboratory,A,8.0,80.0,PASS,7.4,0,sem2_results,RES_S2_25881A66F2_A9504,STU_25881A66F2,SUB_2_A9504
25881A66F3,PALLEMPATI JATHIN,C,2,A9009,Engineering Chemistry,A+,9.0,90.0,PASS,8.65,0,sem2_results,RES_S2_25881A66F3_A9009,STU_25881A66F3,SUB_2_A9009
25881A66F3,PALLEMPATI JATHIN,C,2,A9011,English for Skills Enhancement,A+,9.0,90.0,PASS,8.65,0,sem2_results,RES_S2_25881A66F3_A9011,STU_25881A66F3,SUB_2_A9011
25881A66F3,PALLEMPATI JATHIN,C,2,A9010,Engineering Chemistry Laboratory,A+,9.0,90.0,PASS,8.65,0,sem2_results,RES_S2_25881A66F3_A9010,STU_25881A66F3,SUB_2_A9010
25881A66F3,PALLEMPATI JATHIN,C,2,A9012,English Language and Communication Skills Laboratory,A,8.0,80.0,PASS,8.65,0,sem2_results,RES_S2_25881A66F3_A9012,STU_25881A66F3,SUB_2_A9012
25881A66F3,PALLEMPATI JATHIN,C,2,A9304,Computer Aided Engineering Graphics,O,10.0,100.0,PASS,8.65,0,sem2_results,RES_S2_25881A66F3_A9304,STU_25881A66F3,SUB_2_A9304
25881A66F3,PALLEMPATI JATHIN,C,2,A9402,Digital Electronics,A+,9.0,90.0,PASS,8.65,0,sem2_results,RES_S2_25881A66F3_A9402,STU_25881A66F3,SUB_2_A9402
25881A66F3,PALLEMPATI JATHIN,C,2,A9002,Ordinary Differential Equations and Vector Calculus,A,8.0,80.0,PASS,8.65,0,sem2_results,RES_S2_25881A66F3_A9002,STU_25881A66F3,SUB_2_A9002
25881A66F3,PALLEMPATI JATHIN,C,2,A9022,Product Design and Development,O,10.0,100.0,PASS,8.65,0,sem2_results,RES_S2_25881A66F3_A9022,STU_25881A66F3,SUB_2_A9022
25881A66F3,PALLEMPATI JATHIN,C,2,A9503,Data Structures,A,8.0,80.0,PASS,8.65,0,sem2_results,RES_S2_25881A66F3_A9503,STU_25881A66F3,SUB_2_A9503
25881A66F3,PALLEMPATI JATHIN,C,2,A9504,Data Structures Laboratory,A,8.0,80.0,PASS,8.65,0,sem2_results,RES_S2_25881A66F3_A9504,STU_25881A66F3,SUB_2_A9504
25881A66F4,JARUGUMALLI JOY BENJMEN,C,2,A9009,Engineering Chemistry,F,0.0,0.0,FAIL,2.25,5,sem2_results,RES_S2_25881A66F4_A9009,STU_25881A66F4,SUB_2_A9009
25881A66F4,JARUGUMALLI JOY BENJMEN,C,2,A9011,English for Skills Enhancement,B+,7.0,70.0,PASS,2.25,5,sem2_results,RES_S2_25881A66F4_A9011,STU_25881A66F4,SUB_2_A9011
25881A66F4,JARUGUMALLI JOY BENJMEN,C,2,A9010,Engineering Chemistry Laboratory,B+,7.0,70.0,PASS,2.25,5,sem2_results,RES_S2_25881A66F4_A9010,STU_25881A66F4,SUB_2_A9010
25881A66F4,JARUGUMALLI JOY BENJMEN,C,2,A9012,English Language and Communication Skills Laboratory,B,6.0,60.0,PASS,2.25,5,sem2_results,RES_S2_25881A66F4_A9012,STU_25881A66F4,SUB_2_A9012
25881A66F4,JARUGUMALLI JOY BENJMEN,C,2,A9304,Computer Aided Engineering Graphics,A,8.0,80.0,PASS,2.25,5,sem2_results,RES_S2_25881A66F4_A9304,STU_25881A66F4,SUB_2_A9304
25881A66F4,JARUGUMALLI JOY BENJMEN,C,2,A9402,Digital Electronics,F,0.0,0.0,FAIL,2.25,5,sem2_results,RES_S2_25881A66F4_A9402,STU_25881A66F4,SUB_2_A9402
25881A66F4,JARUGUMALLI JOY BENJMEN,C,2,A9002,Ordinary Differential Equations and Vector Calculus,F,0.0,0.0,FAIL,2.25,5,sem2_results,RES_S2_25881A66F4_A9002,STU_25881A66F4,SUB_2_A9002
25881A66F4,JARUGUMALLI JOY BENJMEN,C,2,A9022,Product Design and Development,O,10.0,100.0,PASS,2.25,5,sem2_results,RES_S2_25881A66F4_A9022,STU_25881A66F4,SUB_2_A9022
25881A66F4,JARUGUMALLI JOY BENJMEN,C,2,A9503,Data Structures,F,0.0,0.0,FAIL,2.25,5,sem2_results,RES_S2_25881A66F4_A9503,STU_25881A66F4,SUB_2_A9503
25881A66F4,JARUGUMALLI JOY BENJMEN,C,2,A9504,Data Structures Laboratory,AB,0.0,0.0,FAIL,2.25,5,sem2_results,RES_S2_25881A66F4_A9504,STU_25881A66F4,SUB_2_A9504
25881A66F5,CHILAKALA KARTHIKEYA,C,2,A9009,Engineering Chemistry,B,6.0,60.0,PASS,6.3,0,sem2_results,RES_S2_25881A66F5_A9009,STU_25881A66F5,SUB_2_A9009
25881A66F5,CHILAKALA KARTHIKEYA,C,2,A9011,English for Skills Enhancement,B+,7.0,70.0,PASS,6.3,0,sem2_results,RES_S2_25881A66F5_A9011,STU_25881A66F5,SUB_2_A9011
25881A66F5,CHILAKALA KARTHIKEYA,C,2,A9010,Engineering Chemistry Laboratory,A,8.0,80.0,PASS,6.3,0,sem2_results,RES_S2_25881A66F5_A9010,STU_25881A66F5,SUB_2_A9010
25881A66F5,CHILAKALA KARTHIKEYA,C,2,A9012,English Language and Communication Skills Laboratory,B+,7.0,70.0,PASS,6.3,0,sem2_results,RES_S2_25881A66F5_A9012,STU_25881A66F5,SUB_2_A9012
25881A66F5,CHILAKALA KARTHIKEYA,C,2,A9304,Computer Aided Engineering Graphics,A+,9.0,90.0,PASS,6.3,0,sem2_results,RES_S2_25881A66F5_A9304,STU_25881A66F5,SUB_2_A9304
25881A66F5,CHILAKALA KARTHIKEYA,C,2,A9402,Digital Electronics,C,5.0,50.0,PASS,6.3,0,sem2_results,RES_S2_25881A66F5_A9402,STU_25881A66F5,SUB_2_A9402
25881A66F5,CHILAKALA KARTHIKEYA,C,2,A9002,Ordinary Differential Equations and Vector Calculus,B,6.0,60.0,PASS,6.3,0,sem2_results,RES_S2_25881A66F5_A9002,STU_25881A66F5,SUB_2_A9002
25881A66F5,CHILAKALA KARTHIKEYA,C,2,A9022,Product Design and Development,O,10.0,100.0,PASS,6.3,0,sem2_results,RES_S2_25881A66F5_A9022,STU_25881A66F5,SUB_2_A9022
25881A66F5,CHILAKALA KARTHIKEYA,C,2,A9503,Data Structures,C,5.0,50.0,PASS,6.3,0,sem2_results,RES_S2_25881A66F5_A9503,STU_25881A66F5,SUB_2_A9503
25881A66F5,CHILAKALA KARTHIKEYA,C,2,A9504,Data Structures Laboratory,B,6.0,60.0,PASS,6.3,0,sem2_results,RES_S2_25881A66F5_A9504,STU_25881A66F5,SUB_2_A9504
25881A66F6,BALIJA MADHUSHALINI,C,2,A9009,Engineering Chemistry,A,8.0,80.0,PASS,8.5,0,sem2_results,RES_S2_25881A66F6_A9009,STU_25881A66F6,SUB_2_A9009
25881A66F6,BALIJA MADHUSHALINI,C,2,A9011,English for Skills Enhancement,A+,9.0,90.0,PASS,8.5,0,sem2_results,RES_S2_25881A66F6_A9011,STU_25881A66F6,SUB_2_A9011
25881A66F6,BALIJA MADHUSHALINI,C,2,A9010,Engineering Chemistry Laboratory,A+,9.0,90.0,PASS,8.5,0,sem2_results,RES_S2_25881A66F6_A9010,STU_25881A66F6,SUB_2_A9010
25881A66F6,BALIJA MADHUSHALINI,C,2,A9012,English Language and Communication Skills Laboratory,A,8.0,80.0,PASS,8.5,0,sem2_results,RES_S2_25881A66F6_A9012,STU_25881A66F6,SUB_2_A9012
25881A66F6,BALIJA MADHUSHALINI,C,2,A9304,Computer Aided Engineering Graphics,A+,9.0,90.0,PASS,8.5,0,sem2_results,RES_S2_25881A66F6_A9304,STU_25881A66F6,SUB_2_A9304
25881A66F6,BALIJA MADHUSHALINI,C,2,A9402,Digital Electronics,A,8.0,80.0,PASS,8.5,0,sem2_results,RES_S2_25881A66F6_A9402,STU_25881A66F6,SUB_2_A9402
25881A66F6,BALIJA MADHUSHALINI,C,2,A9002,Ordinary Differential Equations and Vector Calculus,A+,9.0,90.0,PASS,8.5,0,sem2_results,RES_S2_25881A66F6_A9002,STU_25881A66F6,SUB_2_A9002
25881A66F6,BALIJA MADHUSHALINI,C,2,A9022,Product Design and Development,O,10.0,100.0,PASS,8.5,0,sem2_results,RES_S2_25881A66F6_A9022,STU_25881A66F6,SUB_2_A9022
25881A66F6,BALIJA MADHUSHALINI,C,2,A9503,Data Structures,A,8.0,80.0,PASS,8.5,0,sem2_results,RES_S2_25881A66F6_A9503,STU_25881A66F6,SUB_2_A9503
25881A66F6,BALIJA MADHUSHALINI,C,2,A9504,Data Structures Laboratory,A,8.0,80.0,PASS,8.5,0,sem2_results,RES_S2_25881A66F6_A9504,STU_25881A66F6,SUB_2_A9504
25881A66F7,DEBOJIT MAJUMDAR,C,2,A9009,Engineering Chemistry,B+,7.0,70.0,PASS,6.85,0,sem2_results,RES_S2_25881A66F7_A9009,STU_25881A66F7,SUB_2_A9009
25881A66F7,DEBOJIT MAJUMDAR,C,2,A9011,English for Skills Enhancement,A,8.0,80.0,PASS,6.85,0,sem2_results,RES_S2_25881A66F7_A9011,STU_25881A66F7,SUB_2_A9011
25881A66F7,DEBOJIT MAJUMDAR,C,2,A9010,Engineering Chemistry Laboratory,A,8.0,80.0,PASS,6.85,0,sem2_results,RES_S2_25881A66F7_A9010,STU_25881A66F7,SUB_2_A9010
25881A66F7,DEBOJIT MAJUMDAR,C,2,A9012,English Language and Communication Skills Laboratory,B+,7.0,70.0,PASS,6.85,0,sem2_results,RES_S2_25881A66F7_A9012,STU_25881A66F7,SUB_2_A9012
25881A66F7,DEBOJIT MAJUMDAR,C,2,A9304,Computer Aided Engineering Graphics,A+,9.0,90.0,PASS,6.85,0,sem2_results,RES_S2_25881A66F7_A9304,STU_25881A66F7,SUB_2_A9304
25881A66F7,DEBOJIT MAJUMDAR,C,2,A9402,Digital Electronics,C,5.0,50.0,PASS,6.85,0,sem2_results,RES_S2_25881A66F7_A9402,STU_25881A66F7,SUB_2_A9402
25881A66F7,DEBOJIT MAJUMDAR,C,2,A9002,Ordinary Differential Equations and Vector Calculus,B,6.0,60.0,PASS,6.85,0,sem2_results,RES_S2_25881A66F7_A9002,STU_25881A66F7,SUB_2_A9002
25881A66F7,DEBOJIT MAJUMDAR,C,2,A9022,Product Design and Development,O,10.0,100.0,PASS,6.85,0,sem2_results,RES_S2_25881A66F7_A9022,STU_25881A66F7,SUB_2_A9022
25881A66F7,DEBOJIT MAJUMDAR,C,2,A9503,Data Structures,B,6.0,60.0,PASS,6.85,0,sem2_results,RES_S2_25881A66F7_A9503,STU_25881A66F7,SUB_2_A9503
25881A66F7,DEBOJIT MAJUMDAR,C,2,A9504,Data Structures Laboratory,A+,9.0,90.0,PASS,6.85,0,sem2_results,RES_S2_25881A66F7_A9504,STU_25881A66F7,SUB_2_A9504
25881A66F8,BADUGU MANIVARSHITH,C,2,A9009,Engineering Chemistry,A+,9.0,90.0,PASS,8.9,0,sem2_results,RES_S2_25881A66F8_A9009,STU_25881A66F8,SUB_2_A9009
25881A66F8,BADUGU MANIVARSHITH,C,2,A9011,English for Skills Enhancement,A,8.0,80.0,PASS,8.9,0,sem2_results,RES_S2_25881A66F8_A9011,STU_25881A66F8,SUB_2_A9011
25881A66F8,BADUGU MANIVARSHITH,C,2,A9010,Engineering Chemistry Laboratory,O,10.0,100.0,PASS,8.9,0,sem2_results,RES_S2_25881A66F8_A9010,STU_25881A66F8,SUB_2_A9010
25881A66F8,BADUGU MANIVARSHITH,C,2,A9012,English Language and Communication Skills Laboratory,B+,7.0,70.0,PASS,8.9,0,sem2_results,RES_S2_25881A66F8_A9012,STU_25881A66F8,SUB_2_A9012
25881A66F8,BADUGU MANIVARSHITH,C,2,A9304,Computer Aided Engineering Graphics,A+,9.0,90.0,PASS,8.9,0,sem2_results,RES_S2_25881A66F8_A9304,STU_25881A66F8,SUB_2_A9304
25881A66F8,BADUGU MANIVARSHITH,C,2,A9402,Digital Electronics,A+,9.0,90.0,PASS,8.9,0,sem2_results,RES_S2_25881A66F8_A9402,STU_25881A66F8,SUB_2_A9402
25881A66F8,BADUGU MANIVARSHITH,C,2,A9002,Ordinary Differential Equations and Vector Calculus,O,10.0,100.0,PASS,8.9,0,sem2_results,RES_S2_25881A66F8_A9002,STU_25881A66F8,SUB_2_A9002
25881A66F8,BADUGU MANIVARSHITH,C,2,A9022,Product Design and Development,O,10.0,100.0,PASS,8.9,0,sem2_results,RES_S2_25881A66F8_A9022,STU_25881A66F8,SUB_2_A9022
25881A66F8,BADUGU MANIVARSHITH,C,2,A9503,Data Structures,A,8.0,80.0,PASS,8.9,0,sem2_results,RES_S2_25881A66F8_A9503,STU_25881A66F8,SUB_2_A9503
25881A66F8,BADUGU MANIVARSHITH,C,2,A9504,Data Structures Laboratory,A,8.0,80.0,PASS,8.9,0,sem2_results,RES_S2_25881A66F8_A9504,STU_25881A66F8,SUB_2_A9504
25881A66F9,MANCHINILLA MANOJ,C,2,A9009,Engineering Chemistry,B+,7.0,70.0,PASS,7.0,0,sem2_results,RES_S2_25881A66F9_A9009,STU_25881A66F9,SUB_2_A9009
25881A66F9,MANCHINILLA MANOJ,C,2,A9011,English for Skills Enhancement,A,8.0,80.0,PASS,7.0,0,sem2_results,RES_S2_25881A66F9_A9011,STU_25881A66F9,SUB_2_A9011
25881A66F9,MANCHINILLA MANOJ,C,2,A9010,Engineering Chemistry Laboratory,A+,9.0,90.0,PASS,7.0,0,sem2_results,RES_S2_25881A66F9_A9010,STU_25881A66F9,SUB_2_A9010
25881A66F9,MANCHINILLA MANOJ,C,2,A9012,English Language and Communication Skills Laboratory,B+,7.0,70.0,PASS,7.0,0,sem2_results,RES_S2_25881A66F9_A9012,STU_25881A66F9,SUB_2_A9012
25881A66F9,MANCHINILLA MANOJ,C,2,A9304,Computer Aided Engineering Graphics,A+,9.0,90.0,PASS,7.0,0,sem2_results,RES_S2_25881A66F9_A9304,STU_25881A66F9,SUB_2_A9304
25881A66F9,MANCHINILLA MANOJ,C,2,A9402,Digital Electronics,B,6.0,60.0,PASS,7.0,0,sem2_results,RES_S2_25881A66F9_A9402,STU_25881A66F9,SUB_2_A9402
25881A66F9,MANCHINILLA MANOJ,C,2,A9002,Ordinary Differential Equations and Vector Calculus,B,6.0,60.0,PASS,7.0,0,sem2_results,RES_S2_25881A66F9_A9002,STU_25881A66F9,SUB_2_A9002
25881A66F9,MANCHINILLA MANOJ,C,2,A9022,Product Design and Development,O,10.0,100.0,PASS,7.0,0,sem2_results,RES_S2_25881A66F9_A9022,STU_25881A66F9,SUB_2_A9022
25881A66F9,MANCHINILLA MANOJ,C,2,A9503,Data Structures,B,6.0,60.0,PASS,7.0,0,sem2_results,RES_S2_25881A66F9_A9503,STU_25881A66F9,SUB_2_A9503
25881A66F9,MANCHINILLA MANOJ,C,2,A9504,Data Structures Laboratory,A,8.0,80.0,PASS,7.0,0,sem2_results,RES_S2_25881A66F9_A9504,STU_25881A66F9,SUB_2_A9504
25881A66G0,BACHALWAD MARUTHI,C,2,A9009,Engineering Chemistry,A,8.0,80.0,PASS,7.95,0,sem2_results,RES_S2_25881A66G0_A9009,STU_25881A66G0,SUB_2_A9009
25881A66G0,BACHALWAD MARUTHI,C,2,A9011,English for Skills Enhancement,B+,7.0,70.0,PASS,7.95,0,sem2_results,RES_S2_25881A66G0_A9011,STU_25881A66G0,SUB_2_A9011
25881A66G0,BACHALWAD MARUTHI,C,2,A9010,Engineering Chemistry Laboratory,A+,9.0,90.0,PASS,7.95,0,sem2_results,RES_S2_25881A66G0_A9010,STU_25881A66G0,SUB_2_A9010
25881A66G0,BACHALWAD MARUTHI,C,2,A9012,English Language and Communication Skills Laboratory,B+,7.0,70.0,PASS,7.95,0,sem2_results,RES_S2_25881A66G0_A9012,STU_25881A66G0,SUB_2_A9012
25881A66G0,BACHALWAD MARUTHI,C,2,A9304,Computer Aided Engineering Graphics,A,8.0,80.0,PASS,7.95,0,sem2_results,RES_S2_25881A66G0_A9304,STU_25881A66G0,SUB_2_A9304
25881A66G0,BACHALWAD MARUTHI,C,2,A9402,Digital Electronics,A,8.0,80.0,PASS,7.95,0,sem2_results,RES_S2_25881A66G0_A9402,STU_25881A66G0,SUB_2_A9402
25881A66G0,BACHALWAD MARUTHI,C,2,A9002,Ordinary Differential Equations and Vector Calculus,A,8.0,80.0,PASS,7.95,0,sem2_results,RES_S2_25881A66G0_A9002,STU_25881A66G0,SUB_2_A9002
25881A66G0,BACHALWAD MARUTHI,C,2,A9022,Product Design and Development,O,10.0,100.0,PASS,7.95,0,sem2_results,RES_S2_25881A66G0_A9022,STU_25881A66G0,SUB_2_A9022
25881A66G0,BACHALWAD MARUTHI,C,2,A9503,Data Structures,A,8.0,80.0,PASS,7.95,0,sem2_results,RES_S2_25881A66G0_A9503,STU_25881A66G0,SUB_2_A9503
25881A66G0,BACHALWAD MARUTHI,C,2,A9504,Data Structures Laboratory,B+,7.0,70.0,PASS,7.95,0,sem2_results,RES_S2_25881A66G0_A9504,STU_25881A66G0,SUB_2_A9504
25881A66G1,ERUVA MOHITH,C,2,A9009,Engineering Chemistry,A+,9.0,90.0,PASS,8.9,0,sem2_results,RES_S2_25881A66G1_A9009,STU_25881A66G1,SUB_2_A9009
25881A66G1,ERUVA MOHITH,C,2,A9011,English for Skills Enhancement,A+,9.0,90.0,PASS,8.9,0,sem2_results,RES_S2_25881A66G1_A9011,STU_25881A66G1,SUB_2_A9011
25881A66G1,ERUVA MOHITH,C,2,A9010,Engineering Chemistry Laboratory,A+,9.0,90.0,PASS,8.9,0,sem2_results,RES_S2_25881A66G1_A9010,STU_25881A66G1,SUB_2_A9010
25881A66G1,ERUVA MOHITH,C,2,A9012,English Language and Communication Skills Laboratory,B+,7.0,70.0,PASS,8.9,0,sem2_results,RES_S2_25881A66G1_A9012,STU_25881A66G1,SUB_2_A9012
25881A66G1,ERUVA MOHITH,C,2,A9304,Computer Aided Engineering Graphics,O,10.0,100.0,PASS,8.9,0,sem2_results,RES_S2_25881A66G1_A9304,STU_25881A66G1,SUB_2_A9304
25881A66G1,ERUVA MOHITH,C,2,A9402,Digital Electronics,A,8.0,80.0,PASS,8.9,0,sem2_results,RES_S2_25881A66G1_A9402,STU_25881A66G1,SUB_2_A9402
25881A66G1,ERUVA MOHITH,C,2,A9002,Ordinary Differential Equations and Vector Calculus,O,10.0,100.0,PASS,8.9,0,sem2_results,RES_S2_25881A66G1_A9002,STU_25881A66G1,SUB_2_A9002
25881A66G1,ERUVA MOHITH,C,2,A9022,Product Design and Development,O,10.0,100.0,PASS,8.9,0,sem2_results,RES_S2_25881A66G1_A9022,STU_25881A66G1,SUB_2_A9022
25881A66G1,ERUVA MOHITH,C,2,A9503,Data Structures,A,8.0,80.0,PASS,8.9,0,sem2_results,RES_S2_25881A66G1_A9503,STU_25881A66G1,SUB_2_A9503
25881A66G1,ERUVA MOHITH,C,2,A9504,Data Structures Laboratory,A+,9.0,90.0,PASS,8.9,0,sem2_results,RES_S2_25881A66G1_A9504,STU_25881A66G1,SUB_2_A9504
25881A66G2,MUHAMMAD MUSTAFA,C,2,A9009,Engineering Chemistry,A+,9.0,90.0,PASS,9.2,0,sem2_results,RES_S2_25881A66G2_A9009,STU_25881A66G2,SUB_2_A9009
25881A66G2,MUHAMMAD MUSTAFA,C,2,A9011,English for Skills Enhancement,A+,9.0,90.0,PASS,9.2,0,sem2_results,RES_S2_25881A66G2_A9011,STU_25881A66G2,SUB_2_A9011
25881A66G2,MUHAMMAD MUSTAFA,C,2,A9010,Engineering Chemistry Laboratory,O,10.0,100.0,PASS,9.2,0,sem2_results,RES_S2_25881A66G2_A9010,STU_25881A66G2,SUB_2_A9010
25881A66G2,MUHAMMAD MUSTAFA,C,2,A9012,English Language and Communication Skills Laboratory,A+,9.0,90.0,PASS,9.2,0,sem2_results,RES_S2_25881A66G2_A9012,STU_25881A66G2,SUB_2_A9012
25881A66G2,MUHAMMAD MUSTAFA,C,2,A9304,Computer Aided Engineering Graphics,O,10.0,100.0,PASS,9.2,0,sem2_results,RES_S2_25881A66G2_A9304,STU_25881A66G2,SUB_2_A9304
25881A66G2,MUHAMMAD MUSTAFA,C,2,A9402,Digital Electronics,A+,9.0,90.0,PASS,9.2,0,sem2_results,RES_S2_25881A66G2_A9402,STU_25881A66G2,SUB_2_A9402
25881A66G2,MUHAMMAD MUSTAFA,C,2,A9002,Ordinary Differential Equations and Vector Calculus,A+,9.0,90.0,PASS,9.2,0,sem2_results,RES_S2_25881A66G2_A9002,STU_25881A66G2,SUB_2_A9002
25881A66G2,MUHAMMAD MUSTAFA,C,2,A9022,Product Design and Development,O,10.0,100.0,PASS,9.2,0,sem2_results,RES_S2_25881A66G2_A9022,STU_25881A66G2,SUB_2_A9022
25881A66G2,MUHAMMAD MUSTAFA,C,2,A9503,Data Structures,A+,9.0,90.0,PASS,9.2,0,sem2_results,RES_S2_25881A66G2_A9503,STU_25881A66G2,SUB_2_A9503
25881A66G2,MUHAMMAD MUSTAFA,C,2,A9504,Data Structures Laboratory,O,10.0,100.0,PASS,9.2,0,sem2_results,RES_S2_25881A66G2_A9504,STU_25881A66G2,SUB_2_A9504
25881A66G3,MALINENI NAGA TEJA SRI,C,2,A9009,Engineering Chemistry,F,0.0,0.0,FAIL,5.65,1,sem2_results,RES_S2_25881A66G3_A9009,STU_25881A66G3,SUB_2_A9009
25881A66G3,MALINENI NAGA TEJA SRI,C,2,A9011,English for Skills Enhancement,B+,7.0,70.0,PASS,5.65,1,sem2_results,RES_S2_25881A66G3_A9011,STU_25881A66G3,SUB_2_A9011
25881A66G3,MALINENI NAGA TEJA SRI,C,2,A9010,Engineering Chemistry Laboratory,A,8.0,80.0,PASS,5.65,1,sem2_results,RES_S2_25881A66G3_A9010,STU_25881A66G3,SUB_2_A9010
25881A66G3,MALINENI NAGA TEJA SRI,C,2,A9012,English Language and Communication Skills Laboratory,A,8.0,80.0,PASS,5.65,1,sem2_results,RES_S2_25881A66G3_A9012,STU_25881A66G3,SUB_2_A9012
25881A66G3,MALINENI NAGA TEJA SRI,C,2,A9304,Computer Aided Engineering Graphics,A+,9.0,90.0,PASS,5.65,1,sem2_results,RES_S2_25881A66G3_A9304,STU_25881A66G3,SUB_2_A9304
25881A66G3,MALINENI NAGA TEJA SRI,C,2,A9402,Digital Electronics,B+,7.0,70.0,PASS,5.65,1,sem2_results,RES_S2_25881A66G3_A9402,STU_25881A66G3,SUB_2_A9402
25881A66G3,MALINENI NAGA TEJA SRI,C,2,A9002,Ordinary Differential Equations and Vector Calculus,C,5.0,50.0,PASS,5.65,1,sem2_results,RES_S2_25881A66G3_A9002,STU_25881A66G3,SUB_2_A9002
25881A66G3,MALINENI NAGA TEJA SRI,C,2,A9022,Product Design and Development,O,10.0,100.0,PASS,5.65,1,sem2_results,RES_S2_25881A66G3_A9022,STU_25881A66G3,SUB_2_A9022
25881A66G3,MALINENI NAGA TEJA SRI,C,2,A9503,Data Structures,C,5.0,50.0,PASS,5.65,1,sem2_results,RES_S2_25881A66G3_A9503,STU_25881A66G3,SUB_2_A9503
25881A66G3,MALINENI NAGA TEJA SRI,C,2,A9504,Data Structures Laboratory,A,8.0,80.0,PASS,5.65,1,sem2_results,RES_S2_25881A66G3_A9504,STU_25881A66G3,SUB_2_A9504
25881A66G4,MEDIPELLI NANDHINI,C,2,A9009,Engineering Chemistry,A+,9.0,90.0,PASS,9.0,0,sem2_results,RES_S2_25881A66G4_A9009,STU_25881A66G4,SUB_2_A9009
25881A66G4,MEDIPELLI NANDHINI,C,2,A9011,English for Skills Enhancement,A+,9.0,90.0,PASS,9.0,0,sem2_results,RES_S2_25881A66G4_A9011,STU_25881A66G4,SUB_2_A9011
25881A66G4,MEDIPELLI NANDHINI,C,2,A9010,Engineering Chemistry Laboratory,O,10.0,100.0,PASS,9.0,0,sem2_results,RES_S2_25881A66G4_A9010,STU_25881A66G4,SUB_2_A9010
25881A66G4,MEDIPELLI NANDHINI,C,2,A9012,English Language and Communication Skills Laboratory,A+,9.0,90.0,PASS,9.0,0,sem2_results,RES_S2_25881A66G4_A9012,STU_25881A66G4,SUB_2_A9012
25881A66G4,MEDIPELLI NANDHINI,C,2,A9304,Computer Aided Engineering Graphics,O,10.0,100.0,PASS,9.0,0,sem2_results,RES_S2_25881A66G4_A9304,STU_25881A66G4,SUB_2_A9304
25881A66G4,MEDIPELLI NANDHINI,C,2,A9402,Digital Electronics,A,8.0,80.0,PASS,9.0,0,sem2_results,RES_S2_25881A66G4_A9402,STU_25881A66G4,SUB_2_A9402
25881A66G4,MEDIPELLI NANDHINI,C,2,A9002,Ordinary Differential Equations and Vector Calculus,A+,9.0,90.0,PASS,9.0,0,sem2_results,RES_S2_25881A66G4_A9002,STU_25881A66G4,SUB_2_A9002
25881A66G4,MEDIPELLI NANDHINI,C,2,A9022,Product Design and Development,O,10.0,100.0,PASS,9.0,0,sem2_results,RES_S2_25881A66G4_A9022,STU_25881A66G4,SUB_2_A9022
25881A66G4,MEDIPELLI NANDHINI,C,2,A9503,Data Structures,A+,9.0,90.0,PASS,9.0,0,sem2_results,RES_S2_25881A66G4_A9503,STU_25881A66G4,SUB_2_A9503
25881A66G4,MEDIPELLI NANDHINI,C,2,A9504,Data Structures Laboratory,A+,9.0,90.0,PASS,9.0,0,sem2_results,RES_S2_25881A66G4_A9504,STU_25881A66G4,SUB_2_A9504
25881A66G5,PALADI NITEESH,C,2,A9009,Engineering Chemistry,B,6.0,60.0,PASS,5.9,1,sem2_results,RES_S2_25881A66G5_A9009,STU_25881A66G5,SUB_2_A9009
25881A66G5,PALADI NITEESH,C,2,A9011,English for Skills Enhancement,B+,7.0,70.0,PASS,5.9,1,sem2_results,RES_S2_25881A66G5_A9011,STU_25881A66G5,SUB_2_A9011
25881A66G5,PALADI NITEESH,C,2,A9010,Engineering Chemistry Laboratory,A,8.0,80.0,PASS,5.9,1,sem2_results,RES_S2_25881A66G5_A9010,STU_25881A66G5,SUB_2_A9010
25881A66G5,PALADI NITEESH,C,2,A9012,English Language and Communication Skills Laboratory,A,8.0,80.0,PASS,5.9,1,sem2_results,RES_S2_25881A66G5_A9012,STU_25881A66G5,SUB_2_A9012
25881A66G5,PALADI NITEESH,C,2,A9304,Computer Aided Engineering Graphics,A+,9.0,90.0,PASS,5.9,1,sem2_results,RES_S2_25881A66G5_A9304,STU_25881A66G5,SUB_2_A9304
25881A66G5,PALADI NITEESH,C,2,A9402,Digital Electronics,B+,7.0,70.0,PASS,5.9,1,sem2_results,RES_S2_25881A66G5_A9402,STU_25881A66G5,SUB_2_A9402
25881A66G5,PALADI NITEESH,C,2,A9002,Ordinary Differential Equations and Vector Calculus,B,6.0,60.0,PASS,5.9,1,sem2_results,RES_S2_25881A66G5_A9002,STU_25881A66G5,SUB_2_A9002
25881A66G5,PALADI NITEESH,C,2,A9022,Product Design and Development,O,10.0,100.0,PASS,5.9,1,sem2_results,RES_S2_25881A66G5_A9022,STU_25881A66G5,SUB_2_A9022
25881A66G5,PALADI NITEESH,C,2,A9503,Data Structures,F,0.0,0.0,FAIL,5.9,1,sem2_results,RES_S2_25881A66G5_A9503,STU_25881A66G5,SUB_2_A9503
25881A66G5,PALADI NITEESH,C,2,A9504,Data Structures Laboratory,B,6.0,60.0,PASS,5.9,1,sem2_results,RES_S2_25881A66G5_A9504,STU_25881A66G5,SUB_2_A9504
25881A66G6,RACHAKONDA POOJITHA,C,2,A9009,Engineering Chemistry,A,8.0,80.0,PASS,7.55,0,sem2_results,RES_S2_25881A66G6_A9009,STU_25881A66G6,SUB_2_A9009
25881A66G6,RACHAKONDA POOJITHA,C,2,A9011,English for Skills Enhancement,A,8.0,80.0,PASS,7.55,0,sem2_results,RES_S2_25881A66G6_A9011,STU_25881A66G6,SUB_2_A9011
25881A66G6,RACHAKONDA POOJITHA,C,2,A9010,Engineering Chemistry Laboratory,A+,9.0,90.0,PASS,7.55,0,sem2_results,RES_S2_25881A66G6_A9010,STU_25881A66G6,SUB_2_A9010
25881A66G6,RACHAKONDA POOJITHA,C,2,A9012,English Language and Communication Skills Laboratory,A+,9.0,90.0,PASS,7.55,0,sem2_results,RES_S2_25881A66G6_A9012,STU_25881A66G6,SUB_2_A9012
25881A66G6,RACHAKONDA POOJITHA,C,2,A9304,Computer Aided Engineering Graphics,A+,9.0,90.0,PASS,7.55,0,sem2_results,RES_S2_25881A66G6_A9304,STU_25881A66G6,SUB_2_A9304
25881A66G6,RACHAKONDA POOJITHA,C,2,A9402,Digital Electronics,B+,7.0,70.0,PASS,7.55,0,sem2_results,RES_S2_25881A66G6_A9402,STU_25881A66G6,SUB_2_A9402
25881A66G6,RACHAKONDA POOJITHA,C,2,A9002,Ordinary Differential Equations and Vector Calculus,C,5.0,50.0,PASS,7.55,0,sem2_results,RES_S2_25881A66G6_A9002,STU_25881A66G6,SUB_2_A9002
25881A66G6,RACHAKONDA POOJITHA,C,2,A9022,Product Design and Development,O,10.0,100.0,PASS,7.55,0,sem2_results,RES_S2_25881A66G6_A9022,STU_25881A66G6,SUB_2_A9022
25881A66G6,RACHAKONDA POOJITHA,C,2,A9503,Data Structures,A,8.0,80.0,PASS,7.55,0,sem2_results,RES_S2_25881A66G6_A9503,STU_25881A66G6,SUB_2_A9503
25881A66G6,RACHAKONDA POOJITHA,C,2,A9504,Data Structures Laboratory,A+,9.0,90.0,PASS,7.55,0,sem2_results,RES_S2_25881A66G6_A9504,STU_25881A66G6,SUB_2_A9504
25881A66G7,MADAKA PRANATHI LASYA,C,2,A9009,Engineering Chemistry,B,6.0,60.0,PASS,7.05,0,sem2_results,RES_S2_25881A66G7_A9009,STU_25881A66G7,SUB_2_A9009
25881A66G7,MADAKA PRANATHI LASYA,C,2,A9011,English for Skills Enhancement,A+,9.0,90.0,PASS,7.05,0,sem2_results,RES_S2_25881A66G7_A9011,STU_25881A66G7,SUB_2_A9011
25881A66G7,MADAKA PRANATHI LASYA,C,2,A9010,Engineering Chemistry Laboratory,A+,9.0,90.0,PASS,7.05,0,sem2_results,RES_S2_25881A66G7_A9010,STU_25881A66G7,SUB_2_A9010
25881A66G7,MADAKA PRANATHI LASYA,C,2,A9012,English Language and Communication Skills Laboratory,A,8.0,80.0,PASS,7.05,0,sem2_results,RES_S2_25881A66G7_A9012,STU_25881A66G7,SUB_2_A9012
25881A66G7,MADAKA PRANATHI LASYA,C,2,A9304,Computer Aided Engineering Graphics,A+,9.0,90.0,PASS,7.05,0,sem2_results,RES_S2_25881A66G7_A9304,STU_25881A66G7,SUB_2_A9304
25881A66G7,MADAKA PRANATHI LASYA,C,2,A9402,Digital Electronics,B+,7.0,70.0,PASS,7.05,0,sem2_results,RES_S2_25881A66G7_A9402,STU_25881A66G7,SUB_2_A9402
25881A66G7,MADAKA PRANATHI LASYA,C,2,A9002,Ordinary Differential Equations and Vector Calculus,C,5.0,50.0,PASS,7.05,0,sem2_results,RES_S2_25881A66G7_A9002,STU_25881A66G7,SUB_2_A9002
25881A66G7,MADAKA PRANATHI LASYA,C,2,A9022,Product Design and Development,O,10.0,100.0,PASS,7.05,0,sem2_results,RES_S2_25881A66G7_A9022,STU_25881A66G7,SUB_2_A9022
25881A66G7,MADAKA PRANATHI LASYA,C,2,A9503,Data Structures,B+,7.0,70.0,PASS,7.05,0,sem2_results,RES_S2_25881A66G7_A9503,STU_25881A66G7,SUB_2_A9503
25881A66G7,MADAKA PRANATHI LASYA,C,2,A9504,Data Structures Laboratory,B+,7.0,70.0,PASS,7.05,0,sem2_results,RES_S2_25881A66G7_A9504,STU_25881A66G7,SUB_2_A9504
25881A66G8,PULLURI RAGHU CHARAN,C,2,A9009,Engineering Chemistry,A,8.0,80.0,PASS,8.8,0,sem2_results,RES_S2_25881A66G8_A9009,STU_25881A66G8,SUB_2_A9009
25881A66G8,PULLURI RAGHU CHARAN,C,2,A9011,English for Skills Enhancement,A,8.0,80.0,PASS,8.8,0,sem2_results,RES_S2_25881A66G8_A9011,STU_25881A66G8,SUB_2_A9011
25881A66G8,PULLURI RAGHU CHARAN,C,2,A9010,Engineering Chemistry Laboratory,O,10.0,100.0,PASS,8.8,0,sem2_results,RES_S2_25881A66G8_A9010,STU_25881A66G8,SUB_2_A9010
25881A66G8,PULLURI RAGHU CHARAN,C,2,A9012,English Language and Communication Skills Laboratory,A+,9.0,90.0,PASS,8.8,0,sem2_results,RES_S2_25881A66G8_A9012,STU_25881A66G8,SUB_2_A9012
25881A66G8,PULLURI RAGHU CHARAN,C,2,A9304,Computer Aided Engineering Graphics,O,10.0,100.0,PASS,8.8,0,sem2_results,RES_S2_25881A66G8_A9304,STU_25881A66G8,SUB_2_A9304
25881A66G8,PULLURI RAGHU CHARAN,C,2,A9402,Digital Electronics,A,8.0,80.0,PASS,8.8,0,sem2_results,RES_S2_25881A66G8_A9402,STU_25881A66G8,SUB_2_A9402
25881A66G8,PULLURI RAGHU CHARAN,C,2,A9002,Ordinary Differential Equations and Vector Calculus,A+,9.0,90.0,PASS,8.8,0,sem2_results,RES_S2_25881A66G8_A9002,STU_25881A66G8,SUB_2_A9002
25881A66G8,PULLURI RAGHU CHARAN,C,2,A9022,Product Design and Development,O,10.0,100.0,PASS,8.8,0,sem2_results,RES_S2_25881A66G8_A9022,STU_25881A66G8,SUB_2_A9022
25881A66G8,PULLURI RAGHU CHARAN,C,2,A9503,Data Structures,A+,9.0,90.0,PASS,8.8,0,sem2_results,RES_S2_25881A66G8_A9503,STU_25881A66G8,SUB_2_A9503
25881A66G8,PULLURI RAGHU CHARAN,C,2,A9504,Data Structures Laboratory,O,10.0,100.0,PASS,8.8,0,sem2_results,RES_S2_25881A66G8_A9504,STU_25881A66G8,SUB_2_A9504
25881A66G9,PADISHALA RAJEEV KUMAR,C,2,A9009,Engineering Chemistry,C,5.0,50.0,PASS,5.0,1,sem2_results,RES_S2_25881A66G9_A9009,STU_25881A66G9,SUB_2_A9009
25881A66G9,PADISHALA RAJEEV KUMAR,C,2,A9011,English for Skills Enhancement,B,6.0,60.0,PASS,5.0,1,sem2_results,RES_S2_25881A66G9_A9011,STU_25881A66G9,SUB_2_A9011
25881A66G9,PADISHALA RAJEEV KUMAR,C,2,A9010,Engineering Chemistry Laboratory,A,8.0,80.0,PASS,5.0,1,sem2_results,RES_S2_25881A66G9_A9010,STU_25881A66G9,SUB_2_A9010
25881A66G9,PADISHALA RAJEEV KUMAR,C,2,A9012,English Language and Communication Skills Laboratory,A,8.0,80.0,PASS,5.0,1,sem2_results,RES_S2_25881A66G9_A9012,STU_25881A66G9,SUB_2_A9012
25881A66G9,PADISHALA RAJEEV KUMAR,C,2,A9304,Computer Aided Engineering Graphics,A+,9.0,90.0,PASS,5.0,1,sem2_results,RES_S2_25881A66G9_A9304,STU_25881A66G9,SUB_2_A9304
25881A66G9,PADISHALA RAJEEV KUMAR,C,2,A9402,Digital Electronics,C,5.0,50.0,PASS,5.0,1,sem2_results,RES_S2_25881A66G9_A9402,STU_25881A66G9,SUB_2_A9402
25881A66G9,PADISHALA RAJEEV KUMAR,C,2,A9002,Ordinary Differential Equations and Vector Calculus,F,0.0,0.0,FAIL,5.0,1,sem2_results,RES_S2_25881A66G9_A9002,STU_25881A66G9,SUB_2_A9002
25881A66G9,PADISHALA RAJEEV KUMAR,C,2,A9022,Product Design and Development,O,10.0,100.0,PASS,5.0,1,sem2_results,RES_S2_25881A66G9_A9022,STU_25881A66G9,SUB_2_A9022
25881A66G9,PADISHALA RAJEEV KUMAR,C,2,A9503,Data Structures,C,5.0,50.0,PASS,5.0,1,sem2_results,RES_S2_25881A66G9_A9503,STU_25881A66G9,SUB_2_A9503
25881A66G9,PADISHALA RAJEEV KUMAR,C,2,A9504,Data Structures Laboratory,A,8.0,80.0,PASS,5.0,1,sem2_results,RES_S2_25881A66G9_A9504,STU_25881A66G9,SUB_2_A9504
25881A66H0,RANGA REDDY LAASYA,C,2,A9009,Engineering Chemistry,F,0.0,0.0,FAIL,6.05,1,sem2_results,RES_S2_25881A66H0_A9009,STU_25881A66H0,SUB_2_A9009
25881A66H0,RANGA REDDY LAASYA,C,2,A9011,English for Skills Enhancement,B+,7.0,70.0,PASS,6.05,1,sem2_results,RES_S2_25881A66H0_A9011,STU_25881A66H0,SUB_2_A9011
25881A66H0,RANGA REDDY LAASYA,C,2,A9010,Engineering Chemistry Laboratory,A+,9.0,90.0,PASS,6.05,1,sem2_results,RES_S2_25881A66H0_A9010,STU_25881A66H0,SUB_2_A9010
25881A66H0,RANGA REDDY LAASYA,C,2,A9012,English Language and Communication Skills Laboratory,A,8.0,80.0,PASS,6.05,1,sem2_results,RES_S2_25881A66H0_A9012,STU_25881A66H0,SUB_2_A9012
25881A66H0,RANGA REDDY LAASYA,C,2,A9304,Computer Aided Engineering Graphics,A+,9.0,90.0,PASS,6.05,1,sem2_results,RES_S2_25881A66H0_A9304,STU_25881A66H0,SUB_2_A9304
25881A66H0,RANGA REDDY LAASYA,C,2,A9402,Digital Electronics,B,6.0,60.0,PASS,6.05,1,sem2_results,RES_S2_25881A66H0_A9402,STU_25881A66H0,SUB_2_A9402
25881A66H0,RANGA REDDY LAASYA,C,2,A9002,Ordinary Differential Equations and Vector Calculus,B,6.0,60.0,PASS,6.05,1,sem2_results,RES_S2_25881A66H0_A9002,STU_25881A66H0,SUB_2_A9002
25881A66H0,RANGA REDDY LAASYA,C,2,A9022,Product Design and Development,O,10.0,100.0,PASS,6.05,1,sem2_results,RES_S2_25881A66H0_A9022,STU_25881A66H0,SUB_2_A9022
25881A66H0,RANGA REDDY LAASYA,C,2,A9503,Data Structures,B+,7.0,70.0,PASS,6.05,1,sem2_results,RES_S2_25881A66H0_A9503,STU_25881A66H0,SUB_2_A9503
25881A66H0,RANGA REDDY LAASYA,C,2,A9504,Data Structures Laboratory,A,8.0,80.0,PASS,6.05,1,sem2_results,RES_S2_25881A66H0_A9504,STU_25881A66H0,SUB_2_A9504
25881A66H1,POOLA REVANTH KUMAR,C,2,A9009,Engineering Chemistry,B,6.0,60.0,PASS,6.8,0,sem2_results,RES_S2_25881A66H1_A9009,STU_25881A66H1,SUB_2_A9009
25881A66H1,POOLA REVANTH KUMAR,C,2,A9011,English for Skills Enhancement,B+,7.0,70.0,PASS,6.8,0,sem2_results,RES_S2_25881A66H1_A9011,STU_25881A66H1,SUB_2_A9011
25881A66H1,POOLA REVANTH KUMAR,C,2,A9010,Engineering Chemistry Laboratory,A+,9.0,90.0,PASS,6.8,0,sem2_results,RES_S2_25881A66H1_A9010,STU_25881A66H1,SUB_2_A9010
25881A66H1,POOLA REVANTH KUMAR,C,2,A9012,English Language and Communication Skills Laboratory,A+,9.0,90.0,PASS,6.8,0,sem2_results,RES_S2_25881A66H1_A9012,STU_25881A66H1,SUB_2_A9012
25881A66H1,POOLA REVANTH KUMAR,C,2,A9304,Computer Aided Engineering Graphics,A+,9.0,90.0,PASS,6.8,0,sem2_results,RES_S2_25881A66H1_A9304,STU_25881A66H1,SUB_2_A9304
25881A66H1,POOLA REVANTH KUMAR,C,2,A9402,Digital Electronics,B,6.0,60.0,PASS,6.8,0,sem2_results,RES_S2_25881A66H1_A9402,STU_25881A66H1,SUB_2_A9402
25881A66H1,POOLA REVANTH KUMAR,C,2,A9002,Ordinary Differential Equations and Vector Calculus,B,6.0,60.0,PASS,6.8,0,sem2_results,RES_S2_25881A66H1_A9002,STU_25881A66H1,SUB_2_A9002
25881A66H1,POOLA REVANTH KUMAR,C,2,A9022,Product Design and Development,O,10.0,100.0,PASS,6.8,0,sem2_results,RES_S2_25881A66H1_A9022,STU_25881A66H1,SUB_2_A9022
25881A66H1,POOLA REVANTH KUMAR,C,2,A9503,Data Structures,B,6.0,60.0,PASS,6.8,0,sem2_results,RES_S2_25881A66H1_A9503,STU_25881A66H1,SUB_2_A9503
25881A66H1,POOLA REVANTH KUMAR,C,2,A9504,Data Structures Laboratory,B+,7.0,70.0,PASS,6.8,0,sem2_results,RES_S2_25881A66H1_A9504,STU_25881A66H1,SUB_2_A9504
25881A66H2,REDDY RICHITHA REDDY,C,2,A9009,Engineering Chemistry,A+,9.0,90.0,PASS,8.75,0,sem2_results,RES_S2_25881A66H2_A9009,STU_25881A66H2,SUB_2_A9009
25881A66H2,REDDY RICHITHA REDDY,C,2,A9011,English for Skills Enhancement,A,8.0,80.0,PASS,8.75,0,sem2_results,RES_S2_25881A66H2_A9011,STU_25881A66H2,SUB_2_A9011
25881A66H2,REDDY RICHITHA REDDY,C,2,A9010,Engineering Chemistry Laboratory,A+,9.0,90.0,PASS,8.75,0,sem2_results,RES_S2_25881A66H2_A9010,STU_25881A66H2,SUB_2_A9010
25881A66H2,REDDY RICHITHA REDDY,C,2,A9012,English Language and Communication Skills Laboratory,A+,9.0,90.0,PASS,8.75,0,sem2_results,RES_S2_25881A66H2_A9012,STU_25881A66H2,SUB_2_A9012
25881A66H2,REDDY RICHITHA REDDY,C,2,A9304,Computer Aided Engineering Graphics,O,10.0,100.0,PASS,8.75,0,sem2_results,RES_S2_25881A66H2_A9304,STU_25881A66H2,SUB_2_A9304
25881A66H2,REDDY RICHITHA REDDY,C,2,A9402,Digital Electronics,A,8.0,80.0,PASS,8.75,0,sem2_results,RES_S2_25881A66H2_A9402,STU_25881A66H2,SUB_2_A9402
25881A66H2,REDDY RICHITHA REDDY,C,2,A9002,Ordinary Differential Equations and Vector Calculus,A+,9.0,90.0,PASS,8.75,0,sem2_results,RES_S2_25881A66H2_A9002,STU_25881A66H2,SUB_2_A9002
25881A66H2,REDDY RICHITHA REDDY,C,2,A9022,Product Design and Development,O,10.0,100.0,PASS,8.75,0,sem2_results,RES_S2_25881A66H2_A9022,STU_25881A66H2,SUB_2_A9022
25881A66H2,REDDY RICHITHA REDDY,C,2,A9503,Data Structures,A,8.0,80.0,PASS,8.75,0,sem2_results,RES_S2_25881A66H2_A9503,STU_25881A66H2,SUB_2_A9503
25881A66H2,REDDY RICHITHA REDDY,C,2,A9504,Data Structures Laboratory,O,10.0,100.0,PASS,8.75,0,sem2_results,RES_S2_25881A66H2_A9504,STU_25881A66H2,SUB_2_A9504
25881A66H3,MUNNANGI RUDRA SAI PRATAP REDDY,C,2,A9009,Engineering Chemistry,A+,9.0,90.0,PASS,9.4,0,sem2_results,RES_S2_25881A66H3_A9009,STU_25881A66H3,SUB_2_A9009
25881A66H3,MUNNANGI RUDRA SAI PRATAP REDDY,C,2,A9011,English for Skills Enhancement,A+,9.0,90.0,PASS,9.4,0,sem2_results,RES_S2_25881A66H3_A9011,STU_25881A66H3,SUB_2_A9011
25881A66H3,MUNNANGI RUDRA SAI PRATAP REDDY,C,2,A9010,Engineering Chemistry Laboratory,O,10.0,100.0,PASS,9.4,0,sem2_results,RES_S2_25881A66H3_A9010,STU_25881A66H3,SUB_2_A9010
25881A66H3,MUNNANGI RUDRA SAI PRATAP REDDY,C,2,A9012,English Language and Communication Skills Laboratory,A+,9.0,90.0,PASS,9.4,0,sem2_results,RES_S2_25881A66H3_A9012,STU_25881A66H3,SUB_2_A9012
25881A66H3,MUNNANGI RUDRA SAI PRATAP REDDY,C,2,A9304,Computer Aided Engineering Graphics,O,10.0,100.0,PASS,9.4,0,sem2_results,RES_S2_25881A66H3_A9304,STU_25881A66H3,SUB_2_A9304
25881A66H3,MUNNANGI RUDRA SAI PRATAP REDDY,C,2,A9402,Digital Electronics,O,10.0,100.0,PASS,9.4,0,sem2_results,RES_S2_25881A66H3_A9402,STU_25881A66H3,SUB_2_A9402
25881A66H3,MUNNANGI RUDRA SAI PRATAP REDDY,C,2,A9002,Ordinary Differential Equations and Vector Calculus,O,10.0,100.0,PASS,9.4,0,sem2_results,RES_S2_25881A66H3_A9002,STU_25881A66H3,SUB_2_A9002
25881A66H3,MUNNANGI RUDRA SAI PRATAP REDDY,C,2,A9022,Product Design and Development,O,10.0,100.0,PASS,9.4,0,sem2_results,RES_S2_25881A66H3_A9022,STU_25881A66H3,SUB_2_A9022
25881A66H3,MUNNANGI RUDRA SAI PRATAP REDDY,C,2,A9503,Data Structures,A,8.0,80.0,PASS,9.4,0,sem2_results,RES_S2_25881A66H3_A9503,STU_25881A66H3,SUB_2_A9503
25881A66H3,MUNNANGI RUDRA SAI PRATAP REDDY,C,2,A9504,Data Structures Laboratory,O,10.0,100.0,PASS,9.4,0,sem2_results,RES_S2_25881A66H3_A9504,STU_25881A66H3,SUB_2_A9504
25881A66H4,PENDEM SADHVIK,C,2,A9009,Engineering Chemistry,O,10.0,100.0,PASS,9.45,0,sem2_results,RES_S2_25881A66H4_A9009,STU_25881A66H4,SUB_2_A9009
25881A66H4,PENDEM SADHVIK,C,2,A9011,English for Skills Enhancement,A+,9.0,90.0,PASS,9.45,0,sem2_results,RES_S2_25881A66H4_A9011,STU_25881A66H4,SUB_2_A9011
25881A66H4,PENDEM SADHVIK,C,2,A9010,Engineering Chemistry Laboratory,O,10.0,100.0,PASS,9.45,0,sem2_results,RES_S2_25881A66H4_A9010,STU_25881A66H4,SUB_2_A9010
25881A66H4,PENDEM SADHVIK,C,2,A9012,English Language and Communication Skills Laboratory,A,8.0,80.0,PASS,9.45,0,sem2_results,RES_S2_25881A66H4_A9012,STU_25881A66H4,SUB_2_A9012
25881A66H4,PENDEM SADHVIK,C,2,A9304,Computer Aided Engineering Graphics,O,10.0,100.0,PASS,9.45,0,sem2_results,RES_S2_25881A66H4_A9304,STU_25881A66H4,SUB_2_A9304
25881A66H4,PENDEM SADHVIK,C,2,A9402,Digital Electronics,A+,9.0,90.0,PASS,9.45,0,sem2_results,RES_S2_25881A66H4_A9402,STU_25881A66H4,SUB_2_A9402
25881A66H4,PENDEM SADHVIK,C,2,A9002,Ordinary Differential Equations and Vector Calculus,O,10.0,100.0,PASS,9.45,0,sem2_results,RES_S2_25881A66H4_A9002,STU_25881A66H4,SUB_2_A9002
25881A66H4,PENDEM SADHVIK,C,2,A9022,Product Design and Development,O,10.0,100.0,PASS,9.45,0,sem2_results,RES_S2_25881A66H4_A9022,STU_25881A66H4,SUB_2_A9022
25881A66H4,PENDEM SADHVIK,C,2,A9503,Data Structures,A+,9.0,90.0,PASS,9.45,0,sem2_results,RES_S2_25881A66H4_A9503,STU_25881A66H4,SUB_2_A9503
25881A66H4,PENDEM SADHVIK,C,2,A9504,Data Structures Laboratory,A+,9.0,90.0,PASS,9.45,0,sem2_results,RES_S2_25881A66H4_A9504,STU_25881A66H4,SUB_2_A9504
25881A66H5,MOGILIGIDDA SAHITHI,C,2,A9009,Engineering Chemistry,A+,9.0,90.0,PASS,8.9,0,sem2_results,RES_S2_25881A66H5_A9009,STU_25881A66H5,SUB_2_A9009
25881A66H5,MOGILIGIDDA SAHITHI,C,2,A9011,English for Skills Enhancement,A,8.0,80.0,PASS,8.9,0,sem2_results,RES_S2_25881A66H5_A9011,STU_25881A66H5,SUB_2_A9011
25881A66H5,MOGILIGIDDA SAHITHI,C,2,A9010,Engineering Chemistry Laboratory,O,10.0,100.0,PASS,8.9,0,sem2_results,RES_S2_25881A66H5_A9010,STU_25881A66H5,SUB_2_A9010
25881A66H5,MOGILIGIDDA SAHITHI,C,2,A9012,English Language and Communication Skills Laboratory,A+,9.0,90.0,PASS,8.9,0,sem2_results,RES_S2_25881A66H5_A9012,STU_25881A66H5,SUB_2_A9012
25881A66H5,MOGILIGIDDA SAHITHI,C,2,A9304,Computer Aided Engineering Graphics,O,10.0,100.0,PASS,8.9,0,sem2_results,RES_S2_25881A66H5_A9304,STU_25881A66H5,SUB_2_A9304
25881A66H5,MOGILIGIDDA SAHITHI,C,2,A9402,Digital Electronics,A,8.0,80.0,PASS,8.9,0,sem2_results,RES_S2_25881A66H5_A9402,STU_25881A66H5,SUB_2_A9402
25881A66H5,MOGILIGIDDA SAHITHI,C,2,A9002,Ordinary Differential Equations and Vector Calculus,O,10.0,100.0,PASS,8.9,0,sem2_results,RES_S2_25881A66H5_A9002,STU_25881A66H5,SUB_2_A9002
25881A66H5,MOGILIGIDDA SAHITHI,C,2,A9022,Product Design and Development,O,10.0,100.0,PASS,8.9,0,sem2_results,RES_S2_25881A66H5_A9022,STU_25881A66H5,SUB_2_A9022
25881A66H5,MOGILIGIDDA SAHITHI,C,2,A9503,Data Structures,A,8.0,80.0,PASS,8.9,0,sem2_results,RES_S2_25881A66H5_A9503,STU_25881A66H5,SUB_2_A9503
25881A66H5,MOGILIGIDDA SAHITHI,C,2,A9504,Data Structures Laboratory,A,8.0,80.0,PASS,8.9,0,sem2_results,RES_S2_25881A66H5_A9504,STU_25881A66H5,SUB_2_A9504
25881A66H6,C SAI NEEHAL,C,2,A9009,Engineering Chemistry,A+,9.0,90.0,PASS,8.4,0,sem2_results,RES_S2_25881A66H6_A9009,STU_25881A66H6,SUB_2_A9009
25881A66H6,C SAI NEEHAL,C,2,A9011,English for Skills Enhancement,A,8.0,80.0,PASS,8.4,0,sem2_results,RES_S2_25881A66H6_A9011,STU_25881A66H6,SUB_2_A9011
25881A66H6,C SAI NEEHAL,C,2,A9010,Engineering Chemistry Laboratory,A+,9.0,90.0,PASS,8.4,0,sem2_results,RES_S2_25881A66H6_A9010,STU_25881A66H6,SUB_2_A9010
25881A66H6,C SAI NEEHAL,C,2,A9012,English Language and Communication Skills Laboratory,A+,9.0,90.0,PASS,8.4,0,sem2_results,RES_S2_25881A66H6_A9012,STU_25881A66H6,SUB_2_A9012
25881A66H6,C SAI NEEHAL,C,2,A9304,Computer Aided Engineering Graphics,O,10.0,100.0,PASS,8.4,0,sem2_results,RES_S2_25881A66H6_A9304,STU_25881A66H6,SUB_2_A9304
25881A66H6,C SAI NEEHAL,C,2,A9402,Digital Electronics,A,8.0,80.0,PASS,8.4,0,sem2_results,RES_S2_25881A66H6_A9402,STU_25881A66H6,SUB_2_A9402
25881A66H6,C SAI NEEHAL,C,2,A9002,Ordinary Differential Equations and Vector Calculus,A,8.0,80.0,PASS,8.4,0,sem2_results,RES_S2_25881A66H6_A9002,STU_25881A66H6,SUB_2_A9002
25881A66H6,C SAI NEEHAL,C,2,A9022,Product Design and Development,O,10.0,100.0,PASS,8.4,0,sem2_results,RES_S2_25881A66H6_A9022,STU_25881A66H6,SUB_2_A9022
25881A66H6,C SAI NEEHAL,C,2,A9503,Data Structures,A,8.0,80.0,PASS,8.4,0,sem2_results,RES_S2_25881A66H6_A9503,STU_25881A66H6,SUB_2_A9503
25881A66H6,C SAI NEEHAL,C,2,A9504,Data Structures Laboratory,B+,7.0,70.0,PASS,8.4,0,sem2_results,RES_S2_25881A66H6_A9504,STU_25881A66H6,SUB_2_A9504
25881A66H7,NAGUNURI SAI CHARAN TEJA,C,2,A9009,Engineering Chemistry,B,6.0,60.0,PASS,6.3,0,sem2_results,RES_S2_25881A66H7_A9009,STU_25881A66H7,SUB_2_A9009
25881A66H7,NAGUNURI SAI CHARAN TEJA,C,2,A9011,English for Skills Enhancement,B+,7.0,70.0,PASS,6.3,0,sem2_results,RES_S2_25881A66H7_A9011,STU_25881A66H7,SUB_2_A9011
25881A66H7,NAGUNURI SAI CHARAN TEJA,C,2,A9010,Engineering Chemistry Laboratory,A+,9.0,90.0,PASS,6.3,0,sem2_results,RES_S2_25881A66H7_A9010,STU_25881A66H7,SUB_2_A9010
25881A66H7,NAGUNURI SAI CHARAN TEJA,C,2,A9012,English Language and Communication Skills Laboratory,A,8.0,80.0,PASS,6.3,0,sem2_results,RES_S2_25881A66H7_A9012,STU_25881A66H7,SUB_2_A9012
25881A66H7,NAGUNURI SAI CHARAN TEJA,C,2,A9304,Computer Aided Engineering Graphics,A+,9.0,90.0,PASS,6.3,0,sem2_results,RES_S2_25881A66H7_A9304,STU_25881A66H7,SUB_2_A9304
25881A66H7,NAGUNURI SAI CHARAN TEJA,C,2,A9402,Digital Electronics,C,5.0,50.0,PASS,6.3,0,sem2_results,RES_S2_25881A66H7_A9402,STU_25881A66H7,SUB_2_A9402
25881A66H7,NAGUNURI SAI CHARAN TEJA,C,2,A9002,Ordinary Differential Equations and Vector Calculus,C,5.0,50.0,PASS,6.3,0,sem2_results,RES_S2_25881A66H7_A9002,STU_25881A66H7,SUB_2_A9002
25881A66H7,NAGUNURI SAI CHARAN TEJA,C,2,A9022,Product Design and Development,O,10.0,100.0,PASS,6.3,0,sem2_results,RES_S2_25881A66H7_A9022,STU_25881A66H7,SUB_2_A9022
25881A66H7,NAGUNURI SAI CHARAN TEJA,C,2,A9503,Data Structures,C,5.0,50.0,PASS,6.3,0,sem2_results,RES_S2_25881A66H7_A9503,STU_25881A66H7,SUB_2_A9503
25881A66H7,NAGUNURI SAI CHARAN TEJA,C,2,A9504,Data Structures Laboratory,A,8.0,80.0,PASS,6.3,0,sem2_results,RES_S2_25881A66H7_A9504,STU_25881A66H7,SUB_2_A9504
25881A66H8,MUYYALI SANJAY,C,2,A9009,Engineering Chemistry,C,5.0,50.0,PASS,3.35,3,sem2_results,RES_S2_25881A66H8_A9009,STU_25881A66H8,SUB_2_A9009
25881A66H8,MUYYALI SANJAY,C,2,A9011,English for Skills Enhancement,B,6.0,60.0,PASS,3.35,3,sem2_results,RES_S2_25881A66H8_A9011,STU_25881A66H8,SUB_2_A9011
25881A66H8,MUYYALI SANJAY,C,2,A9010,Engineering Chemistry Laboratory,B+,7.0,70.0,PASS,3.35,3,sem2_results,RES_S2_25881A66H8_A9010,STU_25881A66H8,SUB_2_A9010
25881A66H8,MUYYALI SANJAY,C,2,A9012,English Language and Communication Skills Laboratory,A,8.0,80.0,PASS,3.35,3,sem2_results,RES_S2_25881A66H8_A9012,STU_25881A66H8,SUB_2_A9012
25881A66H8,MUYYALI SANJAY,C,2,A9304,Computer Aided Engineering Graphics,A,8.0,80.0,PASS,3.35,3,sem2_results,RES_S2_25881A66H8_A9304,STU_25881A66H8,SUB_2_A9304
25881A66H8,MUYYALI SANJAY,C,2,A9402,Digital Electronics,F,0.0,0.0,FAIL,3.35,3,sem2_results,RES_S2_25881A66H8_A9402,STU_25881A66H8,SUB_2_A9402
25881A66H8,MUYYALI SANJAY,C,2,A9002,Ordinary Differential Equations and Vector Calculus,F,0.0,0.0,FAIL,3.35,3,sem2_results,RES_S2_25881A66H8_A9002,STU_25881A66H8,SUB_2_A9002
25881A66H8,MUYYALI SANJAY,C,2,A9022,Product Design and Development,O,10.0,100.0,PASS,3.35,3,sem2_results,RES_S2_25881A66H8_A9022,STU_25881A66H8,SUB_2_A9022
25881A66H8,MUYYALI SANJAY,C,2,A9503,Data Structures,F,0.0,0.0,FAIL,3.35,3,sem2_results,RES_S2_25881A66H8_A9503,STU_25881A66H8,SUB_2_A9503
25881A66H8,MUYYALI SANJAY,C,2,A9504,Data Structures Laboratory,B+,7.0,70.0,PASS,3.35,3,sem2_results,RES_S2_25881A66H8_A9504,STU_25881A66H8,SUB_2_A9504
25881A66H9,JERPULA SANTHOSH,C,2,A9009,Engineering Chemistry,C,5.0,50.0,PASS,5.0,1,sem2_results,RES_S2_25881A66H9_A9009,STU_25881A66H9,SUB_2_A9009
25881A66H9,JERPULA SANTHOSH,C,2,A9011,English for Skills Enhancement,B+,7.0,70.0,PASS,5.0,1,sem2_results,RES_S2_25881A66H9_A9011,STU_25881A66H9,SUB_2_A9011
25881A66H9,JERPULA SANTHOSH,C,2,A9010,Engineering Chemistry Laboratory,A,8.0,80.0,PASS,5.0,1,sem2_results,RES_S2_25881A66H9_A9010,STU_25881A66H9,SUB_2_A9010
25881A66H9,JERPULA SANTHOSH,C,2,A9012,English Language and Communication Skills Laboratory,A,8.0,80.0,PASS,5.0,1,sem2_results,RES_S2_25881A66H9_A9012,STU_25881A66H9,SUB_2_A9012
25881A66H9,JERPULA SANTHOSH,C,2,A9304,Computer Aided Engineering Graphics,A+,9.0,90.0,PASS,5.0,1,sem2_results,RES_S2_25881A66H9_A9304,STU_25881A66H9,SUB_2_A9304
25881A66H9,JERPULA SANTHOSH,C,2,A9402,Digital Electronics,C,5.0,50.0,PASS,5.0,1,sem2_results,RES_S2_25881A66H9_A9402,STU_25881A66H9,SUB_2_A9402
25881A66H9,JERPULA SANTHOSH,C,2,A9002,Ordinary Differential Equations and Vector Calculus,F,0.0,0.0,FAIL,5.0,1,sem2_results,RES_S2_25881A66H9_A9002,STU_25881A66H9,SUB_2_A9002
25881A66H9,JERPULA SANTHOSH,C,2,A9022,Product Design and Development,O,10.0,100.0,PASS,5.0,1,sem2_results,RES_S2_25881A66H9_A9022,STU_25881A66H9,SUB_2_A9022
25881A66H9,JERPULA SANTHOSH,C,2,A9503,Data Structures,C,5.0,50.0,PASS,5.0,1,sem2_results,RES_S2_25881A66H9_A9503,STU_25881A66H9,SUB_2_A9503
25881A66H9,JERPULA SANTHOSH,C,2,A9504,Data Structures Laboratory,B,6.0,60.0,PASS,5.0,1,sem2_results,RES_S2_25881A66H9_A9504,STU_25881A66H9,SUB_2_A9504
25881A66J0,MADIGA SHAILAJA,C,2,A9009,Engineering Chemistry,A,8.0,80.0,PASS,9.05,0,sem2_results,RES_S2_25881A66J0_A9009,STU_25881A66J0,SUB_2_A9009
25881A66J0,MADIGA SHAILAJA,C,2,A9011,English for Skills Enhancement,A,8.0,80.0,PASS,9.05,0,sem2_results,RES_S2_25881A66J0_A9011,STU_25881A66J0,SUB_2_A9011
25881A66J0,MADIGA SHAILAJA,C,2,A9010,Engineering Chemistry Laboratory,A+,9.0,90.0,PASS,9.05,0,sem2_results,RES_S2_25881A66J0_A9010,STU_25881A66J0,SUB_2_A9010
25881A66J0,MADIGA SHAILAJA,C,2,A9012,English Language and Communication Skills Laboratory,A+,9.0,90.0,PASS,9.05,0,sem2_results,RES_S2_25881A66J0_A9012,STU_25881A66J0,SUB_2_A9012
25881A66J0,MADIGA SHAILAJA,C,2,A9304,Computer Aided Engineering Graphics,O,10.0,100.0,PASS,9.05,0,sem2_results,RES_S2_25881A66J0_A9304,STU_25881A66J0,SUB_2_A9304
25881A66J0,MADIGA SHAILAJA,C,2,A9402,Digital Electronics,A+,9.0,90.0,PASS,9.05,0,sem2_results,RES_S2_25881A66J0_A9402,STU_25881A66J0,SUB_2_A9402
25881A66J0,MADIGA SHAILAJA,C,2,A9002,Ordinary Differential Equations and Vector Calculus,O,10.0,100.0,PASS,9.05,0,sem2_results,RES_S2_25881A66J0_A9002,STU_25881A66J0,SUB_2_A9002
25881A66J0,MADIGA SHAILAJA,C,2,A9022,Product Design and Development,O,10.0,100.0,PASS,9.05,0,sem2_results,RES_S2_25881A66J0_A9022,STU_25881A66J0,SUB_2_A9022
25881A66J0,MADIGA SHAILAJA,C,2,A9503,Data Structures,A+,9.0,90.0,PASS,9.05,0,sem2_results,RES_S2_25881A66J0_A9503,STU_25881A66J0,SUB_2_A9503
25881A66J0,MADIGA SHAILAJA,C,2,A9504,Data Structures Laboratory,A+,9.0,90.0,PASS,9.05,0,sem2_results,RES_S2_25881A66J0_A9504,STU_25881A66J0,SUB_2_A9504
25881A66J1,MUDDALA SHIVADEEPTHI,C,2,A9009,Engineering Chemistry,O,10.0,100.0,PASS,9.2,0,sem2_results,RES_S2_25881A66J1_A9009,STU_25881A66J1,SUB_2_A9009
25881A66J1,MUDDALA SHIVADEEPTHI,C,2,A9011,English for Skills Enhancement,A,8.0,80.0,PASS,9.2,0,sem2_results,RES_S2_25881A66J1_A9011,STU_25881A66J1,SUB_2_A9011
25881A66J1,MUDDALA SHIVADEEPTHI,C,2,A9010,Engineering Chemistry Laboratory,O,10.0,100.0,PASS,9.2,0,sem2_results,RES_S2_25881A66J1_A9010,STU_25881A66J1,SUB_2_A9010
25881A66J1,MUDDALA SHIVADEEPTHI,C,2,A9012,English Language and Communication Skills Laboratory,A,8.0,80.0,PASS,9.2,0,sem2_results,RES_S2_25881A66J1_A9012,STU_25881A66J1,SUB_2_A9012
25881A66J1,MUDDALA SHIVADEEPTHI,C,2,A9304,Computer Aided Engineering Graphics,O,10.0,100.0,PASS,9.2,0,sem2_results,RES_S2_25881A66J1_A9304,STU_25881A66J1,SUB_2_A9304
25881A66J1,MUDDALA SHIVADEEPTHI,C,2,A9402,Digital Electronics,A+,9.0,90.0,PASS,9.2,0,sem2_results,RES_S2_25881A66J1_A9402,STU_25881A66J1,SUB_2_A9402
25881A66J1,MUDDALA SHIVADEEPTHI,C,2,A9002,Ordinary Differential Equations and Vector Calculus,O,10.0,100.0,PASS,9.2,0,sem2_results,RES_S2_25881A66J1_A9002,STU_25881A66J1,SUB_2_A9002
25881A66J1,MUDDALA SHIVADEEPTHI,C,2,A9022,Product Design and Development,O,10.0,100.0,PASS,9.2,0,sem2_results,RES_S2_25881A66J1_A9022,STU_25881A66J1,SUB_2_A9022
25881A66J1,MUDDALA SHIVADEEPTHI,C,2,A9503,Data Structures,A,8.0,80.0,PASS,9.2,0,sem2_results,RES_S2_25881A66J1_A9503,STU_25881A66J1,SUB_2_A9503
25881A66J1,MUDDALA SHIVADEEPTHI,C,2,A9504,Data Structures Laboratory,A+,9.0,90.0,PASS,9.2,0,sem2_results,RES_S2_25881A66J1_A9504,STU_25881A66J1,SUB_2_A9504
25881A66J2,SAPAVAT SINDHU,C,2,A9009,Engineering Chemistry,A+,9.0,90.0,PASS,9.25,0,sem2_results,RES_S2_25881A66J2_A9009,STU_25881A66J2,SUB_2_A9009
25881A66J2,SAPAVAT SINDHU,C,2,A9011,English for Skills Enhancement,A+,9.0,90.0,PASS,9.25,0,sem2_results,RES_S2_25881A66J2_A9011,STU_25881A66J2,SUB_2_A9011
25881A66J2,SAPAVAT SINDHU,C,2,A9010,Engineering Chemistry Laboratory,A+,9.0,90.0,PASS,9.25,0,sem2_results,RES_S2_25881A66J2_A9010,STU_25881A66J2,SUB_2_A9010
25881A66J2,SAPAVAT SINDHU,C,2,A9012,English Language and Communication Skills Laboratory,A+,9.0,90.0,PASS,9.25,0,sem2_results,RES_S2_25881A66J2_A9012,STU_25881A66J2,SUB_2_A9012
25881A66J2,SAPAVAT SINDHU,C,2,A9304,Computer Aided Engineering Graphics,O,10.0,100.0,PASS,9.25,0,sem2_results,RES_S2_25881A66J2_A9304,STU_25881A66J2,SUB_2_A9304
25881A66J2,SAPAVAT SINDHU,C,2,A9402,Digital Electronics,O,10.0,100.0,PASS,9.25,0,sem2_results,RES_S2_25881A66J2_A9402,STU_25881A66J2,SUB_2_A9402
25881A66J2,SAPAVAT SINDHU,C,2,A9002,Ordinary Differential Equations and Vector Calculus,A+,9.0,90.0,PASS,9.25,0,sem2_results,RES_S2_25881A66J2_A9002,STU_25881A66J2,SUB_2_A9002
25881A66J2,SAPAVAT SINDHU,C,2,A9022,Product Design and Development,O,10.0,100.0,PASS,9.25,0,sem2_results,RES_S2_25881A66J2_A9022,STU_25881A66J2,SUB_2_A9022
25881A66J2,SAPAVAT SINDHU,C,2,A9503,Data Structures,A+,9.0,90.0,PASS,9.25,0,sem2_results,RES_S2_25881A66J2_A9503,STU_25881A66J2,SUB_2_A9503
25881A66J2,SAPAVAT SINDHU,C,2,A9504,Data Structures Laboratory,A+,9.0,90.0,PASS,9.25,0,sem2_results,RES_S2_25881A66J2_A9504,STU_25881A66J2,SUB_2_A9504
25881A66J3,PITTALA SREE KARUNYAN,C,2,A9009,Engineering Chemistry,A,8.0,80.0,PASS,8.0,0,sem2_results,RES_S2_25881A66J3_A9009,STU_25881A66J3,SUB_2_A9009
25881A66J3,PITTALA SREE KARUNYAN,C,2,A9011,English for Skills Enhancement,A+,9.0,90.0,PASS,8.0,0,sem2_results,RES_S2_25881A66J3_A9011,STU_25881A66J3,SUB_2_A9011
25881A66J3,PITTALA SREE KARUNYAN,C,2,A9010,Engineering Chemistry Laboratory,A+,9.0,90.0,PASS,8.0,0,sem2_results,RES_S2_25881A66J3_A9010,STU_25881A66J3,SUB_2_A9010
25881A66J3,PITTALA SREE KARUNYAN,C,2,A9012,English Language and Communication Skills Laboratory,A,8.0,80.0,PASS,8.0,0,sem2_results,RES_S2_25881A66J3_A9012,STU_25881A66J3,SUB_2_A9012
25881A66J3,PITTALA SREE KARUNYAN,C,2,A9304,Computer Aided Engineering Graphics,A+,9.0,90.0,PASS,8.0,0,sem2_results,RES_S2_25881A66J3_A9304,STU_25881A66J3,SUB_2_A9304
25881A66J3,PITTALA SREE KARUNYAN,C,2,A9402,Digital Electronics,B+,7.0,70.0,PASS,8.0,0,sem2_results,RES_S2_25881A66J3_A9402,STU_25881A66J3,SUB_2_A9402
25881A66J3,PITTALA SREE KARUNYAN,C,2,A9002,Ordinary Differential Equations and Vector Calculus,A+,9.0,90.0,PASS,8.0,0,sem2_results,RES_S2_25881A66J3_A9002,STU_25881A66J3,SUB_2_A9002
25881A66J3,PITTALA SREE KARUNYAN,C,2,A9022,Product Design and Development,O,10.0,100.0,PASS,8.0,0,sem2_results,RES_S2_25881A66J3_A9022,STU_25881A66J3,SUB_2_A9022
25881A66J3,PITTALA SREE KARUNYAN,C,2,A9503,Data Structures,B,6.0,60.0,PASS,8.0,0,sem2_results,RES_S2_25881A66J3_A9503,STU_25881A66J3,SUB_2_A9503
25881A66J3,PITTALA SREE KARUNYAN,C,2,A9504,Data Structures Laboratory,B+,7.0,70.0,PASS,8.0,0,sem2_results,RES_S2_25881A66J3_A9504,STU_25881A66J3,SUB_2_A9504
25881A66J4,ANNADASU SRUTHI,C,2,A9009,Engineering Chemistry,B+,7.0,70.0,PASS,7.55,0,sem2_results,RES_S2_25881A66J4_A9009,STU_25881A66J4,SUB_2_A9009
25881A66J4,ANNADASU SRUTHI,C,2,A9011,English for Skills Enhancement,A,8.0,80.0,PASS,7.55,0,sem2_results,RES_S2_25881A66J4_A9011,STU_25881A66J4,SUB_2_A9011
25881A66J4,ANNADASU SRUTHI,C,2,A9010,Engineering Chemistry Laboratory,A+,9.0,90.0,PASS,7.55,0,sem2_results,RES_S2_25881A66J4_A9010,STU_25881A66J4,SUB_2_A9010
25881A66J4,ANNADASU SRUTHI,C,2,A9012,English Language and Communication Skills Laboratory,A+,9.0,90.0,PASS,7.55,0,sem2_results,RES_S2_25881A66J4_A9012,STU_25881A66J4,SUB_2_A9012
25881A66J4,ANNADASU SRUTHI,C,2,A9304,Computer Aided Engineering Graphics,A+,9.0,90.0,PASS,7.55,0,sem2_results,RES_S2_25881A66J4_A9304,STU_25881A66J4,SUB_2_A9304
25881A66J4,ANNADASU SRUTHI,C,2,A9402,Digital Electronics,B+,7.0,70.0,PASS,7.55,0,sem2_results,RES_S2_25881A66J4_A9402,STU_25881A66J4,SUB_2_A9402
25881A66J4,ANNADASU SRUTHI,C,2,A9002,Ordinary Differential Equations and Vector Calculus,B+,7.0,70.0,PASS,7.55,0,sem2_results,RES_S2_25881A66J4_A9002,STU_25881A66J4,SUB_2_A9002
25881A66J4,ANNADASU SRUTHI,C,2,A9022,Product Design and Development,O,10.0,100.0,PASS,7.55,0,sem2_results,RES_S2_25881A66J4_A9022,STU_25881A66J4,SUB_2_A9022
25881A66J4,ANNADASU SRUTHI,C,2,A9503,Data Structures,B+,7.0,70.0,PASS,7.55,0,sem2_results,RES_S2_25881A66J4_A9503,STU_25881A66J4,SUB_2_A9503
25881A66J4,ANNADASU SRUTHI,C,2,A9504,Data Structures Laboratory,B+,7.0,70.0,PASS,7.55,0,sem2_results,RES_S2_25881A66J4_A9504,STU_25881A66J4,SUB_2_A9504
25881A66J5,AVUTHU TEJ KIRAN REDDY,C,2,A9009,Engineering Chemistry,B+,7.0,70.0,PASS,8.05,0,sem2_results,RES_S2_25881A66J5_A9009,STU_25881A66J5,SUB_2_A9009
25881A66J5,AVUTHU TEJ KIRAN REDDY,C,2,A9011,English for Skills Enhancement,A,8.0,80.0,PASS,8.05,0,sem2_results,RES_S2_25881A66J5_A9011,STU_25881A66J5,SUB_2_A9011
25881A66J5,AVUTHU TEJ KIRAN REDDY,C,2,A9010,Engineering Chemistry Laboratory,A+,9.0,90.0,PASS,8.05,0,sem2_results,RES_S2_25881A66J5_A9010,STU_25881A66J5,SUB_2_A9010
25881A66J5,AVUTHU TEJ KIRAN REDDY,C,2,A9012,English Language and Communication Skills Laboratory,A+,9.0,90.0,PASS,8.05,0,sem2_results,RES_S2_25881A66J5_A9012,STU_25881A66J5,SUB_2_A9012
25881A66J5,AVUTHU TEJ KIRAN REDDY,C,2,A9304,Computer Aided Engineering Graphics,O,10.0,100.0,PASS,8.05,0,sem2_results,RES_S2_25881A66J5_A9304,STU_25881A66J5,SUB_2_A9304
25881A66J5,AVUTHU TEJ KIRAN REDDY,C,2,A9402,Digital Electronics,A,8.0,80.0,PASS,8.05,0,sem2_results,RES_S2_25881A66J5_A9402,STU_25881A66J5,SUB_2_A9402
25881A66J5,AVUTHU TEJ KIRAN REDDY,C,2,A9002,Ordinary Differential Equations and Vector Calculus,A,8.0,80.0,PASS,8.05,0,sem2_results,RES_S2_25881A66J5_A9002,STU_25881A66J5,SUB_2_A9002
25881A66J5,AVUTHU TEJ KIRAN REDDY,C,2,A9022,Product Design and Development,O,10.0,100.0,PASS,8.05,0,sem2_results,RES_S2_25881A66J5_A9022,STU_25881A66J5,SUB_2_A9022
25881A66J5,AVUTHU TEJ KIRAN REDDY,C,2,A9503,Data Structures,B+,7.0,70.0,PASS,8.05,0,sem2_results,RES_S2_25881A66J5_A9503,STU_25881A66J5,SUB_2_A9503
25881A66J5,AVUTHU TEJ KIRAN REDDY,C,2,A9504,Data Structures Laboratory,A+,9.0,90.0,PASS,8.05,0,sem2_results,RES_S2_25881A66J5_A9504,STU_25881A66J5,SUB_2_A9504
25881A66J6,KUCHIPUDI V S K J ABHITEJAS,C,2,A9009,Engineering Chemistry,A,8.0,80.0,PASS,8.45,0,sem2_results,RES_S2_25881A66J6_A9009,STU_25881A66J6,SUB_2_A9009
25881A66J6,KUCHIPUDI V S K J ABHITEJAS,C,2,A9011,English for Skills Enhancement,A+,9.0,90.0,PASS,8.45,0,sem2_results,RES_S2_25881A66J6_A9011,STU_25881A66J6,SUB_2_A9011
25881A66J6,KUCHIPUDI V S K J ABHITEJAS,C,2,A9010,Engineering Chemistry Laboratory,O,10.0,100.0,PASS,8.45,0,sem2_results,RES_S2_25881A66J6_A9010,STU_25881A66J6,SUB_2_A9010
25881A66J6,KUCHIPUDI V S K J ABHITEJAS,C,2,A9012,English Language and Communication Skills Laboratory,A+,9.0,90.0,PASS,8.45,0,sem2_results,RES_S2_25881A66J6_A9012,STU_25881A66J6,SUB_2_A9012
25881A66J6,KUCHIPUDI V S K J ABHITEJAS,C,2,A9304,Computer Aided Engineering Graphics,A+,9.0,90.0,PASS,8.45,0,sem2_results,RES_S2_25881A66J6_A9304,STU_25881A66J6,SUB_2_A9304
25881A66J6,KUCHIPUDI V S K J ABHITEJAS,C,2,A9402,Digital Electronics,A,8.0,80.0,PASS,8.45,0,sem2_results,RES_S2_25881A66J6_A9402,STU_25881A66J6,SUB_2_A9402
25881A66J6,KUCHIPUDI V S K J ABHITEJAS,C,2,A9002,Ordinary Differential Equations and Vector Calculus,A,8.0,80.0,PASS,8.45,0,sem2_results,RES_S2_25881A66J6_A9002,STU_25881A66J6,SUB_2_A9002
25881A66J6,KUCHIPUDI V S K J ABHITEJAS,C,2,A9022,Product Design and Development,O,10.0,100.0,PASS,8.45,0,sem2_results,RES_S2_25881A66J6_A9022,STU_25881A66J6,SUB_2_A9022
25881A66J6,KUCHIPUDI V S K J ABHITEJAS,C,2,A9503,Data Structures,A,8.0,80.0,PASS,8.45,0,sem2_results,RES_S2_25881A66J6_A9503,STU_25881A66J6,SUB_2_A9503
25881A66J6,KUCHIPUDI V S K J ABHITEJAS,C,2,A9504,Data Structures Laboratory,A+,9.0,90.0,PASS,8.45,0,sem2_results,RES_S2_25881A66J6_A9504,STU_25881A66J6,SUB_2_A9504
25881A66J7,GANNAMANENI VARSHITH,C,2,A9009,Engineering Chemistry,B+,7.0,70.0,PASS,8.2,0,sem2_results,RES_S2_25881A66J7_A9009,STU_25881A66J7,SUB_2_A9009
25881A66J7,GANNAMANENI VARSHITH,C,2,A9011,English for Skills Enhancement,A+,9.0,90.0,PASS,8.2,0,sem2_results,RES_S2_25881A66J7_A9011,STU_25881A66J7,SUB_2_A9011
25881A66J7,GANNAMANENI VARSHITH,C,2,A9010,Engineering Chemistry Laboratory,O,10.0,100.0,PASS,8.2,0,sem2_results,RES_S2_25881A66J7_A9010,STU_25881A66J7,SUB_2_A9010
25881A66J7,GANNAMANENI VARSHITH,C,2,A9012,English Language and Communication Skills Laboratory,B+,7.0,70.0,PASS,8.2,0,sem2_results,RES_S2_25881A66J7_A9012,STU_25881A66J7,SUB_2_A9012
25881A66J7,GANNAMANENI VARSHITH,C,2,A9304,Computer Aided Engineering Graphics,A+,9.0,90.0,PASS,8.2,0,sem2_results,RES_S2_25881A66J7_A9304,STU_25881A66J7,SUB_2_A9304
25881A66J7,GANNAMANENI VARSHITH,C,2,A9402,Digital Electronics,A,8.0,80.0,PASS,8.2,0,sem2_results,RES_S2_25881A66J7_A9402,STU_25881A66J7,SUB_2_A9402
25881A66J7,GANNAMANENI VARSHITH,C,2,A9002,Ordinary Differential Equations and Vector Calculus,A+,9.0,90.0,PASS,8.2,0,sem2_results,RES_S2_25881A66J7_A9002,STU_25881A66J7,SUB_2_A9002
25881A66J7,GANNAMANENI VARSHITH,C,2,A9022,Product Design and Development,O,10.0,100.0,PASS,8.2,0,sem2_results,RES_S2_25881A66J7_A9022,STU_25881A66J7,SUB_2_A9022
25881A66J7,GANNAMANENI VARSHITH,C,2,A9503,Data Structures,B+,7.0,70.0,PASS,8.2,0,sem2_results,RES_S2_25881A66J7_A9503,STU_25881A66J7,SUB_2_A9503
25881A66J7,GANNAMANENI VARSHITH,C,2,A9504,Data Structures Laboratory,A,8.0,80.0,PASS,8.2,0,sem2_results,RES_S2_25881A66J7_A9504,STU_25881A66J7,SUB_2_A9504
25881A66J8,GUGULOTH VASANTHA,C,2,A9009,Engineering Chemistry,F,0.0,0.0,FAIL,2.5,4,sem2_results,RES_S2_25881A66J8_A9009,STU_25881A66J8,SUB_2_A9009
25881A66J8,GUGULOTH VASANTHA,C,2,A9011,English for Skills Enhancement,C,5.0,50.0,PASS,2.5,4,sem2_results,RES_S2_25881A66J8_A9011,STU_25881A66J8,SUB_2_A9011
25881A66J8,GUGULOTH VASANTHA,C,2,A9010,Engineering Chemistry Laboratory,A,8.0,80.0,PASS,2.5,4,sem2_results,RES_S2_25881A66J8_A9010,STU_25881A66J8,SUB_2_A9010
25881A66J8,GUGULOTH VASANTHA,C,2,A9012,English Language and Communication Skills Laboratory,A,8.0,80.0,PASS,2.5,4,sem2_results,RES_S2_25881A66J8_A9012,STU_25881A66J8,SUB_2_A9012
25881A66J8,GUGULOTH VASANTHA,C,2,A9304,Computer Aided Engineering Graphics,A+,9.0,90.0,PASS,2.5,4,sem2_results,RES_S2_25881A66J8_A9304,STU_25881A66J8,SUB_2_A9304
25881A66J8,GUGULOTH VASANTHA,C,2,A9402,Digital Electronics,F,0.0,0.0,FAIL,2.5,4,sem2_results,RES_S2_25881A66J8_A9402,STU_25881A66J8,SUB_2_A9402
25881A66J8,GUGULOTH VASANTHA,C,2,A9002,Ordinary Differential Equations and Vector Calculus,F,0.0,0.0,FAIL,2.5,4,sem2_results,RES_S2_25881A66J8_A9002,STU_25881A66J8,SUB_2_A9002
25881A66J8,GUGULOTH VASANTHA,C,2,A9022,Product Design and Development,O,10.0,100.0,PASS,2.5,4,sem2_results,RES_S2_25881A66J8_A9022,STU_25881A66J8,SUB_2_A9022
25881A66J8,GUGULOTH VASANTHA,C,2,A9503,Data Structures,F,0.0,0.0,FAIL,2.5,4,sem2_results,RES_S2_25881A66J8_A9503,STU_25881A66J8,SUB_2_A9503
25881A66J8,GUGULOTH VASANTHA,C,2,A9504,Data Structures Laboratory,C,5.0,50.0,PASS,2.5,4,sem2_results,RES_S2_25881A66J8_A9504,STU_25881A66J8,SUB_2_A9504
25881A66J9,DONTHOJI VIGNESH,C,2,A9009,Engineering Chemistry,A+,9.0,90.0,PASS,7.9,0,sem2_results,RES_S2_25881A66J9_A9009,STU_25881A66J9,SUB_2_A9009
25881A66J9,DONTHOJI VIGNESH,C,2,A9011,English for Skills Enhancement,A,8.0,80.0,PASS,7.9,0,sem2_results,RES_S2_25881A66J9_A9011,STU_25881A66J9,SUB_2_A9011
25881A66J9,DONTHOJI VIGNESH,C,2,A9010,Engineering Chemistry Laboratory,A+,9.0,90.0,PASS,7.9,0,sem2_results,RES_S2_25881A66J9_A9010,STU_25881A66J9,SUB_2_A9010
25881A66J9,DONTHOJI VIGNESH,C,2,A9012,English Language and Communication Skills Laboratory,A,8.0,80.0,PASS,7.9,0,sem2_results,RES_S2_25881A66J9_A9012,STU_25881A66J9,SUB_2_A9012
25881A66J9,DONTHOJI VIGNESH,C,2,A9304,Computer Aided Engineering Graphics,A+,9.0,90.0,PASS,7.9,0,sem2_results,RES_S2_25881A66J9_A9304,STU_25881A66J9,SUB_2_A9304
25881A66J9,DONTHOJI VIGNESH,C,2,A9402,Digital Electronics,A,8.0,80.0,PASS,7.9,0,sem2_results,RES_S2_25881A66J9_A9402,STU_25881A66J9,SUB_2_A9402
25881A66J9,DONTHOJI VIGNESH,C,2,A9002,Ordinary Differential Equations and Vector Calculus,B+,7.0,70.0,PASS,7.9,0,sem2_results,RES_S2_25881A66J9_A9002,STU_25881A66J9,SUB_2_A9002
25881A66J9,DONTHOJI VIGNESH,C,2,A9022,Product Design and Development,O,10.0,100.0,PASS,7.9,0,sem2_results,RES_S2_25881A66J9_A9022,STU_25881A66J9,SUB_2_A9022
25881A66J9,DONTHOJI VIGNESH,C,2,A9503,Data Structures,B+,7.0,70.0,PASS,7.9,0,sem2_results,RES_S2_25881A66J9_A9503,STU_25881A66J9,SUB_2_A9503
25881A66J9,DONTHOJI VIGNESH,C,2,A9504,Data Structures Laboratory,B,6.0,60.0,PASS,7.9,0,sem2_results,RES_S2_25881A66J9_A9504,STU_25881A66J9,SUB_2_A9504
25881A66K0,GUVVADI VISHAL RAO,C,2,A9009,Engineering Chemistry,B+,7.0,70.0,PASS,8.0,0,sem2_results,RES_S2_25881A66K0_A9009,STU_25881A66K0,SUB_2_A9009
25881A66K0,GUVVADI VISHAL RAO,C,2,A9011,English for Skills Enhancement,A+,9.0,90.0,PASS,8.0,0,sem2_results,RES_S2_25881A66K0_A9011,STU_25881A66K0,SUB_2_A9011
25881A66K0,GUVVADI VISHAL RAO,C,2,A9010,Engineering Chemistry Laboratory,O,10.0,100.0,PASS,8.0,0,sem2_results,RES_S2_25881A66K0_A9010,STU_25881A66K0,SUB_2_A9010
25881A66K0,GUVVADI VISHAL RAO,C,2,A9012,English Language and Communication Skills Laboratory,A+,9.0,90.0,PASS,8.0,0,sem2_results,RES_S2_25881A66K0_A9012,STU_25881A66K0,SUB_2_A9012
25881A66K0,GUVVADI VISHAL RAO,C,2,A9304,Computer Aided Engineering Graphics,A+,9.0,90.0,PASS,8.0,0,sem2_results,RES_S2_25881A66K0_A9304,STU_25881A66K0,SUB_2_A9304
25881A66K0,GUVVADI VISHAL RAO,C,2,A9402,Digital Electronics,B+,7.0,70.0,PASS,8.0,0,sem2_results,RES_S2_25881A66K0_A9402,STU_25881A66K0,SUB_2_A9402
25881A66K0,GUVVADI VISHAL RAO,C,2,A9002,Ordinary Differential Equations and Vector Calculus,A+,9.0,90.0,PASS,8.0,0,sem2_results,RES_S2_25881A66K0_A9002,STU_25881A66K0,SUB_2_A9002
25881A66K0,GUVVADI VISHAL RAO,C,2,A9022,Product Design and Development,O,10.0,100.0,PASS,8.0,0,sem2_results,RES_S2_25881A66K0_A9022,STU_25881A66K0,SUB_2_A9022
25881A66K0,GUVVADI VISHAL RAO,C,2,A9503,Data Structures,B,6.0,60.0,PASS,8.0,0,sem2_results,RES_S2_25881A66K0_A9503,STU_25881A66K0,SUB_2_A9503
25881A66K0,GUVVADI VISHAL RAO,C,2,A9504,Data Structures Laboratory,A,8.0,80.0,PASS,8.0,0,sem2_results,RES_S2_25881A66K0_A9504,STU_25881A66K0,SUB_2_A9504
25881A66K1,POTHAGANI VISHNU VARDHAN,C,2,A9009,Engineering Chemistry,A+,9.0,90.0,PASS,9.25,0,sem2_results,RES_S2_25881A66K1_A9009,STU_25881A66K1,SUB_2_A9009
25881A66K1,POTHAGANI VISHNU VARDHAN,C,2,A9011,English for Skills Enhancement,A,8.0,80.0,PASS,9.25,0,sem2_results,RES_S2_25881A66K1_A9011,STU_25881A66K1,SUB_2_A9011
25881A66K1,POTHAGANI VISHNU VARDHAN,C,2,A9010,Engineering Chemistry Laboratory,O,10.0,100.0,PASS,9.25,0,sem2_results,RES_S2_25881A66K1_A9010,STU_25881A66K1,SUB_2_A9010
25881A66K1,POTHAGANI VISHNU VARDHAN,C,2,A9012,English Language and Communication Skills Laboratory,A+,9.0,90.0,PASS,9.25,0,sem2_results,RES_S2_25881A66K1_A9012,STU_25881A66K1,SUB_2_A9012
25881A66K1,POTHAGANI VISHNU VARDHAN,C,2,A9304,Computer Aided Engineering Graphics,A+,9.0,90.0,PASS,9.25,0,sem2_results,RES_S2_25881A66K1_A9304,STU_25881A66K1,SUB_2_A9304
25881A66K1,POTHAGANI VISHNU VARDHAN,C,2,A9402,Digital Electronics,A+,9.0,90.0,PASS,9.25,0,sem2_results,RES_S2_25881A66K1_A9402,STU_25881A66K1,SUB_2_A9402
25881A66K1,POTHAGANI VISHNU VARDHAN,C,2,A9002,Ordinary Differential Equations and Vector Calculus,O,10.0,100.0,PASS,9.25,0,sem2_results,RES_S2_25881A66K1_A9002,STU_25881A66K1,SUB_2_A9002
25881A66K1,POTHAGANI VISHNU VARDHAN,C,2,A9022,Product Design and Development,O,10.0,100.0,PASS,9.25,0,sem2_results,RES_S2_25881A66K1_A9022,STU_25881A66K1,SUB_2_A9022
25881A66K1,POTHAGANI VISHNU VARDHAN,C,2,A9503,Data Structures,A+,9.0,90.0,PASS,9.25,0,sem2_results,RES_S2_25881A66K1_A9503,STU_25881A66K1,SUB_2_A9503
25881A66K1,POTHAGANI VISHNU VARDHAN,C,2,A9504,Data Structures Laboratory,O,10.0,100.0,PASS,9.25,0,sem2_results,RES_S2_25881A66K1_A9504,STU_25881A66K1,SUB_2_A9504
25881A66K2,KARNE YOGISHWAR SAI,C,2,A9009,Engineering Chemistry,A+,9.0,90.0,PASS,8.35,0,sem2_results,RES_S2_25881A66K2_A9009,STU_25881A66K2,SUB_2_A9009
25881A66K2,KARNE YOGISHWAR SAI,C,2,A9011,English for Skills Enhancement,B+,7.0,70.0,PASS,8.35,0,sem2_results,RES_S2_25881A66K2_A9011,STU_25881A66K2,SUB_2_A9011
25881A66K2,KARNE YOGISHWAR SAI,C,2,A9010,Engineering Chemistry Laboratory,A+,9.0,90.0,PASS,8.35,0,sem2_results,RES_S2_25881A66K2_A9010,STU_25881A66K2,SUB_2_A9010
25881A66K2,KARNE YOGISHWAR SAI,C,2,A9012,English Language and Communication Skills Laboratory,A+,9.0,90.0,PASS,8.35,0,sem2_results,RES_S2_25881A66K2_A9012,STU_25881A66K2,SUB_2_A9012
25881A66K2,KARNE YOGISHWAR SAI,C,2,A9304,Computer Aided Engineering Graphics,O,10.0,100.0,PASS,8.35,0,sem2_results,RES_S2_25881A66K2_A9304,STU_25881A66K2,SUB_2_A9304
25881A66K2,KARNE YOGISHWAR SAI,C,2,A9402,Digital Electronics,B+,7.0,70.0,PASS,8.35,0,sem2_results,RES_S2_25881A66K2_A9402,STU_25881A66K2,SUB_2_A9402
25881A66K2,KARNE YOGISHWAR SAI,C,2,A9002,Ordinary Differential Equations and Vector Calculus,A+,9.0,90.0,PASS,8.35,0,sem2_results,RES_S2_25881A66K2_A9002,STU_25881A66K2,SUB_2_A9002
25881A66K2,KARNE YOGISHWAR SAI,C,2,A9022,Product Design and Development,O,10.0,100.0,PASS,8.35,0,sem2_results,RES_S2_25881A66K2_A9022,STU_25881A66K2,SUB_2_A9022
25881A66K2,KARNE YOGISHWAR SAI,C,2,A9503,Data Structures,A,8.0,80.0,PASS,8.35,0,sem2_results,RES_S2_25881A66K2_A9503,STU_25881A66K2,SUB_2_A9503
25881A66K2,KARNE YOGISHWAR SAI,C,2,A9504,Data Structures Laboratory,B+,7.0,70.0,PASS,8.35,0,sem2_results,RES_S2_25881A66K2_A9504,STU_25881A66K2,SUB_2_A9504
25881A66K3,KONDAPURAM YOUGENDER,C,2,A9009,Engineering Chemistry,B,6.0,60.0,PASS,4.1,3,sem2_results,RES_S2_25881A66K3_A9009,STU_25881A66K3,SUB_2_A9009
25881A66K3,KONDAPURAM YOUGENDER,C,2,A9011,English for Skills Enhancement,B+,7.0,70.0,PASS,4.1,3,sem2_results,RES_S2_25881A66K3_A9011,STU_25881A66K3,SUB_2_A9011
25881A66K3,KONDAPURAM YOUGENDER,C,2,A9010,Engineering Chemistry Laboratory,A,8.0,80.0,PASS,4.1,3,sem2_results,RES_S2_25881A66K3_A9010,STU_25881A66K3,SUB_2_A9010
25881A66K3,KONDAPURAM YOUGENDER,C,2,A9012,English Language and Communication Skills Laboratory,A,8.0,80.0,PASS,4.1,3,sem2_results,RES_S2_25881A66K3_A9012,STU_25881A66K3,SUB_2_A9012
25881A66K3,KONDAPURAM YOUGENDER,C,2,A9304,Computer Aided Engineering Graphics,A+,9.0,90.0,PASS,4.1,3,sem2_results,RES_S2_25881A66K3_A9304,STU_25881A66K3,SUB_2_A9304
25881A66K3,KONDAPURAM YOUGENDER,C,2,A9402,Digital Electronics,C,5.0,50.0,PASS,4.1,3,sem2_results,RES_S2_25881A66K3_A9402,STU_25881A66K3,SUB_2_A9402
25881A66K3,KONDAPURAM YOUGENDER,C,2,A9002,Ordinary Differential Equations and Vector Calculus,F,0.0,0.0,FAIL,4.1,3,sem2_results,RES_S2_25881A66K3_A9002,STU_25881A66K3,SUB_2_A9002
25881A66K3,KONDAPURAM YOUGENDER,C,2,A9022,Product Design and Development,O,10.0,100.0,PASS,4.1,3,sem2_results,RES_S2_25881A66K3_A9022,STU_25881A66K3,SUB_2_A9022
25881A66K3,KONDAPURAM YOUGENDER,C,2,A9503,Data Structures,F,0.0,0.0,FAIL,4.1,3,sem2_results,RES_S2_25881A66K3_A9503,STU_25881A66K3,SUB_2_A9503
25881A66K3,KONDAPURAM YOUGENDER,C,2,A9504,Data Structures Laboratory,F,0.0,0.0,FAIL,4.1,3,sem2_results,RES_S2_25881A66K3_A9504,STU_25881A66K3,SUB_2_A9504
